customer_id,segment,segment_id
CUST100000,Wealth Builder,3
CUST100001,Wealth Builder,3
CUST100002,Banking Elsewhere,4
CUST100003,Steady Saver,2
CUST100004,Banking Elsewhere,4
CUST100005,Lifestyle Spender,0
CUST100006,Banking Elsewhere,4
CUST100007,Lifestyle Spender,0
CUST100008,Steady Saver,2
CUST100009,Steady Saver,2
CUST100010,Steady Saver,2
CUST100011,Stretched Borrower,1
CUST100012,Steady Saver,2
CUST100013,Wealth Builder,3
CUST100014,Steady Saver,2
CUST100015,Banking Elsewhere,4
CUST100016,Steady Saver,2
CUST100017,Wealth Builder,3
CUST100018,Steady Saver,2
CUST100019,Wealth Builder,3
CUST100020,Stretched Borrower,1
CUST100021,Lifestyle Spender,0
CUST100022,Stretched Borrower,1
CUST100023,Stretched Borrower,1
CUST100024,Banking Elsewhere,4
CUST100025,Steady Saver,2
CUST100026,Lifestyle Spender,0
CUST100027,Steady Saver,2
CUST100028,Stretched Borrower,1
CUST100029,Steady Saver,2
CUST100030,Banking Elsewhere,4
CUST100031,Lifestyle Spender,0
CUST100032,Steady Saver,2
CUST100033,Steady Saver,2
CUST100034,Banking Elsewhere,4
CUST100035,Stretched Borrower,1
CUST100036,Steady Saver,2
CUST100037,Steady Saver,2
CUST100038,Wealth Builder,3
CUST100039,Banking Elsewhere,4
CUST100040,Steady Saver,2
CUST100041,Stretched Borrower,1
CUST100042,Wealth Builder,3
CUST100043,Steady Saver,2
CUST100044,Banking Elsewhere,4
CUST100045,Lifestyle Spender,0
CUST100046,Wealth Builder,3
CUST100047,Lifestyle Spender,0
CUST100048,Lifestyle Spender,0
CUST100049,Lifestyle Spender,0
CUST100050,Wealth Builder,3
CUST100051,Lifestyle Spender,0
CUST100052,Wealth Builder,3
CUST100053,Banking Elsewhere,4
CUST100054,Stretched Borrower,1
CUST100055,Lifestyle Spender,0
CUST100056,Stretched Borrower,1
CUST100057,Stretched Borrower,1
CUST100058,Lifestyle Spender,0
CUST100059,Steady Saver,2
CUST100060,Banking Elsewhere,4
CUST100061,Stretched Borrower,1
CUST100062,Wealth Builder,3
CUST100063,Wealth Builder,3
CUST100064,Steady Saver,2
CUST100065,Banking Elsewhere,4
CUST100066,Stretched Borrower,1
CUST100067,Wealth Builder,3
CUST100068,Wealth Builder,3
CUST100069,Banking Elsewhere,4
CUST100070,Stretched Borrower,1
CUST100071,Banking Elsewhere,4
CUST100072,Stretched Borrower,1
CUST100073,Steady Saver,2
CUST100074,Wealth Builder,3
CUST100075,Stretched Borrower,1
CUST100076,Steady Saver,2
CUST100077,Wealth Builder,3
CUST100078,Lifestyle Spender,0
CUST100079,Steady Saver,2
CUST100080,Lifestyle Spender,0
CUST100081,Lifestyle Spender,0
CUST100082,Lifestyle Spender,0
CUST100083,Steady Saver,2
CUST100084,Steady Saver,2
CUST100085,Lifestyle Spender,0
CUST100086,Wealth Builder,3
CUST100087,Wealth Builder,3
CUST100088,Lifestyle Spender,0
CUST100089,Steady Saver,2
CUST100090,Wealth Builder,3
CUST100091,Lifestyle Spender,0
CUST100092,Banking Elsewhere,4
CUST100093,Banking Elsewhere,4
CUST100094,Banking Elsewhere,4
CUST100095,Steady Saver,2
CUST100096,Lifestyle Spender,0
CUST100097,Steady Saver,2
CUST100098,Lifestyle Spender,0
CUST100099,Banking Elsewhere,4
CUST100100,Stretched Borrower,1
CUST100101,Lifestyle Spender,0
CUST100102,Steady Saver,2
CUST100103,Banking Elsewhere,4
CUST100104,Steady Saver,2
CUST100105,Banking Elsewhere,4
CUST100106,Wealth Builder,3
CUST100107,Wealth Builder,3
CUST100108,Wealth Builder,3
CUST100109,Steady Saver,2
CUST100110,Stretched Borrower,1
CUST100111,Steady Saver,2
CUST100112,Banking Elsewhere,4
CUST100113,Banking Elsewhere,4
CUST100114,Steady Saver,2
CUST100115,Steady Saver,2
CUST100116,Steady Saver,2
CUST100117,Stretched Borrower,1
CUST100118,Wealth Builder,3
CUST100119,Stretched Borrower,1
CUST100120,Banking Elsewhere,4
CUST100121,Steady Saver,2
CUST100122,Steady Saver,2
CUST100123,Steady Saver,2
CUST100124,Lifestyle Spender,0
CUST100125,Banking Elsewhere,4
CUST100126,Stretched Borrower,1
CUST100127,Steady Saver,2
CUST100128,Banking Elsewhere,4
CUST100129,Stretched Borrower,1
CUST100130,Stretched Borrower,1
CUST100131,Lifestyle Spender,0
CUST100132,Steady Saver,2
CUST100133,Banking Elsewhere,4
CUST100134,Wealth Builder,3
CUST100135,Steady Saver,2
CUST100136,Lifestyle Spender,0
CUST100137,Steady Saver,2
CUST100138,Stretched Borrower,1
CUST100139,Stretched Borrower,1
CUST100140,Banking Elsewhere,4
CUST100141,Stretched Borrower,1
CUST100142,Steady Saver,2
CUST100143,Steady Saver,2
CUST100144,Steady Saver,2
CUST100145,Stretched Borrower,1
CUST100146,Steady Saver,2
CUST100147,Steady Saver,2
CUST100148,Steady Saver,2
CUST100149,Banking Elsewhere,4
CUST100150,Wealth Builder,3
CUST100151,Steady Saver,2
CUST100152,Lifestyle Spender,0
CUST100153,Wealth Builder,3
CUST100154,Banking Elsewhere,4
CUST100155,Stretched Borrower,1
CUST100156,Wealth Builder,3
CUST100157,Banking Elsewhere,4
CUST100158,Lifestyle Spender,0
CUST100159,Lifestyle Spender,0
CUST100160,Lifestyle Spender,0
CUST100161,Wealth Builder,3
CUST100162,Steady Saver,2
CUST100163,Steady Saver,2
CUST100164,Banking Elsewhere,4
CUST100165,Steady Saver,2
CUST100166,Steady Saver,2
CUST100167,Wealth Builder,3
CUST100168,Stretched Borrower,1
CUST100169,Wealth Builder,3
CUST100170,Steady Saver,2
CUST100171,Stretched Borrower,1
CUST100172,Banking Elsewhere,4
CUST100173,Lifestyle Spender,0
CUST100174,Wealth Builder,3
CUST100175,Banking Elsewhere,4
CUST100176,Wealth Builder,3
CUST100177,Lifestyle Spender,0
CUST100178,Steady Saver,2
CUST100179,Wealth Builder,3
CUST100180,Banking Elsewhere,4
CUST100181,Wealth Builder,3
CUST100182,Wealth Builder,3
CUST100183,Banking Elsewhere,4
CUST100184,Stretched Borrower,1
CUST100185,Steady Saver,2
CUST100186,Steady Saver,2
CUST100187,Steady Saver,2
CUST100188,Wealth Builder,3
CUST100189,Steady Saver,2
CUST100190,Stretched Borrower,1
CUST100191,Banking Elsewhere,4
CUST100192,Banking Elsewhere,4
CUST100193,Lifestyle Spender,0
CUST100194,Steady Saver,2
CUST100195,Banking Elsewhere,4
CUST100196,Steady Saver,2
CUST100197,Wealth Builder,3
CUST100198,Steady Saver,2
CUST100199,Steady Saver,2
CUST100200,Steady Saver,2
CUST100201,Lifestyle Spender,0
CUST100202,Stretched Borrower,1
CUST100203,Stretched Borrower,1
CUST100204,Wealth Builder,3
CUST100205,Wealth Builder,3
CUST100206,Stretched Borrower,1
CUST100207,Stretched Borrower,1
CUST100208,Banking Elsewhere,4
CUST100209,Banking Elsewhere,4
CUST100210,Lifestyle Spender,0
CUST100211,Banking Elsewhere,4
CUST100212,Steady Saver,2
CUST100213,Steady Saver,2
CUST100214,Lifestyle Spender,0
CUST100215,Banking Elsewhere,4
CUST100216,Stretched Borrower,1
CUST100217,Banking Elsewhere,4
CUST100218,Lifestyle Spender,0
CUST100219,Steady Saver,2
CUST100220,Steady Saver,2
CUST100221,Lifestyle Spender,0
CUST100222,Stretched Borrower,1
CUST100223,Wealth Builder,3
CUST100224,Banking Elsewhere,4
CUST100225,Wealth Builder,3
CUST100226,Banking Elsewhere,4
CUST100227,Banking Elsewhere,4
CUST100228,Banking Elsewhere,4
CUST100229,Wealth Builder,3
CUST100230,Banking Elsewhere,4
CUST100231,Lifestyle Spender,0
CUST100232,Stretched Borrower,1
CUST100233,Steady Saver,2
CUST100234,Wealth Builder,3
CUST100235,Banking Elsewhere,4
CUST100236,Banking Elsewhere,4
CUST100237,Wealth Builder,3
CUST100238,Banking Elsewhere,4
CUST100239,Banking Elsewhere,4
CUST100240,Stretched Borrower,1
CUST100241,Wealth Builder,3
CUST100242,Steady Saver,2
CUST100243,Lifestyle Spender,0
CUST100244,Wealth Builder,3
CUST100245,Stretched Borrower,1
CUST100246,Wealth Builder,3
CUST100247,Wealth Builder,3
CUST100248,Wealth Builder,3
CUST100249,Banking Elsewhere,4
CUST100250,Steady Saver,2
CUST100251,Lifestyle Spender,0
CUST100252,Banking Elsewhere,4
CUST100253,Steady Saver,2
CUST100254,Banking Elsewhere,4
CUST100255,Lifestyle Spender,0
CUST100256,Stretched Borrower,1
CUST100257,Wealth Builder,3
CUST100258,Steady Saver,2
CUST100259,Wealth Builder,3
CUST100260,Stretched Borrower,1
CUST100261,Steady Saver,2
CUST100262,Banking Elsewhere,4
CUST100263,Steady Saver,2
CUST100264,Lifestyle Spender,0
CUST100265,Stretched Borrower,1
CUST100266,Lifestyle Spender,0
CUST100267,Stretched Borrower,1
CUST100268,Stretched Borrower,1
CUST100269,Wealth Builder,3
CUST100270,Stretched Borrower,1
CUST100271,Wealth Builder,3
CUST100272,Banking Elsewhere,4
CUST100273,Steady Saver,2
CUST100274,Stretched Borrower,1
CUST100275,Wealth Builder,3
CUST100276,Wealth Builder,3
CUST100277,Lifestyle Spender,0
CUST100278,Stretched Borrower,1
CUST100279,Banking Elsewhere,4
CUST100280,Steady Saver,2
CUST100281,Stretched Borrower,1
CUST100282,Lifestyle Spender,0
CUST100283,Banking Elsewhere,4
CUST100284,Lifestyle Spender,0
CUST100285,Wealth Builder,3
CUST100286,Steady Saver,2
CUST100287,Stretched Borrower,1
CUST100288,Lifestyle Spender,0
CUST100289,Banking Elsewhere,4
CUST100290,Banking Elsewhere,4
CUST100291,Steady Saver,2
CUST100292,Stretched Borrower,1
CUST100293,Lifestyle Spender,0
CUST100294,Lifestyle Spender,0
CUST100295,Wealth Builder,3
CUST100296,Banking Elsewhere,4
CUST100297,Lifestyle Spender,0
CUST100298,Steady Saver,2
CUST100299,Steady Saver,2
CUST100300,Lifestyle Spender,0
CUST100301,Stretched Borrower,1
CUST100302,Lifestyle Spender,0
CUST100303,Lifestyle Spender,0
CUST100304,Steady Saver,2
CUST100305,Steady Saver,2
CUST100306,Wealth Builder,3
CUST100307,Stretched Borrower,1
CUST100308,Steady Saver,2
CUST100309,Steady Saver,2
CUST100310,Banking Elsewhere,4
CUST100311,Lifestyle Spender,0
CUST100312,Stretched Borrower,1
CUST100313,Steady Saver,2
CUST100314,Wealth Builder,3
CUST100315,Lifestyle Spender,0
CUST100316,Wealth Builder,3
CUST100317,Wealth Builder,3
CUST100318,Banking Elsewhere,4
CUST100319,Steady Saver,2
CUST100320,Steady Saver,2
CUST100321,Banking Elsewhere,4
CUST100322,Banking Elsewhere,4
CUST100323,Banking Elsewhere,4
CUST100324,Steady Saver,2
CUST100325,Banking Elsewhere,4
CUST100326,Lifestyle Spender,0
CUST100327,Lifestyle Spender,0
CUST100328,Banking Elsewhere,4
CUST100329,Lifestyle Spender,0
CUST100330,Lifestyle Spender,0
CUST100331,Banking Elsewhere,4
CUST100332,Wealth Builder,3
CUST100333,Wealth Builder,3
CUST100334,Steady Saver,2
CUST100335,Wealth Builder,3
CUST100336,Wealth Builder,3
CUST100337,Banking Elsewhere,4
CUST100338,Steady Saver,2
CUST100339,Banking Elsewhere,4
CUST100340,Banking Elsewhere,4
CUST100341,Wealth Builder,3
CUST100342,Banking Elsewhere,4
CUST100343,Banking Elsewhere,4
CUST100344,Lifestyle Spender,0
CUST100345,Stretched Borrower,1
CUST100346,Steady Saver,2
CUST100347,Stretched Borrower,1
CUST100348,Steady Saver,2
CUST100349,Lifestyle Spender,0
CUST100350,Lifestyle Spender,0
CUST100351,Banking Elsewhere,4
CUST100352,Stretched Borrower,1
CUST100353,Banking Elsewhere,4
CUST100354,Wealth Builder,3
CUST100355,Steady Saver,2
CUST100356,Wealth Builder,3
CUST100357,Wealth Builder,3
CUST100358,Banking Elsewhere,4
CUST100359,Lifestyle Spender,0
CUST100360,Lifestyle Spender,0
CUST100361,Lifestyle Spender,0
CUST100362,Wealth Builder,3
CUST100363,Steady Saver,2
CUST100364,Steady Saver,2
CUST100365,Wealth Builder,3
CUST100366,Lifestyle Spender,0
CUST100367,Lifestyle Spender,0
CUST100368,Stretched Borrower,1
CUST100369,Wealth Builder,3
CUST100370,Lifestyle Spender,0
CUST100371,Lifestyle Spender,0
CUST100372,Wealth Builder,3
CUST100373,Lifestyle Spender,0
CUST100374,Banking Elsewhere,4
CUST100375,Wealth Builder,3
CUST100376,Steady Saver,2
CUST100377,Banking Elsewhere,4
CUST100378,Stretched Borrower,1
CUST100379,Banking Elsewhere,4
CUST100380,Wealth Builder,3
CUST100381,Lifestyle Spender,0
CUST100382,Lifestyle Spender,0
CUST100383,Steady Saver,2
CUST100384,Steady Saver,2
CUST100385,Steady Saver,2
CUST100386,Steady Saver,2
CUST100387,Wealth Builder,3
CUST100388,Stretched Borrower,1
CUST100389,Steady Saver,2
CUST100390,Banking Elsewhere,4
CUST100391,Steady Saver,2
CUST100392,Lifestyle Spender,0
CUST100393,Stretched Borrower,1
CUST100394,Stretched Borrower,1
CUST100395,Lifestyle Spender,0
CUST100396,Lifestyle Spender,0
CUST100397,Wealth Builder,3
CUST100398,Steady Saver,2
CUST100399,Banking Elsewhere,4
CUST100400,Lifestyle Spender,0
CUST100401,Wealth Builder,3
CUST100402,Lifestyle Spender,0
CUST100403,Stretched Borrower,1
CUST100404,Wealth Builder,3
CUST100405,Steady Saver,2
CUST100406,Steady Saver,2
CUST100407,Wealth Builder,3
CUST100408,Stretched Borrower,1
CUST100409,Lifestyle Spender,0
CUST100410,Banking Elsewhere,4
CUST100411,Steady Saver,2
CUST100412,Wealth Builder,3
CUST100413,Wealth Builder,3
CUST100414,Banking Elsewhere,4
CUST100415,Steady Saver,2
CUST100416,Lifestyle Spender,0
CUST100417,Stretched Borrower,1
CUST100418,Steady Saver,2
CUST100419,Banking Elsewhere,4
CUST100420,Lifestyle Spender,0
CUST100421,Stretched Borrower,1
CUST100422,Stretched Borrower,1
CUST100423,Banking Elsewhere,4
CUST100424,Banking Elsewhere,4
CUST100425,Wealth Builder,3
CUST100426,Stretched Borrower,1
CUST100427,Wealth Builder,3
CUST100428,Wealth Builder,3
CUST100429,Lifestyle Spender,0
CUST100430,Steady Saver,2
CUST100431,Lifestyle Spender,0
CUST100432,Stretched Borrower,1
CUST100433,Banking Elsewhere,4
CUST100434,Lifestyle Spender,0
CUST100435,Lifestyle Spender,0
CUST100436,Stretched Borrower,1
CUST100437,Banking Elsewhere,4
CUST100438,Lifestyle Spender,0
CUST100439,Lifestyle Spender,0
CUST100440,Lifestyle Spender,0
CUST100441,Steady Saver,2
CUST100442,Banking Elsewhere,4
CUST100443,Stretched Borrower,1
CUST100444,Steady Saver,2
CUST100445,Wealth Builder,3
CUST100446,Stretched Borrower,1
CUST100447,Steady Saver,2
CUST100448,Stretched Borrower,1
CUST100449,Wealth Builder,3
CUST100450,Steady Saver,2
CUST100451,Steady Saver,2
CUST100452,Steady Saver,2
CUST100453,Banking Elsewhere,4
CUST100454,Lifestyle Spender,0
CUST100455,Wealth Builder,3
CUST100456,Steady Saver,2
CUST100457,Wealth Builder,3
CUST100458,Banking Elsewhere,4
CUST100459,Lifestyle Spender,0
CUST100460,Banking Elsewhere,4
CUST100461,Wealth Builder,3
CUST100462,Stretched Borrower,1
CUST100463,Lifestyle Spender,0
CUST100464,Lifestyle Spender,0
CUST100465,Banking Elsewhere,4
CUST100466,Banking Elsewhere,4
CUST100467,Steady Saver,2
CUST100468,Banking Elsewhere,4
CUST100469,Wealth Builder,3
CUST100470,Banking Elsewhere,4
CUST100471,Steady Saver,2
CUST100472,Lifestyle Spender,0
CUST100473,Stretched Borrower,1
CUST100474,Lifestyle Spender,0
CUST100475,Banking Elsewhere,4
CUST100476,Steady Saver,2
CUST100477,Banking Elsewhere,4
CUST100478,Wealth Builder,3
CUST100479,Lifestyle Spender,0
CUST100480,Steady Saver,2
CUST100481,Wealth Builder,3
CUST100482,Wealth Builder,3
CUST100483,Stretched Borrower,1
CUST100484,Stretched Borrower,1
CUST100485,Steady Saver,2
CUST100486,Banking Elsewhere,4
CUST100487,Lifestyle Spender,0
CUST100488,Wealth Builder,3
CUST100489,Steady Saver,2
CUST100490,Stretched Borrower,1
CUST100491,Steady Saver,2
CUST100492,Lifestyle Spender,0
CUST100493,Wealth Builder,3
CUST100494,Steady Saver,2
CUST100495,Wealth Builder,3
CUST100496,Wealth Builder,3
CUST100497,Wealth Builder,3
CUST100498,Wealth Builder,3
CUST100499,Stretched Borrower,1
CUST100500,Stretched Borrower,1
CUST100501,Steady Saver,2
CUST100502,Steady Saver,2
CUST100503,Steady Saver,2
CUST100504,Steady Saver,2
CUST100505,Lifestyle Spender,0
CUST100506,Banking Elsewhere,4
CUST100507,Banking Elsewhere,4
CUST100508,Steady Saver,2
CUST100509,Steady Saver,2
CUST100510,Steady Saver,2
CUST100511,Wealth Builder,3
CUST100512,Lifestyle Spender,0
CUST100513,Lifestyle Spender,0
CUST100514,Wealth Builder,3
CUST100515,Wealth Builder,3
CUST100516,Stretched Borrower,1
CUST100517,Lifestyle Spender,0
CUST100518,Steady Saver,2
CUST100519,Lifestyle Spender,0
CUST100520,Wealth Builder,3
CUST100521,Wealth Builder,3
CUST100522,Steady Saver,2
CUST100523,Banking Elsewhere,4
CUST100524,Steady Saver,2
CUST100525,Wealth Builder,3
CUST100526,Lifestyle Spender,0
CUST100527,Banking Elsewhere,4
CUST100528,Wealth Builder,3
CUST100529,Banking Elsewhere,4
CUST100530,Steady Saver,2
CUST100531,Lifestyle Spender,0
CUST100532,Stretched Borrower,1
CUST100533,Banking Elsewhere,4
CUST100534,Lifestyle Spender,0
CUST100535,Lifestyle Spender,0
CUST100536,Stretched Borrower,1
CUST100537,Wealth Builder,3
CUST100538,Lifestyle Spender,0
CUST100539,Steady Saver,2
CUST100540,Steady Saver,2
CUST100541,Wealth Builder,3
CUST100542,Lifestyle Spender,0
CUST100543,Wealth Builder,3
CUST100544,Lifestyle Spender,0
CUST100545,Wealth Builder,3
CUST100546,Wealth Builder,3
CUST100547,Lifestyle Spender,0
CUST100548,Stretched Borrower,1
CUST100549,Banking Elsewhere,4
CUST100550,Stretched Borrower,1
CUST100551,Banking Elsewhere,4
CUST100552,Lifestyle Spender,0
CUST100553,Wealth Builder,3
CUST100554,Lifestyle Spender,0
CUST100555,Banking Elsewhere,4
CUST100556,Wealth Builder,3
CUST100557,Banking Elsewhere,4
CUST100558,Banking Elsewhere,4
CUST100559,Steady Saver,2
CUST100560,Lifestyle Spender,0
CUST100561,Stretched Borrower,1
CUST100562,Wealth Builder,3
CUST100563,Lifestyle Spender,0
CUST100564,Banking Elsewhere,4
CUST100565,Banking Elsewhere,4
CUST100566,Steady Saver,2
CUST100567,Steady Saver,2
CUST100568,Wealth Builder,3
CUST100569,Lifestyle Spender,0
CUST100570,Steady Saver,2
CUST100571,Banking Elsewhere,4
CUST100572,Stretched Borrower,1
CUST100573,Banking Elsewhere,4
CUST100574,Stretched Borrower,1
CUST100575,Steady Saver,2
CUST100576,Lifestyle Spender,0
CUST100577,Stretched Borrower,1
CUST100578,Stretched Borrower,1
CUST100579,Banking Elsewhere,4
CUST100580,Steady Saver,2
CUST100581,Banking Elsewhere,4
CUST100582,Banking Elsewhere,4
CUST100583,Banking Elsewhere,4
CUST100584,Steady Saver,2
CUST100585,Steady Saver,2
CUST100586,Wealth Builder,3
CUST100587,Wealth Builder,3
CUST100588,Wealth Builder,3
CUST100589,Wealth Builder,3
CUST100590,Steady Saver,2
CUST100591,Lifestyle Spender,0
CUST100592,Banking Elsewhere,4
CUST100593,Lifestyle Spender,0
CUST100594,Stretched Borrower,1
CUST100595,Wealth Builder,3
CUST100596,Wealth Builder,3
CUST100597,Wealth Builder,3
CUST100598,Steady Saver,2
CUST100599,Steady Saver,2
CUST100600,Stretched Borrower,1
CUST100601,Wealth Builder,3
CUST100602,Steady Saver,2
CUST100603,Steady Saver,2
CUST100604,Lifestyle Spender,0
CUST100605,Steady Saver,2
CUST100606,Wealth Builder,3
CUST100607,Wealth Builder,3
CUST100608,Stretched Borrower,1
CUST100609,Banking Elsewhere,4
CUST100610,Lifestyle Spender,0
CUST100611,Banking Elsewhere,4
CUST100612,Wealth Builder,3
CUST100613,Wealth Builder,3
CUST100614,Stretched Borrower,1
CUST100615,Wealth Builder,3
CUST100616,Steady Saver,2
CUST100617,Banking Elsewhere,4
CUST100618,Banking Elsewhere,4
CUST100619,Banking Elsewhere,4
CUST100620,Banking Elsewhere,4
CUST100621,Wealth Builder,3
CUST100622,Stretched Borrower,1
CUST100623,Wealth Builder,3
CUST100624,Banking Elsewhere,4
CUST100625,Banking Elsewhere,4
CUST100626,Wealth Builder,3
CUST100627,Stretched Borrower,1
CUST100628,Lifestyle Spender,0
CUST100629,Wealth Builder,3
CUST100630,Steady Saver,2
CUST100631,Steady Saver,2
CUST100632,Wealth Builder,3
CUST100633,Banking Elsewhere,4
CUST100634,Banking Elsewhere,4
CUST100635,Stretched Borrower,1
CUST100636,Banking Elsewhere,4
CUST100637,Stretched Borrower,1
CUST100638,Banking Elsewhere,4
CUST100639,Stretched Borrower,1
CUST100640,Steady Saver,2
CUST100641,Steady Saver,2
CUST100642,Steady Saver,2
CUST100643,Banking Elsewhere,4
CUST100644,Banking Elsewhere,4
CUST100645,Banking Elsewhere,4
CUST100646,Wealth Builder,3
CUST100647,Wealth Builder,3
CUST100648,Banking Elsewhere,4
CUST100649,Stretched Borrower,1
CUST100650,Steady Saver,2
CUST100651,Banking Elsewhere,4
CUST100652,Lifestyle Spender,0
CUST100653,Wealth Builder,3
CUST100654,Banking Elsewhere,4
CUST100655,Steady Saver,2
CUST100656,Banking Elsewhere,4
CUST100657,Banking Elsewhere,4
CUST100658,Steady Saver,2
CUST100659,Lifestyle Spender,0
CUST100660,Wealth Builder,3
CUST100661,Lifestyle Spender,0
CUST100662,Lifestyle Spender,0
CUST100663,Steady Saver,2
CUST100664,Steady Saver,2
CUST100665,Steady Saver,2
CUST100666,Stretched Borrower,1
CUST100667,Wealth Builder,3
CUST100668,Stretched Borrower,1
CUST100669,Wealth Builder,3
CUST100670,Lifestyle Spender,0
CUST100671,Wealth Builder,3
CUST100672,Banking Elsewhere,4
CUST100673,Stretched Borrower,1
CUST100674,Lifestyle Spender,0
CUST100675,Lifestyle Spender,0
CUST100676,Wealth Builder,3
CUST100677,Lifestyle Spender,0
CUST100678,Banking Elsewhere,4
CUST100679,Lifestyle Spender,0
CUST100680,Banking Elsewhere,4
CUST100681,Wealth Builder,3
CUST100682,Lifestyle Spender,0
CUST100683,Banking Elsewhere,4
CUST100684,Stretched Borrower,1
CUST100685,Wealth Builder,3
CUST100686,Wealth Builder,3
CUST100687,Banking Elsewhere,4
CUST100688,Wealth Builder,3
CUST100689,Steady Saver,2
CUST100690,Banking Elsewhere,4
CUST100691,Banking Elsewhere,4
CUST100692,Lifestyle Spender,0
CUST100693,Wealth Builder,3
CUST100694,Stretched Borrower,1
CUST100695,Steady Saver,2
CUST100696,Steady Saver,2
CUST100697,Wealth Builder,3
CUST100698,Steady Saver,2
CUST100699,Banking Elsewhere,4
CUST100700,Wealth Builder,3
CUST100701,Lifestyle Spender,0
CUST100702,Stretched Borrower,1
CUST100703,Banking Elsewhere,4
CUST100704,Lifestyle Spender,0
CUST100705,Steady Saver,2
CUST100706,Steady Saver,2
CUST100707,Wealth Builder,3
CUST100708,Steady Saver,2
CUST100709,Banking Elsewhere,4
CUST100710,Stretched Borrower,1
CUST100711,Banking Elsewhere,4
CUST100712,Stretched Borrower,1
CUST100713,Banking Elsewhere,4
CUST100714,Banking Elsewhere,4
CUST100715,Wealth Builder,3
CUST100716,Steady Saver,2
CUST100717,Steady Saver,2
CUST100718,Wealth Builder,3
CUST100719,Stretched Borrower,1
CUST100720,Stretched Borrower,1
CUST100721,Wealth Builder,3
CUST100722,Steady Saver,2
CUST100723,Banking Elsewhere,4
CUST100724,Steady Saver,2
CUST100725,Wealth Builder,3
CUST100726,Lifestyle Spender,0
CUST100727,Lifestyle Spender,0
CUST100728,Wealth Builder,3
CUST100729,Lifestyle Spender,0
CUST100730,Stretched Borrower,1
CUST100731,Wealth Builder,3
CUST100732,Lifestyle Spender,0
CUST100733,Wealth Builder,3
CUST100734,Steady Saver,2
CUST100735,Banking Elsewhere,4
CUST100736,Banking Elsewhere,4
CUST100737,Wealth Builder,3
CUST100738,Lifestyle Spender,0
CUST100739,Wealth Builder,3
CUST100740,Banking Elsewhere,4
CUST100741,Banking Elsewhere,4
CUST100742,Stretched Borrower,1
CUST100743,Lifestyle Spender,0
CUST100744,Steady Saver,2
CUST100745,Steady Saver,2
CUST100746,Lifestyle Spender,0
CUST100747,Lifestyle Spender,0
CUST100748,Wealth Builder,3
CUST100749,Wealth Builder,3
CUST100750,Stretched Borrower,1
CUST100751,Steady Saver,2
CUST100752,Stretched Borrower,1
CUST100753,Wealth Builder,3
CUST100754,Lifestyle Spender,0
CUST100755,Steady Saver,2
CUST100756,Lifestyle Spender,0
CUST100757,Banking Elsewhere,4
CUST100758,Steady Saver,2
CUST100759,Lifestyle Spender,0
CUST100760,Banking Elsewhere,4
CUST100761,Stretched Borrower,1
CUST100762,Wealth Builder,3
CUST100763,Steady Saver,2
CUST100764,Banking Elsewhere,4
CUST100765,Steady Saver,2
CUST100766,Steady Saver,2
CUST100767,Banking Elsewhere,4
CUST100768,Banking Elsewhere,4
CUST100769,Banking Elsewhere,4
CUST100770,Steady Saver,2
CUST100771,Wealth Builder,3
CUST100772,Stretched Borrower,1
CUST100773,Steady Saver,2
CUST100774,Stretched Borrower,1
CUST100775,Steady Saver,2
CUST100776,Lifestyle Spender,0
CUST100777,Lifestyle Spender,0
CUST100778,Lifestyle Spender,0
CUST100779,Lifestyle Spender,0
CUST100780,Stretched Borrower,1
CUST100781,Stretched Borrower,1
CUST100782,Lifestyle Spender,0
CUST100783,Steady Saver,2
CUST100784,Banking Elsewhere,4
CUST100785,Steady Saver,2
CUST100786,Banking Elsewhere,4
CUST100787,Lifestyle Spender,0
CUST100788,Banking Elsewhere,4
CUST100789,Steady Saver,2
CUST100790,Banking Elsewhere,4
CUST100791,Lifestyle Spender,0
CUST100792,Stretched Borrower,1
CUST100793,Stretched Borrower,1
CUST100794,Banking Elsewhere,4
CUST100795,Stretched Borrower,1
CUST100796,Wealth Builder,3
CUST100797,Lifestyle Spender,0
CUST100798,Steady Saver,2
CUST100799,Banking Elsewhere,4
CUST100800,Banking Elsewhere,4
CUST100801,Steady Saver,2
CUST100802,Wealth Builder,3
CUST100803,Stretched Borrower,1
CUST100804,Steady Saver,2
CUST100805,Lifestyle Spender,0
CUST100806,Stretched Borrower,1
CUST100807,Lifestyle Spender,0
CUST100808,Stretched Borrower,1
CUST100809,Wealth Builder,3
CUST100810,Lifestyle Spender,0
CUST100811,Lifestyle Spender,0
CUST100812,Wealth Builder,3
CUST100813,Steady Saver,2
CUST100814,Stretched Borrower,1
CUST100815,Banking Elsewhere,4
CUST100816,Stretched Borrower,1
CUST100817,Steady Saver,2
CUST100818,Banking Elsewhere,4
CUST100819,Stretched Borrower,1
CUST100820,Steady Saver,2
CUST100821,Lifestyle Spender,0
CUST100822,Stretched Borrower,1
CUST100823,Stretched Borrower,1
CUST100824,Wealth Builder,3
CUST100825,Steady Saver,2
CUST100826,Steady Saver,2
CUST100827,Banking Elsewhere,4
CUST100828,Wealth Builder,3
CUST100829,Stretched Borrower,1
CUST100830,Lifestyle Spender,0
CUST100831,Stretched Borrower,1
CUST100832,Stretched Borrower,1
CUST100833,Steady Saver,2
CUST100834,Steady Saver,2
CUST100835,Lifestyle Spender,0
CUST100836,Steady Saver,2
CUST100837,Lifestyle Spender,0
CUST100838,Stretched Borrower,1
CUST100839,Stretched Borrower,1
CUST100840,Banking Elsewhere,4
CUST100841,Steady Saver,2
CUST100842,Steady Saver,2
CUST100843,Wealth Builder,3
CUST100844,Stretched Borrower,1
CUST100845,Stretched Borrower,1
CUST100846,Steady Saver,2
CUST100847,Steady Saver,2
CUST100848,Stretched Borrower,1
CUST100849,Banking Elsewhere,4
CUST100850,Lifestyle Spender,0
CUST100851,Steady Saver,2
CUST100852,Stretched Borrower,1
CUST100853,Wealth Builder,3
CUST100854,Stretched Borrower,1
CUST100855,Wealth Builder,3
CUST100856,Stretched Borrower,1
CUST100857,Stretched Borrower,1
CUST100858,Steady Saver,2
CUST100859,Banking Elsewhere,4
CUST100860,Lifestyle Spender,0
CUST100861,Lifestyle Spender,0
CUST100862,Stretched Borrower,1
CUST100863,Banking Elsewhere,4
CUST100864,Wealth Builder,3
CUST100865,Stretched Borrower,1
CUST100866,Wealth Builder,3
CUST100867,Lifestyle Spender,0
CUST100868,Wealth Builder,3
CUST100869,Steady Saver,2
CUST100870,Steady Saver,2
CUST100871,Wealth Builder,3
CUST100872,Stretched Borrower,1
CUST100873,Banking Elsewhere,4
CUST100874,Stretched Borrower,1
CUST100875,Stretched Borrower,1
CUST100876,Steady Saver,2
CUST100877,Wealth Builder,3
CUST100878,Lifestyle Spender,0
CUST100879,Stretched Borrower,1
CUST100880,Wealth Builder,3
CUST100881,Steady Saver,2
CUST100882,Steady Saver,2
CUST100883,Steady Saver,2
CUST100884,Stretched Borrower,1
CUST100885,Steady Saver,2
CUST100886,Wealth Builder,3
CUST100887,Banking Elsewhere,4
CUST100888,Lifestyle Spender,0
CUST100889,Lifestyle Spender,0
CUST100890,Wealth Builder,3
CUST100891,Steady Saver,2
CUST100892,Wealth Builder,3
CUST100893,Wealth Builder,3
CUST100894,Wealth Builder,3
CUST100895,Wealth Builder,3
CUST100896,Banking Elsewhere,4
CUST100897,Stretched Borrower,1
CUST100898,Wealth Builder,3
CUST100899,Wealth Builder,3
CUST100900,Banking Elsewhere,4
CUST100901,Banking Elsewhere,4
CUST100902,Banking Elsewhere,4
CUST100903,Wealth Builder,3
CUST100904,Banking Elsewhere,4
CUST100905,Wealth Builder,3
CUST100906,Wealth Builder,3
CUST100907,Banking Elsewhere,4
CUST100908,Steady Saver,2
CUST100909,Banking Elsewhere,4
CUST100910,Banking Elsewhere,4
CUST100911,Lifestyle Spender,0
CUST100912,Wealth Builder,3
CUST100913,Steady Saver,2
CUST100914,Lifestyle Spender,0
CUST100915,Banking Elsewhere,4
CUST100916,Wealth Builder,3
CUST100917,Wealth Builder,3
CUST100918,Steady Saver,2
CUST100919,Steady Saver,2
CUST100920,Banking Elsewhere,4
CUST100921,Steady Saver,2
CUST100922,Steady Saver,2
CUST100923,Stretched Borrower,1
CUST100924,Banking Elsewhere,4
CUST100925,Steady Saver,2
CUST100926,Banking Elsewhere,4
CUST100927,Wealth Builder,3
CUST100928,Banking Elsewhere,4
CUST100929,Lifestyle Spender,0
CUST100930,Wealth Builder,3
CUST100931,Lifestyle Spender,0
CUST100932,Steady Saver,2
CUST100933,Banking Elsewhere,4
CUST100934,Wealth Builder,3
CUST100935,Banking Elsewhere,4
CUST100936,Banking Elsewhere,4
CUST100937,Lifestyle Spender,0
CUST100938,Steady Saver,2
CUST100939,Banking Elsewhere,4
CUST100940,Banking Elsewhere,4
CUST100941,Lifestyle Spender,0
CUST100942,Lifestyle Spender,0
CUST100943,Wealth Builder,3
CUST100944,Banking Elsewhere,4
CUST100945,Lifestyle Spender,0
CUST100946,Banking Elsewhere,4
CUST100947,Steady Saver,2
CUST100948,Stretched Borrower,1
CUST100949,Banking Elsewhere,4
CUST100950,Wealth Builder,3
CUST100951,Banking Elsewhere,4
CUST100952,Wealth Builder,3
CUST100953,Stretched Borrower,1
CUST100954,Lifestyle Spender,0
CUST100955,Banking Elsewhere,4
CUST100956,Wealth Builder,3
CUST100957,Stretched Borrower,1
CUST100958,Wealth Builder,3
CUST100959,Lifestyle Spender,0
CUST100960,Steady Saver,2
CUST100961,Lifestyle Spender,0
CUST100962,Stretched Borrower,1
CUST100963,Steady Saver,2
CUST100964,Steady Saver,2
CUST100965,Wealth Builder,3
CUST100966,Stretched Borrower,1
CUST100967,Wealth Builder,3
CUST100968,Steady Saver,2
CUST100969,Stretched Borrower,1
CUST100970,Wealth Builder,3
CUST100971,Wealth Builder,3
CUST100972,Wealth Builder,3
CUST100973,Wealth Builder,3
CUST100974,Lifestyle Spender,0
CUST100975,Steady Saver,2
CUST100976,Lifestyle Spender,0
CUST100977,Lifestyle Spender,0
CUST100978,Steady Saver,2
CUST100979,Steady Saver,2
CUST100980,Banking Elsewhere,4
CUST100981,Lifestyle Spender,0
CUST100982,Steady Saver,2
CUST100983,Wealth Builder,3
CUST100984,Lifestyle Spender,0
CUST100985,Stretched Borrower,1
CUST100986,Steady Saver,2
CUST100987,Wealth Builder,3
CUST100988,Lifestyle Spender,0
CUST100989,Wealth Builder,3
CUST100990,Banking Elsewhere,4
CUST100991,Steady Saver,2
CUST100992,Banking Elsewhere,4
CUST100993,Stretched Borrower,1
CUST100994,Wealth Builder,3
CUST100995,Steady Saver,2
CUST100996,Lifestyle Spender,0
CUST100997,Lifestyle Spender,0
CUST100998,Wealth Builder,3
CUST100999,Wealth Builder,3
CUST101000,Banking Elsewhere,4
CUST101001,Wealth Builder,3
CUST101002,Banking Elsewhere,4
CUST101003,Wealth Builder,3
CUST101004,Lifestyle Spender,0
CUST101005,Steady Saver,2
CUST101006,Banking Elsewhere,4
CUST101007,Lifestyle Spender,0
CUST101008,Wealth Builder,3
CUST101009,Lifestyle Spender,0
CUST101010,Stretched Borrower,1
CUST101011,Banking Elsewhere,4
CUST101012,Wealth Builder,3
CUST101013,Banking Elsewhere,4
CUST101014,Lifestyle Spender,0
CUST101015,Lifestyle Spender,0
CUST101016,Steady Saver,2
CUST101017,Banking Elsewhere,4
CUST101018,Wealth Builder,3
CUST101019,Lifestyle Spender,0
CUST101020,Wealth Builder,3
CUST101021,Steady Saver,2
CUST101022,Steady Saver,2
CUST101023,Wealth Builder,3
CUST101024,Steady Saver,2
CUST101025,Steady Saver,2
CUST101026,Stretched Borrower,1
CUST101027,Lifestyle Spender,0
CUST101028,Banking Elsewhere,4
CUST101029,Lifestyle Spender,0
CUST101030,Wealth Builder,3
CUST101031,Banking Elsewhere,4
CUST101032,Steady Saver,2
CUST101033,Lifestyle Spender,0
CUST101034,Lifestyle Spender,0
CUST101035,Steady Saver,2
CUST101036,Stretched Borrower,1
CUST101037,Wealth Builder,3
CUST101038,Banking Elsewhere,4
CUST101039,Banking Elsewhere,4
CUST101040,Wealth Builder,3
CUST101041,Stretched Borrower,1
CUST101042,Banking Elsewhere,4
CUST101043,Wealth Builder,3
CUST101044,Lifestyle Spender,0
CUST101045,Stretched Borrower,1
CUST101046,Stretched Borrower,1
CUST101047,Lifestyle Spender,0
CUST101048,Stretched Borrower,1
CUST101049,Banking Elsewhere,4
CUST101050,Banking Elsewhere,4
CUST101051,Wealth Builder,3
CUST101052,Steady Saver,2
CUST101053,Wealth Builder,3
CUST101054,Banking Elsewhere,4
CUST101055,Lifestyle Spender,0
CUST101056,Stretched Borrower,1
CUST101057,Wealth Builder,3
CUST101058,Banking Elsewhere,4
CUST101059,Banking Elsewhere,4
CUST101060,Steady Saver,2
CUST101061,Wealth Builder,3
CUST101062,Banking Elsewhere,4
CUST101063,Wealth Builder,3
CUST101064,Steady Saver,2
CUST101065,Banking Elsewhere,4
CUST101066,Wealth Builder,3
CUST101067,Lifestyle Spender,0
CUST101068,Steady Saver,2
CUST101069,Stretched Borrower,1
CUST101070,Stretched Borrower,1
CUST101071,Stretched Borrower,1
CUST101072,Banking Elsewhere,4
CUST101073,Wealth Builder,3
CUST101074,Lifestyle Spender,0
CUST101075,Stretched Borrower,1
CUST101076,Lifestyle Spender,0
CUST101077,Wealth Builder,3
CUST101078,Lifestyle Spender,0
CUST101079,Steady Saver,2
CUST101080,Stretched Borrower,1
CUST101081,Wealth Builder,3
CUST101082,Stretched Borrower,1
CUST101083,Stretched Borrower,1
CUST101084,Steady Saver,2
CUST101085,Lifestyle Spender,0
CUST101086,Steady Saver,2
CUST101087,Steady Saver,2
CUST101088,Stretched Borrower,1
CUST101089,Lifestyle Spender,0
CUST101090,Steady Saver,2
CUST101091,Steady Saver,2
CUST101092,Wealth Builder,3
CUST101093,Steady Saver,2
CUST101094,Lifestyle Spender,0
CUST101095,Wealth Builder,3
CUST101096,Steady Saver,2
CUST101097,Stretched Borrower,1
CUST101098,Lifestyle Spender,0
CUST101099,Lifestyle Spender,0
CUST101100,Banking Elsewhere,4
CUST101101,Banking Elsewhere,4
CUST101102,Stretched Borrower,1
CUST101103,Steady Saver,2
CUST101104,Banking Elsewhere,4
CUST101105,Steady Saver,2
CUST101106,Banking Elsewhere,4
CUST101107,Wealth Builder,3
CUST101108,Steady Saver,2
CUST101109,Banking Elsewhere,4
CUST101110,Stretched Borrower,1
CUST101111,Banking Elsewhere,4
CUST101112,Lifestyle Spender,0
CUST101113,Stretched Borrower,1
CUST101114,Banking Elsewhere,4
CUST101115,Steady Saver,2
CUST101116,Lifestyle Spender,0
CUST101117,Stretched Borrower,1
CUST101118,Lifestyle Spender,0
CUST101119,Stretched Borrower,1
CUST101120,Stretched Borrower,1
CUST101121,Wealth Builder,3
CUST101122,Banking Elsewhere,4
CUST101123,Stretched Borrower,1
CUST101124,Lifestyle Spender,0
CUST101125,Steady Saver,2
CUST101126,Steady Saver,2
CUST101127,Banking Elsewhere,4
CUST101128,Banking Elsewhere,4
CUST101129,Steady Saver,2
CUST101130,Steady Saver,2
CUST101131,Steady Saver,2
CUST101132,Steady Saver,2
CUST101133,Wealth Builder,3
CUST101134,Steady Saver,2
CUST101135,Wealth Builder,3
CUST101136,Wealth Builder,3
CUST101137,Steady Saver,2
CUST101138,Lifestyle Spender,0
CUST101139,Stretched Borrower,1
CUST101140,Stretched Borrower,1
CUST101141,Stretched Borrower,1
CUST101142,Steady Saver,2
CUST101143,Banking Elsewhere,4
CUST101144,Wealth Builder,3
CUST101145,Steady Saver,2
CUST101146,Wealth Builder,3
CUST101147,Banking Elsewhere,4
CUST101148,Wealth Builder,3
CUST101149,Stretched Borrower,1
CUST101150,Banking Elsewhere,4
CUST101151,Lifestyle Spender,0
CUST101152,Lifestyle Spender,0
CUST101153,Banking Elsewhere,4
CUST101154,Banking Elsewhere,4
CUST101155,Lifestyle Spender,0
CUST101156,Lifestyle Spender,0
CUST101157,Wealth Builder,3
CUST101158,Steady Saver,2
CUST101159,Stretched Borrower,1
CUST101160,Steady Saver,2
CUST101161,Steady Saver,2
CUST101162,Stretched Borrower,1
CUST101163,Wealth Builder,3
CUST101164,Banking Elsewhere,4
CUST101165,Lifestyle Spender,0
CUST101166,Banking Elsewhere,4
CUST101167,Lifestyle Spender,0
CUST101168,Lifestyle Spender,0
CUST101169,Stretched Borrower,1
CUST101170,Steady Saver,2
CUST101171,Lifestyle Spender,0
CUST101172,Banking Elsewhere,4
CUST101173,Stretched Borrower,1
CUST101174,Steady Saver,2
CUST101175,Steady Saver,2
CUST101176,Steady Saver,2
CUST101177,Banking Elsewhere,4
CUST101178,Lifestyle Spender,0
CUST101179,Steady Saver,2
CUST101180,Wealth Builder,3
CUST101181,Lifestyle Spender,0
CUST101182,Steady Saver,2
CUST101183,Stretched Borrower,1
CUST101184,Banking Elsewhere,4
CUST101185,Wealth Builder,3
CUST101186,Stretched Borrower,1
CUST101187,Banking Elsewhere,4
CUST101188,Stretched Borrower,1
CUST101189,Lifestyle Spender,0
CUST101190,Lifestyle Spender,0
CUST101191,Lifestyle Spender,0
CUST101192,Stretched Borrower,1
CUST101193,Banking Elsewhere,4
CUST101194,Wealth Builder,3
CUST101195,Steady Saver,2
CUST101196,Banking Elsewhere,4
CUST101197,Steady Saver,2
CUST101198,Stretched Borrower,1
CUST101199,Banking Elsewhere,4
CUST101200,Lifestyle Spender,0
CUST101201,Steady Saver,2
CUST101202,Lifestyle Spender,0
CUST101203,Wealth Builder,3
CUST101204,Wealth Builder,3
CUST101205,Wealth Builder,3
CUST101206,Lifestyle Spender,0
CUST101207,Lifestyle Spender,0
CUST101208,Stretched Borrower,1
CUST101209,Steady Saver,2
CUST101210,Wealth Builder,3
CUST101211,Steady Saver,2
CUST101212,Wealth Builder,3
CUST101213,Banking Elsewhere,4
CUST101214,Lifestyle Spender,0
CUST101215,Banking Elsewhere,4
CUST101216,Stretched Borrower,1
CUST101217,Lifestyle Spender,0
CUST101218,Lifestyle Spender,0
CUST101219,Banking Elsewhere,4
CUST101220,Banking Elsewhere,4
CUST101221,Wealth Builder,3
CUST101222,Wealth Builder,3
CUST101223,Banking Elsewhere,4
CUST101224,Steady Saver,2
CUST101225,Wealth Builder,3
CUST101226,Lifestyle Spender,0
CUST101227,Steady Saver,2
CUST101228,Wealth Builder,3
CUST101229,Stretched Borrower,1
CUST101230,Steady Saver,2
CUST101231,Stretched Borrower,1
CUST101232,Wealth Builder,3
CUST101233,Wealth Builder,3
CUST101234,Lifestyle Spender,0
CUST101235,Steady Saver,2
CUST101236,Steady Saver,2
CUST101237,Lifestyle Spender,0
CUST101238,Stretched Borrower,1
CUST101239,Wealth Builder,3
CUST101240,Steady Saver,2
CUST101241,Wealth Builder,3
CUST101242,Banking Elsewhere,4
CUST101243,Wealth Builder,3
CUST101244,Banking Elsewhere,4
CUST101245,Lifestyle Spender,0
CUST101246,Steady Saver,2
CUST101247,Wealth Builder,3
CUST101248,Steady Saver,2
CUST101249,Banking Elsewhere,4
CUST101250,Wealth Builder,3
CUST101251,Stretched Borrower,1
CUST101252,Banking Elsewhere,4
CUST101253,Banking Elsewhere,4
CUST101254,Steady Saver,2
CUST101255,Lifestyle Spender,0
CUST101256,Lifestyle Spender,0
CUST101257,Wealth Builder,3
CUST101258,Steady Saver,2
CUST101259,Banking Elsewhere,4
CUST101260,Wealth Builder,3
CUST101261,Lifestyle Spender,0
CUST101262,Steady Saver,2
CUST101263,Wealth Builder,3
CUST101264,Steady Saver,2
CUST101265,Stretched Borrower,1
CUST101266,Steady Saver,2
CUST101267,Steady Saver,2
CUST101268,Stretched Borrower,1
CUST101269,Wealth Builder,3
CUST101270,Wealth Builder,3
CUST101271,Banking Elsewhere,4
CUST101272,Steady Saver,2
CUST101273,Banking Elsewhere,4
CUST101274,Steady Saver,2
CUST101275,Banking Elsewhere,4
CUST101276,Lifestyle Spender,0
CUST101277,Stretched Borrower,1
CUST101278,Steady Saver,2
CUST101279,Steady Saver,2
CUST101280,Stretched Borrower,1
CUST101281,Stretched Borrower,1
CUST101282,Lifestyle Spender,0
CUST101283,Steady Saver,2
CUST101284,Wealth Builder,3
CUST101285,Steady Saver,2
CUST101286,Wealth Builder,3
CUST101287,Stretched Borrower,1
CUST101288,Banking Elsewhere,4
CUST101289,Banking Elsewhere,4
CUST101290,Steady Saver,2
CUST101291,Banking Elsewhere,4
CUST101292,Lifestyle Spender,0
CUST101293,Wealth Builder,3
CUST101294,Lifestyle Spender,0
CUST101295,Stretched Borrower,1
CUST101296,Banking Elsewhere,4
CUST101297,Wealth Builder,3
CUST101298,Wealth Builder,3
CUST101299,Banking Elsewhere,4
CUST101300,Steady Saver,2
CUST101301,Banking Elsewhere,4
CUST101302,Banking Elsewhere,4
CUST101303,Banking Elsewhere,4
CUST101304,Stretched Borrower,1
CUST101305,Steady Saver,2
CUST101306,Steady Saver,2
CUST101307,Banking Elsewhere,4
CUST101308,Banking Elsewhere,4
CUST101309,Lifestyle Spender,0
CUST101310,Stretched Borrower,1
CUST101311,Wealth Builder,3
CUST101312,Steady Saver,2
CUST101313,Steady Saver,2
CUST101314,Lifestyle Spender,0
CUST101315,Wealth Builder,3
CUST101316,Steady Saver,2
CUST101317,Wealth Builder,3
CUST101318,Steady Saver,2
CUST101319,Lifestyle Spender,0
CUST101320,Steady Saver,2
CUST101321,Lifestyle Spender,0
CUST101322,Wealth Builder,3
CUST101323,Steady Saver,2
CUST101324,Lifestyle Spender,0
CUST101325,Stretched Borrower,1
CUST101326,Lifestyle Spender,0
CUST101327,Banking Elsewhere,4
CUST101328,Wealth Builder,3
CUST101329,Stretched Borrower,1
CUST101330,Wealth Builder,3
CUST101331,Wealth Builder,3
CUST101332,Wealth Builder,3
CUST101333,Lifestyle Spender,0
CUST101334,Lifestyle Spender,0
CUST101335,Wealth Builder,3
CUST101336,Steady Saver,2
CUST101337,Stretched Borrower,1
CUST101338,Steady Saver,2
CUST101339,Steady Saver,2
CUST101340,Steady Saver,2
CUST101341,Wealth Builder,3
CUST101342,Lifestyle Spender,0
CUST101343,Banking Elsewhere,4
CUST101344,Banking Elsewhere,4
CUST101345,Stretched Borrower,1
CUST101346,Wealth Builder,3
CUST101347,Wealth Builder,3
CUST101348,Banking Elsewhere,4
CUST101349,Wealth Builder,3
CUST101350,Banking Elsewhere,4
CUST101351,Stretched Borrower,1
CUST101352,Lifestyle Spender,0
CUST101353,Steady Saver,2
CUST101354,Stretched Borrower,1
CUST101355,Wealth Builder,3
CUST101356,Wealth Builder,3
CUST101357,Lifestyle Spender,0
CUST101358,Banking Elsewhere,4
CUST101359,Lifestyle Spender,0
CUST101360,Stretched Borrower,1
CUST101361,Banking Elsewhere,4
CUST101362,Banking Elsewhere,4
CUST101363,Stretched Borrower,1
CUST101364,Steady Saver,2
CUST101365,Stretched Borrower,1
CUST101366,Stretched Borrower,1
CUST101367,Wealth Builder,3
CUST101368,Wealth Builder,3
CUST101369,Stretched Borrower,1
CUST101370,Steady Saver,2
CUST101371,Stretched Borrower,1
CUST101372,Lifestyle Spender,0
CUST101373,Wealth Builder,3
CUST101374,Stretched Borrower,1
CUST101375,Steady Saver,2
CUST101376,Lifestyle Spender,0
CUST101377,Steady Saver,2
CUST101378,Steady Saver,2
CUST101379,Stretched Borrower,1
CUST101380,Banking Elsewhere,4
CUST101381,Banking Elsewhere,4
CUST101382,Steady Saver,2
CUST101383,Steady Saver,2
CUST101384,Stretched Borrower,1
CUST101385,Banking Elsewhere,4
CUST101386,Steady Saver,2
CUST101387,Wealth Builder,3
CUST101388,Steady Saver,2
CUST101389,Wealth Builder,3
CUST101390,Banking Elsewhere,4
CUST101391,Lifestyle Spender,0
CUST101392,Banking Elsewhere,4
CUST101393,Wealth Builder,3
CUST101394,Wealth Builder,3
CUST101395,Steady Saver,2
CUST101396,Lifestyle Spender,0
CUST101397,Lifestyle Spender,0
CUST101398,Lifestyle Spender,0
CUST101399,Steady Saver,2
CUST101400,Steady Saver,2
CUST101401,Wealth Builder,3
CUST101402,Banking Elsewhere,4
CUST101403,Stretched Borrower,1
CUST101404,Wealth Builder,3
CUST101405,Banking Elsewhere,4
CUST101406,Lifestyle Spender,0
CUST101407,Wealth Builder,3
CUST101408,Wealth Builder,3
CUST101409,Stretched Borrower,1
CUST101410,Steady Saver,2
CUST101411,Steady Saver,2
CUST101412,Lifestyle Spender,0
CUST101413,Lifestyle Spender,0
CUST101414,Steady Saver,2
CUST101415,Banking Elsewhere,4
CUST101416,Banking Elsewhere,4
CUST101417,Banking Elsewhere,4
CUST101418,Lifestyle Spender,0
CUST101419,Lifestyle Spender,0
CUST101420,Steady Saver,2
CUST101421,Stretched Borrower,1
CUST101422,Banking Elsewhere,4
CUST101423,Banking Elsewhere,4
CUST101424,Lifestyle Spender,0
CUST101425,Banking Elsewhere,4
CUST101426,Banking Elsewhere,4
CUST101427,Stretched Borrower,1
CUST101428,Banking Elsewhere,4
CUST101429,Steady Saver,2
CUST101430,Banking Elsewhere,4
CUST101431,Lifestyle Spender,0
CUST101432,Lifestyle Spender,0
CUST101433,Lifestyle Spender,0
CUST101434,Lifestyle Spender,0
CUST101435,Steady Saver,2
CUST101436,Steady Saver,2
CUST101437,Steady Saver,2
CUST101438,Lifestyle Spender,0
CUST101439,Wealth Builder,3
CUST101440,Wealth Builder,3
CUST101441,Wealth Builder,3
CUST101442,Wealth Builder,3
CUST101443,Stretched Borrower,1
CUST101444,Stretched Borrower,1
CUST101445,Wealth Builder,3
CUST101446,Steady Saver,2
CUST101447,Wealth Builder,3
CUST101448,Wealth Builder,3
CUST101449,Lifestyle Spender,0
CUST101450,Steady Saver,2
CUST101451,Steady Saver,2
CUST101452,Wealth Builder,3
CUST101453,Lifestyle Spender,0
CUST101454,Steady Saver,2
CUST101455,Wealth Builder,3
CUST101456,Stretched Borrower,1
CUST101457,Lifestyle Spender,0
CUST101458,Banking Elsewhere,4
CUST101459,Stretched Borrower,1
CUST101460,Banking Elsewhere,4
CUST101461,Lifestyle Spender,0
CUST101462,Steady Saver,2
CUST101463,Stretched Borrower,1
CUST101464,Wealth Builder,3
CUST101465,Steady Saver,2
CUST101466,Lifestyle Spender,0
CUST101467,Wealth Builder,3
CUST101468,Banking Elsewhere,4
CUST101469,Lifestyle Spender,0
CUST101470,Banking Elsewhere,4
CUST101471,Banking Elsewhere,4
CUST101472,Stretched Borrower,1
CUST101473,Lifestyle Spender,0
CUST101474,Steady Saver,2
CUST101475,Wealth Builder,3
CUST101476,Lifestyle Spender,0
CUST101477,Banking Elsewhere,4
CUST101478,Lifestyle Spender,0
CUST101479,Lifestyle Spender,0
CUST101480,Lifestyle Spender,0
CUST101481,Steady Saver,2
CUST101482,Lifestyle Spender,0
CUST101483,Lifestyle Spender,0
CUST101484,Stretched Borrower,1
CUST101485,Steady Saver,2
CUST101486,Steady Saver,2
CUST101487,Steady Saver,2
CUST101488,Steady Saver,2
CUST101489,Banking Elsewhere,4
CUST101490,Stretched Borrower,1
CUST101491,Steady Saver,2
CUST101492,Steady Saver,2
CUST101493,Stretched Borrower,1
CUST101494,Steady Saver,2
CUST101495,Banking Elsewhere,4
CUST101496,Banking Elsewhere,4
CUST101497,Lifestyle Spender,0
CUST101498,Steady Saver,2
CUST101499,Lifestyle Spender,0
CUST101500,Steady Saver,2
CUST101501,Wealth Builder,3
CUST101502,Steady Saver,2
CUST101503,Wealth Builder,3
CUST101504,Stretched Borrower,1
CUST101505,Steady Saver,2
CUST101506,Steady Saver,2
CUST101507,Lifestyle Spender,0
CUST101508,Banking Elsewhere,4
CUST101509,Wealth Builder,3
CUST101510,Steady Saver,2
CUST101511,Wealth Builder,3
CUST101512,Stretched Borrower,1
CUST101513,Banking Elsewhere,4
CUST101514,Steady Saver,2
CUST101515,Wealth Builder,3
CUST101516,Wealth Builder,3
CUST101517,Stretched Borrower,1
CUST101518,Stretched Borrower,1
CUST101519,Banking Elsewhere,4
CUST101520,Lifestyle Spender,0
CUST101521,Stretched Borrower,1
CUST101522,Stretched Borrower,1
CUST101523,Lifestyle Spender,0
CUST101524,Wealth Builder,3
CUST101525,Steady Saver,2
CUST101526,Lifestyle Spender,0
CUST101527,Steady Saver,2
CUST101528,Lifestyle Spender,0
CUST101529,Stretched Borrower,1
CUST101530,Steady Saver,2
CUST101531,Wealth Builder,3
CUST101532,Wealth Builder,3
CUST101533,Lifestyle Spender,0
CUST101534,Steady Saver,2
CUST101535,Wealth Builder,3
CUST101536,Wealth Builder,3
CUST101537,Steady Saver,2
CUST101538,Wealth Builder,3
CUST101539,Steady Saver,2
CUST101540,Lifestyle Spender,0
CUST101541,Stretched Borrower,1
CUST101542,Stretched Borrower,1
CUST101543,Steady Saver,2
CUST101544,Stretched Borrower,1
CUST101545,Wealth Builder,3
CUST101546,Stretched Borrower,1
CUST101547,Wealth Builder,3
CUST101548,Lifestyle Spender,0
CUST101549,Wealth Builder,3
CUST101550,Stretched Borrower,1
CUST101551,Stretched Borrower,1
CUST101552,Steady Saver,2
CUST101553,Steady Saver,2
CUST101554,Banking Elsewhere,4
CUST101555,Wealth Builder,3
CUST101556,Wealth Builder,3
CUST101557,Steady Saver,2
CUST101558,Steady Saver,2
CUST101559,Lifestyle Spender,0
CUST101560,Steady Saver,2
CUST101561,Lifestyle Spender,0
CUST101562,Lifestyle Spender,0
CUST101563,Steady Saver,2
CUST101564,Lifestyle Spender,0
CUST101565,Steady Saver,2
CUST101566,Banking Elsewhere,4
CUST101567,Wealth Builder,3
CUST101568,Lifestyle Spender,0
CUST101569,Lifestyle Spender,0
CUST101570,Lifestyle Spender,0
CUST101571,Steady Saver,2
CUST101572,Steady Saver,2
CUST101573,Lifestyle Spender,0
CUST101574,Stretched Borrower,1
CUST101575,Wealth Builder,3
CUST101576,Banking Elsewhere,4
CUST101577,Steady Saver,2
CUST101578,Steady Saver,2
CUST101579,Banking Elsewhere,4
CUST101580,Lifestyle Spender,0
CUST101581,Wealth Builder,3
CUST101582,Wealth Builder,3
CUST101583,Steady Saver,2
CUST101584,Lifestyle Spender,0
CUST101585,Stretched Borrower,1
CUST101586,Banking Elsewhere,4
CUST101587,Steady Saver,2
CUST101588,Banking Elsewhere,4
CUST101589,Wealth Builder,3
CUST101590,Steady Saver,2
CUST101591,Wealth Builder,3
CUST101592,Banking Elsewhere,4
CUST101593,Wealth Builder,3
CUST101594,Steady Saver,2
CUST101595,Stretched Borrower,1
CUST101596,Wealth Builder,3
CUST101597,Stretched Borrower,1
CUST101598,Stretched Borrower,1
CUST101599,Wealth Builder,3
CUST101600,Wealth Builder,3
CUST101601,Stretched Borrower,1
CUST101602,Lifestyle Spender,0
CUST101603,Steady Saver,2
CUST101604,Stretched Borrower,1
CUST101605,Stretched Borrower,1
CUST101606,Banking Elsewhere,4
CUST101607,Banking Elsewhere,4
CUST101608,Stretched Borrower,1
CUST101609,Steady Saver,2
CUST101610,Steady Saver,2
CUST101611,Wealth Builder,3
CUST101612,Wealth Builder,3
CUST101613,Lifestyle Spender,0
CUST101614,Steady Saver,2
CUST101615,Wealth Builder,3
CUST101616,Steady Saver,2
CUST101617,Stretched Borrower,1
CUST101618,Steady Saver,2
CUST101619,Wealth Builder,3
CUST101620,Banking Elsewhere,4
CUST101621,Lifestyle Spender,0
CUST101622,Steady Saver,2
CUST101623,Lifestyle Spender,0
CUST101624,Steady Saver,2
CUST101625,Wealth Builder,3
CUST101626,Steady Saver,2
CUST101627,Lifestyle Spender,0
CUST101628,Wealth Builder,3
CUST101629,Banking Elsewhere,4
CUST101630,Wealth Builder,3
CUST101631,Wealth Builder,3
CUST101632,Wealth Builder,3
CUST101633,Wealth Builder,3
CUST101634,Lifestyle Spender,0
CUST101635,Wealth Builder,3
CUST101636,Steady Saver,2
CUST101637,Banking Elsewhere,4
CUST101638,Lifestyle Spender,0
CUST101639,Steady Saver,2
CUST101640,Lifestyle Spender,0
CUST101641,Stretched Borrower,1
CUST101642,Banking Elsewhere,4
CUST101643,Lifestyle Spender,0
CUST101644,Wealth Builder,3
CUST101645,Steady Saver,2
CUST101646,Wealth Builder,3
CUST101647,Wealth Builder,3
CUST101648,Lifestyle Spender,0
CUST101649,Banking Elsewhere,4
CUST101650,Stretched Borrower,1
CUST101651,Lifestyle Spender,0
CUST101652,Banking Elsewhere,4
CUST101653,Wealth Builder,3
CUST101654,Steady Saver,2
CUST101655,Steady Saver,2
CUST101656,Banking Elsewhere,4
CUST101657,Steady Saver,2
CUST101658,Stretched Borrower,1
CUST101659,Wealth Builder,3
CUST101660,Lifestyle Spender,0
CUST101661,Steady Saver,2
CUST101662,Stretched Borrower,1
CUST101663,Steady Saver,2
CUST101664,Wealth Builder,3
CUST101665,Stretched Borrower,1
CUST101666,Wealth Builder,3
CUST101667,Banking Elsewhere,4
CUST101668,Stretched Borrower,1
CUST101669,Wealth Builder,3
CUST101670,Steady Saver,2
CUST101671,Wealth Builder,3
CUST101672,Wealth Builder,3
CUST101673,Lifestyle Spender,0
CUST101674,Wealth Builder,3
CUST101675,Steady Saver,2
CUST101676,Steady Saver,2
CUST101677,Stretched Borrower,1
CUST101678,Lifestyle Spender,0
CUST101679,Lifestyle Spender,0
CUST101680,Banking Elsewhere,4
CUST101681,Wealth Builder,3
CUST101682,Lifestyle Spender,0
CUST101683,Stretched Borrower,1
CUST101684,Wealth Builder,3
CUST101685,Steady Saver,2
CUST101686,Steady Saver,2
CUST101687,Stretched Borrower,1
CUST101688,Banking Elsewhere,4
CUST101689,Stretched Borrower,1
CUST101690,Banking Elsewhere,4
CUST101691,Wealth Builder,3
CUST101692,Lifestyle Spender,0
CUST101693,Banking Elsewhere,4
CUST101694,Wealth Builder,3
CUST101695,Wealth Builder,3
CUST101696,Steady Saver,2
CUST101697,Stretched Borrower,1
CUST101698,Lifestyle Spender,0
CUST101699,Lifestyle Spender,0
CUST101700,Stretched Borrower,1
CUST101701,Steady Saver,2
CUST101702,Lifestyle Spender,0
CUST101703,Banking Elsewhere,4
CUST101704,Wealth Builder,3
CUST101705,Lifestyle Spender,0
CUST101706,Steady Saver,2
CUST101707,Steady Saver,2
CUST101708,Banking Elsewhere,4
CUST101709,Steady Saver,2
CUST101710,Steady Saver,2
CUST101711,Lifestyle Spender,0
CUST101712,Steady Saver,2
CUST101713,Steady Saver,2
CUST101714,Stretched Borrower,1
CUST101715,Wealth Builder,3
CUST101716,Banking Elsewhere,4
CUST101717,Lifestyle Spender,0
CUST101718,Steady Saver,2
CUST101719,Stretched Borrower,1
CUST101720,Steady Saver,2
CUST101721,Banking Elsewhere,4
CUST101722,Wealth Builder,3
CUST101723,Steady Saver,2
CUST101724,Stretched Borrower,1
CUST101725,Wealth Builder,3
CUST101726,Wealth Builder,3
CUST101727,Steady Saver,2
CUST101728,Banking Elsewhere,4
CUST101729,Lifestyle Spender,0
CUST101730,Stretched Borrower,1
CUST101731,Banking Elsewhere,4
CUST101732,Lifestyle Spender,0
CUST101733,Steady Saver,2
CUST101734,Wealth Builder,3
CUST101735,Banking Elsewhere,4
CUST101736,Steady Saver,2
CUST101737,Wealth Builder,3
CUST101738,Banking Elsewhere,4
CUST101739,Steady Saver,2
CUST101740,Lifestyle Spender,0
CUST101741,Wealth Builder,3
CUST101742,Steady Saver,2
CUST101743,Steady Saver,2
CUST101744,Lifestyle Spender,0
CUST101745,Lifestyle Spender,0
CUST101746,Lifestyle Spender,0
CUST101747,Wealth Builder,3
CUST101748,Wealth Builder,3
CUST101749,Wealth Builder,3
CUST101750,Stretched Borrower,1
CUST101751,Steady Saver,2
CUST101752,Wealth Builder,3
CUST101753,Banking Elsewhere,4
CUST101754,Steady Saver,2
CUST101755,Banking Elsewhere,4
CUST101756,Wealth Builder,3
CUST101757,Stretched Borrower,1
CUST101758,Steady Saver,2
CUST101759,Lifestyle Spender,0
CUST101760,Lifestyle Spender,0
CUST101761,Wealth Builder,3
CUST101762,Banking Elsewhere,4
CUST101763,Stretched Borrower,1
CUST101764,Banking Elsewhere,4
CUST101765,Lifestyle Spender,0
CUST101766,Steady Saver,2
CUST101767,Wealth Builder,3
CUST101768,Banking Elsewhere,4
CUST101769,Stretched Borrower,1
CUST101770,Steady Saver,2
CUST101771,Steady Saver,2
CUST101772,Banking Elsewhere,4
CUST101773,Lifestyle Spender,0
CUST101774,Steady Saver,2
CUST101775,Banking Elsewhere,4
CUST101776,Banking Elsewhere,4
CUST101777,Banking Elsewhere,4
CUST101778,Steady Saver,2
CUST101779,Lifestyle Spender,0
CUST101780,Banking Elsewhere,4
CUST101781,Banking Elsewhere,4
CUST101782,Steady Saver,2
CUST101783,Wealth Builder,3
CUST101784,Steady Saver,2
CUST101785,Lifestyle Spender,0
CUST101786,Steady Saver,2
CUST101787,Wealth Builder,3
CUST101788,Stretched Borrower,1
CUST101789,Banking Elsewhere,4
CUST101790,Banking Elsewhere,4
CUST101791,Wealth Builder,3
CUST101792,Lifestyle Spender,0
CUST101793,Wealth Builder,3
CUST101794,Steady Saver,2
CUST101795,Banking Elsewhere,4
CUST101796,Banking Elsewhere,4
CUST101797,Lifestyle Spender,0
CUST101798,Wealth Builder,3
CUST101799,Steady Saver,2
CUST101800,Lifestyle Spender,0
CUST101801,Banking Elsewhere,4
CUST101802,Banking Elsewhere,4
CUST101803,Lifestyle Spender,0
CUST101804,Steady Saver,2
CUST101805,Steady Saver,2
CUST101806,Stretched Borrower,1
CUST101807,Steady Saver,2
CUST101808,Lifestyle Spender,0
CUST101809,Steady Saver,2
CUST101810,Wealth Builder,3
CUST101811,Steady Saver,2
CUST101812,Stretched Borrower,1
CUST101813,Banking Elsewhere,4
CUST101814,Stretched Borrower,1
CUST101815,Lifestyle Spender,0
CUST101816,Wealth Builder,3
CUST101817,Banking Elsewhere,4
CUST101818,Banking Elsewhere,4
CUST101819,Wealth Builder,3
CUST101820,Stretched Borrower,1
CUST101821,Steady Saver,2
CUST101822,Wealth Builder,3
CUST101823,Wealth Builder,3
CUST101824,Banking Elsewhere,4
CUST101825,Wealth Builder,3
CUST101826,Wealth Builder,3
CUST101827,Banking Elsewhere,4
CUST101828,Stretched Borrower,1
CUST101829,Lifestyle Spender,0
CUST101830,Banking Elsewhere,4
CUST101831,Lifestyle Spender,0
CUST101832,Steady Saver,2
CUST101833,Banking Elsewhere,4
CUST101834,Stretched Borrower,1
CUST101835,Banking Elsewhere,4
CUST101836,Wealth Builder,3
CUST101837,Banking Elsewhere,4
CUST101838,Steady Saver,2
CUST101839,Steady Saver,2
CUST101840,Stretched Borrower,1
CUST101841,Wealth Builder,3
CUST101842,Stretched Borrower,1
CUST101843,Wealth Builder,3
CUST101844,Banking Elsewhere,4
CUST101845,Wealth Builder,3
CUST101846,Wealth Builder,3
CUST101847,Steady Saver,2
CUST101848,Banking Elsewhere,4
CUST101849,Banking Elsewhere,4
CUST101850,Steady Saver,2
CUST101851,Steady Saver,2
CUST101852,Wealth Builder,3
CUST101853,Steady Saver,2
CUST101854,Steady Saver,2
CUST101855,Steady Saver,2
CUST101856,Wealth Builder,3
CUST101857,Steady Saver,2
CUST101858,Steady Saver,2
CUST101859,Steady Saver,2
CUST101860,Steady Saver,2
CUST101861,Banking Elsewhere,4
CUST101862,Stretched Borrower,1
CUST101863,Steady Saver,2
CUST101864,Lifestyle Spender,0
CUST101865,Steady Saver,2
CUST101866,Banking Elsewhere,4
CUST101867,Stretched Borrower,1
CUST101868,Banking Elsewhere,4
CUST101869,Lifestyle Spender,0
CUST101870,Lifestyle Spender,0
CUST101871,Stretched Borrower,1
CUST101872,Lifestyle Spender,0
CUST101873,Banking Elsewhere,4
CUST101874,Wealth Builder,3
CUST101875,Steady Saver,2
CUST101876,Wealth Builder,3
CUST101877,Lifestyle Spender,0
CUST101878,Stretched Borrower,1
CUST101879,Steady Saver,2
CUST101880,Lifestyle Spender,0
CUST101881,Banking Elsewhere,4
CUST101882,Steady Saver,2
CUST101883,Wealth Builder,3
CUST101884,Lifestyle Spender,0
CUST101885,Banking Elsewhere,4
CUST101886,Wealth Builder,3
CUST101887,Lifestyle Spender,0
CUST101888,Banking Elsewhere,4
CUST101889,Steady Saver,2
CUST101890,Lifestyle Spender,0
CUST101891,Wealth Builder,3
CUST101892,Steady Saver,2
CUST101893,Lifestyle Spender,0
CUST101894,Banking Elsewhere,4
CUST101895,Lifestyle Spender,0
CUST101896,Banking Elsewhere,4
CUST101897,Stretched Borrower,1
CUST101898,Stretched Borrower,1
CUST101899,Stretched Borrower,1
CUST101900,Steady Saver,2
CUST101901,Wealth Builder,3
CUST101902,Stretched Borrower,1
CUST101903,Stretched Borrower,1
CUST101904,Banking Elsewhere,4
CUST101905,Stretched Borrower,1
CUST101906,Banking Elsewhere,4
CUST101907,Stretched Borrower,1
CUST101908,Lifestyle Spender,0
CUST101909,Banking Elsewhere,4
CUST101910,Wealth Builder,3
CUST101911,Steady Saver,2
CUST101912,Wealth Builder,3
CUST101913,Steady Saver,2
CUST101914,Banking Elsewhere,4
CUST101915,Banking Elsewhere,4
CUST101916,Wealth Builder,3
CUST101917,Lifestyle Spender,0
CUST101918,Lifestyle Spender,0
CUST101919,Wealth Builder,3
CUST101920,Stretched Borrower,1
CUST101921,Banking Elsewhere,4
CUST101922,Lifestyle Spender,0
CUST101923,Steady Saver,2
CUST101924,Lifestyle Spender,0
CUST101925,Stretched Borrower,1
CUST101926,Banking Elsewhere,4
CUST101927,Wealth Builder,3
CUST101928,Banking Elsewhere,4
CUST101929,Wealth Builder,3
CUST101930,Steady Saver,2
CUST101931,Banking Elsewhere,4
CUST101932,Stretched Borrower,1
CUST101933,Wealth Builder,3
CUST101934,Banking Elsewhere,4
CUST101935,Wealth Builder,3
CUST101936,Wealth Builder,3
CUST101937,Wealth Builder,3
CUST101938,Lifestyle Spender,0
CUST101939,Lifestyle Spender,0
CUST101940,Stretched Borrower,1
CUST101941,Wealth Builder,3
CUST101942,Wealth Builder,3
CUST101943,Stretched Borrower,1
CUST101944,Stretched Borrower,1
CUST101945,Steady Saver,2
CUST101946,Banking Elsewhere,4
CUST101947,Stretched Borrower,1
CUST101948,Steady Saver,2
CUST101949,Wealth Builder,3
CUST101950,Steady Saver,2
CUST101951,Lifestyle Spender,0
CUST101952,Stretched Borrower,1
CUST101953,Wealth Builder,3
CUST101954,Steady Saver,2
CUST101955,Lifestyle Spender,0
CUST101956,Banking Elsewhere,4
CUST101957,Banking Elsewhere,4
CUST101958,Steady Saver,2
CUST101959,Wealth Builder,3
CUST101960,Banking Elsewhere,4
CUST101961,Wealth Builder,3
CUST101962,Steady Saver,2
CUST101963,Steady Saver,2
CUST101964,Banking Elsewhere,4
CUST101965,Banking Elsewhere,4
CUST101966,Wealth Builder,3
CUST101967,Steady Saver,2
CUST101968,Stretched Borrower,1
CUST101969,Steady Saver,2
CUST101970,Lifestyle Spender,0
CUST101971,Banking Elsewhere,4
CUST101972,Stretched Borrower,1
CUST101973,Lifestyle Spender,0
CUST101974,Steady Saver,2
CUST101975,Wealth Builder,3
CUST101976,Lifestyle Spender,0
CUST101977,Steady Saver,2
CUST101978,Stretched Borrower,1
CUST101979,Banking Elsewhere,4
CUST101980,Lifestyle Spender,0
CUST101981,Wealth Builder,3
CUST101982,Wealth Builder,3
CUST101983,Wealth Builder,3
CUST101984,Lifestyle Spender,0
CUST101985,Steady Saver,2
CUST101986,Wealth Builder,3
CUST101987,Stretched Borrower,1
CUST101988,Stretched Borrower,1
CUST101989,Wealth Builder,3
CUST101990,Wealth Builder,3
CUST101991,Steady Saver,2
CUST101992,Steady Saver,2
CUST101993,Lifestyle Spender,0
CUST101994,Lifestyle Spender,0
CUST101995,Wealth Builder,3
CUST101996,Wealth Builder,3
CUST101997,Wealth Builder,3
CUST101998,Steady Saver,2
CUST101999,Steady Saver,2
CUST102000,Wealth Builder,3
CUST102001,Stretched Borrower,1
CUST102002,Lifestyle Spender,0
CUST102003,Wealth Builder,3
CUST102004,Lifestyle Spender,0
CUST102005,Steady Saver,2
CUST102006,Steady Saver,2
CUST102007,Stretched Borrower,1
CUST102008,Wealth Builder,3
CUST102009,Banking Elsewhere,4
CUST102010,Banking Elsewhere,4
CUST102011,Banking Elsewhere,4
CUST102012,Banking Elsewhere,4
CUST102013,Banking Elsewhere,4
CUST102014,Steady Saver,2
CUST102015,Steady Saver,2
CUST102016,Steady Saver,2
CUST102017,Steady Saver,2
CUST102018,Stretched Borrower,1
CUST102019,Stretched Borrower,1
CUST102020,Stretched Borrower,1
CUST102021,Lifestyle Spender,0
CUST102022,Banking Elsewhere,4
CUST102023,Stretched Borrower,1
CUST102024,Steady Saver,2
CUST102025,Steady Saver,2
CUST102026,Steady Saver,2
CUST102027,Steady Saver,2
CUST102028,Steady Saver,2
CUST102029,Steady Saver,2
CUST102030,Wealth Builder,3
CUST102031,Steady Saver,2
CUST102032,Steady Saver,2
CUST102033,Banking Elsewhere,4
CUST102034,Banking Elsewhere,4
CUST102035,Wealth Builder,3
CUST102036,Banking Elsewhere,4
CUST102037,Wealth Builder,3
CUST102038,Banking Elsewhere,4
CUST102039,Stretched Borrower,1
CUST102040,Wealth Builder,3
CUST102041,Wealth Builder,3
CUST102042,Steady Saver,2
CUST102043,Steady Saver,2
CUST102044,Lifestyle Spender,0
CUST102045,Steady Saver,2
CUST102046,Steady Saver,2
CUST102047,Steady Saver,2
CUST102048,Lifestyle Spender,0
CUST102049,Lifestyle Spender,0
CUST102050,Wealth Builder,3
CUST102051,Banking Elsewhere,4
CUST102052,Lifestyle Spender,0
CUST102053,Banking Elsewhere,4
CUST102054,Wealth Builder,3
CUST102055,Wealth Builder,3
CUST102056,Stretched Borrower,1
CUST102057,Stretched Borrower,1
CUST102058,Steady Saver,2
CUST102059,Steady Saver,2
CUST102060,Banking Elsewhere,4
CUST102061,Wealth Builder,3
CUST102062,Lifestyle Spender,0
CUST102063,Stretched Borrower,1
CUST102064,Stretched Borrower,1
CUST102065,Lifestyle Spender,0
CUST102066,Stretched Borrower,1
CUST102067,Wealth Builder,3
CUST102068,Wealth Builder,3
CUST102069,Banking Elsewhere,4
CUST102070,Stretched Borrower,1
CUST102071,Steady Saver,2
CUST102072,Stretched Borrower,1
CUST102073,Wealth Builder,3
CUST102074,Wealth Builder,3
CUST102075,Wealth Builder,3
CUST102076,Steady Saver,2
CUST102077,Banking Elsewhere,4
CUST102078,Steady Saver,2
CUST102079,Wealth Builder,3
CUST102080,Steady Saver,2
CUST102081,Wealth Builder,3
CUST102082,Banking Elsewhere,4
CUST102083,Lifestyle Spender,0
CUST102084,Stretched Borrower,1
CUST102085,Banking Elsewhere,4
CUST102086,Banking Elsewhere,4
CUST102087,Steady Saver,2
CUST102088,Steady Saver,2
CUST102089,Wealth Builder,3
CUST102090,Lifestyle Spender,0
CUST102091,Lifestyle Spender,0
CUST102092,Steady Saver,2
CUST102093,Lifestyle Spender,0
CUST102094,Stretched Borrower,1
CUST102095,Steady Saver,2
CUST102096,Stretched Borrower,1
CUST102097,Steady Saver,2
CUST102098,Stretched Borrower,1
CUST102099,Banking Elsewhere,4
CUST102100,Banking Elsewhere,4
CUST102101,Banking Elsewhere,4
CUST102102,Lifestyle Spender,0
CUST102103,Steady Saver,2
CUST102104,Stretched Borrower,1
CUST102105,Lifestyle Spender,0
CUST102106,Stretched Borrower,1
CUST102107,Wealth Builder,3
CUST102108,Steady Saver,2
CUST102109,Stretched Borrower,1
CUST102110,Steady Saver,2
CUST102111,Steady Saver,2
CUST102112,Banking Elsewhere,4
CUST102113,Wealth Builder,3
CUST102114,Wealth Builder,3
CUST102115,Banking Elsewhere,4
CUST102116,Wealth Builder,3
CUST102117,Wealth Builder,3
CUST102118,Lifestyle Spender,0
CUST102119,Lifestyle Spender,0
CUST102120,Wealth Builder,3
CUST102121,Banking Elsewhere,4
CUST102122,Wealth Builder,3
CUST102123,Lifestyle Spender,0
CUST102124,Stretched Borrower,1
CUST102125,Wealth Builder,3
CUST102126,Stretched Borrower,1
CUST102127,Banking Elsewhere,4
CUST102128,Lifestyle Spender,0
CUST102129,Lifestyle Spender,0
CUST102130,Steady Saver,2
CUST102131,Steady Saver,2
CUST102132,Lifestyle Spender,0
CUST102133,Steady Saver,2
CUST102134,Steady Saver,2
CUST102135,Banking Elsewhere,4
CUST102136,Wealth Builder,3
CUST102137,Stretched Borrower,1
CUST102138,Banking Elsewhere,4
CUST102139,Steady Saver,2
CUST102140,Steady Saver,2
CUST102141,Steady Saver,2
CUST102142,Banking Elsewhere,4
CUST102143,Lifestyle Spender,0
CUST102144,Steady Saver,2
CUST102145,Banking Elsewhere,4
CUST102146,Banking Elsewhere,4
CUST102147,Banking Elsewhere,4
CUST102148,Steady Saver,2
CUST102149,Wealth Builder,3
CUST102150,Wealth Builder,3
CUST102151,Steady Saver,2
CUST102152,Banking Elsewhere,4
CUST102153,Wealth Builder,3
CUST102154,Wealth Builder,3
CUST102155,Banking Elsewhere,4
CUST102156,Stretched Borrower,1
CUST102157,Lifestyle Spender,0
CUST102158,Lifestyle Spender,0
CUST102159,Banking Elsewhere,4
CUST102160,Banking Elsewhere,4
CUST102161,Wealth Builder,3
CUST102162,Lifestyle Spender,0
CUST102163,Wealth Builder,3
CUST102164,Banking Elsewhere,4
CUST102165,Wealth Builder,3
CUST102166,Wealth Builder,3
CUST102167,Steady Saver,2
CUST102168,Wealth Builder,3
CUST102169,Wealth Builder,3
CUST102170,Banking Elsewhere,4
CUST102171,Stretched Borrower,1
CUST102172,Banking Elsewhere,4
CUST102173,Lifestyle Spender,0
CUST102174,Wealth Builder,3
CUST102175,Steady Saver,2
CUST102176,Banking Elsewhere,4
CUST102177,Steady Saver,2
CUST102178,Banking Elsewhere,4
CUST102179,Wealth Builder,3
CUST102180,Wealth Builder,3
CUST102181,Wealth Builder,3
CUST102182,Stretched Borrower,1
CUST102183,Steady Saver,2
CUST102184,Stretched Borrower,1
CUST102185,Steady Saver,2
CUST102186,Banking Elsewhere,4
CUST102187,Wealth Builder,3
CUST102188,Steady Saver,2
CUST102189,Wealth Builder,3
CUST102190,Wealth Builder,3
CUST102191,Steady Saver,2
CUST102192,Stretched Borrower,1
CUST102193,Wealth Builder,3
CUST102194,Wealth Builder,3
CUST102195,Stretched Borrower,1
CUST102196,Stretched Borrower,1
CUST102197,Steady Saver,2
CUST102198,Steady Saver,2
CUST102199,Stretched Borrower,1
CUST102200,Stretched Borrower,1
CUST102201,Banking Elsewhere,4
CUST102202,Wealth Builder,3
CUST102203,Banking Elsewhere,4
CUST102204,Wealth Builder,3
CUST102205,Banking Elsewhere,4
CUST102206,Lifestyle Spender,0
CUST102207,Steady Saver,2
CUST102208,Wealth Builder,3
CUST102209,Banking Elsewhere,4
CUST102210,Wealth Builder,3
CUST102211,Wealth Builder,3
CUST102212,Banking Elsewhere,4
CUST102213,Lifestyle Spender,0
CUST102214,Lifestyle Spender,0
CUST102215,Lifestyle Spender,0
CUST102216,Lifestyle Spender,0
CUST102217,Stretched Borrower,1
CUST102218,Steady Saver,2
CUST102219,Banking Elsewhere,4
CUST102220,Steady Saver,2
CUST102221,Banking Elsewhere,4
CUST102222,Banking Elsewhere,4
CUST102223,Steady Saver,2
CUST102224,Lifestyle Spender,0
CUST102225,Stretched Borrower,1
CUST102226,Banking Elsewhere,4
CUST102227,Lifestyle Spender,0
CUST102228,Lifestyle Spender,0
CUST102229,Wealth Builder,3
CUST102230,Banking Elsewhere,4
CUST102231,Banking Elsewhere,4
CUST102232,Wealth Builder,3
CUST102233,Banking Elsewhere,4
CUST102234,Banking Elsewhere,4
CUST102235,Banking Elsewhere,4
CUST102236,Lifestyle Spender,0
CUST102237,Wealth Builder,3
CUST102238,Stretched Borrower,1
CUST102239,Stretched Borrower,1
CUST102240,Wealth Builder,3
CUST102241,Lifestyle Spender,0
CUST102242,Banking Elsewhere,4
CUST102243,Banking Elsewhere,4
CUST102244,Stretched Borrower,1
CUST102245,Lifestyle Spender,0
CUST102246,Steady Saver,2
CUST102247,Steady Saver,2
CUST102248,Wealth Builder,3
CUST102249,Lifestyle Spender,0
CUST102250,Lifestyle Spender,0
CUST102251,Wealth Builder,3
CUST102252,Stretched Borrower,1
CUST102253,Wealth Builder,3
CUST102254,Banking Elsewhere,4
CUST102255,Steady Saver,2
CUST102256,Banking Elsewhere,4
CUST102257,Stretched Borrower,1
CUST102258,Wealth Builder,3
CUST102259,Banking Elsewhere,4
CUST102260,Stretched Borrower,1
CUST102261,Banking Elsewhere,4
CUST102262,Wealth Builder,3
CUST102263,Banking Elsewhere,4
CUST102264,Lifestyle Spender,0
CUST102265,Banking Elsewhere,4
CUST102266,Wealth Builder,3
CUST102267,Steady Saver,2
CUST102268,Lifestyle Spender,0
CUST102269,Banking Elsewhere,4
CUST102270,Lifestyle Spender,0
CUST102271,Banking Elsewhere,4
CUST102272,Wealth Builder,3
CUST102273,Lifestyle Spender,0
CUST102274,Lifestyle Spender,0
CUST102275,Wealth Builder,3
CUST102276,Wealth Builder,3
CUST102277,Banking Elsewhere,4
CUST102278,Lifestyle Spender,0
CUST102279,Banking Elsewhere,4
CUST102280,Wealth Builder,3
CUST102281,Stretched Borrower,1
CUST102282,Wealth Builder,3
CUST102283,Stretched Borrower,1
CUST102284,Steady Saver,2
CUST102285,Wealth Builder,3
CUST102286,Stretched Borrower,1
CUST102287,Wealth Builder,3
CUST102288,Banking Elsewhere,4
CUST102289,Wealth Builder,3
CUST102290,Steady Saver,2
CUST102291,Banking Elsewhere,4
CUST102292,Stretched Borrower,1
CUST102293,Steady Saver,2
CUST102294,Wealth Builder,3
CUST102295,Banking Elsewhere,4
CUST102296,Wealth Builder,3
CUST102297,Stretched Borrower,1
CUST102298,Banking Elsewhere,4
CUST102299,Lifestyle Spender,0
CUST102300,Steady Saver,2
CUST102301,Steady Saver,2
CUST102302,Wealth Builder,3
CUST102303,Wealth Builder,3
CUST102304,Banking Elsewhere,4
CUST102305,Banking Elsewhere,4
CUST102306,Steady Saver,2
CUST102307,Banking Elsewhere,4
CUST102308,Lifestyle Spender,0
CUST102309,Lifestyle Spender,0
CUST102310,Banking Elsewhere,4
CUST102311,Wealth Builder,3
CUST102312,Lifestyle Spender,0
CUST102313,Wealth Builder,3
CUST102314,Lifestyle Spender,0
CUST102315,Banking Elsewhere,4
CUST102316,Lifestyle Spender,0
CUST102317,Banking Elsewhere,4
CUST102318,Steady Saver,2
CUST102319,Banking Elsewhere,4
CUST102320,Banking Elsewhere,4
CUST102321,Lifestyle Spender,0
CUST102322,Wealth Builder,3
CUST102323,Banking Elsewhere,4
CUST102324,Wealth Builder,3
CUST102325,Lifestyle Spender,0
CUST102326,Lifestyle Spender,0
CUST102327,Wealth Builder,3
CUST102328,Stretched Borrower,1
CUST102329,Wealth Builder,3
CUST102330,Wealth Builder,3
CUST102331,Banking Elsewhere,4
CUST102332,Stretched Borrower,1
CUST102333,Lifestyle Spender,0
CUST102334,Wealth Builder,3
CUST102335,Lifestyle Spender,0
CUST102336,Banking Elsewhere,4
CUST102337,Banking Elsewhere,4
CUST102338,Wealth Builder,3
CUST102339,Wealth Builder,3
CUST102340,Lifestyle Spender,0
CUST102341,Steady Saver,2
CUST102342,Lifestyle Spender,0
CUST102343,Banking Elsewhere,4
CUST102344,Steady Saver,2
CUST102345,Lifestyle Spender,0
CUST102346,Steady Saver,2
CUST102347,Steady Saver,2
CUST102348,Stretched Borrower,1
CUST102349,Banking Elsewhere,4
CUST102350,Lifestyle Spender,0
CUST102351,Banking Elsewhere,4
CUST102352,Wealth Builder,3
CUST102353,Steady Saver,2
CUST102354,Stretched Borrower,1
CUST102355,Stretched Borrower,1
CUST102356,Stretched Borrower,1
CUST102357,Stretched Borrower,1
CUST102358,Stretched Borrower,1
CUST102359,Banking Elsewhere,4
CUST102360,Steady Saver,2
CUST102361,Steady Saver,2
CUST102362,Lifestyle Spender,0
CUST102363,Banking Elsewhere,4
CUST102364,Lifestyle Spender,0
CUST102365,Banking Elsewhere,4
CUST102366,Wealth Builder,3
CUST102367,Steady Saver,2
CUST102368,Stretched Borrower,1
CUST102369,Lifestyle Spender,0
CUST102370,Banking Elsewhere,4
CUST102371,Banking Elsewhere,4
CUST102372,Wealth Builder,3
CUST102373,Steady Saver,2
CUST102374,Stretched Borrower,1
CUST102375,Stretched Borrower,1
CUST102376,Steady Saver,2
CUST102377,Wealth Builder,3
CUST102378,Steady Saver,2
CUST102379,Steady Saver,2
CUST102380,Banking Elsewhere,4
CUST102381,Steady Saver,2
CUST102382,Steady Saver,2
CUST102383,Wealth Builder,3
CUST102384,Steady Saver,2
CUST102385,Wealth Builder,3
CUST102386,Banking Elsewhere,4
CUST102387,Steady Saver,2
CUST102388,Steady Saver,2
CUST102389,Steady Saver,2
CUST102390,Banking Elsewhere,4
CUST102391,Wealth Builder,3
CUST102392,Lifestyle Spender,0
CUST102393,Stretched Borrower,1
CUST102394,Stretched Borrower,1
CUST102395,Lifestyle Spender,0
CUST102396,Banking Elsewhere,4
CUST102397,Banking Elsewhere,4
CUST102398,Stretched Borrower,1
CUST102399,Banking Elsewhere,4
CUST102400,Wealth Builder,3
CUST102401,Banking Elsewhere,4
CUST102402,Steady Saver,2
CUST102403,Banking Elsewhere,4
CUST102404,Lifestyle Spender,0
CUST102405,Stretched Borrower,1
CUST102406,Steady Saver,2
CUST102407,Lifestyle Spender,0
CUST102408,Wealth Builder,3
CUST102409,Banking Elsewhere,4
CUST102410,Steady Saver,2
CUST102411,Stretched Borrower,1
CUST102412,Wealth Builder,3
CUST102413,Steady Saver,2
CUST102414,Banking Elsewhere,4
CUST102415,Stretched Borrower,1
CUST102416,Steady Saver,2
CUST102417,Steady Saver,2
CUST102418,Banking Elsewhere,4
CUST102419,Banking Elsewhere,4
CUST102420,Stretched Borrower,1
CUST102421,Stretched Borrower,1
CUST102422,Lifestyle Spender,0
CUST102423,Lifestyle Spender,0
CUST102424,Wealth Builder,3
CUST102425,Steady Saver,2
CUST102426,Stretched Borrower,1
CUST102427,Banking Elsewhere,4
CUST102428,Steady Saver,2
CUST102429,Steady Saver,2
CUST102430,Banking Elsewhere,4
CUST102431,Steady Saver,2
CUST102432,Wealth Builder,3
CUST102433,Wealth Builder,3
CUST102434,Steady Saver,2
CUST102435,Steady Saver,2
CUST102436,Steady Saver,2
CUST102437,Banking Elsewhere,4
CUST102438,Lifestyle Spender,0
CUST102439,Lifestyle Spender,0
CUST102440,Steady Saver,2
CUST102441,Stretched Borrower,1
CUST102442,Steady Saver,2
CUST102443,Stretched Borrower,1
CUST102444,Wealth Builder,3
CUST102445,Wealth Builder,3
CUST102446,Steady Saver,2
CUST102447,Wealth Builder,3
CUST102448,Steady Saver,2
CUST102449,Banking Elsewhere,4
CUST102450,Steady Saver,2
CUST102451,Steady Saver,2
CUST102452,Banking Elsewhere,4
CUST102453,Stretched Borrower,1
CUST102454,Steady Saver,2
CUST102455,Stretched Borrower,1
CUST102456,Stretched Borrower,1
CUST102457,Stretched Borrower,1
CUST102458,Lifestyle Spender,0
CUST102459,Wealth Builder,3
CUST102460,Wealth Builder,3
CUST102461,Stretched Borrower,1
CUST102462,Lifestyle Spender,0
CUST102463,Lifestyle Spender,0
CUST102464,Banking Elsewhere,4
CUST102465,Steady Saver,2
CUST102466,Banking Elsewhere,4
CUST102467,Steady Saver,2
CUST102468,Steady Saver,2
CUST102469,Steady Saver,2
CUST102470,Wealth Builder,3
CUST102471,Wealth Builder,3
CUST102472,Stretched Borrower,1
CUST102473,Steady Saver,2
CUST102474,Banking Elsewhere,4
CUST102475,Steady Saver,2
CUST102476,Lifestyle Spender,0
CUST102477,Stretched Borrower,1
CUST102478,Stretched Borrower,1
CUST102479,Steady Saver,2
CUST102480,Banking Elsewhere,4
CUST102481,Lifestyle Spender,0
CUST102482,Lifestyle Spender,0
CUST102483,Stretched Borrower,1
CUST102484,Stretched Borrower,1
CUST102485,Wealth Builder,3
CUST102486,Wealth Builder,3
CUST102487,Banking Elsewhere,4
CUST102488,Stretched Borrower,1
CUST102489,Stretched Borrower,1
CUST102490,Wealth Builder,3
CUST102491,Lifestyle Spender,0
CUST102492,Banking Elsewhere,4
CUST102493,Banking Elsewhere,4
CUST102494,Wealth Builder,3
CUST102495,Banking Elsewhere,4
CUST102496,Banking Elsewhere,4
CUST102497,Stretched Borrower,1
CUST102498,Stretched Borrower,1
CUST102499,Steady Saver,2
CUST102500,Steady Saver,2
CUST102501,Steady Saver,2
CUST102502,Wealth Builder,3
CUST102503,Stretched Borrower,1
CUST102504,Wealth Builder,3
CUST102505,Lifestyle Spender,0
CUST102506,Banking Elsewhere,4
CUST102507,Wealth Builder,3
CUST102508,Steady Saver,2
CUST102509,Banking Elsewhere,4
CUST102510,Steady Saver,2
CUST102511,Steady Saver,2
CUST102512,Stretched Borrower,1
CUST102513,Wealth Builder,3
CUST102514,Banking Elsewhere,4
CUST102515,Steady Saver,2
CUST102516,Lifestyle Spender,0
CUST102517,Lifestyle Spender,0
CUST102518,Stretched Borrower,1
CUST102519,Stretched Borrower,1
CUST102520,Wealth Builder,3
CUST102521,Banking Elsewhere,4
CUST102522,Steady Saver,2
CUST102523,Lifestyle Spender,0
CUST102524,Stretched Borrower,1
CUST102525,Wealth Builder,3
CUST102526,Stretched Borrower,1
CUST102527,Stretched Borrower,1
CUST102528,Stretched Borrower,1
CUST102529,Wealth Builder,3
CUST102530,Wealth Builder,3
CUST102531,Lifestyle Spender,0
CUST102532,Banking Elsewhere,4
CUST102533,Steady Saver,2
CUST102534,Stretched Borrower,1
CUST102535,Lifestyle Spender,0
CUST102536,Steady Saver,2
CUST102537,Stretched Borrower,1
CUST102538,Stretched Borrower,1
CUST102539,Steady Saver,2
CUST102540,Stretched Borrower,1
CUST102541,Steady Saver,2
CUST102542,Wealth Builder,3
CUST102543,Lifestyle Spender,0
CUST102544,Banking Elsewhere,4
CUST102545,Stretched Borrower,1
CUST102546,Wealth Builder,3
CUST102547,Stretched Borrower,1
CUST102548,Lifestyle Spender,0
CUST102549,Banking Elsewhere,4
CUST102550,Steady Saver,2
CUST102551,Banking Elsewhere,4
CUST102552,Banking Elsewhere,4
CUST102553,Steady Saver,2
CUST102554,Banking Elsewhere,4
CUST102555,Lifestyle Spender,0
CUST102556,Stretched Borrower,1
CUST102557,Banking Elsewhere,4
CUST102558,Stretched Borrower,1
CUST102559,Wealth Builder,3
CUST102560,Lifestyle Spender,0
CUST102561,Lifestyle Spender,0
CUST102562,Stretched Borrower,1
CUST102563,Stretched Borrower,1
CUST102564,Lifestyle Spender,0
CUST102565,Steady Saver,2
CUST102566,Steady Saver,2
CUST102567,Steady Saver,2
CUST102568,Wealth Builder,3
CUST102569,Stretched Borrower,1
CUST102570,Stretched Borrower,1
CUST102571,Lifestyle Spender,0
CUST102572,Steady Saver,2
CUST102573,Steady Saver,2
CUST102574,Wealth Builder,3
CUST102575,Lifestyle Spender,0
CUST102576,Steady Saver,2
CUST102577,Lifestyle Spender,0
CUST102578,Wealth Builder,3
CUST102579,Stretched Borrower,1
CUST102580,Wealth Builder,3
CUST102581,Stretched Borrower,1
CUST102582,Lifestyle Spender,0
CUST102583,Stretched Borrower,1
CUST102584,Banking Elsewhere,4
CUST102585,Banking Elsewhere,4
CUST102586,Lifestyle Spender,0
CUST102587,Steady Saver,2
CUST102588,Wealth Builder,3
CUST102589,Banking Elsewhere,4
CUST102590,Banking Elsewhere,4
CUST102591,Steady Saver,2
CUST102592,Banking Elsewhere,4
CUST102593,Wealth Builder,3
CUST102594,Lifestyle Spender,0
CUST102595,Lifestyle Spender,0
CUST102596,Banking Elsewhere,4
CUST102597,Banking Elsewhere,4
CUST102598,Wealth Builder,3
CUST102599,Wealth Builder,3
CUST102600,Wealth Builder,3
CUST102601,Stretched Borrower,1
CUST102602,Banking Elsewhere,4
CUST102603,Banking Elsewhere,4
CUST102604,Lifestyle Spender,0
CUST102605,Wealth Builder,3
CUST102606,Banking Elsewhere,4
CUST102607,Steady Saver,2
CUST102608,Lifestyle Spender,0
CUST102609,Steady Saver,2
CUST102610,Stretched Borrower,1
CUST102611,Steady Saver,2
CUST102612,Banking Elsewhere,4
CUST102613,Steady Saver,2
CUST102614,Stretched Borrower,1
CUST102615,Stretched Borrower,1
CUST102616,Stretched Borrower,1
CUST102617,Steady Saver,2
CUST102618,Lifestyle Spender,0
CUST102619,Wealth Builder,3
CUST102620,Steady Saver,2
CUST102621,Stretched Borrower,1
CUST102622,Wealth Builder,3
CUST102623,Banking Elsewhere,4
CUST102624,Stretched Borrower,1
CUST102625,Wealth Builder,3
CUST102626,Banking Elsewhere,4
CUST102627,Stretched Borrower,1
CUST102628,Lifestyle Spender,0
CUST102629,Wealth Builder,3
CUST102630,Lifestyle Spender,0
CUST102631,Steady Saver,2
CUST102632,Lifestyle Spender,0
CUST102633,Wealth Builder,3
CUST102634,Banking Elsewhere,4
CUST102635,Wealth Builder,3
CUST102636,Lifestyle Spender,0
CUST102637,Steady Saver,2
CUST102638,Wealth Builder,3
CUST102639,Wealth Builder,3
CUST102640,Wealth Builder,3
CUST102641,Banking Elsewhere,4
CUST102642,Stretched Borrower,1
CUST102643,Wealth Builder,3
CUST102644,Stretched Borrower,1
CUST102645,Wealth Builder,3
CUST102646,Stretched Borrower,1
CUST102647,Lifestyle Spender,0
CUST102648,Steady Saver,2
CUST102649,Steady Saver,2
CUST102650,Stretched Borrower,1
CUST102651,Banking Elsewhere,4
CUST102652,Steady Saver,2
CUST102653,Wealth Builder,3
CUST102654,Wealth Builder,3
CUST102655,Steady Saver,2
CUST102656,Lifestyle Spender,0
CUST102657,Wealth Builder,3
CUST102658,Steady Saver,2
CUST102659,Stretched Borrower,1
CUST102660,Wealth Builder,3
CUST102661,Steady Saver,2
CUST102662,Stretched Borrower,1
CUST102663,Wealth Builder,3
CUST102664,Stretched Borrower,1
CUST102665,Stretched Borrower,1
CUST102666,Lifestyle Spender,0
CUST102667,Steady Saver,2
CUST102668,Wealth Builder,3
CUST102669,Steady Saver,2
CUST102670,Stretched Borrower,1
CUST102671,Banking Elsewhere,4
CUST102672,Banking Elsewhere,4
CUST102673,Lifestyle Spender,0
CUST102674,Steady Saver,2
CUST102675,Steady Saver,2
CUST102676,Banking Elsewhere,4
CUST102677,Stretched Borrower,1
CUST102678,Steady Saver,2
CUST102679,Stretched Borrower,1
CUST102680,Stretched Borrower,1
CUST102681,Stretched Borrower,1
CUST102682,Stretched Borrower,1
CUST102683,Lifestyle Spender,0
CUST102684,Wealth Builder,3
CUST102685,Wealth Builder,3
CUST102686,Stretched Borrower,1
CUST102687,Banking Elsewhere,4
CUST102688,Wealth Builder,3
CUST102689,Wealth Builder,3
CUST102690,Stretched Borrower,1
CUST102691,Steady Saver,2
CUST102692,Lifestyle Spender,0
CUST102693,Steady Saver,2
CUST102694,Lifestyle Spender,0
CUST102695,Stretched Borrower,1
CUST102696,Wealth Builder,3
CUST102697,Wealth Builder,3
CUST102698,Wealth Builder,3
CUST102699,Wealth Builder,3
CUST102700,Wealth Builder,3
CUST102701,Lifestyle Spender,0
CUST102702,Lifestyle Spender,0
CUST102703,Stretched Borrower,1
CUST102704,Wealth Builder,3
CUST102705,Steady Saver,2
CUST102706,Stretched Borrower,1
CUST102707,Steady Saver,2
CUST102708,Steady Saver,2
CUST102709,Steady Saver,2
CUST102710,Wealth Builder,3
CUST102711,Wealth Builder,3
CUST102712,Stretched Borrower,1
CUST102713,Steady Saver,2
CUST102714,Stretched Borrower,1
CUST102715,Stretched Borrower,1
CUST102716,Steady Saver,2
CUST102717,Stretched Borrower,1
CUST102718,Wealth Builder,3
CUST102719,Lifestyle Spender,0
CUST102720,Lifestyle Spender,0
CUST102721,Lifestyle Spender,0
CUST102722,Wealth Builder,3
CUST102723,Lifestyle Spender,0
CUST102724,Banking Elsewhere,4
CUST102725,Banking Elsewhere,4
CUST102726,Steady Saver,2
CUST102727,Banking Elsewhere,4
CUST102728,Steady Saver,2
CUST102729,Stretched Borrower,1
CUST102730,Wealth Builder,3
CUST102731,Wealth Builder,3
CUST102732,Wealth Builder,3
CUST102733,Lifestyle Spender,0
CUST102734,Steady Saver,2
CUST102735,Banking Elsewhere,4
CUST102736,Stretched Borrower,1
CUST102737,Lifestyle Spender,0
CUST102738,Stretched Borrower,1
CUST102739,Banking Elsewhere,4
CUST102740,Banking Elsewhere,4
CUST102741,Steady Saver,2
CUST102742,Banking Elsewhere,4
CUST102743,Wealth Builder,3
CUST102744,Banking Elsewhere,4
CUST102745,Banking Elsewhere,4
CUST102746,Steady Saver,2
CUST102747,Wealth Builder,3
CUST102748,Banking Elsewhere,4
CUST102749,Lifestyle Spender,0
CUST102750,Lifestyle Spender,0
CUST102751,Stretched Borrower,1
CUST102752,Lifestyle Spender,0
CUST102753,Banking Elsewhere,4
CUST102754,Lifestyle Spender,0
CUST102755,Lifestyle Spender,0
CUST102756,Wealth Builder,3
CUST102757,Wealth Builder,3
CUST102758,Steady Saver,2
CUST102759,Stretched Borrower,1
CUST102760,Banking Elsewhere,4
CUST102761,Wealth Builder,3
CUST102762,Banking Elsewhere,4
CUST102763,Stretched Borrower,1
CUST102764,Lifestyle Spender,0
CUST102765,Banking Elsewhere,4
CUST102766,Wealth Builder,3
CUST102767,Wealth Builder,3
CUST102768,Steady Saver,2
CUST102769,Wealth Builder,3
CUST102770,Stretched Borrower,1
CUST102771,Lifestyle Spender,0
CUST102772,Stretched Borrower,1
CUST102773,Stretched Borrower,1
CUST102774,Steady Saver,2
CUST102775,Banking Elsewhere,4
CUST102776,Banking Elsewhere,4
CUST102777,Banking Elsewhere,4
CUST102778,Wealth Builder,3
CUST102779,Wealth Builder,3
CUST102780,Banking Elsewhere,4
CUST102781,Steady Saver,2
CUST102782,Banking Elsewhere,4
CUST102783,Wealth Builder,3
CUST102784,Stretched Borrower,1
CUST102785,Stretched Borrower,1
CUST102786,Stretched Borrower,1
CUST102787,Lifestyle Spender,0
CUST102788,Wealth Builder,3
CUST102789,Steady Saver,2
CUST102790,Wealth Builder,3
CUST102791,Stretched Borrower,1
CUST102792,Wealth Builder,3
CUST102793,Lifestyle Spender,0
CUST102794,Wealth Builder,3
CUST102795,Lifestyle Spender,0
CUST102796,Lifestyle Spender,0
CUST102797,Wealth Builder,3
CUST102798,Stretched Borrower,1
CUST102799,Steady Saver,2
CUST102800,Wealth Builder,3
CUST102801,Wealth Builder,3
CUST102802,Steady Saver,2
CUST102803,Stretched Borrower,1
CUST102804,Banking Elsewhere,4
CUST102805,Lifestyle Spender,0
CUST102806,Stretched Borrower,1
CUST102807,Banking Elsewhere,4
CUST102808,Steady Saver,2
CUST102809,Stretched Borrower,1
CUST102810,Lifestyle Spender,0
CUST102811,Lifestyle Spender,0
CUST102812,Stretched Borrower,1
CUST102813,Lifestyle Spender,0
CUST102814,Banking Elsewhere,4
CUST102815,Banking Elsewhere,4
CUST102816,Lifestyle Spender,0
CUST102817,Wealth Builder,3
CUST102818,Stretched Borrower,1
CUST102819,Banking Elsewhere,4
CUST102820,Steady Saver,2
CUST102821,Wealth Builder,3
CUST102822,Stretched Borrower,1
CUST102823,Wealth Builder,3
CUST102824,Lifestyle Spender,0
CUST102825,Stretched Borrower,1
CUST102826,Stretched Borrower,1
CUST102827,Banking Elsewhere,4
CUST102828,Steady Saver,2
CUST102829,Steady Saver,2
CUST102830,Steady Saver,2
CUST102831,Wealth Builder,3
CUST102832,Stretched Borrower,1
CUST102833,Wealth Builder,3
CUST102834,Stretched Borrower,1
CUST102835,Banking Elsewhere,4
CUST102836,Wealth Builder,3
CUST102837,Banking Elsewhere,4
CUST102838,Lifestyle Spender,0
CUST102839,Steady Saver,2
CUST102840,Steady Saver,2
CUST102841,Lifestyle Spender,0
CUST102842,Lifestyle Spender,0
CUST102843,Stretched Borrower,1
CUST102844,Wealth Builder,3
CUST102845,Stretched Borrower,1
CUST102846,Steady Saver,2
CUST102847,Steady Saver,2
CUST102848,Stretched Borrower,1
CUST102849,Steady Saver,2
CUST102850,Wealth Builder,3
CUST102851,Steady Saver,2
CUST102852,Wealth Builder,3
CUST102853,Wealth Builder,3
CUST102854,Banking Elsewhere,4
CUST102855,Stretched Borrower,1
CUST102856,Wealth Builder,3
CUST102857,Wealth Builder,3
CUST102858,Banking Elsewhere,4
CUST102859,Lifestyle Spender,0
CUST102860,Stretched Borrower,1
CUST102861,Steady Saver,2
CUST102862,Banking Elsewhere,4
CUST102863,Stretched Borrower,1
CUST102864,Stretched Borrower,1
CUST102865,Lifestyle Spender,0
CUST102866,Wealth Builder,3
CUST102867,Steady Saver,2
CUST102868,Wealth Builder,3
CUST102869,Stretched Borrower,1
CUST102870,Lifestyle Spender,0
CUST102871,Lifestyle Spender,0
CUST102872,Wealth Builder,3
CUST102873,Lifestyle Spender,0
CUST102874,Wealth Builder,3
CUST102875,Steady Saver,2
CUST102876,Stretched Borrower,1
CUST102877,Stretched Borrower,1
CUST102878,Lifestyle Spender,0
CUST102879,Stretched Borrower,1
CUST102880,Wealth Builder,3
CUST102881,Wealth Builder,3
CUST102882,Banking Elsewhere,4
CUST102883,Steady Saver,2
CUST102884,Lifestyle Spender,0
CUST102885,Wealth Builder,3
CUST102886,Lifestyle Spender,0
CUST102887,Steady Saver,2
CUST102888,Wealth Builder,3
CUST102889,Steady Saver,2
CUST102890,Lifestyle Spender,0
CUST102891,Banking Elsewhere,4
CUST102892,Stretched Borrower,1
CUST102893,Banking Elsewhere,4
CUST102894,Banking Elsewhere,4
CUST102895,Wealth Builder,3
CUST102896,Stretched Borrower,1
CUST102897,Wealth Builder,3
CUST102898,Lifestyle Spender,0
CUST102899,Wealth Builder,3
CUST102900,Wealth Builder,3
CUST102901,Stretched Borrower,1
CUST102902,Banking Elsewhere,4
CUST102903,Wealth Builder,3
CUST102904,Steady Saver,2
CUST102905,Wealth Builder,3
CUST102906,Steady Saver,2
CUST102907,Lifestyle Spender,0
CUST102908,Lifestyle Spender,0
CUST102909,Stretched Borrower,1
CUST102910,Banking Elsewhere,4
CUST102911,Stretched Borrower,1
CUST102912,Banking Elsewhere,4
CUST102913,Banking Elsewhere,4
CUST102914,Wealth Builder,3
CUST102915,Stretched Borrower,1
CUST102916,Lifestyle Spender,0
CUST102917,Lifestyle Spender,0
CUST102918,Lifestyle Spender,0
CUST102919,Wealth Builder,3
CUST102920,Steady Saver,2
CUST102921,Stretched Borrower,1
CUST102922,Stretched Borrower,1
CUST102923,Wealth Builder,3
CUST102924,Banking Elsewhere,4
CUST102925,Lifestyle Spender,0
CUST102926,Wealth Builder,3
CUST102927,Lifestyle Spender,0
CUST102928,Lifestyle Spender,0
CUST102929,Steady Saver,2
CUST102930,Wealth Builder,3
CUST102931,Wealth Builder,3
CUST102932,Lifestyle Spender,0
CUST102933,Steady Saver,2
CUST102934,Banking Elsewhere,4
CUST102935,Banking Elsewhere,4
CUST102936,Lifestyle Spender,0
CUST102937,Lifestyle Spender,0
CUST102938,Stretched Borrower,1
CUST102939,Steady Saver,2
CUST102940,Stretched Borrower,1
CUST102941,Banking Elsewhere,4
CUST102942,Lifestyle Spender,0
CUST102943,Steady Saver,2
CUST102944,Steady Saver,2
CUST102945,Steady Saver,2
CUST102946,Banking Elsewhere,4
CUST102947,Wealth Builder,3
CUST102948,Banking Elsewhere,4
CUST102949,Lifestyle Spender,0
CUST102950,Steady Saver,2
CUST102951,Banking Elsewhere,4
CUST102952,Lifestyle Spender,0
CUST102953,Banking Elsewhere,4
CUST102954,Wealth Builder,3
CUST102955,Lifestyle Spender,0
CUST102956,Steady Saver,2
CUST102957,Stretched Borrower,1
CUST102958,Wealth Builder,3
CUST102959,Wealth Builder,3
CUST102960,Wealth Builder,3
CUST102961,Stretched Borrower,1
CUST102962,Lifestyle Spender,0
CUST102963,Wealth Builder,3
CUST102964,Steady Saver,2
CUST102965,Lifestyle Spender,0
CUST102966,Steady Saver,2
CUST102967,Lifestyle Spender,0
CUST102968,Banking Elsewhere,4
CUST102969,Stretched Borrower,1
CUST102970,Lifestyle Spender,0
CUST102971,Banking Elsewhere,4
CUST102972,Steady Saver,2
CUST102973,Banking Elsewhere,4
CUST102974,Stretched Borrower,1
CUST102975,Steady Saver,2
CUST102976,Steady Saver,2
CUST102977,Lifestyle Spender,0
CUST102978,Banking Elsewhere,4
CUST102979,Banking Elsewhere,4
CUST102980,Wealth Builder,3
CUST102981,Wealth Builder,3
CUST102982,Lifestyle Spender,0
CUST102983,Lifestyle Spender,0
CUST102984,Steady Saver,2
CUST102985,Lifestyle Spender,0
CUST102986,Lifestyle Spender,0
CUST102987,Lifestyle Spender,0
CUST102988,Banking Elsewhere,4
CUST102989,Wealth Builder,3
CUST102990,Lifestyle Spender,0
CUST102991,Steady Saver,2
CUST102992,Lifestyle Spender,0
CUST102993,Banking Elsewhere,4
CUST102994,Lifestyle Spender,0
CUST102995,Lifestyle Spender,0
CUST102996,Wealth Builder,3
CUST102997,Lifestyle Spender,0
CUST102998,Stretched Borrower,1
CUST102999,Banking Elsewhere,4
CUST103000,Banking Elsewhere,4
CUST103001,Banking Elsewhere,4
CUST103002,Wealth Builder,3
CUST103003,Banking Elsewhere,4
CUST103004,Banking Elsewhere,4
CUST103005,Steady Saver,2
CUST103006,Banking Elsewhere,4
CUST103007,Stretched Borrower,1
CUST103008,Steady Saver,2
CUST103009,Lifestyle Spender,0
CUST103010,Banking Elsewhere,4
CUST103011,Wealth Builder,3
CUST103012,Lifestyle Spender,0
CUST103013,Wealth Builder,3
CUST103014,Wealth Builder,3
CUST103015,Lifestyle Spender,0
CUST103016,Banking Elsewhere,4
CUST103017,Lifestyle Spender,0
CUST103018,Banking Elsewhere,4
CUST103019,Lifestyle Spender,0
CUST103020,Steady Saver,2
CUST103021,Steady Saver,2
CUST103022,Banking Elsewhere,4
CUST103023,Steady Saver,2
CUST103024,Lifestyle Spender,0
CUST103025,Lifestyle Spender,0
CUST103026,Banking Elsewhere,4
CUST103027,Lifestyle Spender,0
CUST103028,Steady Saver,2
CUST103029,Steady Saver,2
CUST103030,Banking Elsewhere,4
CUST103031,Wealth Builder,3
CUST103032,Stretched Borrower,1
CUST103033,Banking Elsewhere,4
CUST103034,Steady Saver,2
CUST103035,Steady Saver,2
CUST103036,Stretched Borrower,1
CUST103037,Banking Elsewhere,4
CUST103038,Banking Elsewhere,4
CUST103039,Stretched Borrower,1
CUST103040,Wealth Builder,3
CUST103041,Stretched Borrower,1
CUST103042,Steady Saver,2
CUST103043,Wealth Builder,3
CUST103044,Wealth Builder,3
CUST103045,Stretched Borrower,1
CUST103046,Banking Elsewhere,4
CUST103047,Steady Saver,2
CUST103048,Wealth Builder,3
CUST103049,Steady Saver,2
CUST103050,Stretched Borrower,1
CUST103051,Banking Elsewhere,4
CUST103052,Banking Elsewhere,4
CUST103053,Wealth Builder,3
CUST103054,Wealth Builder,3
CUST103055,Banking Elsewhere,4
CUST103056,Stretched Borrower,1
CUST103057,Lifestyle Spender,0
CUST103058,Wealth Builder,3
CUST103059,Wealth Builder,3
CUST103060,Lifestyle Spender,0
CUST103061,Steady Saver,2
CUST103062,Steady Saver,2
CUST103063,Stretched Borrower,1
CUST103064,Lifestyle Spender,0
CUST103065,Banking Elsewhere,4
CUST103066,Wealth Builder,3
CUST103067,Steady Saver,2
CUST103068,Wealth Builder,3
CUST103069,Steady Saver,2
CUST103070,Banking Elsewhere,4
CUST103071,Banking Elsewhere,4
CUST103072,Lifestyle Spender,0
CUST103073,Stretched Borrower,1
CUST103074,Stretched Borrower,1
CUST103075,Banking Elsewhere,4
CUST103076,Wealth Builder,3
CUST103077,Wealth Builder,3
CUST103078,Banking Elsewhere,4
CUST103079,Wealth Builder,3
CUST103080,Steady Saver,2
CUST103081,Wealth Builder,3
CUST103082,Wealth Builder,3
CUST103083,Banking Elsewhere,4
CUST103084,Stretched Borrower,1
CUST103085,Stretched Borrower,1
CUST103086,Steady Saver,2
CUST103087,Banking Elsewhere,4
CUST103088,Wealth Builder,3
CUST103089,Banking Elsewhere,4
CUST103090,Wealth Builder,3
CUST103091,Steady Saver,2
CUST103092,Steady Saver,2
CUST103093,Steady Saver,2
CUST103094,Banking Elsewhere,4
CUST103095,Stretched Borrower,1
CUST103096,Steady Saver,2
CUST103097,Steady Saver,2
CUST103098,Steady Saver,2
CUST103099,Steady Saver,2
CUST103100,Lifestyle Spender,0
CUST103101,Steady Saver,2
CUST103102,Banking Elsewhere,4
CUST103103,Steady Saver,2
CUST103104,Banking Elsewhere,4
CUST103105,Banking Elsewhere,4
CUST103106,Steady Saver,2
CUST103107,Steady Saver,2
CUST103108,Steady Saver,2
CUST103109,Steady Saver,2
CUST103110,Wealth Builder,3
CUST103111,Lifestyle Spender,0
CUST103112,Lifestyle Spender,0
CUST103113,Steady Saver,2
CUST103114,Lifestyle Spender,0
CUST103115,Banking Elsewhere,4
CUST103116,Wealth Builder,3
CUST103117,Stretched Borrower,1
CUST103118,Steady Saver,2
CUST103119,Steady Saver,2
CUST103120,Wealth Builder,3
CUST103121,Stretched Borrower,1
CUST103122,Steady Saver,2
CUST103123,Steady Saver,2
CUST103124,Lifestyle Spender,0
CUST103125,Lifestyle Spender,0
CUST103126,Lifestyle Spender,0
CUST103127,Stretched Borrower,1
CUST103128,Banking Elsewhere,4
CUST103129,Stretched Borrower,1
CUST103130,Wealth Builder,3
CUST103131,Steady Saver,2
CUST103132,Steady Saver,2
CUST103133,Lifestyle Spender,0
CUST103134,Wealth Builder,3
CUST103135,Lifestyle Spender,0
CUST103136,Wealth Builder,3
CUST103137,Wealth Builder,3
CUST103138,Banking Elsewhere,4
CUST103139,Wealth Builder,3
CUST103140,Steady Saver,2
CUST103141,Steady Saver,2
CUST103142,Stretched Borrower,1
CUST103143,Stretched Borrower,1
CUST103144,Steady Saver,2
CUST103145,Lifestyle Spender,0
CUST103146,Wealth Builder,3
CUST103147,Stretched Borrower,1
CUST103148,Steady Saver,2
CUST103149,Banking Elsewhere,4
CUST103150,Banking Elsewhere,4
CUST103151,Lifestyle Spender,0
CUST103152,Lifestyle Spender,0
CUST103153,Lifestyle Spender,0
CUST103154,Steady Saver,2
CUST103155,Steady Saver,2
CUST103156,Banking Elsewhere,4
CUST103157,Steady Saver,2
CUST103158,Steady Saver,2
CUST103159,Banking Elsewhere,4
CUST103160,Stretched Borrower,1
CUST103161,Banking Elsewhere,4
CUST103162,Stretched Borrower,1
CUST103163,Banking Elsewhere,4
CUST103164,Stretched Borrower,1
CUST103165,Steady Saver,2
CUST103166,Stretched Borrower,1
CUST103167,Steady Saver,2
CUST103168,Steady Saver,2
CUST103169,Lifestyle Spender,0
CUST103170,Stretched Borrower,1
CUST103171,Steady Saver,2
CUST103172,Stretched Borrower,1
CUST103173,Banking Elsewhere,4
CUST103174,Stretched Borrower,1
CUST103175,Lifestyle Spender,0
CUST103176,Lifestyle Spender,0
CUST103177,Banking Elsewhere,4
CUST103178,Banking Elsewhere,4
CUST103179,Banking Elsewhere,4
CUST103180,Banking Elsewhere,4
CUST103181,Banking Elsewhere,4
CUST103182,Banking Elsewhere,4
CUST103183,Steady Saver,2
CUST103184,Lifestyle Spender,0
CUST103185,Banking Elsewhere,4
CUST103186,Lifestyle Spender,0
CUST103187,Wealth Builder,3
CUST103188,Lifestyle Spender,0
CUST103189,Banking Elsewhere,4
CUST103190,Steady Saver,2
CUST103191,Wealth Builder,3
CUST103192,Wealth Builder,3
CUST103193,Steady Saver,2
CUST103194,Banking Elsewhere,4
CUST103195,Lifestyle Spender,0
CUST103196,Lifestyle Spender,0
CUST103197,Steady Saver,2
CUST103198,Lifestyle Spender,0
CUST103199,Wealth Builder,3
CUST103200,Steady Saver,2
CUST103201,Stretched Borrower,1
CUST103202,Lifestyle Spender,0
CUST103203,Stretched Borrower,1
CUST103204,Steady Saver,2
CUST103205,Wealth Builder,3
CUST103206,Banking Elsewhere,4
CUST103207,Lifestyle Spender,0
CUST103208,Wealth Builder,3
CUST103209,Lifestyle Spender,0
CUST103210,Wealth Builder,3
CUST103211,Steady Saver,2
CUST103212,Stretched Borrower,1
CUST103213,Banking Elsewhere,4
CUST103214,Wealth Builder,3
CUST103215,Steady Saver,2
CUST103216,Wealth Builder,3
CUST103217,Banking Elsewhere,4
CUST103218,Steady Saver,2
CUST103219,Lifestyle Spender,0
CUST103220,Stretched Borrower,1
CUST103221,Lifestyle Spender,0
CUST103222,Lifestyle Spender,0
CUST103223,Steady Saver,2
CUST103224,Lifestyle Spender,0
CUST103225,Wealth Builder,3
CUST103226,Stretched Borrower,1
CUST103227,Wealth Builder,3
CUST103228,Lifestyle Spender,0
CUST103229,Banking Elsewhere,4
CUST103230,Banking Elsewhere,4
CUST103231,Wealth Builder,3
CUST103232,Steady Saver,2
CUST103233,Banking Elsewhere,4
CUST103234,Wealth Builder,3
CUST103235,Steady Saver,2
CUST103236,Steady Saver,2
CUST103237,Banking Elsewhere,4
CUST103238,Lifestyle Spender,0
CUST103239,Lifestyle Spender,0
CUST103240,Lifestyle Spender,0
CUST103241,Banking Elsewhere,4
CUST103242,Banking Elsewhere,4
CUST103243,Stretched Borrower,1
CUST103244,Banking Elsewhere,4
CUST103245,Wealth Builder,3
CUST103246,Lifestyle Spender,0
CUST103247,Stretched Borrower,1
CUST103248,Steady Saver,2
CUST103249,Lifestyle Spender,0
CUST103250,Wealth Builder,3
CUST103251,Lifestyle Spender,0
CUST103252,Lifestyle Spender,0
CUST103253,Steady Saver,2
CUST103254,Steady Saver,2
CUST103255,Steady Saver,2
CUST103256,Banking Elsewhere,4
CUST103257,Banking Elsewhere,4
CUST103258,Stretched Borrower,1
CUST103259,Wealth Builder,3
CUST103260,Steady Saver,2
CUST103261,Stretched Borrower,1
CUST103262,Stretched Borrower,1
CUST103263,Lifestyle Spender,0
CUST103264,Steady Saver,2
CUST103265,Stretched Borrower,1
CUST103266,Stretched Borrower,1
CUST103267,Stretched Borrower,1
CUST103268,Banking Elsewhere,4
CUST103269,Stretched Borrower,1
CUST103270,Steady Saver,2
CUST103271,Steady Saver,2
CUST103272,Lifestyle Spender,0
CUST103273,Lifestyle Spender,0
CUST103274,Wealth Builder,3
CUST103275,Wealth Builder,3
CUST103276,Lifestyle Spender,0
CUST103277,Steady Saver,2
CUST103278,Steady Saver,2
CUST103279,Stretched Borrower,1
CUST103280,Lifestyle Spender,0
CUST103281,Wealth Builder,3
CUST103282,Stretched Borrower,1
CUST103283,Banking Elsewhere,4
CUST103284,Wealth Builder,3
CUST103285,Banking Elsewhere,4
CUST103286,Wealth Builder,3
CUST103287,Steady Saver,2
CUST103288,Steady Saver,2
CUST103289,Lifestyle Spender,0
CUST103290,Banking Elsewhere,4
CUST103291,Steady Saver,2
CUST103292,Stretched Borrower,1
CUST103293,Lifestyle Spender,0
CUST103294,Banking Elsewhere,4
CUST103295,Banking Elsewhere,4
CUST103296,Wealth Builder,3
CUST103297,Steady Saver,2
CUST103298,Steady Saver,2
CUST103299,Stretched Borrower,1
CUST103300,Banking Elsewhere,4
CUST103301,Banking Elsewhere,4
CUST103302,Stretched Borrower,1
CUST103303,Wealth Builder,3
CUST103304,Banking Elsewhere,4
CUST103305,Banking Elsewhere,4
CUST103306,Lifestyle Spender,0
CUST103307,Stretched Borrower,1
CUST103308,Steady Saver,2
CUST103309,Steady Saver,2
CUST103310,Banking Elsewhere,4
CUST103311,Steady Saver,2
CUST103312,Lifestyle Spender,0
CUST103313,Steady Saver,2
CUST103314,Wealth Builder,3
CUST103315,Steady Saver,2
CUST103316,Wealth Builder,3
CUST103317,Lifestyle Spender,0
CUST103318,Banking Elsewhere,4
CUST103319,Banking Elsewhere,4
CUST103320,Wealth Builder,3
CUST103321,Banking Elsewhere,4
CUST103322,Banking Elsewhere,4
CUST103323,Wealth Builder,3
CUST103324,Lifestyle Spender,0
CUST103325,Wealth Builder,3
CUST103326,Wealth Builder,3
CUST103327,Wealth Builder,3
CUST103328,Banking Elsewhere,4
CUST103329,Steady Saver,2
CUST103330,Steady Saver,2
CUST103331,Wealth Builder,3
CUST103332,Wealth Builder,3
CUST103333,Banking Elsewhere,4
CUST103334,Lifestyle Spender,0
CUST103335,Wealth Builder,3
CUST103336,Stretched Borrower,1
CUST103337,Steady Saver,2
CUST103338,Stretched Borrower,1
CUST103339,Stretched Borrower,1
CUST103340,Lifestyle Spender,0
CUST103341,Banking Elsewhere,4
CUST103342,Steady Saver,2
CUST103343,Wealth Builder,3
CUST103344,Steady Saver,2
CUST103345,Stretched Borrower,1
CUST103346,Banking Elsewhere,4
CUST103347,Banking Elsewhere,4
CUST103348,Wealth Builder,3
CUST103349,Lifestyle Spender,0
CUST103350,Stretched Borrower,1
CUST103351,Steady Saver,2
CUST103352,Steady Saver,2
CUST103353,Banking Elsewhere,4
CUST103354,Banking Elsewhere,4
CUST103355,Banking Elsewhere,4
CUST103356,Stretched Borrower,1
CUST103357,Stretched Borrower,1
CUST103358,Stretched Borrower,1
CUST103359,Lifestyle Spender,0
CUST103360,Wealth Builder,3
CUST103361,Banking Elsewhere,4
CUST103362,Steady Saver,2
CUST103363,Banking Elsewhere,4
CUST103364,Banking Elsewhere,4
CUST103365,Stretched Borrower,1
CUST103366,Stretched Borrower,1
CUST103367,Stretched Borrower,1
CUST103368,Stretched Borrower,1
CUST103369,Lifestyle Spender,0
CUST103370,Banking Elsewhere,4
CUST103371,Banking Elsewhere,4
CUST103372,Lifestyle Spender,0
CUST103373,Stretched Borrower,1
CUST103374,Lifestyle Spender,0
CUST103375,Stretched Borrower,1
CUST103376,Wealth Builder,3
CUST103377,Wealth Builder,3
CUST103378,Banking Elsewhere,4
CUST103379,Banking Elsewhere,4
CUST103380,Wealth Builder,3
CUST103381,Stretched Borrower,1
CUST103382,Lifestyle Spender,0
CUST103383,Banking Elsewhere,4
CUST103384,Steady Saver,2
CUST103385,Steady Saver,2
CUST103386,Wealth Builder,3
CUST103387,Wealth Builder,3
CUST103388,Lifestyle Spender,0
CUST103389,Steady Saver,2
CUST103390,Banking Elsewhere,4
CUST103391,Banking Elsewhere,4
CUST103392,Wealth Builder,3
CUST103393,Steady Saver,2
CUST103394,Banking Elsewhere,4
CUST103395,Lifestyle Spender,0
CUST103396,Stretched Borrower,1
CUST103397,Lifestyle Spender,0
CUST103398,Steady Saver,2
CUST103399,Stretched Borrower,1
CUST103400,Wealth Builder,3
CUST103401,Wealth Builder,3
CUST103402,Steady Saver,2
CUST103403,Lifestyle Spender,0
CUST103404,Banking Elsewhere,4
CUST103405,Steady Saver,2
CUST103406,Wealth Builder,3
CUST103407,Steady Saver,2
CUST103408,Banking Elsewhere,4
CUST103409,Steady Saver,2
CUST103410,Wealth Builder,3
CUST103411,Lifestyle Spender,0
CUST103412,Steady Saver,2
CUST103413,Stretched Borrower,1
CUST103414,Steady Saver,2
CUST103415,Wealth Builder,3
CUST103416,Wealth Builder,3
CUST103417,Lifestyle Spender,0
CUST103418,Wealth Builder,3
CUST103419,Lifestyle Spender,0
CUST103420,Banking Elsewhere,4
CUST103421,Wealth Builder,3
CUST103422,Steady Saver,2
CUST103423,Stretched Borrower,1
CUST103424,Banking Elsewhere,4
CUST103425,Steady Saver,2
CUST103426,Steady Saver,2
CUST103427,Steady Saver,2
CUST103428,Banking Elsewhere,4
CUST103429,Steady Saver,2
CUST103430,Lifestyle Spender,0
CUST103431,Steady Saver,2
CUST103432,Steady Saver,2
CUST103433,Steady Saver,2
CUST103434,Banking Elsewhere,4
CUST103435,Banking Elsewhere,4
CUST103436,Banking Elsewhere,4
CUST103437,Stretched Borrower,1
CUST103438,Banking Elsewhere,4
CUST103439,Stretched Borrower,1
CUST103440,Lifestyle Spender,0
CUST103441,Lifestyle Spender,0
CUST103442,Banking Elsewhere,4
CUST103443,Banking Elsewhere,4
CUST103444,Lifestyle Spender,0
CUST103445,Wealth Builder,3
CUST103446,Banking Elsewhere,4
CUST103447,Wealth Builder,3
CUST103448,Steady Saver,2
CUST103449,Stretched Borrower,1
CUST103450,Steady Saver,2
CUST103451,Steady Saver,2
CUST103452,Steady Saver,2
CUST103453,Wealth Builder,3
CUST103454,Wealth Builder,3
CUST103455,Banking Elsewhere,4
CUST103456,Banking Elsewhere,4
CUST103457,Wealth Builder,3
CUST103458,Stretched Borrower,1
CUST103459,Steady Saver,2
CUST103460,Wealth Builder,3
CUST103461,Wealth Builder,3
CUST103462,Wealth Builder,3
CUST103463,Steady Saver,2
CUST103464,Lifestyle Spender,0
CUST103465,Stretched Borrower,1
CUST103466,Stretched Borrower,1
CUST103467,Stretched Borrower,1
CUST103468,Stretched Borrower,1
CUST103469,Lifestyle Spender,0
CUST103470,Lifestyle Spender,0
CUST103471,Wealth Builder,3
CUST103472,Banking Elsewhere,4
CUST103473,Steady Saver,2
CUST103474,Steady Saver,2
CUST103475,Steady Saver,2
CUST103476,Steady Saver,2
CUST103477,Lifestyle Spender,0
CUST103478,Stretched Borrower,1
CUST103479,Lifestyle Spender,0
CUST103480,Steady Saver,2
CUST103481,Stretched Borrower,1
CUST103482,Wealth Builder,3
CUST103483,Wealth Builder,3
CUST103484,Stretched Borrower,1
CUST103485,Banking Elsewhere,4
CUST103486,Lifestyle Spender,0
CUST103487,Wealth Builder,3
CUST103488,Steady Saver,2
CUST103489,Stretched Borrower,1
CUST103490,Steady Saver,2
CUST103491,Lifestyle Spender,0
CUST103492,Steady Saver,2
CUST103493,Lifestyle Spender,0
CUST103494,Banking Elsewhere,4
CUST103495,Wealth Builder,3
CUST103496,Steady Saver,2
CUST103497,Steady Saver,2
CUST103498,Wealth Builder,3
CUST103499,Steady Saver,2
CUST103500,Stretched Borrower,1
CUST103501,Lifestyle Spender,0
CUST103502,Lifestyle Spender,0
CUST103503,Stretched Borrower,1
CUST103504,Banking Elsewhere,4
CUST103505,Steady Saver,2
CUST103506,Steady Saver,2
CUST103507,Steady Saver,2
CUST103508,Wealth Builder,3
CUST103509,Stretched Borrower,1
CUST103510,Wealth Builder,3
CUST103511,Steady Saver,2
CUST103512,Wealth Builder,3
CUST103513,Steady Saver,2
CUST103514,Lifestyle Spender,0
CUST103515,Steady Saver,2
CUST103516,Wealth Builder,3
CUST103517,Steady Saver,2
CUST103518,Wealth Builder,3
CUST103519,Lifestyle Spender,0
CUST103520,Lifestyle Spender,0
CUST103521,Lifestyle Spender,0
CUST103522,Steady Saver,2
CUST103523,Steady Saver,2
CUST103524,Wealth Builder,3
CUST103525,Banking Elsewhere,4
CUST103526,Steady Saver,2
CUST103527,Steady Saver,2
CUST103528,Wealth Builder,3
CUST103529,Wealth Builder,3
CUST103530,Stretched Borrower,1
CUST103531,Lifestyle Spender,0
CUST103532,Lifestyle Spender,0
CUST103533,Stretched Borrower,1
CUST103534,Wealth Builder,3
CUST103535,Banking Elsewhere,4
CUST103536,Steady Saver,2
CUST103537,Banking Elsewhere,4
CUST103538,Stretched Borrower,1
CUST103539,Lifestyle Spender,0
CUST103540,Stretched Borrower,1
CUST103541,Steady Saver,2
CUST103542,Stretched Borrower,1
CUST103543,Wealth Builder,3
CUST103544,Steady Saver,2
CUST103545,Wealth Builder,3
CUST103546,Wealth Builder,3
CUST103547,Wealth Builder,3
CUST103548,Banking Elsewhere,4
CUST103549,Lifestyle Spender,0
CUST103550,Banking Elsewhere,4
CUST103551,Lifestyle Spender,0
CUST103552,Lifestyle Spender,0
CUST103553,Wealth Builder,3
CUST103554,Wealth Builder,3
CUST103555,Banking Elsewhere,4
CUST103556,Banking Elsewhere,4
CUST103557,Steady Saver,2
CUST103558,Steady Saver,2
CUST103559,Steady Saver,2
CUST103560,Banking Elsewhere,4
CUST103561,Stretched Borrower,1
CUST103562,Banking Elsewhere,4
CUST103563,Lifestyle Spender,0
CUST103564,Wealth Builder,3
CUST103565,Lifestyle Spender,0
CUST103566,Steady Saver,2
CUST103567,Lifestyle Spender,0
CUST103568,Stretched Borrower,1
CUST103569,Stretched Borrower,1
CUST103570,Lifestyle Spender,0
CUST103571,Steady Saver,2
CUST103572,Steady Saver,2
CUST103573,Stretched Borrower,1
CUST103574,Banking Elsewhere,4
CUST103575,Wealth Builder,3
CUST103576,Lifestyle Spender,0
CUST103577,Lifestyle Spender,0
CUST103578,Wealth Builder,3
CUST103579,Stretched Borrower,1
CUST103580,Steady Saver,2
CUST103581,Wealth Builder,3
CUST103582,Steady Saver,2
CUST103583,Banking Elsewhere,4
CUST103584,Wealth Builder,3
CUST103585,Wealth Builder,3
CUST103586,Stretched Borrower,1
CUST103587,Stretched Borrower,1
CUST103588,Wealth Builder,3
CUST103589,Steady Saver,2
CUST103590,Banking Elsewhere,4
CUST103591,Steady Saver,2
CUST103592,Banking Elsewhere,4
CUST103593,Steady Saver,2
CUST103594,Stretched Borrower,1
CUST103595,Lifestyle Spender,0
CUST103596,Lifestyle Spender,0
CUST103597,Steady Saver,2
CUST103598,Wealth Builder,3
CUST103599,Steady Saver,2
CUST103600,Lifestyle Spender,0
CUST103601,Stretched Borrower,1
CUST103602,Stretched Borrower,1
CUST103603,Banking Elsewhere,4
CUST103604,Stretched Borrower,1
CUST103605,Stretched Borrower,1
CUST103606,Stretched Borrower,1
CUST103607,Lifestyle Spender,0
CUST103608,Wealth Builder,3
CUST103609,Banking Elsewhere,4
CUST103610,Steady Saver,2
CUST103611,Banking Elsewhere,4
CUST103612,Lifestyle Spender,0
CUST103613,Banking Elsewhere,4
CUST103614,Steady Saver,2
CUST103615,Wealth Builder,3
CUST103616,Lifestyle Spender,0
CUST103617,Banking Elsewhere,4
CUST103618,Wealth Builder,3
CUST103619,Stretched Borrower,1
CUST103620,Stretched Borrower,1
CUST103621,Banking Elsewhere,4
CUST103622,Lifestyle Spender,0
CUST103623,Lifestyle Spender,0
CUST103624,Wealth Builder,3
CUST103625,Banking Elsewhere,4
CUST103626,Stretched Borrower,1
CUST103627,Banking Elsewhere,4
CUST103628,Banking Elsewhere,4
CUST103629,Stretched Borrower,1
CUST103630,Wealth Builder,3
CUST103631,Lifestyle Spender,0
CUST103632,Banking Elsewhere,4
CUST103633,Banking Elsewhere,4
CUST103634,Steady Saver,2
CUST103635,Stretched Borrower,1
CUST103636,Banking Elsewhere,4
CUST103637,Lifestyle Spender,0
CUST103638,Banking Elsewhere,4
CUST103639,Steady Saver,2
CUST103640,Lifestyle Spender,0
CUST103641,Lifestyle Spender,0
CUST103642,Banking Elsewhere,4
CUST103643,Banking Elsewhere,4
CUST103644,Stretched Borrower,1
CUST103645,Banking Elsewhere,4
CUST103646,Stretched Borrower,1
CUST103647,Banking Elsewhere,4
CUST103648,Steady Saver,2
CUST103649,Stretched Borrower,1
CUST103650,Wealth Builder,3
CUST103651,Lifestyle Spender,0
CUST103652,Wealth Builder,3
CUST103653,Lifestyle Spender,0
CUST103654,Steady Saver,2
CUST103655,Stretched Borrower,1
CUST103656,Stretched Borrower,1
CUST103657,Banking Elsewhere,4
CUST103658,Stretched Borrower,1
CUST103659,Steady Saver,2
CUST103660,Wealth Builder,3
CUST103661,Wealth Builder,3
CUST103662,Wealth Builder,3
CUST103663,Steady Saver,2
CUST103664,Banking Elsewhere,4
CUST103665,Steady Saver,2
CUST103666,Steady Saver,2
CUST103667,Wealth Builder,3
CUST103668,Lifestyle Spender,0
CUST103669,Wealth Builder,3
CUST103670,Steady Saver,2
CUST103671,Wealth Builder,3
CUST103672,Banking Elsewhere,4
CUST103673,Banking Elsewhere,4
CUST103674,Lifestyle Spender,0
CUST103675,Stretched Borrower,1
CUST103676,Steady Saver,2
CUST103677,Banking Elsewhere,4
CUST103678,Lifestyle Spender,0
CUST103679,Steady Saver,2
CUST103680,Stretched Borrower,1
CUST103681,Steady Saver,2
CUST103682,Banking Elsewhere,4
CUST103683,Wealth Builder,3
CUST103684,Banking Elsewhere,4
CUST103685,Wealth Builder,3
CUST103686,Stretched Borrower,1
CUST103687,Steady Saver,2
CUST103688,Stretched Borrower,1
CUST103689,Lifestyle Spender,0
CUST103690,Steady Saver,2
CUST103691,Stretched Borrower,1
CUST103692,Stretched Borrower,1
CUST103693,Stretched Borrower,1
CUST103694,Banking Elsewhere,4
CUST103695,Banking Elsewhere,4
CUST103696,Wealth Builder,3
CUST103697,Steady Saver,2
CUST103698,Banking Elsewhere,4
CUST103699,Steady Saver,2
CUST103700,Lifestyle Spender,0
CUST103701,Stretched Borrower,1
CUST103702,Wealth Builder,3
CUST103703,Lifestyle Spender,0
CUST103704,Wealth Builder,3
CUST103705,Steady Saver,2
CUST103706,Steady Saver,2
CUST103707,Lifestyle Spender,0
CUST103708,Lifestyle Spender,0
CUST103709,Wealth Builder,3
CUST103710,Steady Saver,2
CUST103711,Stretched Borrower,1
CUST103712,Stretched Borrower,1
CUST103713,Wealth Builder,3
CUST103714,Wealth Builder,3
CUST103715,Banking Elsewhere,4
CUST103716,Wealth Builder,3
CUST103717,Steady Saver,2
CUST103718,Stretched Borrower,1
CUST103719,Wealth Builder,3
CUST103720,Wealth Builder,3
CUST103721,Lifestyle Spender,0
CUST103722,Steady Saver,2
CUST103723,Stretched Borrower,1
CUST103724,Stretched Borrower,1
CUST103725,Steady Saver,2
CUST103726,Steady Saver,2
CUST103727,Wealth Builder,3
CUST103728,Steady Saver,2
CUST103729,Lifestyle Spender,0
CUST103730,Lifestyle Spender,0
CUST103731,Steady Saver,2
CUST103732,Stretched Borrower,1
CUST103733,Steady Saver,2
CUST103734,Steady Saver,2
CUST103735,Lifestyle Spender,0
CUST103736,Banking Elsewhere,4
CUST103737,Lifestyle Spender,0
CUST103738,Lifestyle Spender,0
CUST103739,Steady Saver,2
CUST103740,Wealth Builder,3
CUST103741,Lifestyle Spender,0
CUST103742,Wealth Builder,3
CUST103743,Banking Elsewhere,4
CUST103744,Wealth Builder,3
CUST103745,Banking Elsewhere,4
CUST103746,Banking Elsewhere,4
CUST103747,Banking Elsewhere,4
CUST103748,Banking Elsewhere,4
CUST103749,Lifestyle Spender,0
CUST103750,Wealth Builder,3
CUST103751,Stretched Borrower,1
CUST103752,Stretched Borrower,1
CUST103753,Steady Saver,2
CUST103754,Steady Saver,2
CUST103755,Steady Saver,2
CUST103756,Wealth Builder,3
CUST103757,Banking Elsewhere,4
CUST103758,Steady Saver,2
CUST103759,Wealth Builder,3
CUST103760,Stretched Borrower,1
CUST103761,Banking Elsewhere,4
CUST103762,Lifestyle Spender,0
CUST103763,Wealth Builder,3
CUST103764,Stretched Borrower,1
CUST103765,Banking Elsewhere,4
CUST103766,Steady Saver,2
CUST103767,Stretched Borrower,1
CUST103768,Wealth Builder,3
CUST103769,Steady Saver,2
CUST103770,Steady Saver,2
CUST103771,Steady Saver,2
CUST103772,Lifestyle Spender,0
CUST103773,Wealth Builder,3
CUST103774,Lifestyle Spender,0
CUST103775,Steady Saver,2
CUST103776,Wealth Builder,3
CUST103777,Wealth Builder,3
CUST103778,Wealth Builder,3
CUST103779,Wealth Builder,3
CUST103780,Stretched Borrower,1
CUST103781,Steady Saver,2
CUST103782,Steady Saver,2
CUST103783,Wealth Builder,3
CUST103784,Banking Elsewhere,4
CUST103785,Lifestyle Spender,0
CUST103786,Steady Saver,2
CUST103787,Banking Elsewhere,4
CUST103788,Wealth Builder,3
CUST103789,Wealth Builder,3
CUST103790,Banking Elsewhere,4
CUST103791,Lifestyle Spender,0
CUST103792,Steady Saver,2
CUST103793,Steady Saver,2
CUST103794,Banking Elsewhere,4
CUST103795,Banking Elsewhere,4
CUST103796,Lifestyle Spender,0
CUST103797,Lifestyle Spender,0
CUST103798,Banking Elsewhere,4
CUST103799,Lifestyle Spender,0
CUST103800,Wealth Builder,3
CUST103801,Stretched Borrower,1
CUST103802,Wealth Builder,3
CUST103803,Banking Elsewhere,4
CUST103804,Banking Elsewhere,4
CUST103805,Stretched Borrower,1
CUST103806,Banking Elsewhere,4
CUST103807,Lifestyle Spender,0
CUST103808,Steady Saver,2
CUST103809,Banking Elsewhere,4
CUST103810,Stretched Borrower,1
CUST103811,Banking Elsewhere,4
CUST103812,Steady Saver,2
CUST103813,Stretched Borrower,1
CUST103814,Banking Elsewhere,4
CUST103815,Wealth Builder,3
CUST103816,Steady Saver,2
CUST103817,Banking Elsewhere,4
CUST103818,Wealth Builder,3
CUST103819,Wealth Builder,3
CUST103820,Wealth Builder,3
CUST103821,Stretched Borrower,1
CUST103822,Lifestyle Spender,0
CUST103823,Stretched Borrower,1
CUST103824,Wealth Builder,3
CUST103825,Wealth Builder,3
CUST103826,Steady Saver,2
CUST103827,Lifestyle Spender,0
CUST103828,Wealth Builder,3
CUST103829,Steady Saver,2
CUST103830,Steady Saver,2
CUST103831,Lifestyle Spender,0
CUST103832,Wealth Builder,3
CUST103833,Stretched Borrower,1
CUST103834,Stretched Borrower,1
CUST103835,Wealth Builder,3
CUST103836,Steady Saver,2
CUST103837,Banking Elsewhere,4
CUST103838,Stretched Borrower,1
CUST103839,Banking Elsewhere,4
CUST103840,Lifestyle Spender,0
CUST103841,Steady Saver,2
CUST103842,Banking Elsewhere,4
CUST103843,Stretched Borrower,1
CUST103844,Stretched Borrower,1
CUST103845,Lifestyle Spender,0
CUST103846,Banking Elsewhere,4
CUST103847,Banking Elsewhere,4
CUST103848,Steady Saver,2
CUST103849,Stretched Borrower,1
CUST103850,Wealth Builder,3
CUST103851,Banking Elsewhere,4
CUST103852,Steady Saver,2
CUST103853,Wealth Builder,3
CUST103854,Banking Elsewhere,4
CUST103855,Wealth Builder,3
CUST103856,Banking Elsewhere,4
CUST103857,Steady Saver,2
CUST103858,Steady Saver,2
CUST103859,Wealth Builder,3
CUST103860,Stretched Borrower,1
CUST103861,Wealth Builder,3
CUST103862,Stretched Borrower,1
CUST103863,Lifestyle Spender,0
CUST103864,Banking Elsewhere,4
CUST103865,Banking Elsewhere,4
CUST103866,Steady Saver,2
CUST103867,Banking Elsewhere,4
CUST103868,Steady Saver,2
CUST103869,Wealth Builder,3
CUST103870,Banking Elsewhere,4
CUST103871,Wealth Builder,3
CUST103872,Stretched Borrower,1
CUST103873,Stretched Borrower,1
CUST103874,Lifestyle Spender,0
CUST103875,Stretched Borrower,1
CUST103876,Steady Saver,2
CUST103877,Stretched Borrower,1
CUST103878,Steady Saver,2
CUST103879,Banking Elsewhere,4
CUST103880,Wealth Builder,3
CUST103881,Banking Elsewhere,4
CUST103882,Steady Saver,2
CUST103883,Steady Saver,2
CUST103884,Steady Saver,2
CUST103885,Wealth Builder,3
CUST103886,Lifestyle Spender,0
CUST103887,Lifestyle Spender,0
CUST103888,Banking Elsewhere,4
CUST103889,Banking Elsewhere,4
CUST103890,Banking Elsewhere,4
CUST103891,Stretched Borrower,1
CUST103892,Steady Saver,2
CUST103893,Wealth Builder,3
CUST103894,Steady Saver,2
CUST103895,Wealth Builder,3
CUST103896,Lifestyle Spender,0
CUST103897,Steady Saver,2
CUST103898,Steady Saver,2
CUST103899,Banking Elsewhere,4
CUST103900,Steady Saver,2
CUST103901,Banking Elsewhere,4
CUST103902,Steady Saver,2
CUST103903,Stretched Borrower,1
CUST103904,Steady Saver,2
CUST103905,Wealth Builder,3
CUST103906,Stretched Borrower,1
CUST103907,Wealth Builder,3
CUST103908,Wealth Builder,3
CUST103909,Steady Saver,2
CUST103910,Banking Elsewhere,4
CUST103911,Wealth Builder,3
CUST103912,Steady Saver,2
CUST103913,Steady Saver,2
CUST103914,Banking Elsewhere,4
CUST103915,Stretched Borrower,1
CUST103916,Banking Elsewhere,4
CUST103917,Stretched Borrower,1
CUST103918,Steady Saver,2
CUST103919,Banking Elsewhere,4
CUST103920,Wealth Builder,3
CUST103921,Wealth Builder,3
CUST103922,Steady Saver,2
CUST103923,Wealth Builder,3
CUST103924,Stretched Borrower,1
CUST103925,Lifestyle Spender,0
CUST103926,Steady Saver,2
CUST103927,Wealth Builder,3
CUST103928,Stretched Borrower,1
CUST103929,Steady Saver,2
CUST103930,Banking Elsewhere,4
CUST103931,Lifestyle Spender,0
CUST103932,Stretched Borrower,1
CUST103933,Lifestyle Spender,0
CUST103934,Banking Elsewhere,4
CUST103935,Banking Elsewhere,4
CUST103936,Wealth Builder,3
CUST103937,Banking Elsewhere,4
CUST103938,Stretched Borrower,1
CUST103939,Lifestyle Spender,0
CUST103940,Wealth Builder,3
CUST103941,Wealth Builder,3
CUST103942,Steady Saver,2
CUST103943,Steady Saver,2
CUST103944,Steady Saver,2
CUST103945,Steady Saver,2
CUST103946,Stretched Borrower,1
CUST103947,Wealth Builder,3
CUST103948,Banking Elsewhere,4
CUST103949,Steady Saver,2
CUST103950,Steady Saver,2
CUST103951,Steady Saver,2
CUST103952,Banking Elsewhere,4
CUST103953,Wealth Builder,3
CUST103954,Banking Elsewhere,4
CUST103955,Steady Saver,2
CUST103956,Steady Saver,2
CUST103957,Wealth Builder,3
CUST103958,Wealth Builder,3
CUST103959,Steady Saver,2
CUST103960,Stretched Borrower,1
CUST103961,Lifestyle Spender,0
CUST103962,Steady Saver,2
CUST103963,Banking Elsewhere,4
CUST103964,Stretched Borrower,1
CUST103965,Steady Saver,2
CUST103966,Stretched Borrower,1
CUST103967,Lifestyle Spender,0
CUST103968,Stretched Borrower,1
CUST103969,Banking Elsewhere,4
CUST103970,Lifestyle Spender,0
CUST103971,Wealth Builder,3
CUST103972,Banking Elsewhere,4
CUST103973,Banking Elsewhere,4
CUST103974,Wealth Builder,3
CUST103975,Banking Elsewhere,4
CUST103976,Steady Saver,2
CUST103977,Wealth Builder,3
CUST103978,Lifestyle Spender,0
CUST103979,Stretched Borrower,1
CUST103980,Banking Elsewhere,4
CUST103981,Lifestyle Spender,0
CUST103982,Stretched Borrower,1
CUST103983,Banking Elsewhere,4
CUST103984,Wealth Builder,3
CUST103985,Lifestyle Spender,0
CUST103986,Wealth Builder,3
CUST103987,Steady Saver,2
CUST103988,Steady Saver,2
CUST103989,Lifestyle Spender,0
CUST103990,Steady Saver,2
CUST103991,Wealth Builder,3
CUST103992,Wealth Builder,3
CUST103993,Lifestyle Spender,0
CUST103994,Steady Saver,2
CUST103995,Stretched Borrower,1
CUST103996,Steady Saver,2
CUST103997,Wealth Builder,3
CUST103998,Stretched Borrower,1
CUST103999,Wealth Builder,3
CUST104000,Wealth Builder,3
CUST104001,Banking Elsewhere,4
CUST104002,Lifestyle Spender,0
CUST104003,Stretched Borrower,1
CUST104004,Steady Saver,2
CUST104005,Lifestyle Spender,0
CUST104006,Wealth Builder,3
CUST104007,Wealth Builder,3
CUST104008,Lifestyle Spender,0
CUST104009,Steady Saver,2
CUST104010,Steady Saver,2
CUST104011,Stretched Borrower,1
CUST104012,Lifestyle Spender,0
CUST104013,Banking Elsewhere,4
CUST104014,Banking Elsewhere,4
CUST104015,Wealth Builder,3
CUST104016,Wealth Builder,3
CUST104017,Banking Elsewhere,4
CUST104018,Lifestyle Spender,0
CUST104019,Wealth Builder,3
CUST104020,Steady Saver,2
CUST104021,Wealth Builder,3
CUST104022,Banking Elsewhere,4
CUST104023,Wealth Builder,3
CUST104024,Lifestyle Spender,0
CUST104025,Banking Elsewhere,4
CUST104026,Banking Elsewhere,4
CUST104027,Lifestyle Spender,0
CUST104028,Lifestyle Spender,0
CUST104029,Banking Elsewhere,4
CUST104030,Banking Elsewhere,4
CUST104031,Lifestyle Spender,0
CUST104032,Wealth Builder,3
CUST104033,Stretched Borrower,1
CUST104034,Lifestyle Spender,0
CUST104035,Steady Saver,2
CUST104036,Banking Elsewhere,4
CUST104037,Stretched Borrower,1
CUST104038,Lifestyle Spender,0
CUST104039,Banking Elsewhere,4
CUST104040,Steady Saver,2
CUST104041,Wealth Builder,3
CUST104042,Steady Saver,2
CUST104043,Banking Elsewhere,4
CUST104044,Lifestyle Spender,0
CUST104045,Steady Saver,2
CUST104046,Wealth Builder,3
CUST104047,Steady Saver,2
CUST104048,Lifestyle Spender,0
CUST104049,Wealth Builder,3
CUST104050,Lifestyle Spender,0
CUST104051,Banking Elsewhere,4
CUST104052,Stretched Borrower,1
CUST104053,Wealth Builder,3
CUST104054,Banking Elsewhere,4
CUST104055,Stretched Borrower,1
CUST104056,Steady Saver,2
CUST104057,Stretched Borrower,1
CUST104058,Wealth Builder,3
CUST104059,Wealth Builder,3
CUST104060,Banking Elsewhere,4
CUST104061,Steady Saver,2
CUST104062,Banking Elsewhere,4
CUST104063,Banking Elsewhere,4
CUST104064,Banking Elsewhere,4
CUST104065,Stretched Borrower,1
CUST104066,Stretched Borrower,1
CUST104067,Stretched Borrower,1
CUST104068,Steady Saver,2
CUST104069,Lifestyle Spender,0
CUST104070,Lifestyle Spender,0
CUST104071,Banking Elsewhere,4
CUST104072,Steady Saver,2
CUST104073,Banking Elsewhere,4
CUST104074,Stretched Borrower,1
CUST104075,Steady Saver,2
CUST104076,Banking Elsewhere,4
CUST104077,Lifestyle Spender,0
CUST104078,Steady Saver,2
CUST104079,Stretched Borrower,1
CUST104080,Stretched Borrower,1
CUST104081,Steady Saver,2
CUST104082,Lifestyle Spender,0
CUST104083,Banking Elsewhere,4
CUST104084,Stretched Borrower,1
CUST104085,Lifestyle Spender,0
CUST104086,Steady Saver,2
CUST104087,Wealth Builder,3
CUST104088,Banking Elsewhere,4
CUST104089,Wealth Builder,3
CUST104090,Stretched Borrower,1
CUST104091,Steady Saver,2
CUST104092,Banking Elsewhere,4
CUST104093,Banking Elsewhere,4
CUST104094,Wealth Builder,3
CUST104095,Banking Elsewhere,4
CUST104096,Wealth Builder,3
CUST104097,Steady Saver,2
CUST104098,Stretched Borrower,1
CUST104099,Steady Saver,2
CUST104100,Steady Saver,2
CUST104101,Steady Saver,2
CUST104102,Banking Elsewhere,4
CUST104103,Wealth Builder,3
CUST104104,Banking Elsewhere,4
CUST104105,Lifestyle Spender,0
CUST104106,Wealth Builder,3
CUST104107,Wealth Builder,3
CUST104108,Banking Elsewhere,4
CUST104109,Banking Elsewhere,4
CUST104110,Banking Elsewhere,4
CUST104111,Lifestyle Spender,0
CUST104112,Wealth Builder,3
CUST104113,Steady Saver,2
CUST104114,Lifestyle Spender,0
CUST104115,Stretched Borrower,1
CUST104116,Steady Saver,2
CUST104117,Stretched Borrower,1
CUST104118,Wealth Builder,3
CUST104119,Steady Saver,2
CUST104120,Lifestyle Spender,0
CUST104121,Steady Saver,2
CUST104122,Wealth Builder,3
CUST104123,Steady Saver,2
CUST104124,Wealth Builder,3
CUST104125,Steady Saver,2
CUST104126,Steady Saver,2
CUST104127,Steady Saver,2
CUST104128,Wealth Builder,3
CUST104129,Steady Saver,2
CUST104130,Steady Saver,2
CUST104131,Steady Saver,2
CUST104132,Lifestyle Spender,0
CUST104133,Banking Elsewhere,4
CUST104134,Stretched Borrower,1
CUST104135,Stretched Borrower,1
CUST104136,Wealth Builder,3
CUST104137,Banking Elsewhere,4
CUST104138,Steady Saver,2
CUST104139,Stretched Borrower,1
CUST104140,Wealth Builder,3
CUST104141,Wealth Builder,3
CUST104142,Wealth Builder,3
CUST104143,Banking Elsewhere,4
CUST104144,Steady Saver,2
CUST104145,Lifestyle Spender,0
CUST104146,Banking Elsewhere,4
CUST104147,Stretched Borrower,1
CUST104148,Lifestyle Spender,0
CUST104149,Wealth Builder,3
CUST104150,Steady Saver,2
CUST104151,Steady Saver,2
CUST104152,Wealth Builder,3
CUST104153,Steady Saver,2
CUST104154,Lifestyle Spender,0
CUST104155,Steady Saver,2
CUST104156,Lifestyle Spender,0
CUST104157,Banking Elsewhere,4
CUST104158,Lifestyle Spender,0
CUST104159,Lifestyle Spender,0
CUST104160,Steady Saver,2
CUST104161,Steady Saver,2
CUST104162,Lifestyle Spender,0
CUST104163,Wealth Builder,3
CUST104164,Steady Saver,2
CUST104165,Lifestyle Spender,0
CUST104166,Wealth Builder,3
CUST104167,Lifestyle Spender,0
CUST104168,Stretched Borrower,1
CUST104169,Wealth Builder,3
CUST104170,Banking Elsewhere,4
CUST104171,Steady Saver,2
CUST104172,Lifestyle Spender,0
CUST104173,Stretched Borrower,1
CUST104174,Wealth Builder,3
CUST104175,Stretched Borrower,1
CUST104176,Lifestyle Spender,0
CUST104177,Banking Elsewhere,4
CUST104178,Lifestyle Spender,0
CUST104179,Lifestyle Spender,0
CUST104180,Steady Saver,2
CUST104181,Lifestyle Spender,0
CUST104182,Wealth Builder,3
CUST104183,Wealth Builder,3
CUST104184,Banking Elsewhere,4
CUST104185,Wealth Builder,3
CUST104186,Lifestyle Spender,0
CUST104187,Stretched Borrower,1
CUST104188,Stretched Borrower,1
CUST104189,Banking Elsewhere,4
CUST104190,Stretched Borrower,1
CUST104191,Banking Elsewhere,4
CUST104192,Lifestyle Spender,0
CUST104193,Lifestyle Spender,0
CUST104194,Banking Elsewhere,4
CUST104195,Lifestyle Spender,0
CUST104196,Steady Saver,2
CUST104197,Lifestyle Spender,0
CUST104198,Banking Elsewhere,4
CUST104199,Steady Saver,2
CUST104200,Lifestyle Spender,0
CUST104201,Stretched Borrower,1
CUST104202,Steady Saver,2
CUST104203,Banking Elsewhere,4
CUST104204,Wealth Builder,3
CUST104205,Stretched Borrower,1
CUST104206,Wealth Builder,3
CUST104207,Banking Elsewhere,4
CUST104208,Lifestyle Spender,0
CUST104209,Steady Saver,2
CUST104210,Banking Elsewhere,4
CUST104211,Stretched Borrower,1
CUST104212,Wealth Builder,3
CUST104213,Banking Elsewhere,4
CUST104214,Wealth Builder,3
CUST104215,Banking Elsewhere,4
CUST104216,Stretched Borrower,1
CUST104217,Lifestyle Spender,0
CUST104218,Lifestyle Spender,0
CUST104219,Wealth Builder,3
CUST104220,Stretched Borrower,1
CUST104221,Banking Elsewhere,4
CUST104222,Banking Elsewhere,4
CUST104223,Steady Saver,2
CUST104224,Banking Elsewhere,4
CUST104225,Wealth Builder,3
CUST104226,Stretched Borrower,1
CUST104227,Stretched Borrower,1
CUST104228,Wealth Builder,3
CUST104229,Steady Saver,2
CUST104230,Wealth Builder,3
CUST104231,Banking Elsewhere,4
CUST104232,Wealth Builder,3
CUST104233,Banking Elsewhere,4
CUST104234,Steady Saver,2
CUST104235,Stretched Borrower,1
CUST104236,Steady Saver,2
CUST104237,Stretched Borrower,1
CUST104238,Banking Elsewhere,4
CUST104239,Banking Elsewhere,4
CUST104240,Lifestyle Spender,0
CUST104241,Steady Saver,2
CUST104242,Wealth Builder,3
CUST104243,Steady Saver,2
CUST104244,Stretched Borrower,1
CUST104245,Banking Elsewhere,4
CUST104246,Wealth Builder,3
CUST104247,Banking Elsewhere,4
CUST104248,Wealth Builder,3
CUST104249,Steady Saver,2
CUST104250,Banking Elsewhere,4
CUST104251,Steady Saver,2
CUST104252,Banking Elsewhere,4
CUST104253,Lifestyle Spender,0
CUST104254,Lifestyle Spender,0
CUST104255,Stretched Borrower,1
CUST104256,Wealth Builder,3
CUST104257,Steady Saver,2
CUST104258,Stretched Borrower,1
CUST104259,Stretched Borrower,1
CUST104260,Wealth Builder,3
CUST104261,Lifestyle Spender,0
CUST104262,Stretched Borrower,1
CUST104263,Wealth Builder,3
CUST104264,Banking Elsewhere,4
CUST104265,Banking Elsewhere,4
CUST104266,Wealth Builder,3
CUST104267,Banking Elsewhere,4
CUST104268,Wealth Builder,3
CUST104269,Stretched Borrower,1
CUST104270,Banking Elsewhere,4
CUST104271,Steady Saver,2
CUST104272,Lifestyle Spender,0
CUST104273,Stretched Borrower,1
CUST104274,Banking Elsewhere,4
CUST104275,Wealth Builder,3
CUST104276,Banking Elsewhere,4
CUST104277,Stretched Borrower,1
CUST104278,Steady Saver,2
CUST104279,Steady Saver,2
CUST104280,Steady Saver,2
CUST104281,Lifestyle Spender,0
CUST104282,Wealth Builder,3
CUST104283,Wealth Builder,3
CUST104284,Steady Saver,2
CUST104285,Banking Elsewhere,4
CUST104286,Stretched Borrower,1
CUST104287,Stretched Borrower,1
CUST104288,Steady Saver,2
CUST104289,Steady Saver,2
CUST104290,Steady Saver,2
CUST104291,Banking Elsewhere,4
CUST104292,Stretched Borrower,1
CUST104293,Lifestyle Spender,0
CUST104294,Banking Elsewhere,4
CUST104295,Wealth Builder,3
CUST104296,Lifestyle Spender,0
CUST104297,Steady Saver,2
CUST104298,Banking Elsewhere,4
CUST104299,Stretched Borrower,1
CUST104300,Stretched Borrower,1
CUST104301,Banking Elsewhere,4
CUST104302,Banking Elsewhere,4
CUST104303,Steady Saver,2
CUST104304,Steady Saver,2
CUST104305,Steady Saver,2
CUST104306,Steady Saver,2
CUST104307,Wealth Builder,3
CUST104308,Steady Saver,2
CUST104309,Steady Saver,2
CUST104310,Lifestyle Spender,0
CUST104311,Banking Elsewhere,4
CUST104312,Lifestyle Spender,0
CUST104313,Steady Saver,2
CUST104314,Steady Saver,2
CUST104315,Steady Saver,2
CUST104316,Steady Saver,2
CUST104317,Stretched Borrower,1
CUST104318,Lifestyle Spender,0
CUST104319,Stretched Borrower,1
CUST104320,Lifestyle Spender,0
CUST104321,Steady Saver,2
CUST104322,Stretched Borrower,1
CUST104323,Wealth Builder,3
CUST104324,Stretched Borrower,1
CUST104325,Steady Saver,2
CUST104326,Steady Saver,2
CUST104327,Steady Saver,2
CUST104328,Stretched Borrower,1
CUST104329,Banking Elsewhere,4
CUST104330,Steady Saver,2
CUST104331,Steady Saver,2
CUST104332,Lifestyle Spender,0
CUST104333,Wealth Builder,3
CUST104334,Steady Saver,2
CUST104335,Lifestyle Spender,0
CUST104336,Lifestyle Spender,0
CUST104337,Lifestyle Spender,0
CUST104338,Steady Saver,2
CUST104339,Wealth Builder,3
CUST104340,Wealth Builder,3
CUST104341,Stretched Borrower,1
CUST104342,Wealth Builder,3
CUST104343,Lifestyle Spender,0
CUST104344,Banking Elsewhere,4
CUST104345,Wealth Builder,3
CUST104346,Stretched Borrower,1
CUST104347,Banking Elsewhere,4
CUST104348,Steady Saver,2
CUST104349,Stretched Borrower,1
CUST104350,Stretched Borrower,1
CUST104351,Lifestyle Spender,0
CUST104352,Lifestyle Spender,0
CUST104353,Stretched Borrower,1
CUST104354,Stretched Borrower,1
CUST104355,Banking Elsewhere,4
CUST104356,Wealth Builder,3
CUST104357,Lifestyle Spender,0
CUST104358,Stretched Borrower,1
CUST104359,Banking Elsewhere,4
CUST104360,Wealth Builder,3
CUST104361,Wealth Builder,3
CUST104362,Steady Saver,2
CUST104363,Banking Elsewhere,4
CUST104364,Stretched Borrower,1
CUST104365,Steady Saver,2
CUST104366,Steady Saver,2
CUST104367,Wealth Builder,3
CUST104368,Steady Saver,2
CUST104369,Wealth Builder,3
CUST104370,Wealth Builder,3
CUST104371,Steady Saver,2
CUST104372,Lifestyle Spender,0
CUST104373,Banking Elsewhere,4
CUST104374,Steady Saver,2
CUST104375,Steady Saver,2
CUST104376,Steady Saver,2
CUST104377,Wealth Builder,3
CUST104378,Banking Elsewhere,4
CUST104379,Banking Elsewhere,4
CUST104380,Lifestyle Spender,0
CUST104381,Banking Elsewhere,4
CUST104382,Banking Elsewhere,4
CUST104383,Lifestyle Spender,0
CUST104384,Lifestyle Spender,0
CUST104385,Steady Saver,2
CUST104386,Steady Saver,2
CUST104387,Wealth Builder,3
CUST104388,Banking Elsewhere,4
CUST104389,Banking Elsewhere,4
CUST104390,Steady Saver,2
CUST104391,Steady Saver,2
CUST104392,Steady Saver,2
CUST104393,Lifestyle Spender,0
CUST104394,Steady Saver,2
CUST104395,Steady Saver,2
CUST104396,Steady Saver,2
CUST104397,Wealth Builder,3
CUST104398,Wealth Builder,3
CUST104399,Wealth Builder,3
CUST104400,Stretched Borrower,1
CUST104401,Lifestyle Spender,0
CUST104402,Steady Saver,2
CUST104403,Lifestyle Spender,0
CUST104404,Wealth Builder,3
CUST104405,Wealth Builder,3
CUST104406,Banking Elsewhere,4
CUST104407,Lifestyle Spender,0
CUST104408,Steady Saver,2
CUST104409,Steady Saver,2
CUST104410,Steady Saver,2
CUST104411,Lifestyle Spender,0
CUST104412,Banking Elsewhere,4
CUST104413,Lifestyle Spender,0
CUST104414,Lifestyle Spender,0
CUST104415,Lifestyle Spender,0
CUST104416,Wealth Builder,3
CUST104417,Steady Saver,2
CUST104418,Steady Saver,2
CUST104419,Steady Saver,2
CUST104420,Wealth Builder,3
CUST104421,Stretched Borrower,1
CUST104422,Banking Elsewhere,4
CUST104423,Banking Elsewhere,4
CUST104424,Lifestyle Spender,0
CUST104425,Banking Elsewhere,4
CUST104426,Banking Elsewhere,4
CUST104427,Stretched Borrower,1
CUST104428,Lifestyle Spender,0
CUST104429,Steady Saver,2
CUST104430,Stretched Borrower,1
CUST104431,Lifestyle Spender,0
CUST104432,Banking Elsewhere,4
CUST104433,Lifestyle Spender,0
CUST104434,Stretched Borrower,1
CUST104435,Stretched Borrower,1
CUST104436,Stretched Borrower,1
CUST104437,Stretched Borrower,1
CUST104438,Banking Elsewhere,4
CUST104439,Banking Elsewhere,4
CUST104440,Steady Saver,2
CUST104441,Lifestyle Spender,0
CUST104442,Banking Elsewhere,4
CUST104443,Steady Saver,2
CUST104444,Banking Elsewhere,4
CUST104445,Steady Saver,2
CUST104446,Steady Saver,2
CUST104447,Stretched Borrower,1
CUST104448,Banking Elsewhere,4
CUST104449,Stretched Borrower,1
CUST104450,Banking Elsewhere,4
CUST104451,Banking Elsewhere,4
CUST104452,Steady Saver,2
CUST104453,Steady Saver,2
CUST104454,Banking Elsewhere,4
CUST104455,Banking Elsewhere,4
CUST104456,Banking Elsewhere,4
CUST104457,Stretched Borrower,1
CUST104458,Banking Elsewhere,4
CUST104459,Lifestyle Spender,0
CUST104460,Banking Elsewhere,4
CUST104461,Stretched Borrower,1
CUST104462,Lifestyle Spender,0
CUST104463,Banking Elsewhere,4
CUST104464,Steady Saver,2
CUST104465,Wealth Builder,3
CUST104466,Steady Saver,2
CUST104467,Wealth Builder,3
CUST104468,Steady Saver,2
CUST104469,Wealth Builder,3
CUST104470,Banking Elsewhere,4
CUST104471,Lifestyle Spender,0
CUST104472,Banking Elsewhere,4
CUST104473,Banking Elsewhere,4
CUST104474,Banking Elsewhere,4
CUST104475,Lifestyle Spender,0
CUST104476,Wealth Builder,3
CUST104477,Lifestyle Spender,0
CUST104478,Stretched Borrower,1
CUST104479,Stretched Borrower,1
CUST104480,Stretched Borrower,1
CUST104481,Lifestyle Spender,0
CUST104482,Steady Saver,2
CUST104483,Lifestyle Spender,0
CUST104484,Stretched Borrower,1
CUST104485,Steady Saver,2
CUST104486,Banking Elsewhere,4
CUST104487,Stretched Borrower,1
CUST104488,Lifestyle Spender,0
CUST104489,Wealth Builder,3
CUST104490,Stretched Borrower,1
CUST104491,Steady Saver,2
CUST104492,Wealth Builder,3
CUST104493,Stretched Borrower,1
CUST104494,Banking Elsewhere,4
CUST104495,Wealth Builder,3
CUST104496,Wealth Builder,3
CUST104497,Lifestyle Spender,0
CUST104498,Steady Saver,2
CUST104499,Stretched Borrower,1
CUST104500,Stretched Borrower,1
CUST104501,Stretched Borrower,1
CUST104502,Banking Elsewhere,4
CUST104503,Stretched Borrower,1
CUST104504,Stretched Borrower,1
CUST104505,Lifestyle Spender,0
CUST104506,Banking Elsewhere,4
CUST104507,Steady Saver,2
CUST104508,Steady Saver,2
CUST104509,Wealth Builder,3
CUST104510,Lifestyle Spender,0
CUST104511,Stretched Borrower,1
CUST104512,Lifestyle Spender,0
CUST104513,Wealth Builder,3
CUST104514,Steady Saver,2
CUST104515,Steady Saver,2
CUST104516,Wealth Builder,3
CUST104517,Stretched Borrower,1
CUST104518,Steady Saver,2
CUST104519,Lifestyle Spender,0
CUST104520,Banking Elsewhere,4
CUST104521,Steady Saver,2
CUST104522,Wealth Builder,3
CUST104523,Wealth Builder,3
CUST104524,Lifestyle Spender,0
CUST104525,Stretched Borrower,1
CUST104526,Banking Elsewhere,4
CUST104527,Banking Elsewhere,4
CUST104528,Steady Saver,2
CUST104529,Steady Saver,2
CUST104530,Stretched Borrower,1
CUST104531,Lifestyle Spender,0
CUST104532,Wealth Builder,3
CUST104533,Lifestyle Spender,0
CUST104534,Stretched Borrower,1
CUST104535,Lifestyle Spender,0
CUST104536,Steady Saver,2
CUST104537,Banking Elsewhere,4
CUST104538,Stretched Borrower,1
CUST104539,Banking Elsewhere,4
CUST104540,Stretched Borrower,1
CUST104541,Steady Saver,2
CUST104542,Stretched Borrower,1
CUST104543,Wealth Builder,3
CUST104544,Lifestyle Spender,0
CUST104545,Lifestyle Spender,0
CUST104546,Wealth Builder,3
CUST104547,Banking Elsewhere,4
CUST104548,Banking Elsewhere,4
CUST104549,Stretched Borrower,1
CUST104550,Stretched Borrower,1
CUST104551,Steady Saver,2
CUST104552,Steady Saver,2
CUST104553,Banking Elsewhere,4
CUST104554,Stretched Borrower,1
CUST104555,Stretched Borrower,1
CUST104556,Lifestyle Spender,0
CUST104557,Lifestyle Spender,0
CUST104558,Wealth Builder,3
CUST104559,Wealth Builder,3
CUST104560,Stretched Borrower,1
CUST104561,Banking Elsewhere,4
CUST104562,Lifestyle Spender,0
CUST104563,Wealth Builder,3
CUST104564,Stretched Borrower,1
CUST104565,Lifestyle Spender,0
CUST104566,Wealth Builder,3
CUST104567,Stretched Borrower,1
CUST104568,Steady Saver,2
CUST104569,Wealth Builder,3
CUST104570,Lifestyle Spender,0
CUST104571,Stretched Borrower,1
CUST104572,Steady Saver,2
CUST104573,Banking Elsewhere,4
CUST104574,Lifestyle Spender,0
CUST104575,Banking Elsewhere,4
CUST104576,Lifestyle Spender,0
CUST104577,Banking Elsewhere,4
CUST104578,Lifestyle Spender,0
CUST104579,Steady Saver,2
CUST104580,Stretched Borrower,1
CUST104581,Lifestyle Spender,0
CUST104582,Stretched Borrower,1
CUST104583,Steady Saver,2
CUST104584,Steady Saver,2
CUST104585,Stretched Borrower,1
CUST104586,Lifestyle Spender,0
CUST104587,Wealth Builder,3
CUST104588,Steady Saver,2
CUST104589,Stretched Borrower,1
CUST104590,Steady Saver,2
CUST104591,Banking Elsewhere,4
CUST104592,Stretched Borrower,1
CUST104593,Banking Elsewhere,4
CUST104594,Wealth Builder,3
CUST104595,Steady Saver,2
CUST104596,Steady Saver,2
CUST104597,Stretched Borrower,1
CUST104598,Stretched Borrower,1
CUST104599,Stretched Borrower,1
CUST104600,Banking Elsewhere,4
CUST104601,Stretched Borrower,1
CUST104602,Stretched Borrower,1
CUST104603,Wealth Builder,3
CUST104604,Banking Elsewhere,4
CUST104605,Lifestyle Spender,0
CUST104606,Wealth Builder,3
CUST104607,Steady Saver,2
CUST104608,Steady Saver,2
CUST104609,Wealth Builder,3
CUST104610,Wealth Builder,3
CUST104611,Banking Elsewhere,4
CUST104612,Steady Saver,2
CUST104613,Steady Saver,2
CUST104614,Wealth Builder,3
CUST104615,Banking Elsewhere,4
CUST104616,Banking Elsewhere,4
CUST104617,Steady Saver,2
CUST104618,Banking Elsewhere,4
CUST104619,Steady Saver,2
CUST104620,Lifestyle Spender,0
CUST104621,Wealth Builder,3
CUST104622,Banking Elsewhere,4
CUST104623,Lifestyle Spender,0
CUST104624,Wealth Builder,3
CUST104625,Banking Elsewhere,4
CUST104626,Steady Saver,2
CUST104627,Wealth Builder,3
CUST104628,Steady Saver,2
CUST104629,Steady Saver,2
CUST104630,Wealth Builder,3
CUST104631,Banking Elsewhere,4
CUST104632,Banking Elsewhere,4
CUST104633,Lifestyle Spender,0
CUST104634,Banking Elsewhere,4
CUST104635,Wealth Builder,3
CUST104636,Lifestyle Spender,0
CUST104637,Stretched Borrower,1
CUST104638,Wealth Builder,3
CUST104639,Banking Elsewhere,4
CUST104640,Stretched Borrower,1
CUST104641,Wealth Builder,3
CUST104642,Wealth Builder,3
CUST104643,Lifestyle Spender,0
CUST104644,Steady Saver,2
CUST104645,Lifestyle Spender,0
CUST104646,Steady Saver,2
CUST104647,Wealth Builder,3
CUST104648,Wealth Builder,3
CUST104649,Steady Saver,2
CUST104650,Wealth Builder,3
CUST104651,Steady Saver,2
CUST104652,Banking Elsewhere,4
CUST104653,Lifestyle Spender,0
CUST104654,Stretched Borrower,1
CUST104655,Wealth Builder,3
CUST104656,Banking Elsewhere,4
CUST104657,Steady Saver,2
CUST104658,Banking Elsewhere,4
CUST104659,Steady Saver,2
CUST104660,Steady Saver,2
CUST104661,Banking Elsewhere,4
CUST104662,Wealth Builder,3
CUST104663,Wealth Builder,3
CUST104664,Banking Elsewhere,4
CUST104665,Stretched Borrower,1
CUST104666,Stretched Borrower,1
CUST104667,Lifestyle Spender,0
CUST104668,Wealth Builder,3
CUST104669,Banking Elsewhere,4
CUST104670,Steady Saver,2
CUST104671,Steady Saver,2
CUST104672,Lifestyle Spender,0
CUST104673,Steady Saver,2
CUST104674,Wealth Builder,3
CUST104675,Banking Elsewhere,4
CUST104676,Banking Elsewhere,4
CUST104677,Banking Elsewhere,4
CUST104678,Steady Saver,2
CUST104679,Steady Saver,2
CUST104680,Lifestyle Spender,0
CUST104681,Stretched Borrower,1
CUST104682,Steady Saver,2
CUST104683,Lifestyle Spender,0
CUST104684,Lifestyle Spender,0
CUST104685,Lifestyle Spender,0
CUST104686,Steady Saver,2
CUST104687,Steady Saver,2
CUST104688,Banking Elsewhere,4
CUST104689,Lifestyle Spender,0
CUST104690,Stretched Borrower,1
CUST104691,Stretched Borrower,1
CUST104692,Steady Saver,2
CUST104693,Stretched Borrower,1
CUST104694,Stretched Borrower,1
CUST104695,Steady Saver,2
CUST104696,Stretched Borrower,1
CUST104697,Steady Saver,2
CUST104698,Lifestyle Spender,0
CUST104699,Lifestyle Spender,0
CUST104700,Steady Saver,2
CUST104701,Stretched Borrower,1
CUST104702,Wealth Builder,3
CUST104703,Steady Saver,2
CUST104704,Wealth Builder,3
CUST104705,Wealth Builder,3
CUST104706,Lifestyle Spender,0
CUST104707,Lifestyle Spender,0
CUST104708,Banking Elsewhere,4
CUST104709,Wealth Builder,3
CUST104710,Wealth Builder,3
CUST104711,Steady Saver,2
CUST104712,Stretched Borrower,1
CUST104713,Wealth Builder,3
CUST104714,Banking Elsewhere,4
CUST104715,Lifestyle Spender,0
CUST104716,Stretched Borrower,1
CUST104717,Steady Saver,2
CUST104718,Banking Elsewhere,4
CUST104719,Wealth Builder,3
CUST104720,Steady Saver,2
CUST104721,Wealth Builder,3
CUST104722,Stretched Borrower,1
CUST104723,Lifestyle Spender,0
CUST104724,Lifestyle Spender,0
CUST104725,Steady Saver,2
CUST104726,Wealth Builder,3
CUST104727,Wealth Builder,3
CUST104728,Steady Saver,2
CUST104729,Stretched Borrower,1
CUST104730,Wealth Builder,3
CUST104731,Lifestyle Spender,0
CUST104732,Steady Saver,2
CUST104733,Lifestyle Spender,0
CUST104734,Stretched Borrower,1
CUST104735,Steady Saver,2
CUST104736,Banking Elsewhere,4
CUST104737,Steady Saver,2
CUST104738,Banking Elsewhere,4
CUST104739,Stretched Borrower,1
CUST104740,Banking Elsewhere,4
CUST104741,Stretched Borrower,1
CUST104742,Wealth Builder,3
CUST104743,Steady Saver,2
CUST104744,Banking Elsewhere,4
CUST104745,Lifestyle Spender,0
CUST104746,Stretched Borrower,1
CUST104747,Stretched Borrower,1
CUST104748,Lifestyle Spender,0
CUST104749,Stretched Borrower,1
CUST104750,Banking Elsewhere,4
CUST104751,Wealth Builder,3
CUST104752,Steady Saver,2
CUST104753,Lifestyle Spender,0
CUST104754,Stretched Borrower,1
CUST104755,Banking Elsewhere,4
CUST104756,Lifestyle Spender,0
CUST104757,Banking Elsewhere,4
CUST104758,Wealth Builder,3
CUST104759,Steady Saver,2
CUST104760,Lifestyle Spender,0
CUST104761,Wealth Builder,3
CUST104762,Wealth Builder,3
CUST104763,Stretched Borrower,1
CUST104764,Wealth Builder,3
CUST104765,Steady Saver,2
CUST104766,Lifestyle Spender,0
CUST104767,Wealth Builder,3
CUST104768,Banking Elsewhere,4
CUST104769,Lifestyle Spender,0
CUST104770,Wealth Builder,3
CUST104771,Steady Saver,2
CUST104772,Steady Saver,2
CUST104773,Stretched Borrower,1
CUST104774,Lifestyle Spender,0
CUST104775,Lifestyle Spender,0
CUST104776,Lifestyle Spender,0
CUST104777,Wealth Builder,3
CUST104778,Lifestyle Spender,0
CUST104779,Banking Elsewhere,4
CUST104780,Wealth Builder,3
CUST104781,Wealth Builder,3
CUST104782,Stretched Borrower,1
CUST104783,Banking Elsewhere,4
CUST104784,Banking Elsewhere,4
CUST104785,Banking Elsewhere,4
CUST104786,Lifestyle Spender,0
CUST104787,Steady Saver,2
CUST104788,Banking Elsewhere,4
CUST104789,Wealth Builder,3
CUST104790,Banking Elsewhere,4
CUST104791,Steady Saver,2
CUST104792,Steady Saver,2
CUST104793,Wealth Builder,3
CUST104794,Stretched Borrower,1
CUST104795,Stretched Borrower,1
CUST104796,Wealth Builder,3
CUST104797,Wealth Builder,3
CUST104798,Steady Saver,2
CUST104799,Banking Elsewhere,4
CUST104800,Wealth Builder,3
CUST104801,Lifestyle Spender,0
CUST104802,Steady Saver,2
CUST104803,Steady Saver,2
CUST104804,Lifestyle Spender,0
CUST104805,Steady Saver,2
CUST104806,Stretched Borrower,1
CUST104807,Steady Saver,2
CUST104808,Steady Saver,2
CUST104809,Stretched Borrower,1
CUST104810,Wealth Builder,3
CUST104811,Steady Saver,2
CUST104812,Stretched Borrower,1
CUST104813,Steady Saver,2
CUST104814,Banking Elsewhere,4
CUST104815,Wealth Builder,3
CUST104816,Wealth Builder,3
CUST104817,Lifestyle Spender,0
CUST104818,Wealth Builder,3
CUST104819,Steady Saver,2
CUST104820,Stretched Borrower,1
CUST104821,Lifestyle Spender,0
CUST104822,Lifestyle Spender,0
CUST104823,Banking Elsewhere,4
CUST104824,Lifestyle Spender,0
CUST104825,Banking Elsewhere,4
CUST104826,Banking Elsewhere,4
CUST104827,Lifestyle Spender,0
CUST104828,Lifestyle Spender,0
CUST104829,Stretched Borrower,1
CUST104830,Steady Saver,2
CUST104831,Stretched Borrower,1
CUST104832,Steady Saver,2
CUST104833,Lifestyle Spender,0
CUST104834,Banking Elsewhere,4
CUST104835,Banking Elsewhere,4
CUST104836,Wealth Builder,3
CUST104837,Lifestyle Spender,0
CUST104838,Steady Saver,2
CUST104839,Wealth Builder,3
CUST104840,Stretched Borrower,1
CUST104841,Steady Saver,2
CUST104842,Steady Saver,2
CUST104843,Wealth Builder,3
CUST104844,Banking Elsewhere,4
CUST104845,Wealth Builder,3
CUST104846,Wealth Builder,3
CUST104847,Lifestyle Spender,0
CUST104848,Banking Elsewhere,4
CUST104849,Steady Saver,2
CUST104850,Lifestyle Spender,0
CUST104851,Stretched Borrower,1
CUST104852,Banking Elsewhere,4
CUST104853,Stretched Borrower,1
CUST104854,Stretched Borrower,1
CUST104855,Wealth Builder,3
CUST104856,Lifestyle Spender,0
CUST104857,Banking Elsewhere,4
CUST104858,Wealth Builder,3
CUST104859,Banking Elsewhere,4
CUST104860,Lifestyle Spender,0
CUST104861,Wealth Builder,3
CUST104862,Steady Saver,2
CUST104863,Banking Elsewhere,4
CUST104864,Steady Saver,2
CUST104865,Wealth Builder,3
CUST104866,Banking Elsewhere,4
CUST104867,Steady Saver,2
CUST104868,Steady Saver,2
CUST104869,Banking Elsewhere,4
CUST104870,Lifestyle Spender,0
CUST104871,Wealth Builder,3
CUST104872,Steady Saver,2
CUST104873,Banking Elsewhere,4
CUST104874,Banking Elsewhere,4
CUST104875,Banking Elsewhere,4
CUST104876,Wealth Builder,3
CUST104877,Steady Saver,2
CUST104878,Steady Saver,2
CUST104879,Banking Elsewhere,4
CUST104880,Steady Saver,2
CUST104881,Stretched Borrower,1
CUST104882,Steady Saver,2
CUST104883,Stretched Borrower,1
CUST104884,Banking Elsewhere,4
CUST104885,Steady Saver,2
CUST104886,Steady Saver,2
CUST104887,Steady Saver,2
CUST104888,Steady Saver,2
CUST104889,Banking Elsewhere,4
CUST104890,Steady Saver,2
CUST104891,Steady Saver,2
CUST104892,Banking Elsewhere,4
CUST104893,Lifestyle Spender,0
CUST104894,Steady Saver,2
CUST104895,Steady Saver,2
CUST104896,Steady Saver,2
CUST104897,Stretched Borrower,1
CUST104898,Steady Saver,2
CUST104899,Banking Elsewhere,4
CUST104900,Stretched Borrower,1
CUST104901,Lifestyle Spender,0
CUST104902,Stretched Borrower,1
CUST104903,Lifestyle Spender,0
CUST104904,Lifestyle Spender,0
CUST104905,Steady Saver,2
CUST104906,Lifestyle Spender,0
CUST104907,Steady Saver,2
CUST104908,Steady Saver,2
CUST104909,Wealth Builder,3
CUST104910,Steady Saver,2
CUST104911,Steady Saver,2
CUST104912,Wealth Builder,3
CUST104913,Steady Saver,2
CUST104914,Lifestyle Spender,0
CUST104915,Lifestyle Spender,0
CUST104916,Stretched Borrower,1
CUST104917,Wealth Builder,3
CUST104918,Wealth Builder,3
CUST104919,Lifestyle Spender,0
CUST104920,Stretched Borrower,1
CUST104921,Wealth Builder,3
CUST104922,Banking Elsewhere,4
CUST104923,Lifestyle Spender,0
CUST104924,Lifestyle Spender,0
CUST104925,Lifestyle Spender,0
CUST104926,Stretched Borrower,1
CUST104927,Lifestyle Spender,0
CUST104928,Stretched Borrower,1
CUST104929,Banking Elsewhere,4
CUST104930,Stretched Borrower,1
CUST104931,Wealth Builder,3
CUST104932,Banking Elsewhere,4
CUST104933,Steady Saver,2
CUST104934,Lifestyle Spender,0
CUST104935,Wealth Builder,3
CUST104936,Stretched Borrower,1
CUST104937,Wealth Builder,3
CUST104938,Lifestyle Spender,0
CUST104939,Stretched Borrower,1
CUST104940,Wealth Builder,3
CUST104941,Steady Saver,2
CUST104942,Steady Saver,2
CUST104943,Stretched Borrower,1
CUST104944,Lifestyle Spender,0
CUST104945,Steady Saver,2
CUST104946,Wealth Builder,3
CUST104947,Stretched Borrower,1
CUST104948,Steady Saver,2
CUST104949,Steady Saver,2
CUST104950,Steady Saver,2
CUST104951,Banking Elsewhere,4
CUST104952,Steady Saver,2
CUST104953,Stretched Borrower,1
CUST104954,Wealth Builder,3
CUST104955,Stretched Borrower,1
CUST104956,Steady Saver,2
CUST104957,Lifestyle Spender,0
CUST104958,Steady Saver,2
CUST104959,Banking Elsewhere,4
CUST104960,Steady Saver,2
CUST104961,Wealth Builder,3
CUST104962,Wealth Builder,3
CUST104963,Lifestyle Spender,0
CUST104964,Banking Elsewhere,4
CUST104965,Steady Saver,2
CUST104966,Stretched Borrower,1
CUST104967,Banking Elsewhere,4
CUST104968,Banking Elsewhere,4
CUST104969,Stretched Borrower,1
CUST104970,Steady Saver,2
CUST104971,Steady Saver,2
CUST104972,Stretched Borrower,1
CUST104973,Wealth Builder,3
CUST104974,Stretched Borrower,1
CUST104975,Wealth Builder,3
CUST104976,Stretched Borrower,1
CUST104977,Banking Elsewhere,4
CUST104978,Steady Saver,2
CUST104979,Banking Elsewhere,4
CUST104980,Steady Saver,2
CUST104981,Wealth Builder,3
CUST104982,Banking Elsewhere,4
CUST104983,Wealth Builder,3
CUST104984,Lifestyle Spender,0
CUST104985,Steady Saver,2
CUST104986,Stretched Borrower,1
CUST104987,Lifestyle Spender,0
CUST104988,Steady Saver,2
CUST104989,Banking Elsewhere,4
CUST104990,Lifestyle Spender,0
CUST104991,Lifestyle Spender,0
CUST104992,Steady Saver,2
CUST104993,Steady Saver,2
CUST104994,Banking Elsewhere,4
CUST104995,Lifestyle Spender,0
CUST104996,Wealth Builder,3
CUST104997,Wealth Builder,3
CUST104998,Steady Saver,2
CUST104999,Steady Saver,2
CUST105000,Stretched Borrower,1
CUST105001,Stretched Borrower,1
CUST105002,Steady Saver,2
CUST105003,Wealth Builder,3
CUST105004,Banking Elsewhere,4
CUST105005,Wealth Builder,3
CUST105006,Steady Saver,2
CUST105007,Stretched Borrower,1
CUST105008,Stretched Borrower,1
CUST105009,Stretched Borrower,1
CUST105010,Wealth Builder,3
CUST105011,Lifestyle Spender,0
CUST105012,Banking Elsewhere,4
CUST105013,Steady Saver,2
CUST105014,Steady Saver,2
CUST105015,Steady Saver,2
CUST105016,Stretched Borrower,1
CUST105017,Steady Saver,2
CUST105018,Stretched Borrower,1
CUST105019,Banking Elsewhere,4
CUST105020,Banking Elsewhere,4
CUST105021,Lifestyle Spender,0
CUST105022,Steady Saver,2
CUST105023,Lifestyle Spender,0
CUST105024,Stretched Borrower,1
CUST105025,Steady Saver,2
CUST105026,Wealth Builder,3
CUST105027,Banking Elsewhere,4
CUST105028,Steady Saver,2
CUST105029,Steady Saver,2
CUST105030,Stretched Borrower,1
CUST105031,Lifestyle Spender,0
CUST105032,Lifestyle Spender,0
CUST105033,Steady Saver,2
CUST105034,Lifestyle Spender,0
CUST105035,Wealth Builder,3
CUST105036,Lifestyle Spender,0
CUST105037,Banking Elsewhere,4
CUST105038,Stretched Borrower,1
CUST105039,Lifestyle Spender,0
CUST105040,Banking Elsewhere,4
CUST105041,Wealth Builder,3
CUST105042,Stretched Borrower,1
CUST105043,Stretched Borrower,1
CUST105044,Banking Elsewhere,4
CUST105045,Steady Saver,2
CUST105046,Steady Saver,2
CUST105047,Lifestyle Spender,0
CUST105048,Stretched Borrower,1
CUST105049,Wealth Builder,3
CUST105050,Lifestyle Spender,0
CUST105051,Stretched Borrower,1
CUST105052,Wealth Builder,3
CUST105053,Steady Saver,2
CUST105054,Banking Elsewhere,4
CUST105055,Lifestyle Spender,0
CUST105056,Banking Elsewhere,4
CUST105057,Banking Elsewhere,4
CUST105058,Stretched Borrower,1
CUST105059,Stretched Borrower,1
CUST105060,Wealth Builder,3
CUST105061,Steady Saver,2
CUST105062,Steady Saver,2
CUST105063,Wealth Builder,3
CUST105064,Stretched Borrower,1
CUST105065,Steady Saver,2
CUST105066,Lifestyle Spender,0
CUST105067,Banking Elsewhere,4
CUST105068,Wealth Builder,3
CUST105069,Wealth Builder,3
CUST105070,Lifestyle Spender,0
CUST105071,Stretched Borrower,1
CUST105072,Lifestyle Spender,0
CUST105073,Banking Elsewhere,4
CUST105074,Banking Elsewhere,4
CUST105075,Stretched Borrower,1
CUST105076,Lifestyle Spender,0
CUST105077,Wealth Builder,3
CUST105078,Wealth Builder,3
CUST105079,Lifestyle Spender,0
CUST105080,Banking Elsewhere,4
CUST105081,Banking Elsewhere,4
CUST105082,Steady Saver,2
CUST105083,Lifestyle Spender,0
CUST105084,Banking Elsewhere,4
CUST105085,Stretched Borrower,1
CUST105086,Lifestyle Spender,0
CUST105087,Wealth Builder,3
CUST105088,Steady Saver,2
CUST105089,Wealth Builder,3
CUST105090,Banking Elsewhere,4
CUST105091,Steady Saver,2
CUST105092,Stretched Borrower,1
CUST105093,Wealth Builder,3
CUST105094,Wealth Builder,3
CUST105095,Lifestyle Spender,0
CUST105096,Banking Elsewhere,4
CUST105097,Stretched Borrower,1
CUST105098,Stretched Borrower,1
CUST105099,Wealth Builder,3
CUST105100,Wealth Builder,3
CUST105101,Steady Saver,2
CUST105102,Steady Saver,2
CUST105103,Wealth Builder,3
CUST105104,Wealth Builder,3
CUST105105,Steady Saver,2
CUST105106,Wealth Builder,3
CUST105107,Lifestyle Spender,0
CUST105108,Lifestyle Spender,0
CUST105109,Steady Saver,2
CUST105110,Stretched Borrower,1
CUST105111,Wealth Builder,3
CUST105112,Steady Saver,2
CUST105113,Steady Saver,2
CUST105114,Wealth Builder,3
CUST105115,Banking Elsewhere,4
CUST105116,Lifestyle Spender,0
CUST105117,Banking Elsewhere,4
CUST105118,Steady Saver,2
CUST105119,Steady Saver,2
CUST105120,Wealth Builder,3
CUST105121,Banking Elsewhere,4
CUST105122,Lifestyle Spender,0
CUST105123,Lifestyle Spender,0
CUST105124,Stretched Borrower,1
CUST105125,Banking Elsewhere,4
CUST105126,Banking Elsewhere,4
CUST105127,Steady Saver,2
CUST105128,Wealth Builder,3
CUST105129,Wealth Builder,3
CUST105130,Wealth Builder,3
CUST105131,Steady Saver,2
CUST105132,Lifestyle Spender,0
CUST105133,Stretched Borrower,1
CUST105134,Lifestyle Spender,0
CUST105135,Lifestyle Spender,0
CUST105136,Lifestyle Spender,0
CUST105137,Stretched Borrower,1
CUST105138,Wealth Builder,3
CUST105139,Wealth Builder,3
CUST105140,Steady Saver,2
CUST105141,Stretched Borrower,1
CUST105142,Banking Elsewhere,4
CUST105143,Banking Elsewhere,4
CUST105144,Lifestyle Spender,0
CUST105145,Lifestyle Spender,0
CUST105146,Steady Saver,2
CUST105147,Steady Saver,2
CUST105148,Banking Elsewhere,4
CUST105149,Wealth Builder,3
CUST105150,Stretched Borrower,1
CUST105151,Wealth Builder,3
CUST105152,Banking Elsewhere,4
CUST105153,Banking Elsewhere,4
CUST105154,Lifestyle Spender,0
CUST105155,Banking Elsewhere,4
CUST105156,Banking Elsewhere,4
CUST105157,Steady Saver,2
CUST105158,Steady Saver,2
CUST105159,Steady Saver,2
CUST105160,Stretched Borrower,1
CUST105161,Stretched Borrower,1
CUST105162,Lifestyle Spender,0
CUST105163,Lifestyle Spender,0
CUST105164,Steady Saver,2
CUST105165,Steady Saver,2
CUST105166,Steady Saver,2
CUST105167,Banking Elsewhere,4
CUST105168,Wealth Builder,3
CUST105169,Wealth Builder,3
CUST105170,Steady Saver,2
CUST105171,Lifestyle Spender,0
CUST105172,Wealth Builder,3
CUST105173,Steady Saver,2
CUST105174,Steady Saver,2
CUST105175,Wealth Builder,3
CUST105176,Lifestyle Spender,0
CUST105177,Stretched Borrower,1
CUST105178,Lifestyle Spender,0
CUST105179,Wealth Builder,3
CUST105180,Wealth Builder,3
CUST105181,Steady Saver,2
CUST105182,Banking Elsewhere,4
CUST105183,Stretched Borrower,1
CUST105184,Stretched Borrower,1
CUST105185,Wealth Builder,3
CUST105186,Steady Saver,2
CUST105187,Wealth Builder,3
CUST105188,Banking Elsewhere,4
CUST105189,Stretched Borrower,1
CUST105190,Wealth Builder,3
CUST105191,Wealth Builder,3
CUST105192,Steady Saver,2
CUST105193,Wealth Builder,3
CUST105194,Stretched Borrower,1
CUST105195,Stretched Borrower,1
CUST105196,Banking Elsewhere,4
CUST105197,Wealth Builder,3
CUST105198,Banking Elsewhere,4
CUST105199,Banking Elsewhere,4
CUST105200,Steady Saver,2
CUST105201,Lifestyle Spender,0
CUST105202,Lifestyle Spender,0
CUST105203,Stretched Borrower,1
CUST105204,Wealth Builder,3
CUST105205,Lifestyle Spender,0
CUST105206,Stretched Borrower,1
CUST105207,Stretched Borrower,1
CUST105208,Banking Elsewhere,4
CUST105209,Wealth Builder,3
CUST105210,Stretched Borrower,1
CUST105211,Banking Elsewhere,4
CUST105212,Steady Saver,2
CUST105213,Banking Elsewhere,4
CUST105214,Lifestyle Spender,0
CUST105215,Wealth Builder,3
CUST105216,Wealth Builder,3
CUST105217,Steady Saver,2
CUST105218,Wealth Builder,3
CUST105219,Lifestyle Spender,0
CUST105220,Wealth Builder,3
CUST105221,Wealth Builder,3
CUST105222,Wealth Builder,3
CUST105223,Banking Elsewhere,4
CUST105224,Lifestyle Spender,0
CUST105225,Wealth Builder,3
CUST105226,Banking Elsewhere,4
CUST105227,Steady Saver,2
CUST105228,Stretched Borrower,1
CUST105229,Stretched Borrower,1
CUST105230,Banking Elsewhere,4
CUST105231,Banking Elsewhere,4
CUST105232,Steady Saver,2
CUST105233,Steady Saver,2
CUST105234,Lifestyle Spender,0
CUST105235,Banking Elsewhere,4
CUST105236,Lifestyle Spender,0
CUST105237,Banking Elsewhere,4
CUST105238,Steady Saver,2
CUST105239,Banking Elsewhere,4
CUST105240,Steady Saver,2
CUST105241,Steady Saver,2
CUST105242,Wealth Builder,3
CUST105243,Steady Saver,2
CUST105244,Steady Saver,2
CUST105245,Wealth Builder,3
CUST105246,Steady Saver,2
CUST105247,Wealth Builder,3
CUST105248,Steady Saver,2
CUST105249,Wealth Builder,3
CUST105250,Steady Saver,2
CUST105251,Lifestyle Spender,0
CUST105252,Stretched Borrower,1
CUST105253,Stretched Borrower,1
CUST105254,Lifestyle Spender,0
CUST105255,Banking Elsewhere,4
CUST105256,Banking Elsewhere,4
CUST105257,Steady Saver,2
CUST105258,Lifestyle Spender,0
CUST105259,Steady Saver,2
CUST105260,Wealth Builder,3
CUST105261,Wealth Builder,3
CUST105262,Steady Saver,2
CUST105263,Wealth Builder,3
CUST105264,Banking Elsewhere,4
CUST105265,Steady Saver,2
CUST105266,Wealth Builder,3
CUST105267,Steady Saver,2
CUST105268,Lifestyle Spender,0
CUST105269,Banking Elsewhere,4
CUST105270,Banking Elsewhere,4
CUST105271,Banking Elsewhere,4
CUST105272,Banking Elsewhere,4
CUST105273,Steady Saver,2
CUST105274,Lifestyle Spender,0
CUST105275,Steady Saver,2
CUST105276,Lifestyle Spender,0
CUST105277,Lifestyle Spender,0
CUST105278,Lifestyle Spender,0
CUST105279,Lifestyle Spender,0
CUST105280,Wealth Builder,3
CUST105281,Lifestyle Spender,0
CUST105282,Wealth Builder,3
CUST105283,Banking Elsewhere,4
CUST105284,Steady Saver,2
CUST105285,Banking Elsewhere,4
CUST105286,Stretched Borrower,1
CUST105287,Banking Elsewhere,4
CUST105288,Wealth Builder,3
CUST105289,Banking Elsewhere,4
CUST105290,Wealth Builder,3
CUST105291,Banking Elsewhere,4
CUST105292,Banking Elsewhere,4
CUST105293,Lifestyle Spender,0
CUST105294,Steady Saver,2
CUST105295,Banking Elsewhere,4
CUST105296,Steady Saver,2
CUST105297,Steady Saver,2
CUST105298,Steady Saver,2
CUST105299,Lifestyle Spender,0
CUST105300,Lifestyle Spender,0
CUST105301,Steady Saver,2
CUST105302,Wealth Builder,3
CUST105303,Banking Elsewhere,4
CUST105304,Stretched Borrower,1
CUST105305,Stretched Borrower,1
CUST105306,Lifestyle Spender,0
CUST105307,Lifestyle Spender,0
CUST105308,Stretched Borrower,1
CUST105309,Lifestyle Spender,0
CUST105310,Steady Saver,2
CUST105311,Banking Elsewhere,4
CUST105312,Lifestyle Spender,0
CUST105313,Banking Elsewhere,4
CUST105314,Wealth Builder,3
CUST105315,Steady Saver,2
CUST105316,Lifestyle Spender,0
CUST105317,Wealth Builder,3
CUST105318,Banking Elsewhere,4
CUST105319,Stretched Borrower,1
CUST105320,Wealth Builder,3
CUST105321,Banking Elsewhere,4
CUST105322,Banking Elsewhere,4
CUST105323,Stretched Borrower,1
CUST105324,Steady Saver,2
CUST105325,Wealth Builder,3
CUST105326,Steady Saver,2
CUST105327,Stretched Borrower,1
CUST105328,Banking Elsewhere,4
CUST105329,Wealth Builder,3
CUST105330,Banking Elsewhere,4
CUST105331,Wealth Builder,3
CUST105332,Steady Saver,2
CUST105333,Stretched Borrower,1
CUST105334,Lifestyle Spender,0
CUST105335,Steady Saver,2
CUST105336,Steady Saver,2
CUST105337,Lifestyle Spender,0
CUST105338,Wealth Builder,3
CUST105339,Lifestyle Spender,0
CUST105340,Stretched Borrower,1
CUST105341,Wealth Builder,3
CUST105342,Banking Elsewhere,4
CUST105343,Stretched Borrower,1
CUST105344,Lifestyle Spender,0
CUST105345,Steady Saver,2
CUST105346,Steady Saver,2
CUST105347,Wealth Builder,3
CUST105348,Steady Saver,2
CUST105349,Wealth Builder,3
CUST105350,Lifestyle Spender,0
CUST105351,Stretched Borrower,1
CUST105352,Lifestyle Spender,0
CUST105353,Wealth Builder,3
CUST105354,Lifestyle Spender,0
CUST105355,Wealth Builder,3
CUST105356,Steady Saver,2
CUST105357,Stretched Borrower,1
CUST105358,Banking Elsewhere,4
CUST105359,Wealth Builder,3
CUST105360,Stretched Borrower,1
CUST105361,Steady Saver,2
CUST105362,Lifestyle Spender,0
CUST105363,Lifestyle Spender,0
CUST105364,Stretched Borrower,1
CUST105365,Wealth Builder,3
CUST105366,Steady Saver,2
CUST105367,Steady Saver,2
CUST105368,Wealth Builder,3
CUST105369,Wealth Builder,3
CUST105370,Steady Saver,2
CUST105371,Wealth Builder,3
CUST105372,Lifestyle Spender,0
CUST105373,Wealth Builder,3
CUST105374,Steady Saver,2
CUST105375,Lifestyle Spender,0
CUST105376,Banking Elsewhere,4
CUST105377,Steady Saver,2
CUST105378,Banking Elsewhere,4
CUST105379,Steady Saver,2
CUST105380,Stretched Borrower,1
CUST105381,Banking Elsewhere,4
CUST105382,Steady Saver,2
CUST105383,Banking Elsewhere,4
CUST105384,Wealth Builder,3
CUST105385,Wealth Builder,3
CUST105386,Banking Elsewhere,4
CUST105387,Lifestyle Spender,0
CUST105388,Wealth Builder,3
CUST105389,Lifestyle Spender,0
CUST105390,Wealth Builder,3
CUST105391,Stretched Borrower,1
CUST105392,Wealth Builder,3
CUST105393,Lifestyle Spender,0
CUST105394,Stretched Borrower,1
CUST105395,Steady Saver,2
CUST105396,Banking Elsewhere,4
CUST105397,Lifestyle Spender,0
CUST105398,Banking Elsewhere,4
CUST105399,Banking Elsewhere,4
CUST105400,Wealth Builder,3
CUST105401,Banking Elsewhere,4
CUST105402,Banking Elsewhere,4
CUST105403,Wealth Builder,3
CUST105404,Banking Elsewhere,4
CUST105405,Wealth Builder,3
CUST105406,Lifestyle Spender,0
CUST105407,Wealth Builder,3
CUST105408,Lifestyle Spender,0
CUST105409,Wealth Builder,3
CUST105410,Banking Elsewhere,4
CUST105411,Steady Saver,2
CUST105412,Banking Elsewhere,4
CUST105413,Stretched Borrower,1
CUST105414,Steady Saver,2
CUST105415,Stretched Borrower,1
CUST105416,Stretched Borrower,1
CUST105417,Banking Elsewhere,4
CUST105418,Stretched Borrower,1
CUST105419,Steady Saver,2
CUST105420,Banking Elsewhere,4
CUST105421,Wealth Builder,3
CUST105422,Steady Saver,2
CUST105423,Steady Saver,2
CUST105424,Lifestyle Spender,0
CUST105425,Banking Elsewhere,4
CUST105426,Stretched Borrower,1
CUST105427,Wealth Builder,3
CUST105428,Banking Elsewhere,4
CUST105429,Wealth Builder,3
CUST105430,Banking Elsewhere,4
CUST105431,Banking Elsewhere,4
CUST105432,Stretched Borrower,1
CUST105433,Lifestyle Spender,0
CUST105434,Lifestyle Spender,0
CUST105435,Stretched Borrower,1
CUST105436,Steady Saver,2
CUST105437,Steady Saver,2
CUST105438,Lifestyle Spender,0
CUST105439,Wealth Builder,3
CUST105440,Wealth Builder,3
CUST105441,Banking Elsewhere,4
CUST105442,Steady Saver,2
CUST105443,Lifestyle Spender,0
CUST105444,Steady Saver,2
CUST105445,Wealth Builder,3
CUST105446,Lifestyle Spender,0
CUST105447,Banking Elsewhere,4
CUST105448,Banking Elsewhere,4
CUST105449,Stretched Borrower,1
CUST105450,Steady Saver,2
CUST105451,Steady Saver,2
CUST105452,Steady Saver,2
CUST105453,Steady Saver,2
CUST105454,Wealth Builder,3
CUST105455,Lifestyle Spender,0
CUST105456,Banking Elsewhere,4
CUST105457,Steady Saver,2
CUST105458,Steady Saver,2
CUST105459,Stretched Borrower,1
CUST105460,Lifestyle Spender,0
CUST105461,Wealth Builder,3
CUST105462,Banking Elsewhere,4
CUST105463,Lifestyle Spender,0
CUST105464,Wealth Builder,3
CUST105465,Stretched Borrower,1
CUST105466,Banking Elsewhere,4
CUST105467,Steady Saver,2
CUST105468,Steady Saver,2
CUST105469,Wealth Builder,3
CUST105470,Lifestyle Spender,0
CUST105471,Banking Elsewhere,4
CUST105472,Wealth Builder,3
CUST105473,Stretched Borrower,1
CUST105474,Lifestyle Spender,0
CUST105475,Lifestyle Spender,0
CUST105476,Lifestyle Spender,0
CUST105477,Steady Saver,2
CUST105478,Wealth Builder,3
CUST105479,Steady Saver,2
CUST105480,Banking Elsewhere,4
CUST105481,Steady Saver,2
CUST105482,Steady Saver,2
CUST105483,Wealth Builder,3
CUST105484,Steady Saver,2
CUST105485,Banking Elsewhere,4
CUST105486,Banking Elsewhere,4
CUST105487,Lifestyle Spender,0
CUST105488,Wealth Builder,3
CUST105489,Banking Elsewhere,4
CUST105490,Stretched Borrower,1
CUST105491,Steady Saver,2
CUST105492,Stretched Borrower,1
CUST105493,Banking Elsewhere,4
CUST105494,Steady Saver,2
CUST105495,Wealth Builder,3
CUST105496,Banking Elsewhere,4
CUST105497,Banking Elsewhere,4
CUST105498,Steady Saver,2
CUST105499,Wealth Builder,3
CUST105500,Lifestyle Spender,0
CUST105501,Wealth Builder,3
CUST105502,Lifestyle Spender,0
CUST105503,Stretched Borrower,1
CUST105504,Lifestyle Spender,0
CUST105505,Banking Elsewhere,4
CUST105506,Lifestyle Spender,0
CUST105507,Steady Saver,2
CUST105508,Steady Saver,2
CUST105509,Stretched Borrower,1
CUST105510,Stretched Borrower,1
CUST105511,Stretched Borrower,1
CUST105512,Banking Elsewhere,4
CUST105513,Stretched Borrower,1
CUST105514,Wealth Builder,3
CUST105515,Stretched Borrower,1
CUST105516,Banking Elsewhere,4
CUST105517,Lifestyle Spender,0
CUST105518,Stretched Borrower,1
CUST105519,Stretched Borrower,1
CUST105520,Steady Saver,2
CUST105521,Wealth Builder,3
CUST105522,Wealth Builder,3
CUST105523,Steady Saver,2
CUST105524,Stretched Borrower,1
CUST105525,Steady Saver,2
CUST105526,Lifestyle Spender,0
CUST105527,Wealth Builder,3
CUST105528,Wealth Builder,3
CUST105529,Wealth Builder,3
CUST105530,Steady Saver,2
CUST105531,Banking Elsewhere,4
CUST105532,Wealth Builder,3
CUST105533,Stretched Borrower,1
CUST105534,Wealth Builder,3
CUST105535,Steady Saver,2
CUST105536,Steady Saver,2
CUST105537,Stretched Borrower,1
CUST105538,Wealth Builder,3
CUST105539,Stretched Borrower,1
CUST105540,Banking Elsewhere,4
CUST105541,Lifestyle Spender,0
CUST105542,Stretched Borrower,1
CUST105543,Stretched Borrower,1
CUST105544,Steady Saver,2
CUST105545,Banking Elsewhere,4
CUST105546,Steady Saver,2
CUST105547,Wealth Builder,3
CUST105548,Banking Elsewhere,4
CUST105549,Stretched Borrower,1
CUST105550,Lifestyle Spender,0
CUST105551,Steady Saver,2
CUST105552,Stretched Borrower,1
CUST105553,Banking Elsewhere,4
CUST105554,Lifestyle Spender,0
CUST105555,Banking Elsewhere,4
CUST105556,Lifestyle Spender,0
CUST105557,Steady Saver,2
CUST105558,Lifestyle Spender,0
CUST105559,Banking Elsewhere,4
CUST105560,Steady Saver,2
CUST105561,Wealth Builder,3
CUST105562,Steady Saver,2
CUST105563,Steady Saver,2
CUST105564,Banking Elsewhere,4
CUST105565,Steady Saver,2
CUST105566,Steady Saver,2
CUST105567,Banking Elsewhere,4
CUST105568,Lifestyle Spender,0
CUST105569,Steady Saver,2
CUST105570,Steady Saver,2
CUST105571,Lifestyle Spender,0
CUST105572,Stretched Borrower,1
CUST105573,Wealth Builder,3
CUST105574,Stretched Borrower,1
CUST105575,Lifestyle Spender,0
CUST105576,Lifestyle Spender,0
CUST105577,Stretched Borrower,1
CUST105578,Banking Elsewhere,4
CUST105579,Steady Saver,2
CUST105580,Stretched Borrower,1
CUST105581,Wealth Builder,3
CUST105582,Banking Elsewhere,4
CUST105583,Steady Saver,2
CUST105584,Banking Elsewhere,4
CUST105585,Wealth Builder,3
CUST105586,Wealth Builder,3
CUST105587,Wealth Builder,3
CUST105588,Stretched Borrower,1
CUST105589,Steady Saver,2
CUST105590,Stretched Borrower,1
CUST105591,Lifestyle Spender,0
CUST105592,Wealth Builder,3
CUST105593,Wealth Builder,3
CUST105594,Stretched Borrower,1
CUST105595,Banking Elsewhere,4
CUST105596,Steady Saver,2
CUST105597,Stretched Borrower,1
CUST105598,Stretched Borrower,1
CUST105599,Wealth Builder,3
CUST105600,Steady Saver,2
CUST105601,Banking Elsewhere,4
CUST105602,Stretched Borrower,1
CUST105603,Stretched Borrower,1
CUST105604,Stretched Borrower,1
CUST105605,Wealth Builder,3
CUST105606,Banking Elsewhere,4
CUST105607,Wealth Builder,3
CUST105608,Wealth Builder,3
CUST105609,Stretched Borrower,1
CUST105610,Lifestyle Spender,0
CUST105611,Stretched Borrower,1
CUST105612,Lifestyle Spender,0
CUST105613,Steady Saver,2
CUST105614,Steady Saver,2
CUST105615,Banking Elsewhere,4
CUST105616,Stretched Borrower,1
CUST105617,Lifestyle Spender,0
CUST105618,Steady Saver,2
CUST105619,Steady Saver,2
CUST105620,Steady Saver,2
CUST105621,Wealth Builder,3
CUST105622,Lifestyle Spender,0
CUST105623,Steady Saver,2
CUST105624,Lifestyle Spender,0
CUST105625,Banking Elsewhere,4
CUST105626,Steady Saver,2
CUST105627,Lifestyle Spender,0
CUST105628,Wealth Builder,3
CUST105629,Stretched Borrower,1
CUST105630,Stretched Borrower,1
CUST105631,Wealth Builder,3
CUST105632,Wealth Builder,3
CUST105633,Stretched Borrower,1
CUST105634,Lifestyle Spender,0
CUST105635,Lifestyle Spender,0
CUST105636,Steady Saver,2
CUST105637,Stretched Borrower,1
CUST105638,Steady Saver,2
CUST105639,Wealth Builder,3
CUST105640,Steady Saver,2
CUST105641,Banking Elsewhere,4
CUST105642,Stretched Borrower,1
CUST105643,Steady Saver,2
CUST105644,Lifestyle Spender,0
CUST105645,Wealth Builder,3
CUST105646,Lifestyle Spender,0
CUST105647,Stretched Borrower,1
CUST105648,Lifestyle Spender,0
CUST105649,Wealth Builder,3
CUST105650,Wealth Builder,3
CUST105651,Lifestyle Spender,0
CUST105652,Banking Elsewhere,4
CUST105653,Banking Elsewhere,4
CUST105654,Stretched Borrower,1
CUST105655,Lifestyle Spender,0
CUST105656,Steady Saver,2
CUST105657,Lifestyle Spender,0
CUST105658,Wealth Builder,3
CUST105659,Wealth Builder,3
CUST105660,Steady Saver,2
CUST105661,Stretched Borrower,1
CUST105662,Steady Saver,2
CUST105663,Stretched Borrower,1
CUST105664,Wealth Builder,3
CUST105665,Steady Saver,2
CUST105666,Banking Elsewhere,4
CUST105667,Stretched Borrower,1
CUST105668,Steady Saver,2
CUST105669,Lifestyle Spender,0
CUST105670,Wealth Builder,3
CUST105671,Steady Saver,2
CUST105672,Lifestyle Spender,0
CUST105673,Steady Saver,2
CUST105674,Lifestyle Spender,0
CUST105675,Banking Elsewhere,4
CUST105676,Stretched Borrower,1
CUST105677,Wealth Builder,3
CUST105678,Steady Saver,2
CUST105679,Wealth Builder,3
CUST105680,Stretched Borrower,1
CUST105681,Steady Saver,2
CUST105682,Lifestyle Spender,0
CUST105683,Steady Saver,2
CUST105684,Steady Saver,2
CUST105685,Steady Saver,2
CUST105686,Lifestyle Spender,0
CUST105687,Banking Elsewhere,4
CUST105688,Stretched Borrower,1
CUST105689,Wealth Builder,3
CUST105690,Stretched Borrower,1
CUST105691,Steady Saver,2
CUST105692,Banking Elsewhere,4
CUST105693,Wealth Builder,3
CUST105694,Wealth Builder,3
CUST105695,Steady Saver,2
CUST105696,Lifestyle Spender,0
CUST105697,Lifestyle Spender,0
CUST105698,Lifestyle Spender,0
CUST105699,Lifestyle Spender,0
CUST105700,Steady Saver,2
CUST105701,Steady Saver,2
CUST105702,Steady Saver,2
CUST105703,Lifestyle Spender,0
CUST105704,Steady Saver,2
CUST105705,Stretched Borrower,1
CUST105706,Banking Elsewhere,4
CUST105707,Stretched Borrower,1
CUST105708,Stretched Borrower,1
CUST105709,Steady Saver,2
CUST105710,Steady Saver,2
CUST105711,Lifestyle Spender,0
CUST105712,Lifestyle Spender,0
CUST105713,Banking Elsewhere,4
CUST105714,Wealth Builder,3
CUST105715,Steady Saver,2
CUST105716,Lifestyle Spender,0
CUST105717,Banking Elsewhere,4
CUST105718,Stretched Borrower,1
CUST105719,Stretched Borrower,1
CUST105720,Wealth Builder,3
CUST105721,Banking Elsewhere,4
CUST105722,Banking Elsewhere,4
CUST105723,Steady Saver,2
CUST105724,Wealth Builder,3
CUST105725,Banking Elsewhere,4
CUST105726,Banking Elsewhere,4
CUST105727,Stretched Borrower,1
CUST105728,Steady Saver,2
CUST105729,Wealth Builder,3
CUST105730,Steady Saver,2
CUST105731,Steady Saver,2
CUST105732,Steady Saver,2
CUST105733,Stretched Borrower,1
CUST105734,Banking Elsewhere,4
CUST105735,Banking Elsewhere,4
CUST105736,Lifestyle Spender,0
CUST105737,Steady Saver,2
CUST105738,Stretched Borrower,1
CUST105739,Lifestyle Spender,0
CUST105740,Steady Saver,2
CUST105741,Stretched Borrower,1
CUST105742,Steady Saver,2
CUST105743,Steady Saver,2
CUST105744,Banking Elsewhere,4
CUST105745,Steady Saver,2
CUST105746,Wealth Builder,3
CUST105747,Steady Saver,2
CUST105748,Steady Saver,2
CUST105749,Steady Saver,2
CUST105750,Banking Elsewhere,4
CUST105751,Banking Elsewhere,4
CUST105752,Wealth Builder,3
CUST105753,Banking Elsewhere,4
CUST105754,Steady Saver,2
CUST105755,Stretched Borrower,1
CUST105756,Stretched Borrower,1
CUST105757,Lifestyle Spender,0
CUST105758,Steady Saver,2
CUST105759,Wealth Builder,3
CUST105760,Steady Saver,2
CUST105761,Steady Saver,2
CUST105762,Banking Elsewhere,4
CUST105763,Banking Elsewhere,4
CUST105764,Stretched Borrower,1
CUST105765,Steady Saver,2
CUST105766,Lifestyle Spender,0
CUST105767,Steady Saver,2
CUST105768,Banking Elsewhere,4
CUST105769,Stretched Borrower,1
CUST105770,Banking Elsewhere,4
CUST105771,Banking Elsewhere,4
CUST105772,Steady Saver,2
CUST105773,Steady Saver,2
CUST105774,Banking Elsewhere,4
CUST105775,Banking Elsewhere,4
CUST105776,Banking Elsewhere,4
CUST105777,Wealth Builder,3
CUST105778,Lifestyle Spender,0
CUST105779,Steady Saver,2
CUST105780,Banking Elsewhere,4
CUST105781,Steady Saver,2
CUST105782,Stretched Borrower,1
CUST105783,Steady Saver,2
CUST105784,Steady Saver,2
CUST105785,Wealth Builder,3
CUST105786,Stretched Borrower,1
CUST105787,Banking Elsewhere,4
CUST105788,Wealth Builder,3
CUST105789,Stretched Borrower,1
CUST105790,Lifestyle Spender,0
CUST105791,Banking Elsewhere,4
CUST105792,Steady Saver,2
CUST105793,Wealth Builder,3
CUST105794,Stretched Borrower,1
CUST105795,Wealth Builder,3
CUST105796,Steady Saver,2
CUST105797,Steady Saver,2
CUST105798,Steady Saver,2
CUST105799,Banking Elsewhere,4
CUST105800,Banking Elsewhere,4
CUST105801,Steady Saver,2
CUST105802,Stretched Borrower,1
CUST105803,Banking Elsewhere,4
CUST105804,Lifestyle Spender,0
CUST105805,Wealth Builder,3
CUST105806,Banking Elsewhere,4
CUST105807,Steady Saver,2
CUST105808,Lifestyle Spender,0
CUST105809,Stretched Borrower,1
CUST105810,Steady Saver,2
CUST105811,Steady Saver,2
CUST105812,Lifestyle Spender,0
CUST105813,Steady Saver,2
CUST105814,Banking Elsewhere,4
CUST105815,Wealth Builder,3
CUST105816,Steady Saver,2
CUST105817,Steady Saver,2
CUST105818,Stretched Borrower,1
CUST105819,Steady Saver,2
CUST105820,Lifestyle Spender,0
CUST105821,Stretched Borrower,1
CUST105822,Banking Elsewhere,4
CUST105823,Lifestyle Spender,0
CUST105824,Banking Elsewhere,4
CUST105825,Stretched Borrower,1
CUST105826,Wealth Builder,3
CUST105827,Banking Elsewhere,4
CUST105828,Banking Elsewhere,4
CUST105829,Lifestyle Spender,0
CUST105830,Wealth Builder,3
CUST105831,Stretched Borrower,1
CUST105832,Wealth Builder,3
CUST105833,Banking Elsewhere,4
CUST105834,Stretched Borrower,1
CUST105835,Wealth Builder,3
CUST105836,Banking Elsewhere,4
CUST105837,Stretched Borrower,1
CUST105838,Lifestyle Spender,0
CUST105839,Wealth Builder,3
CUST105840,Steady Saver,2
CUST105841,Lifestyle Spender,0
CUST105842,Wealth Builder,3
CUST105843,Lifestyle Spender,0
CUST105844,Steady Saver,2
CUST105845,Lifestyle Spender,0
CUST105846,Wealth Builder,3
CUST105847,Steady Saver,2
CUST105848,Banking Elsewhere,4
CUST105849,Steady Saver,2
CUST105850,Stretched Borrower,1
CUST105851,Stretched Borrower,1
CUST105852,Stretched Borrower,1
CUST105853,Lifestyle Spender,0
CUST105854,Steady Saver,2
CUST105855,Steady Saver,2
CUST105856,Lifestyle Spender,0
CUST105857,Steady Saver,2
CUST105858,Banking Elsewhere,4
CUST105859,Steady Saver,2
CUST105860,Lifestyle Spender,0
CUST105861,Steady Saver,2
CUST105862,Wealth Builder,3
CUST105863,Stretched Borrower,1
CUST105864,Wealth Builder,3
CUST105865,Banking Elsewhere,4
CUST105866,Banking Elsewhere,4
CUST105867,Wealth Builder,3
CUST105868,Lifestyle Spender,0
CUST105869,Wealth Builder,3
CUST105870,Banking Elsewhere,4
CUST105871,Steady Saver,2
CUST105872,Wealth Builder,3
CUST105873,Stretched Borrower,1
CUST105874,Banking Elsewhere,4
CUST105875,Banking Elsewhere,4
CUST105876,Banking Elsewhere,4
CUST105877,Banking Elsewhere,4
CUST105878,Steady Saver,2
CUST105879,Lifestyle Spender,0
CUST105880,Banking Elsewhere,4
CUST105881,Stretched Borrower,1
CUST105882,Banking Elsewhere,4
CUST105883,Steady Saver,2
CUST105884,Banking Elsewhere,4
CUST105885,Stretched Borrower,1
CUST105886,Banking Elsewhere,4
CUST105887,Steady Saver,2
CUST105888,Steady Saver,2
CUST105889,Wealth Builder,3
CUST105890,Steady Saver,2
CUST105891,Stretched Borrower,1
CUST105892,Wealth Builder,3
CUST105893,Stretched Borrower,1
CUST105894,Stretched Borrower,1
CUST105895,Banking Elsewhere,4
CUST105896,Wealth Builder,3
CUST105897,Stretched Borrower,1
CUST105898,Wealth Builder,3
CUST105899,Lifestyle Spender,0
CUST105900,Steady Saver,2
CUST105901,Wealth Builder,3
CUST105902,Wealth Builder,3
CUST105903,Banking Elsewhere,4
CUST105904,Steady Saver,2
CUST105905,Steady Saver,2
CUST105906,Banking Elsewhere,4
CUST105907,Steady Saver,2
CUST105908,Banking Elsewhere,4
CUST105909,Stretched Borrower,1
CUST105910,Lifestyle Spender,0
CUST105911,Lifestyle Spender,0
CUST105912,Stretched Borrower,1
CUST105913,Wealth Builder,3
CUST105914,Banking Elsewhere,4
CUST105915,Banking Elsewhere,4
CUST105916,Banking Elsewhere,4
CUST105917,Stretched Borrower,1
CUST105918,Wealth Builder,3
CUST105919,Wealth Builder,3
CUST105920,Stretched Borrower,1
CUST105921,Banking Elsewhere,4
CUST105922,Lifestyle Spender,0
CUST105923,Steady Saver,2
CUST105924,Stretched Borrower,1
CUST105925,Stretched Borrower,1
CUST105926,Wealth Builder,3
CUST105927,Wealth Builder,3
CUST105928,Steady Saver,2
CUST105929,Banking Elsewhere,4
CUST105930,Wealth Builder,3
CUST105931,Banking Elsewhere,4
CUST105932,Lifestyle Spender,0
CUST105933,Banking Elsewhere,4
CUST105934,Stretched Borrower,1
CUST105935,Steady Saver,2
CUST105936,Banking Elsewhere,4
CUST105937,Lifestyle Spender,0
CUST105938,Wealth Builder,3
CUST105939,Steady Saver,2
CUST105940,Lifestyle Spender,0
CUST105941,Banking Elsewhere,4
CUST105942,Wealth Builder,3
CUST105943,Steady Saver,2
CUST105944,Stretched Borrower,1
CUST105945,Lifestyle Spender,0
CUST105946,Lifestyle Spender,0
CUST105947,Stretched Borrower,1
CUST105948,Wealth Builder,3
CUST105949,Stretched Borrower,1
CUST105950,Steady Saver,2
CUST105951,Wealth Builder,3
CUST105952,Stretched Borrower,1
CUST105953,Wealth Builder,3
CUST105954,Lifestyle Spender,0
CUST105955,Banking Elsewhere,4
CUST105956,Lifestyle Spender,0
CUST105957,Banking Elsewhere,4
CUST105958,Wealth Builder,3
CUST105959,Banking Elsewhere,4
CUST105960,Wealth Builder,3
CUST105961,Steady Saver,2
CUST105962,Lifestyle Spender,0
CUST105963,Banking Elsewhere,4
CUST105964,Banking Elsewhere,4
CUST105965,Wealth Builder,3
CUST105966,Lifestyle Spender,0
CUST105967,Steady Saver,2
CUST105968,Wealth Builder,3
CUST105969,Wealth Builder,3
CUST105970,Banking Elsewhere,4
CUST105971,Steady Saver,2
CUST105972,Banking Elsewhere,4
CUST105973,Wealth Builder,3
CUST105974,Wealth Builder,3
CUST105975,Banking Elsewhere,4
CUST105976,Stretched Borrower,1
CUST105977,Lifestyle Spender,0
CUST105978,Steady Saver,2
CUST105979,Lifestyle Spender,0
CUST105980,Banking Elsewhere,4
CUST105981,Lifestyle Spender,0
CUST105982,Steady Saver,2
CUST105983,Wealth Builder,3
CUST105984,Wealth Builder,3
CUST105985,Banking Elsewhere,4
CUST105986,Wealth Builder,3
CUST105987,Banking Elsewhere,4
CUST105988,Banking Elsewhere,4
CUST105989,Lifestyle Spender,0
CUST105990,Stretched Borrower,1
CUST105991,Wealth Builder,3
CUST105992,Wealth Builder,3
CUST105993,Wealth Builder,3
CUST105994,Banking Elsewhere,4
CUST105995,Steady Saver,2
CUST105996,Lifestyle Spender,0
CUST105997,Steady Saver,2
CUST105998,Steady Saver,2
CUST105999,Banking Elsewhere,4
CUST106000,Lifestyle Spender,0
CUST106001,Steady Saver,2
CUST106002,Steady Saver,2
CUST106003,Steady Saver,2
CUST106004,Steady Saver,2
CUST106005,Wealth Builder,3
CUST106006,Steady Saver,2
CUST106007,Banking Elsewhere,4
CUST106008,Steady Saver,2
CUST106009,Steady Saver,2
CUST106010,Banking Elsewhere,4
CUST106011,Banking Elsewhere,4
CUST106012,Stretched Borrower,1
CUST106013,Steady Saver,2
CUST106014,Lifestyle Spender,0
CUST106015,Stretched Borrower,1
CUST106016,Steady Saver,2
CUST106017,Stretched Borrower,1
CUST106018,Wealth Builder,3
CUST106019,Steady Saver,2
CUST106020,Steady Saver,2
CUST106021,Banking Elsewhere,4
CUST106022,Stretched Borrower,1
CUST106023,Lifestyle Spender,0
CUST106024,Banking Elsewhere,4
CUST106025,Wealth Builder,3
CUST106026,Wealth Builder,3
CUST106027,Banking Elsewhere,4
CUST106028,Wealth Builder,3
CUST106029,Stretched Borrower,1
CUST106030,Stretched Borrower,1
CUST106031,Lifestyle Spender,0
CUST106032,Wealth Builder,3
CUST106033,Banking Elsewhere,4
CUST106034,Steady Saver,2
CUST106035,Steady Saver,2
CUST106036,Lifestyle Spender,0
CUST106037,Steady Saver,2
CUST106038,Stretched Borrower,1
CUST106039,Stretched Borrower,1
CUST106040,Lifestyle Spender,0
CUST106041,Steady Saver,2
CUST106042,Lifestyle Spender,0
CUST106043,Lifestyle Spender,0
CUST106044,Wealth Builder,3
CUST106045,Banking Elsewhere,4
CUST106046,Wealth Builder,3
CUST106047,Banking Elsewhere,4
CUST106048,Lifestyle Spender,0
CUST106049,Wealth Builder,3
CUST106050,Steady Saver,2
CUST106051,Steady Saver,2
CUST106052,Lifestyle Spender,0
CUST106053,Stretched Borrower,1
CUST106054,Banking Elsewhere,4
CUST106055,Wealth Builder,3
CUST106056,Stretched Borrower,1
CUST106057,Banking Elsewhere,4
CUST106058,Lifestyle Spender,0
CUST106059,Steady Saver,2
CUST106060,Banking Elsewhere,4
CUST106061,Steady Saver,2
CUST106062,Wealth Builder,3
CUST106063,Banking Elsewhere,4
CUST106064,Steady Saver,2
CUST106065,Banking Elsewhere,4
CUST106066,Stretched Borrower,1
CUST106067,Stretched Borrower,1
CUST106068,Wealth Builder,3
CUST106069,Lifestyle Spender,0
CUST106070,Stretched Borrower,1
CUST106071,Banking Elsewhere,4
CUST106072,Stretched Borrower,1
CUST106073,Wealth Builder,3
CUST106074,Stretched Borrower,1
CUST106075,Steady Saver,2
CUST106076,Lifestyle Spender,0
CUST106077,Steady Saver,2
CUST106078,Stretched Borrower,1
CUST106079,Lifestyle Spender,0
CUST106080,Wealth Builder,3
CUST106081,Steady Saver,2
CUST106082,Lifestyle Spender,0
CUST106083,Steady Saver,2
CUST106084,Steady Saver,2
CUST106085,Steady Saver,2
CUST106086,Wealth Builder,3
CUST106087,Banking Elsewhere,4
CUST106088,Stretched Borrower,1
CUST106089,Wealth Builder,3
CUST106090,Lifestyle Spender,0
CUST106091,Banking Elsewhere,4
CUST106092,Wealth Builder,3
CUST106093,Steady Saver,2
CUST106094,Lifestyle Spender,0
CUST106095,Wealth Builder,3
CUST106096,Wealth Builder,3
CUST106097,Banking Elsewhere,4
CUST106098,Lifestyle Spender,0
CUST106099,Banking Elsewhere,4
CUST106100,Steady Saver,2
CUST106101,Steady Saver,2
CUST106102,Stretched Borrower,1
CUST106103,Steady Saver,2
CUST106104,Stretched Borrower,1
CUST106105,Wealth Builder,3
CUST106106,Steady Saver,2
CUST106107,Wealth Builder,3
CUST106108,Wealth Builder,3
CUST106109,Banking Elsewhere,4
CUST106110,Banking Elsewhere,4
CUST106111,Lifestyle Spender,0
CUST106112,Steady Saver,2
CUST106113,Lifestyle Spender,0
CUST106114,Wealth Builder,3
CUST106115,Banking Elsewhere,4
CUST106116,Banking Elsewhere,4
CUST106117,Stretched Borrower,1
CUST106118,Wealth Builder,3
CUST106119,Lifestyle Spender,0
CUST106120,Steady Saver,2
CUST106121,Lifestyle Spender,0
CUST106122,Wealth Builder,3
CUST106123,Wealth Builder,3
CUST106124,Wealth Builder,3
CUST106125,Wealth Builder,3
CUST106126,Lifestyle Spender,0
CUST106127,Wealth Builder,3
CUST106128,Steady Saver,2
CUST106129,Wealth Builder,3
CUST106130,Steady Saver,2
CUST106131,Banking Elsewhere,4
CUST106132,Steady Saver,2
CUST106133,Wealth Builder,3
CUST106134,Banking Elsewhere,4
CUST106135,Steady Saver,2
CUST106136,Stretched Borrower,1
CUST106137,Steady Saver,2
CUST106138,Steady Saver,2
CUST106139,Banking Elsewhere,4
CUST106140,Stretched Borrower,1
CUST106141,Banking Elsewhere,4
CUST106142,Banking Elsewhere,4
CUST106143,Lifestyle Spender,0
CUST106144,Banking Elsewhere,4
CUST106145,Steady Saver,2
CUST106146,Steady Saver,2
CUST106147,Stretched Borrower,1
CUST106148,Wealth Builder,3
CUST106149,Steady Saver,2
CUST106150,Banking Elsewhere,4
CUST106151,Lifestyle Spender,0
CUST106152,Banking Elsewhere,4
CUST106153,Steady Saver,2
CUST106154,Steady Saver,2
CUST106155,Steady Saver,2
CUST106156,Wealth Builder,3
CUST106157,Lifestyle Spender,0
CUST106158,Banking Elsewhere,4
CUST106159,Steady Saver,2
CUST106160,Lifestyle Spender,0
CUST106161,Wealth Builder,3
CUST106162,Stretched Borrower,1
CUST106163,Wealth Builder,3
CUST106164,Wealth Builder,3
CUST106165,Wealth Builder,3
CUST106166,Steady Saver,2
CUST106167,Banking Elsewhere,4
CUST106168,Stretched Borrower,1
CUST106169,Wealth Builder,3
CUST106170,Wealth Builder,3
CUST106171,Wealth Builder,3
CUST106172,Banking Elsewhere,4
CUST106173,Lifestyle Spender,0
CUST106174,Banking Elsewhere,4
CUST106175,Banking Elsewhere,4
CUST106176,Banking Elsewhere,4
CUST106177,Banking Elsewhere,4
CUST106178,Lifestyle Spender,0
CUST106179,Steady Saver,2
CUST106180,Stretched Borrower,1
CUST106181,Stretched Borrower,1
CUST106182,Wealth Builder,3
CUST106183,Wealth Builder,3
CUST106184,Banking Elsewhere,4
CUST106185,Wealth Builder,3
CUST106186,Lifestyle Spender,0
CUST106187,Stretched Borrower,1
CUST106188,Banking Elsewhere,4
CUST106189,Banking Elsewhere,4
CUST106190,Steady Saver,2
CUST106191,Wealth Builder,3
CUST106192,Wealth Builder,3
CUST106193,Banking Elsewhere,4
CUST106194,Lifestyle Spender,0
CUST106195,Steady Saver,2
CUST106196,Steady Saver,2
CUST106197,Stretched Borrower,1
CUST106198,Banking Elsewhere,4
CUST106199,Banking Elsewhere,4
CUST106200,Steady Saver,2
CUST106201,Steady Saver,2
CUST106202,Steady Saver,2
CUST106203,Steady Saver,2
CUST106204,Banking Elsewhere,4
CUST106205,Steady Saver,2
CUST106206,Banking Elsewhere,4
CUST106207,Steady Saver,2
CUST106208,Wealth Builder,3
CUST106209,Wealth Builder,3
CUST106210,Wealth Builder,3
CUST106211,Stretched Borrower,1
CUST106212,Stretched Borrower,1
CUST106213,Banking Elsewhere,4
CUST106214,Stretched Borrower,1
CUST106215,Wealth Builder,3
CUST106216,Lifestyle Spender,0
CUST106217,Wealth Builder,3
CUST106218,Wealth Builder,3
CUST106219,Wealth Builder,3
CUST106220,Banking Elsewhere,4
CUST106221,Steady Saver,2
CUST106222,Steady Saver,2
CUST106223,Steady Saver,2
CUST106224,Wealth Builder,3
CUST106225,Wealth Builder,3
CUST106226,Banking Elsewhere,4
CUST106227,Banking Elsewhere,4
CUST106228,Steady Saver,2
CUST106229,Lifestyle Spender,0
CUST106230,Wealth Builder,3
CUST106231,Banking Elsewhere,4
CUST106232,Steady Saver,2
CUST106233,Stretched Borrower,1
CUST106234,Stretched Borrower,1
CUST106235,Steady Saver,2
CUST106236,Banking Elsewhere,4
CUST106237,Banking Elsewhere,4
CUST106238,Banking Elsewhere,4
CUST106239,Banking Elsewhere,4
CUST106240,Wealth Builder,3
CUST106241,Steady Saver,2
CUST106242,Wealth Builder,3
CUST106243,Lifestyle Spender,0
CUST106244,Steady Saver,2
CUST106245,Wealth Builder,3
CUST106246,Wealth Builder,3
CUST106247,Stretched Borrower,1
CUST106248,Banking Elsewhere,4
CUST106249,Stretched Borrower,1
CUST106250,Wealth Builder,3
CUST106251,Lifestyle Spender,0
CUST106252,Steady Saver,2
CUST106253,Stretched Borrower,1
CUST106254,Steady Saver,2
CUST106255,Wealth Builder,3
CUST106256,Lifestyle Spender,0
CUST106257,Banking Elsewhere,4
CUST106258,Banking Elsewhere,4
CUST106259,Steady Saver,2
CUST106260,Banking Elsewhere,4
CUST106261,Stretched Borrower,1
CUST106262,Wealth Builder,3
CUST106263,Wealth Builder,3
CUST106264,Stretched Borrower,1
CUST106265,Lifestyle Spender,0
CUST106266,Wealth Builder,3
CUST106267,Steady Saver,2
CUST106268,Wealth Builder,3
CUST106269,Steady Saver,2
CUST106270,Steady Saver,2
CUST106271,Banking Elsewhere,4
CUST106272,Wealth Builder,3
CUST106273,Stretched Borrower,1
CUST106274,Steady Saver,2
CUST106275,Steady Saver,2
CUST106276,Lifestyle Spender,0
CUST106277,Banking Elsewhere,4
CUST106278,Steady Saver,2
CUST106279,Stretched Borrower,1
CUST106280,Steady Saver,2
CUST106281,Steady Saver,2
CUST106282,Lifestyle Spender,0
CUST106283,Banking Elsewhere,4
CUST106284,Banking Elsewhere,4
CUST106285,Wealth Builder,3
CUST106286,Wealth Builder,3
CUST106287,Banking Elsewhere,4
CUST106288,Lifestyle Spender,0
CUST106289,Steady Saver,2
CUST106290,Stretched Borrower,1
CUST106291,Lifestyle Spender,0
CUST106292,Steady Saver,2
CUST106293,Banking Elsewhere,4
CUST106294,Steady Saver,2
CUST106295,Steady Saver,2
CUST106296,Steady Saver,2
CUST106297,Banking Elsewhere,4
CUST106298,Banking Elsewhere,4
CUST106299,Wealth Builder,3
CUST106300,Banking Elsewhere,4
CUST106301,Banking Elsewhere,4
CUST106302,Banking Elsewhere,4
CUST106303,Banking Elsewhere,4
CUST106304,Wealth Builder,3
CUST106305,Steady Saver,2
CUST106306,Steady Saver,2
CUST106307,Banking Elsewhere,4
CUST106308,Banking Elsewhere,4
CUST106309,Lifestyle Spender,0
CUST106310,Wealth Builder,3
CUST106311,Wealth Builder,3
CUST106312,Steady Saver,2
CUST106313,Stretched Borrower,1
CUST106314,Stretched Borrower,1
CUST106315,Lifestyle Spender,0
CUST106316,Banking Elsewhere,4
CUST106317,Steady Saver,2
CUST106318,Lifestyle Spender,0
CUST106319,Stretched Borrower,1
CUST106320,Lifestyle Spender,0
CUST106321,Steady Saver,2
CUST106322,Stretched Borrower,1
CUST106323,Banking Elsewhere,4
CUST106324,Stretched Borrower,1
CUST106325,Wealth Builder,3
CUST106326,Wealth Builder,3
CUST106327,Steady Saver,2
CUST106328,Wealth Builder,3
CUST106329,Stretched Borrower,1
CUST106330,Stretched Borrower,1
CUST106331,Lifestyle Spender,0
CUST106332,Stretched Borrower,1
CUST106333,Stretched Borrower,1
CUST106334,Lifestyle Spender,0
CUST106335,Stretched Borrower,1
CUST106336,Lifestyle Spender,0
CUST106337,Banking Elsewhere,4
CUST106338,Lifestyle Spender,0
CUST106339,Banking Elsewhere,4
CUST106340,Steady Saver,2
CUST106341,Stretched Borrower,1
CUST106342,Steady Saver,2
CUST106343,Lifestyle Spender,0
CUST106344,Steady Saver,2
CUST106345,Wealth Builder,3
CUST106346,Stretched Borrower,1
CUST106347,Wealth Builder,3
CUST106348,Banking Elsewhere,4
CUST106349,Banking Elsewhere,4
CUST106350,Steady Saver,2
CUST106351,Lifestyle Spender,0
CUST106352,Steady Saver,2
CUST106353,Wealth Builder,3
CUST106354,Steady Saver,2
CUST106355,Banking Elsewhere,4
CUST106356,Wealth Builder,3
CUST106357,Lifestyle Spender,0
CUST106358,Stretched Borrower,1
CUST106359,Lifestyle Spender,0
CUST106360,Stretched Borrower,1
CUST106361,Banking Elsewhere,4
CUST106362,Steady Saver,2
CUST106363,Lifestyle Spender,0
CUST106364,Lifestyle Spender,0
CUST106365,Banking Elsewhere,4
CUST106366,Stretched Borrower,1
CUST106367,Steady Saver,2
CUST106368,Lifestyle Spender,0
CUST106369,Steady Saver,2
CUST106370,Wealth Builder,3
CUST106371,Steady Saver,2
CUST106372,Stretched Borrower,1
CUST106373,Banking Elsewhere,4
CUST106374,Wealth Builder,3
CUST106375,Lifestyle Spender,0
CUST106376,Steady Saver,2
CUST106377,Lifestyle Spender,0
CUST106378,Wealth Builder,3
CUST106379,Banking Elsewhere,4
CUST106380,Banking Elsewhere,4
CUST106381,Banking Elsewhere,4
CUST106382,Wealth Builder,3
CUST106383,Lifestyle Spender,0
CUST106384,Banking Elsewhere,4
CUST106385,Stretched Borrower,1
CUST106386,Steady Saver,2
CUST106387,Banking Elsewhere,4
CUST106388,Stretched Borrower,1
CUST106389,Wealth Builder,3
CUST106390,Steady Saver,2
CUST106391,Steady Saver,2
CUST106392,Banking Elsewhere,4
CUST106393,Lifestyle Spender,0
CUST106394,Banking Elsewhere,4
CUST106395,Stretched Borrower,1
CUST106396,Banking Elsewhere,4
CUST106397,Steady Saver,2
CUST106398,Steady Saver,2
CUST106399,Banking Elsewhere,4
CUST106400,Steady Saver,2
CUST106401,Wealth Builder,3
CUST106402,Banking Elsewhere,4
CUST106403,Wealth Builder,3
CUST106404,Wealth Builder,3
CUST106405,Lifestyle Spender,0
CUST106406,Banking Elsewhere,4
CUST106407,Steady Saver,2
CUST106408,Steady Saver,2
CUST106409,Wealth Builder,3
CUST106410,Wealth Builder,3
CUST106411,Lifestyle Spender,0
CUST106412,Steady Saver,2
CUST106413,Wealth Builder,3
CUST106414,Steady Saver,2
CUST106415,Steady Saver,2
CUST106416,Wealth Builder,3
CUST106417,Steady Saver,2
CUST106418,Stretched Borrower,1
CUST106419,Stretched Borrower,1
CUST106420,Lifestyle Spender,0
CUST106421,Wealth Builder,3
CUST106422,Banking Elsewhere,4
CUST106423,Steady Saver,2
CUST106424,Stretched Borrower,1
CUST106425,Banking Elsewhere,4
CUST106426,Wealth Builder,3
CUST106427,Stretched Borrower,1
CUST106428,Lifestyle Spender,0
CUST106429,Banking Elsewhere,4
CUST106430,Banking Elsewhere,4
CUST106431,Lifestyle Spender,0
CUST106432,Banking Elsewhere,4
CUST106433,Lifestyle Spender,0
CUST106434,Wealth Builder,3
CUST106435,Banking Elsewhere,4
CUST106436,Banking Elsewhere,4
CUST106437,Steady Saver,2
CUST106438,Lifestyle Spender,0
CUST106439,Banking Elsewhere,4
CUST106440,Steady Saver,2
CUST106441,Wealth Builder,3
CUST106442,Wealth Builder,3
CUST106443,Steady Saver,2
CUST106444,Lifestyle Spender,0
CUST106445,Lifestyle Spender,0
CUST106446,Stretched Borrower,1
CUST106447,Wealth Builder,3
CUST106448,Banking Elsewhere,4
CUST106449,Stretched Borrower,1
CUST106450,Wealth Builder,3
CUST106451,Banking Elsewhere,4
CUST106452,Steady Saver,2
CUST106453,Steady Saver,2
CUST106454,Lifestyle Spender,0
CUST106455,Stretched Borrower,1
CUST106456,Lifestyle Spender,0
CUST106457,Lifestyle Spender,0
CUST106458,Steady Saver,2
CUST106459,Steady Saver,2
CUST106460,Lifestyle Spender,0
CUST106461,Lifestyle Spender,0
CUST106462,Wealth Builder,3
CUST106463,Wealth Builder,3
CUST106464,Lifestyle Spender,0
CUST106465,Steady Saver,2
CUST106466,Stretched Borrower,1
CUST106467,Banking Elsewhere,4
CUST106468,Steady Saver,2
CUST106469,Stretched Borrower,1
CUST106470,Banking Elsewhere,4
CUST106471,Steady Saver,2
CUST106472,Lifestyle Spender,0
CUST106473,Banking Elsewhere,4
CUST106474,Banking Elsewhere,4
CUST106475,Wealth Builder,3
CUST106476,Wealth Builder,3
CUST106477,Lifestyle Spender,0
CUST106478,Wealth Builder,3
CUST106479,Lifestyle Spender,0
CUST106480,Steady Saver,2
CUST106481,Steady Saver,2
CUST106482,Lifestyle Spender,0
CUST106483,Lifestyle Spender,0
CUST106484,Steady Saver,2
CUST106485,Steady Saver,2
CUST106486,Lifestyle Spender,0
CUST106487,Banking Elsewhere,4
CUST106488,Stretched Borrower,1
CUST106489,Steady Saver,2
CUST106490,Banking Elsewhere,4
CUST106491,Steady Saver,2
CUST106492,Banking Elsewhere,4
CUST106493,Wealth Builder,3
CUST106494,Stretched Borrower,1
CUST106495,Wealth Builder,3
CUST106496,Steady Saver,2
CUST106497,Lifestyle Spender,0
CUST106498,Stretched Borrower,1
CUST106499,Lifestyle Spender,0
CUST106500,Wealth Builder,3
CUST106501,Stretched Borrower,1
CUST106502,Wealth Builder,3
CUST106503,Steady Saver,2
CUST106504,Banking Elsewhere,4
CUST106505,Steady Saver,2
CUST106506,Banking Elsewhere,4
CUST106507,Banking Elsewhere,4
CUST106508,Banking Elsewhere,4
CUST106509,Banking Elsewhere,4
CUST106510,Wealth Builder,3
CUST106511,Stretched Borrower,1
CUST106512,Steady Saver,2
CUST106513,Lifestyle Spender,0
CUST106514,Lifestyle Spender,0
CUST106515,Lifestyle Spender,0
CUST106516,Lifestyle Spender,0
CUST106517,Steady Saver,2
CUST106518,Wealth Builder,3
CUST106519,Steady Saver,2
CUST106520,Lifestyle Spender,0
CUST106521,Steady Saver,2
CUST106522,Stretched Borrower,1
CUST106523,Steady Saver,2
CUST106524,Banking Elsewhere,4
CUST106525,Steady Saver,2
CUST106526,Steady Saver,2
CUST106527,Lifestyle Spender,0
CUST106528,Wealth Builder,3
CUST106529,Banking Elsewhere,4
CUST106530,Steady Saver,2
CUST106531,Banking Elsewhere,4
CUST106532,Steady Saver,2
CUST106533,Wealth Builder,3
CUST106534,Steady Saver,2
CUST106535,Stretched Borrower,1
CUST106536,Steady Saver,2
CUST106537,Stretched Borrower,1
CUST106538,Stretched Borrower,1
CUST106539,Wealth Builder,3
CUST106540,Banking Elsewhere,4
CUST106541,Wealth Builder,3
CUST106542,Banking Elsewhere,4
CUST106543,Lifestyle Spender,0
CUST106544,Banking Elsewhere,4
CUST106545,Steady Saver,2
CUST106546,Stretched Borrower,1
CUST106547,Wealth Builder,3
CUST106548,Banking Elsewhere,4
CUST106549,Stretched Borrower,1
CUST106550,Banking Elsewhere,4
CUST106551,Steady Saver,2
CUST106552,Wealth Builder,3
CUST106553,Stretched Borrower,1
CUST106554,Wealth Builder,3
CUST106555,Lifestyle Spender,0
CUST106556,Steady Saver,2
CUST106557,Stretched Borrower,1
CUST106558,Stretched Borrower,1
CUST106559,Banking Elsewhere,4
CUST106560,Steady Saver,2
CUST106561,Lifestyle Spender,0
CUST106562,Lifestyle Spender,0
CUST106563,Steady Saver,2
CUST106564,Lifestyle Spender,0
CUST106565,Steady Saver,2
CUST106566,Steady Saver,2
CUST106567,Banking Elsewhere,4
CUST106568,Wealth Builder,3
CUST106569,Banking Elsewhere,4
CUST106570,Wealth Builder,3
CUST106571,Banking Elsewhere,4
CUST106572,Stretched Borrower,1
CUST106573,Stretched Borrower,1
CUST106574,Wealth Builder,3
CUST106575,Wealth Builder,3
CUST106576,Banking Elsewhere,4
CUST106577,Lifestyle Spender,0
CUST106578,Lifestyle Spender,0
CUST106579,Banking Elsewhere,4
CUST106580,Steady Saver,2
CUST106581,Lifestyle Spender,0
CUST106582,Wealth Builder,3
CUST106583,Wealth Builder,3
CUST106584,Lifestyle Spender,0
CUST106585,Wealth Builder,3
CUST106586,Banking Elsewhere,4
CUST106587,Steady Saver,2
CUST106588,Banking Elsewhere,4
CUST106589,Steady Saver,2
CUST106590,Wealth Builder,3
CUST106591,Lifestyle Spender,0
CUST106592,Steady Saver,2
CUST106593,Lifestyle Spender,0
CUST106594,Wealth Builder,3
CUST106595,Wealth Builder,3
CUST106596,Lifestyle Spender,0
CUST106597,Lifestyle Spender,0
CUST106598,Wealth Builder,3
CUST106599,Banking Elsewhere,4
CUST106600,Steady Saver,2
CUST106601,Banking Elsewhere,4
CUST106602,Banking Elsewhere,4
CUST106603,Lifestyle Spender,0
CUST106604,Banking Elsewhere,4
CUST106605,Steady Saver,2
CUST106606,Wealth Builder,3
CUST106607,Wealth Builder,3
CUST106608,Steady Saver,2
CUST106609,Lifestyle Spender,0
CUST106610,Lifestyle Spender,0
CUST106611,Lifestyle Spender,0
CUST106612,Wealth Builder,3
CUST106613,Lifestyle Spender,0
CUST106614,Wealth Builder,3
CUST106615,Banking Elsewhere,4
CUST106616,Lifestyle Spender,0
CUST106617,Steady Saver,2
CUST106618,Steady Saver,2
CUST106619,Wealth Builder,3
CUST106620,Banking Elsewhere,4
CUST106621,Wealth Builder,3
CUST106622,Wealth Builder,3
CUST106623,Wealth Builder,3
CUST106624,Stretched Borrower,1
CUST106625,Wealth Builder,3
CUST106626,Stretched Borrower,1
CUST106627,Banking Elsewhere,4
CUST106628,Wealth Builder,3
CUST106629,Lifestyle Spender,0
CUST106630,Steady Saver,2
CUST106631,Banking Elsewhere,4
CUST106632,Wealth Builder,3
CUST106633,Banking Elsewhere,4
CUST106634,Banking Elsewhere,4
CUST106635,Banking Elsewhere,4
CUST106636,Wealth Builder,3
CUST106637,Stretched Borrower,1
CUST106638,Stretched Borrower,1
CUST106639,Lifestyle Spender,0
CUST106640,Wealth Builder,3
CUST106641,Stretched Borrower,1
CUST106642,Steady Saver,2
CUST106643,Steady Saver,2
CUST106644,Steady Saver,2
CUST106645,Wealth Builder,3
CUST106646,Banking Elsewhere,4
CUST106647,Wealth Builder,3
CUST106648,Wealth Builder,3
CUST106649,Banking Elsewhere,4
CUST106650,Wealth Builder,3
CUST106651,Wealth Builder,3
CUST106652,Lifestyle Spender,0
CUST106653,Stretched Borrower,1
CUST106654,Stretched Borrower,1
CUST106655,Lifestyle Spender,0
CUST106656,Stretched Borrower,1
CUST106657,Steady Saver,2
CUST106658,Wealth Builder,3
CUST106659,Stretched Borrower,1
CUST106660,Wealth Builder,3
CUST106661,Banking Elsewhere,4
CUST106662,Banking Elsewhere,4
CUST106663,Stretched Borrower,1
CUST106664,Wealth Builder,3
CUST106665,Wealth Builder,3
CUST106666,Steady Saver,2
CUST106667,Banking Elsewhere,4
CUST106668,Wealth Builder,3
CUST106669,Steady Saver,2
CUST106670,Lifestyle Spender,0
CUST106671,Wealth Builder,3
CUST106672,Wealth Builder,3
CUST106673,Steady Saver,2
CUST106674,Steady Saver,2
CUST106675,Wealth Builder,3
CUST106676,Wealth Builder,3
CUST106677,Steady Saver,2
CUST106678,Steady Saver,2
CUST106679,Stretched Borrower,1
CUST106680,Banking Elsewhere,4
CUST106681,Steady Saver,2
CUST106682,Lifestyle Spender,0
CUST106683,Banking Elsewhere,4
CUST106684,Stretched Borrower,1
CUST106685,Wealth Builder,3
CUST106686,Stretched Borrower,1
CUST106687,Steady Saver,2
CUST106688,Wealth Builder,3
CUST106689,Stretched Borrower,1
CUST106690,Lifestyle Spender,0
CUST106691,Steady Saver,2
CUST106692,Stretched Borrower,1
CUST106693,Lifestyle Spender,0
CUST106694,Stretched Borrower,1
CUST106695,Banking Elsewhere,4
CUST106696,Stretched Borrower,1
CUST106697,Stretched Borrower,1
CUST106698,Banking Elsewhere,4
CUST106699,Steady Saver,2
CUST106700,Wealth Builder,3
CUST106701,Banking Elsewhere,4
CUST106702,Stretched Borrower,1
CUST106703,Steady Saver,2
CUST106704,Steady Saver,2
CUST106705,Banking Elsewhere,4
CUST106706,Steady Saver,2
CUST106707,Banking Elsewhere,4
CUST106708,Stretched Borrower,1
CUST106709,Steady Saver,2
CUST106710,Stretched Borrower,1
CUST106711,Banking Elsewhere,4
CUST106712,Steady Saver,2
CUST106713,Wealth Builder,3
CUST106714,Wealth Builder,3
CUST106715,Wealth Builder,3
CUST106716,Steady Saver,2
CUST106717,Wealth Builder,3
CUST106718,Wealth Builder,3
CUST106719,Banking Elsewhere,4
CUST106720,Stretched Borrower,1
CUST106721,Wealth Builder,3
CUST106722,Stretched Borrower,1
CUST106723,Steady Saver,2
CUST106724,Banking Elsewhere,4
CUST106725,Wealth Builder,3
CUST106726,Banking Elsewhere,4
CUST106727,Banking Elsewhere,4
CUST106728,Wealth Builder,3
CUST106729,Wealth Builder,3
CUST106730,Steady Saver,2
CUST106731,Banking Elsewhere,4
CUST106732,Wealth Builder,3
CUST106733,Steady Saver,2
CUST106734,Banking Elsewhere,4
CUST106735,Stretched Borrower,1
CUST106736,Stretched Borrower,1
CUST106737,Lifestyle Spender,0
CUST106738,Stretched Borrower,1
CUST106739,Lifestyle Spender,0
CUST106740,Lifestyle Spender,0
CUST106741,Steady Saver,2
CUST106742,Banking Elsewhere,4
CUST106743,Steady Saver,2
CUST106744,Banking Elsewhere,4
CUST106745,Banking Elsewhere,4
CUST106746,Lifestyle Spender,0
CUST106747,Banking Elsewhere,4
CUST106748,Steady Saver,2
CUST106749,Steady Saver,2
CUST106750,Lifestyle Spender,0
CUST106751,Steady Saver,2
CUST106752,Wealth Builder,3
CUST106753,Stretched Borrower,1
CUST106754,Stretched Borrower,1
CUST106755,Banking Elsewhere,4
CUST106756,Wealth Builder,3
CUST106757,Lifestyle Spender,0
CUST106758,Wealth Builder,3
CUST106759,Steady Saver,2
CUST106760,Lifestyle Spender,0
CUST106761,Lifestyle Spender,0
CUST106762,Wealth Builder,3
CUST106763,Steady Saver,2
CUST106764,Banking Elsewhere,4
CUST106765,Lifestyle Spender,0
CUST106766,Wealth Builder,3
CUST106767,Banking Elsewhere,4
CUST106768,Steady Saver,2
CUST106769,Steady Saver,2
CUST106770,Banking Elsewhere,4
CUST106771,Banking Elsewhere,4
CUST106772,Steady Saver,2
CUST106773,Banking Elsewhere,4
CUST106774,Stretched Borrower,1
CUST106775,Wealth Builder,3
CUST106776,Banking Elsewhere,4
CUST106777,Steady Saver,2
CUST106778,Wealth Builder,3
CUST106779,Banking Elsewhere,4
CUST106780,Steady Saver,2
CUST106781,Steady Saver,2
CUST106782,Steady Saver,2
CUST106783,Wealth Builder,3
CUST106784,Steady Saver,2
CUST106785,Steady Saver,2
CUST106786,Wealth Builder,3
CUST106787,Lifestyle Spender,0
CUST106788,Banking Elsewhere,4
CUST106789,Wealth Builder,3
CUST106790,Steady Saver,2
CUST106791,Stretched Borrower,1
CUST106792,Steady Saver,2
CUST106793,Steady Saver,2
CUST106794,Wealth Builder,3
CUST106795,Wealth Builder,3
CUST106796,Steady Saver,2
CUST106797,Banking Elsewhere,4
CUST106798,Banking Elsewhere,4
CUST106799,Steady Saver,2
CUST106800,Banking Elsewhere,4
CUST106801,Wealth Builder,3
CUST106802,Steady Saver,2
CUST106803,Wealth Builder,3
CUST106804,Wealth Builder,3
CUST106805,Lifestyle Spender,0
CUST106806,Banking Elsewhere,4
CUST106807,Banking Elsewhere,4
CUST106808,Wealth Builder,3
CUST106809,Steady Saver,2
CUST106810,Steady Saver,2
CUST106811,Lifestyle Spender,0
CUST106812,Steady Saver,2
CUST106813,Steady Saver,2
CUST106814,Wealth Builder,3
CUST106815,Banking Elsewhere,4
CUST106816,Steady Saver,2
CUST106817,Steady Saver,2
CUST106818,Banking Elsewhere,4
CUST106819,Steady Saver,2
CUST106820,Steady Saver,2
CUST106821,Steady Saver,2
CUST106822,Lifestyle Spender,0
CUST106823,Lifestyle Spender,0
CUST106824,Steady Saver,2
CUST106825,Banking Elsewhere,4
CUST106826,Lifestyle Spender,0
CUST106827,Steady Saver,2
CUST106828,Banking Elsewhere,4
CUST106829,Banking Elsewhere,4
CUST106830,Banking Elsewhere,4
CUST106831,Banking Elsewhere,4
CUST106832,Steady Saver,2
CUST106833,Lifestyle Spender,0
CUST106834,Banking Elsewhere,4
CUST106835,Banking Elsewhere,4
CUST106836,Steady Saver,2
CUST106837,Steady Saver,2
CUST106838,Stretched Borrower,1
CUST106839,Banking Elsewhere,4
CUST106840,Wealth Builder,3
CUST106841,Stretched Borrower,1
CUST106842,Wealth Builder,3
CUST106843,Wealth Builder,3
CUST106844,Steady Saver,2
CUST106845,Stretched Borrower,1
CUST106846,Wealth Builder,3
CUST106847,Steady Saver,2
CUST106848,Lifestyle Spender,0
CUST106849,Lifestyle Spender,0
CUST106850,Lifestyle Spender,0
CUST106851,Wealth Builder,3
CUST106852,Wealth Builder,3
CUST106853,Steady Saver,2
CUST106854,Banking Elsewhere,4
CUST106855,Stretched Borrower,1
CUST106856,Banking Elsewhere,4
CUST106857,Steady Saver,2
CUST106858,Stretched Borrower,1
CUST106859,Steady Saver,2
CUST106860,Stretched Borrower,1
CUST106861,Lifestyle Spender,0
CUST106862,Wealth Builder,3
CUST106863,Lifestyle Spender,0
CUST106864,Steady Saver,2
CUST106865,Banking Elsewhere,4
CUST106866,Stretched Borrower,1
CUST106867,Wealth Builder,3
CUST106868,Banking Elsewhere,4
CUST106869,Steady Saver,2
CUST106870,Wealth Builder,3
CUST106871,Stretched Borrower,1
CUST106872,Lifestyle Spender,0
CUST106873,Steady Saver,2
CUST106874,Stretched Borrower,1
CUST106875,Lifestyle Spender,0
CUST106876,Lifestyle Spender,0
CUST106877,Wealth Builder,3
CUST106878,Stretched Borrower,1
CUST106879,Steady Saver,2
CUST106880,Wealth Builder,3
CUST106881,Steady Saver,2
CUST106882,Banking Elsewhere,4
CUST106883,Stretched Borrower,1
CUST106884,Lifestyle Spender,0
CUST106885,Steady Saver,2
CUST106886,Wealth Builder,3
CUST106887,Stretched Borrower,1
CUST106888,Lifestyle Spender,0
CUST106889,Stretched Borrower,1
CUST106890,Wealth Builder,3
CUST106891,Banking Elsewhere,4
CUST106892,Wealth Builder,3
CUST106893,Banking Elsewhere,4
CUST106894,Stretched Borrower,1
CUST106895,Lifestyle Spender,0
CUST106896,Steady Saver,2
CUST106897,Banking Elsewhere,4
CUST106898,Lifestyle Spender,0
CUST106899,Stretched Borrower,1
CUST106900,Banking Elsewhere,4
CUST106901,Lifestyle Spender,0
CUST106902,Wealth Builder,3
CUST106903,Steady Saver,2
CUST106904,Stretched Borrower,1
CUST106905,Steady Saver,2
CUST106906,Lifestyle Spender,0
CUST106907,Stretched Borrower,1
CUST106908,Banking Elsewhere,4
CUST106909,Wealth Builder,3
CUST106910,Lifestyle Spender,0
CUST106911,Steady Saver,2
CUST106912,Lifestyle Spender,0
CUST106913,Wealth Builder,3
CUST106914,Banking Elsewhere,4
CUST106915,Steady Saver,2
CUST106916,Banking Elsewhere,4
CUST106917,Banking Elsewhere,4
CUST106918,Wealth Builder,3
CUST106919,Steady Saver,2
CUST106920,Banking Elsewhere,4
CUST106921,Banking Elsewhere,4
CUST106922,Steady Saver,2
CUST106923,Wealth Builder,3
CUST106924,Banking Elsewhere,4
CUST106925,Steady Saver,2
CUST106926,Steady Saver,2
CUST106927,Steady Saver,2
CUST106928,Wealth Builder,3
CUST106929,Stretched Borrower,1
CUST106930,Wealth Builder,3
CUST106931,Lifestyle Spender,0
CUST106932,Steady Saver,2
CUST106933,Steady Saver,2
CUST106934,Banking Elsewhere,4
CUST106935,Steady Saver,2
CUST106936,Steady Saver,2
CUST106937,Banking Elsewhere,4
CUST106938,Steady Saver,2
CUST106939,Steady Saver,2
CUST106940,Stretched Borrower,1
CUST106941,Stretched Borrower,1
CUST106942,Wealth Builder,3
CUST106943,Stretched Borrower,1
CUST106944,Wealth Builder,3
CUST106945,Steady Saver,2
CUST106946,Steady Saver,2
CUST106947,Lifestyle Spender,0
CUST106948,Steady Saver,2
CUST106949,Banking Elsewhere,4
CUST106950,Stretched Borrower,1
CUST106951,Banking Elsewhere,4
CUST106952,Banking Elsewhere,4
CUST106953,Banking Elsewhere,4
CUST106954,Stretched Borrower,1
CUST106955,Banking Elsewhere,4
CUST106956,Steady Saver,2
CUST106957,Banking Elsewhere,4
CUST106958,Banking Elsewhere,4
CUST106959,Steady Saver,2
CUST106960,Banking Elsewhere,4
CUST106961,Banking Elsewhere,4
CUST106962,Wealth Builder,3
CUST106963,Steady Saver,2
CUST106964,Lifestyle Spender,0
CUST106965,Steady Saver,2
CUST106966,Banking Elsewhere,4
CUST106967,Lifestyle Spender,0
CUST106968,Wealth Builder,3
CUST106969,Stretched Borrower,1
CUST106970,Steady Saver,2
CUST106971,Banking Elsewhere,4
CUST106972,Banking Elsewhere,4
CUST106973,Stretched Borrower,1
CUST106974,Banking Elsewhere,4
CUST106975,Steady Saver,2
CUST106976,Wealth Builder,3
CUST106977,Wealth Builder,3
CUST106978,Steady Saver,2
CUST106979,Stretched Borrower,1
CUST106980,Wealth Builder,3
CUST106981,Steady Saver,2
CUST106982,Banking Elsewhere,4
CUST106983,Wealth Builder,3
CUST106984,Lifestyle Spender,0
CUST106985,Banking Elsewhere,4
CUST106986,Stretched Borrower,1
CUST106987,Banking Elsewhere,4
CUST106988,Lifestyle Spender,0
CUST106989,Lifestyle Spender,0
CUST106990,Steady Saver,2
CUST106991,Wealth Builder,3
CUST106992,Banking Elsewhere,4
CUST106993,Steady Saver,2
CUST106994,Wealth Builder,3
CUST106995,Wealth Builder,3
CUST106996,Wealth Builder,3
CUST106997,Banking Elsewhere,4
CUST106998,Steady Saver,2
CUST106999,Stretched Borrower,1
CUST107000,Banking Elsewhere,4
CUST107001,Lifestyle Spender,0
CUST107002,Wealth Builder,3
CUST107003,Steady Saver,2
CUST107004,Steady Saver,2
CUST107005,Steady Saver,2
CUST107006,Steady Saver,2
CUST107007,Steady Saver,2
CUST107008,Stretched Borrower,1
CUST107009,Banking Elsewhere,4
CUST107010,Stretched Borrower,1
CUST107011,Steady Saver,2
CUST107012,Lifestyle Spender,0
CUST107013,Steady Saver,2
CUST107014,Stretched Borrower,1
CUST107015,Steady Saver,2
CUST107016,Lifestyle Spender,0
CUST107017,Lifestyle Spender,0
CUST107018,Wealth Builder,3
CUST107019,Stretched Borrower,1
CUST107020,Wealth Builder,3
CUST107021,Stretched Borrower,1
CUST107022,Wealth Builder,3
CUST107023,Wealth Builder,3
CUST107024,Lifestyle Spender,0
CUST107025,Wealth Builder,3
CUST107026,Wealth Builder,3
CUST107027,Banking Elsewhere,4
CUST107028,Steady Saver,2
CUST107029,Stretched Borrower,1
CUST107030,Lifestyle Spender,0
CUST107031,Steady Saver,2
CUST107032,Wealth Builder,3
CUST107033,Lifestyle Spender,0
CUST107034,Wealth Builder,3
CUST107035,Stretched Borrower,1
CUST107036,Steady Saver,2
CUST107037,Wealth Builder,3
CUST107038,Steady Saver,2
CUST107039,Wealth Builder,3
CUST107040,Wealth Builder,3
CUST107041,Wealth Builder,3
CUST107042,Stretched Borrower,1
CUST107043,Steady Saver,2
CUST107044,Wealth Builder,3
CUST107045,Wealth Builder,3
CUST107046,Wealth Builder,3
CUST107047,Banking Elsewhere,4
CUST107048,Banking Elsewhere,4
CUST107049,Wealth Builder,3
CUST107050,Banking Elsewhere,4
CUST107051,Steady Saver,2
CUST107052,Wealth Builder,3
CUST107053,Stretched Borrower,1
CUST107054,Lifestyle Spender,0
CUST107055,Lifestyle Spender,0
CUST107056,Lifestyle Spender,0
CUST107057,Steady Saver,2
CUST107058,Wealth Builder,3
CUST107059,Steady Saver,2
CUST107060,Lifestyle Spender,0
CUST107061,Wealth Builder,3
CUST107062,Steady Saver,2
CUST107063,Stretched Borrower,1
CUST107064,Wealth Builder,3
CUST107065,Lifestyle Spender,0
CUST107066,Banking Elsewhere,4
CUST107067,Lifestyle Spender,0
CUST107068,Lifestyle Spender,0
CUST107069,Wealth Builder,3
CUST107070,Steady Saver,2
CUST107071,Wealth Builder,3
CUST107072,Stretched Borrower,1
CUST107073,Lifestyle Spender,0
CUST107074,Wealth Builder,3
CUST107075,Stretched Borrower,1
CUST107076,Banking Elsewhere,4
CUST107077,Steady Saver,2
CUST107078,Stretched Borrower,1
CUST107079,Lifestyle Spender,0
CUST107080,Banking Elsewhere,4
CUST107081,Steady Saver,2
CUST107082,Banking Elsewhere,4
CUST107083,Wealth Builder,3
CUST107084,Wealth Builder,3
CUST107085,Lifestyle Spender,0
CUST107086,Wealth Builder,3
CUST107087,Lifestyle Spender,0
CUST107088,Lifestyle Spender,0
CUST107089,Banking Elsewhere,4
CUST107090,Steady Saver,2
CUST107091,Stretched Borrower,1
CUST107092,Steady Saver,2
CUST107093,Banking Elsewhere,4
CUST107094,Stretched Borrower,1
CUST107095,Stretched Borrower,1
CUST107096,Steady Saver,2
CUST107097,Stretched Borrower,1
CUST107098,Wealth Builder,3
CUST107099,Lifestyle Spender,0
CUST107100,Stretched Borrower,1
CUST107101,Banking Elsewhere,4
CUST107102,Banking Elsewhere,4
CUST107103,Wealth Builder,3
CUST107104,Wealth Builder,3
CUST107105,Wealth Builder,3
CUST107106,Steady Saver,2
CUST107107,Banking Elsewhere,4
CUST107108,Stretched Borrower,1
CUST107109,Banking Elsewhere,4
CUST107110,Steady Saver,2
CUST107111,Steady Saver,2
CUST107112,Banking Elsewhere,4
CUST107113,Wealth Builder,3
CUST107114,Lifestyle Spender,0
CUST107115,Wealth Builder,3
CUST107116,Steady Saver,2
CUST107117,Lifestyle Spender,0
CUST107118,Lifestyle Spender,0
CUST107119,Steady Saver,2
CUST107120,Steady Saver,2
CUST107121,Lifestyle Spender,0
CUST107122,Wealth Builder,3
CUST107123,Steady Saver,2
CUST107124,Stretched Borrower,1
CUST107125,Lifestyle Spender,0
CUST107126,Steady Saver,2
CUST107127,Wealth Builder,3
CUST107128,Stretched Borrower,1
CUST107129,Wealth Builder,3
CUST107130,Steady Saver,2
CUST107131,Wealth Builder,3
CUST107132,Banking Elsewhere,4
CUST107133,Stretched Borrower,1
CUST107134,Lifestyle Spender,0
CUST107135,Banking Elsewhere,4
CUST107136,Banking Elsewhere,4
CUST107137,Banking Elsewhere,4
CUST107138,Steady Saver,2
CUST107139,Wealth Builder,3
CUST107140,Steady Saver,2
CUST107141,Banking Elsewhere,4
CUST107142,Steady Saver,2
CUST107143,Stretched Borrower,1
CUST107144,Stretched Borrower,1
CUST107145,Lifestyle Spender,0
CUST107146,Wealth Builder,3
CUST107147,Steady Saver,2
CUST107148,Stretched Borrower,1
CUST107149,Stretched Borrower,1
CUST107150,Banking Elsewhere,4
CUST107151,Steady Saver,2
CUST107152,Stretched Borrower,1
CUST107153,Stretched Borrower,1
CUST107154,Lifestyle Spender,0
CUST107155,Lifestyle Spender,0
CUST107156,Steady Saver,2
CUST107157,Banking Elsewhere,4
CUST107158,Wealth Builder,3
CUST107159,Lifestyle Spender,0
CUST107160,Steady Saver,2
CUST107161,Lifestyle Spender,0
CUST107162,Banking Elsewhere,4
CUST107163,Wealth Builder,3
CUST107164,Steady Saver,2
CUST107165,Wealth Builder,3
CUST107166,Wealth Builder,3
CUST107167,Wealth Builder,3
CUST107168,Steady Saver,2
CUST107169,Wealth Builder,3
CUST107170,Banking Elsewhere,4
CUST107171,Wealth Builder,3
CUST107172,Banking Elsewhere,4
CUST107173,Banking Elsewhere,4
CUST107174,Banking Elsewhere,4
CUST107175,Wealth Builder,3
CUST107176,Steady Saver,2
CUST107177,Stretched Borrower,1
CUST107178,Steady Saver,2
CUST107179,Steady Saver,2
CUST107180,Stretched Borrower,1
CUST107181,Wealth Builder,3
CUST107182,Steady Saver,2
CUST107183,Banking Elsewhere,4
CUST107184,Steady Saver,2
CUST107185,Wealth Builder,3
CUST107186,Stretched Borrower,1
CUST107187,Banking Elsewhere,4
CUST107188,Banking Elsewhere,4
CUST107189,Wealth Builder,3
CUST107190,Lifestyle Spender,0
CUST107191,Wealth Builder,3
CUST107192,Banking Elsewhere,4
CUST107193,Lifestyle Spender,0
CUST107194,Stretched Borrower,1
CUST107195,Stretched Borrower,1
CUST107196,Banking Elsewhere,4
CUST107197,Wealth Builder,3
CUST107198,Steady Saver,2
CUST107199,Wealth Builder,3
CUST107200,Stretched Borrower,1
CUST107201,Steady Saver,2
CUST107202,Stretched Borrower,1
CUST107203,Stretched Borrower,1
CUST107204,Stretched Borrower,1
CUST107205,Banking Elsewhere,4
CUST107206,Steady Saver,2
CUST107207,Wealth Builder,3
CUST107208,Banking Elsewhere,4
CUST107209,Stretched Borrower,1
CUST107210,Wealth Builder,3
CUST107211,Stretched Borrower,1
CUST107212,Stretched Borrower,1
CUST107213,Banking Elsewhere,4
CUST107214,Steady Saver,2
CUST107215,Steady Saver,2
CUST107216,Stretched Borrower,1
CUST107217,Lifestyle Spender,0
CUST107218,Lifestyle Spender,0
CUST107219,Wealth Builder,3
CUST107220,Banking Elsewhere,4
CUST107221,Steady Saver,2
CUST107222,Stretched Borrower,1
CUST107223,Stretched Borrower,1
CUST107224,Lifestyle Spender,0
CUST107225,Wealth Builder,3
CUST107226,Wealth Builder,3
CUST107227,Banking Elsewhere,4
CUST107228,Wealth Builder,3
CUST107229,Lifestyle Spender,0
CUST107230,Steady Saver,2
CUST107231,Steady Saver,2
CUST107232,Wealth Builder,3
CUST107233,Steady Saver,2
CUST107234,Lifestyle Spender,0
CUST107235,Lifestyle Spender,0
CUST107236,Steady Saver,2
CUST107237,Steady Saver,2
CUST107238,Steady Saver,2
CUST107239,Steady Saver,2
CUST107240,Steady Saver,2
CUST107241,Lifestyle Spender,0
CUST107242,Steady Saver,2
CUST107243,Banking Elsewhere,4
CUST107244,Banking Elsewhere,4
CUST107245,Wealth Builder,3
CUST107246,Steady Saver,2
CUST107247,Lifestyle Spender,0
CUST107248,Stretched Borrower,1
CUST107249,Steady Saver,2
CUST107250,Lifestyle Spender,0
CUST107251,Stretched Borrower,1
CUST107252,Stretched Borrower,1
CUST107253,Banking Elsewhere,4
CUST107254,Steady Saver,2
CUST107255,Stretched Borrower,1
CUST107256,Stretched Borrower,1
CUST107257,Wealth Builder,3
CUST107258,Wealth Builder,3
CUST107259,Stretched Borrower,1
CUST107260,Wealth Builder,3
CUST107261,Lifestyle Spender,0
CUST107262,Lifestyle Spender,0
CUST107263,Steady Saver,2
CUST107264,Steady Saver,2
CUST107265,Steady Saver,2
CUST107266,Wealth Builder,3
CUST107267,Steady Saver,2
CUST107268,Steady Saver,2
CUST107269,Banking Elsewhere,4
CUST107270,Steady Saver,2
CUST107271,Steady Saver,2
CUST107272,Banking Elsewhere,4
CUST107273,Banking Elsewhere,4
CUST107274,Stretched Borrower,1
CUST107275,Stretched Borrower,1
CUST107276,Lifestyle Spender,0
CUST107277,Stretched Borrower,1
CUST107278,Steady Saver,2
CUST107279,Banking Elsewhere,4
CUST107280,Wealth Builder,3
CUST107281,Stretched Borrower,1
CUST107282,Stretched Borrower,1
CUST107283,Steady Saver,2
CUST107284,Wealth Builder,3
CUST107285,Stretched Borrower,1
CUST107286,Stretched Borrower,1
CUST107287,Lifestyle Spender,0
CUST107288,Lifestyle Spender,0
CUST107289,Steady Saver,2
CUST107290,Steady Saver,2
CUST107291,Steady Saver,2
CUST107292,Steady Saver,2
CUST107293,Banking Elsewhere,4
CUST107294,Banking Elsewhere,4
CUST107295,Lifestyle Spender,0
CUST107296,Steady Saver,2
CUST107297,Banking Elsewhere,4
CUST107298,Wealth Builder,3
CUST107299,Steady Saver,2
CUST107300,Stretched Borrower,1
CUST107301,Banking Elsewhere,4
CUST107302,Steady Saver,2
CUST107303,Steady Saver,2
CUST107304,Lifestyle Spender,0
CUST107305,Wealth Builder,3
CUST107306,Banking Elsewhere,4
CUST107307,Lifestyle Spender,0
CUST107308,Steady Saver,2
CUST107309,Steady Saver,2
CUST107310,Banking Elsewhere,4
CUST107311,Banking Elsewhere,4
CUST107312,Banking Elsewhere,4
CUST107313,Wealth Builder,3
CUST107314,Stretched Borrower,1
CUST107315,Banking Elsewhere,4
CUST107316,Stretched Borrower,1
CUST107317,Steady Saver,2
CUST107318,Steady Saver,2
CUST107319,Wealth Builder,3
CUST107320,Lifestyle Spender,0
CUST107321,Wealth Builder,3
CUST107322,Steady Saver,2
CUST107323,Steady Saver,2
CUST107324,Steady Saver,2
CUST107325,Banking Elsewhere,4
CUST107326,Steady Saver,2
CUST107327,Stretched Borrower,1
CUST107328,Banking Elsewhere,4
CUST107329,Wealth Builder,3
CUST107330,Lifestyle Spender,0
CUST107331,Banking Elsewhere,4
CUST107332,Stretched Borrower,1
CUST107333,Banking Elsewhere,4
CUST107334,Banking Elsewhere,4
CUST107335,Stretched Borrower,1
CUST107336,Stretched Borrower,1
CUST107337,Lifestyle Spender,0
CUST107338,Banking Elsewhere,4
CUST107339,Steady Saver,2
CUST107340,Lifestyle Spender,0
CUST107341,Steady Saver,2
CUST107342,Wealth Builder,3
CUST107343,Wealth Builder,3
CUST107344,Banking Elsewhere,4
CUST107345,Lifestyle Spender,0
CUST107346,Banking Elsewhere,4
CUST107347,Stretched Borrower,1
CUST107348,Steady Saver,2
CUST107349,Stretched Borrower,1
CUST107350,Wealth Builder,3
CUST107351,Banking Elsewhere,4
CUST107352,Wealth Builder,3
CUST107353,Lifestyle Spender,0
CUST107354,Wealth Builder,3
CUST107355,Wealth Builder,3
CUST107356,Steady Saver,2
CUST107357,Stretched Borrower,1
CUST107358,Wealth Builder,3
CUST107359,Stretched Borrower,1
CUST107360,Stretched Borrower,1
CUST107361,Lifestyle Spender,0
CUST107362,Stretched Borrower,1
CUST107363,Lifestyle Spender,0
CUST107364,Steady Saver,2
CUST107365,Lifestyle Spender,0
CUST107366,Lifestyle Spender,0
CUST107367,Wealth Builder,3
CUST107368,Wealth Builder,3
CUST107369,Wealth Builder,3
CUST107370,Wealth Builder,3
CUST107371,Steady Saver,2
CUST107372,Steady Saver,2
CUST107373,Steady Saver,2
CUST107374,Steady Saver,2
CUST107375,Lifestyle Spender,0
CUST107376,Steady Saver,2
CUST107377,Steady Saver,2
CUST107378,Wealth Builder,3
CUST107379,Stretched Borrower,1
CUST107380,Steady Saver,2
CUST107381,Lifestyle Spender,0
CUST107382,Lifestyle Spender,0
CUST107383,Wealth Builder,3
CUST107384,Lifestyle Spender,0
CUST107385,Banking Elsewhere,4
CUST107386,Wealth Builder,3
CUST107387,Wealth Builder,3
CUST107388,Banking Elsewhere,4
CUST107389,Banking Elsewhere,4
CUST107390,Banking Elsewhere,4
CUST107391,Banking Elsewhere,4
CUST107392,Banking Elsewhere,4
CUST107393,Lifestyle Spender,0
CUST107394,Steady Saver,2
CUST107395,Lifestyle Spender,0
CUST107396,Stretched Borrower,1
CUST107397,Steady Saver,2
CUST107398,Banking Elsewhere,4
CUST107399,Steady Saver,2
CUST107400,Banking Elsewhere,4
CUST107401,Steady Saver,2
CUST107402,Banking Elsewhere,4
CUST107403,Lifestyle Spender,0
CUST107404,Lifestyle Spender,0
CUST107405,Banking Elsewhere,4
CUST107406,Stretched Borrower,1
CUST107407,Steady Saver,2
CUST107408,Wealth Builder,3
CUST107409,Steady Saver,2
CUST107410,Lifestyle Spender,0
CUST107411,Stretched Borrower,1
CUST107412,Steady Saver,2
CUST107413,Wealth Builder,3
CUST107414,Banking Elsewhere,4
CUST107415,Steady Saver,2
CUST107416,Lifestyle Spender,0
CUST107417,Steady Saver,2
CUST107418,Banking Elsewhere,4
CUST107419,Wealth Builder,3
CUST107420,Stretched Borrower,1
CUST107421,Wealth Builder,3
CUST107422,Steady Saver,2
CUST107423,Steady Saver,2
CUST107424,Wealth Builder,3
CUST107425,Lifestyle Spender,0
CUST107426,Steady Saver,2
CUST107427,Steady Saver,2
CUST107428,Banking Elsewhere,4
CUST107429,Lifestyle Spender,0
CUST107430,Steady Saver,2
CUST107431,Stretched Borrower,1
CUST107432,Banking Elsewhere,4
CUST107433,Wealth Builder,3
CUST107434,Stretched Borrower,1
CUST107435,Banking Elsewhere,4
CUST107436,Stretched Borrower,1
CUST107437,Steady Saver,2
CUST107438,Stretched Borrower,1
CUST107439,Stretched Borrower,1
CUST107440,Wealth Builder,3
CUST107441,Lifestyle Spender,0
CUST107442,Lifestyle Spender,0
CUST107443,Lifestyle Spender,0
CUST107444,Steady Saver,2
CUST107445,Banking Elsewhere,4
CUST107446,Banking Elsewhere,4
CUST107447,Lifestyle Spender,0
CUST107448,Banking Elsewhere,4
CUST107449,Stretched Borrower,1
CUST107450,Lifestyle Spender,0
CUST107451,Banking Elsewhere,4
CUST107452,Steady Saver,2
CUST107453,Steady Saver,2
CUST107454,Steady Saver,2
CUST107455,Lifestyle Spender,0
CUST107456,Lifestyle Spender,0
CUST107457,Steady Saver,2
CUST107458,Wealth Builder,3
CUST107459,Wealth Builder,3
CUST107460,Banking Elsewhere,4
CUST107461,Banking Elsewhere,4
CUST107462,Wealth Builder,3
CUST107463,Wealth Builder,3
CUST107464,Banking Elsewhere,4
CUST107465,Steady Saver,2
CUST107466,Steady Saver,2
CUST107467,Steady Saver,2
CUST107468,Wealth Builder,3
CUST107469,Steady Saver,2
CUST107470,Stretched Borrower,1
CUST107471,Stretched Borrower,1
CUST107472,Lifestyle Spender,0
CUST107473,Banking Elsewhere,4
CUST107474,Steady Saver,2
CUST107475,Lifestyle Spender,0
CUST107476,Steady Saver,2
CUST107477,Lifestyle Spender,0
CUST107478,Steady Saver,2
CUST107479,Lifestyle Spender,0
CUST107480,Lifestyle Spender,0
CUST107481,Lifestyle Spender,0
CUST107482,Lifestyle Spender,0
CUST107483,Lifestyle Spender,0
CUST107484,Steady Saver,2
CUST107485,Steady Saver,2
CUST107486,Wealth Builder,3
CUST107487,Steady Saver,2
CUST107488,Lifestyle Spender,0
CUST107489,Stretched Borrower,1
CUST107490,Wealth Builder,3
CUST107491,Steady Saver,2
CUST107492,Steady Saver,2
CUST107493,Banking Elsewhere,4
CUST107494,Steady Saver,2
CUST107495,Wealth Builder,3
CUST107496,Banking Elsewhere,4
CUST107497,Stretched Borrower,1
CUST107498,Banking Elsewhere,4
CUST107499,Steady Saver,2
CUST107500,Stretched Borrower,1
CUST107501,Banking Elsewhere,4
CUST107502,Lifestyle Spender,0
CUST107503,Lifestyle Spender,0
CUST107504,Stretched Borrower,1
CUST107505,Steady Saver,2
CUST107506,Banking Elsewhere,4
CUST107507,Stretched Borrower,1
CUST107508,Lifestyle Spender,0
CUST107509,Wealth Builder,3
CUST107510,Steady Saver,2
CUST107511,Wealth Builder,3
CUST107512,Lifestyle Spender,0
CUST107513,Banking Elsewhere,4
CUST107514,Wealth Builder,3
CUST107515,Lifestyle Spender,0
CUST107516,Wealth Builder,3
CUST107517,Wealth Builder,3
CUST107518,Banking Elsewhere,4
CUST107519,Steady Saver,2
CUST107520,Wealth Builder,3
CUST107521,Banking Elsewhere,4
CUST107522,Wealth Builder,3
CUST107523,Banking Elsewhere,4
CUST107524,Banking Elsewhere,4
CUST107525,Wealth Builder,3
CUST107526,Wealth Builder,3
CUST107527,Stretched Borrower,1
CUST107528,Banking Elsewhere,4
CUST107529,Stretched Borrower,1
CUST107530,Wealth Builder,3
CUST107531,Banking Elsewhere,4
CUST107532,Stretched Borrower,1
CUST107533,Steady Saver,2
CUST107534,Stretched Borrower,1
CUST107535,Wealth Builder,3
CUST107536,Lifestyle Spender,0
CUST107537,Steady Saver,2
CUST107538,Lifestyle Spender,0
CUST107539,Banking Elsewhere,4
CUST107540,Stretched Borrower,1
CUST107541,Lifestyle Spender,0
CUST107542,Steady Saver,2
CUST107543,Stretched Borrower,1
CUST107544,Wealth Builder,3
CUST107545,Wealth Builder,3
CUST107546,Steady Saver,2
CUST107547,Banking Elsewhere,4
CUST107548,Steady Saver,2
CUST107549,Stretched Borrower,1
CUST107550,Banking Elsewhere,4
CUST107551,Wealth Builder,3
CUST107552,Stretched Borrower,1
CUST107553,Wealth Builder,3
CUST107554,Steady Saver,2
CUST107555,Steady Saver,2
CUST107556,Banking Elsewhere,4
CUST107557,Wealth Builder,3
CUST107558,Wealth Builder,3
CUST107559,Banking Elsewhere,4
CUST107560,Lifestyle Spender,0
CUST107561,Lifestyle Spender,0
CUST107562,Stretched Borrower,1
CUST107563,Banking Elsewhere,4
CUST107564,Banking Elsewhere,4
CUST107565,Lifestyle Spender,0
CUST107566,Banking Elsewhere,4
CUST107567,Steady Saver,2
CUST107568,Steady Saver,2
CUST107569,Stretched Borrower,1
CUST107570,Wealth Builder,3
CUST107571,Banking Elsewhere,4
CUST107572,Lifestyle Spender,0
CUST107573,Wealth Builder,3
CUST107574,Stretched Borrower,1
CUST107575,Wealth Builder,3
CUST107576,Banking Elsewhere,4
CUST107577,Steady Saver,2
CUST107578,Steady Saver,2
CUST107579,Lifestyle Spender,0
CUST107580,Stretched Borrower,1
CUST107581,Banking Elsewhere,4
CUST107582,Banking Elsewhere,4
CUST107583,Wealth Builder,3
CUST107584,Steady Saver,2
CUST107585,Banking Elsewhere,4
CUST107586,Banking Elsewhere,4
CUST107587,Stretched Borrower,1
CUST107588,Stretched Borrower,1
CUST107589,Stretched Borrower,1
CUST107590,Wealth Builder,3
CUST107591,Banking Elsewhere,4
CUST107592,Wealth Builder,3
CUST107593,Banking Elsewhere,4
CUST107594,Lifestyle Spender,0
CUST107595,Wealth Builder,3
CUST107596,Lifestyle Spender,0
CUST107597,Lifestyle Spender,0
CUST107598,Banking Elsewhere,4
CUST107599,Wealth Builder,3
CUST107600,Banking Elsewhere,4
CUST107601,Stretched Borrower,1
CUST107602,Stretched Borrower,1
CUST107603,Steady Saver,2
CUST107604,Stretched Borrower,1
CUST107605,Lifestyle Spender,0
CUST107606,Wealth Builder,3
CUST107607,Lifestyle Spender,0
CUST107608,Steady Saver,2
CUST107609,Wealth Builder,3
CUST107610,Banking Elsewhere,4
CUST107611,Steady Saver,2
CUST107612,Wealth Builder,3
CUST107613,Lifestyle Spender,0
CUST107614,Lifestyle Spender,0
CUST107615,Banking Elsewhere,4
CUST107616,Wealth Builder,3
CUST107617,Wealth Builder,3
CUST107618,Lifestyle Spender,0
CUST107619,Banking Elsewhere,4
CUST107620,Wealth Builder,3
CUST107621,Wealth Builder,3
CUST107622,Banking Elsewhere,4
CUST107623,Banking Elsewhere,4
CUST107624,Wealth Builder,3
CUST107625,Steady Saver,2
CUST107626,Stretched Borrower,1
CUST107627,Banking Elsewhere,4
CUST107628,Steady Saver,2
CUST107629,Steady Saver,2
CUST107630,Wealth Builder,3
CUST107631,Stretched Borrower,1
CUST107632,Wealth Builder,3
CUST107633,Banking Elsewhere,4
CUST107634,Steady Saver,2
CUST107635,Stretched Borrower,1
CUST107636,Banking Elsewhere,4
CUST107637,Wealth Builder,3
CUST107638,Steady Saver,2
CUST107639,Banking Elsewhere,4
CUST107640,Wealth Builder,3
CUST107641,Lifestyle Spender,0
CUST107642,Wealth Builder,3
CUST107643,Lifestyle Spender,0
CUST107644,Steady Saver,2
CUST107645,Lifestyle Spender,0
CUST107646,Banking Elsewhere,4
CUST107647,Steady Saver,2
CUST107648,Lifestyle Spender,0
CUST107649,Wealth Builder,3
CUST107650,Stretched Borrower,1
CUST107651,Lifestyle Spender,0
CUST107652,Wealth Builder,3
CUST107653,Steady Saver,2
CUST107654,Wealth Builder,3
CUST107655,Stretched Borrower,1
CUST107656,Wealth Builder,3
CUST107657,Lifestyle Spender,0
CUST107658,Banking Elsewhere,4
CUST107659,Stretched Borrower,1
CUST107660,Wealth Builder,3
CUST107661,Lifestyle Spender,0
CUST107662,Steady Saver,2
CUST107663,Banking Elsewhere,4
CUST107664,Lifestyle Spender,0
CUST107665,Lifestyle Spender,0
CUST107666,Wealth Builder,3
CUST107667,Steady Saver,2
CUST107668,Banking Elsewhere,4
CUST107669,Steady Saver,2
CUST107670,Banking Elsewhere,4
CUST107671,Steady Saver,2
CUST107672,Banking Elsewhere,4
CUST107673,Lifestyle Spender,0
CUST107674,Lifestyle Spender,0
CUST107675,Banking Elsewhere,4
CUST107676,Steady Saver,2
CUST107677,Banking Elsewhere,4
CUST107678,Steady Saver,2
CUST107679,Banking Elsewhere,4
CUST107680,Lifestyle Spender,0
CUST107681,Steady Saver,2
CUST107682,Steady Saver,2
CUST107683,Steady Saver,2
CUST107684,Stretched Borrower,1
CUST107685,Stretched Borrower,1
CUST107686,Wealth Builder,3
CUST107687,Lifestyle Spender,0
CUST107688,Wealth Builder,3
CUST107689,Banking Elsewhere,4
CUST107690,Steady Saver,2
CUST107691,Wealth Builder,3
CUST107692,Lifestyle Spender,0
CUST107693,Stretched Borrower,1
CUST107694,Banking Elsewhere,4
CUST107695,Wealth Builder,3
CUST107696,Stretched Borrower,1
CUST107697,Wealth Builder,3
CUST107698,Wealth Builder,3
CUST107699,Steady Saver,2
CUST107700,Banking Elsewhere,4
CUST107701,Wealth Builder,3
CUST107702,Wealth Builder,3
CUST107703,Banking Elsewhere,4
CUST107704,Steady Saver,2
CUST107705,Steady Saver,2
CUST107706,Wealth Builder,3
CUST107707,Stretched Borrower,1
CUST107708,Banking Elsewhere,4
CUST107709,Lifestyle Spender,0
CUST107710,Lifestyle Spender,0
CUST107711,Banking Elsewhere,4
CUST107712,Stretched Borrower,1
CUST107713,Steady Saver,2
CUST107714,Lifestyle Spender,0
CUST107715,Banking Elsewhere,4
CUST107716,Banking Elsewhere,4
CUST107717,Lifestyle Spender,0
CUST107718,Banking Elsewhere,4
CUST107719,Steady Saver,2
CUST107720,Stretched Borrower,1
CUST107721,Lifestyle Spender,0
CUST107722,Lifestyle Spender,0
CUST107723,Steady Saver,2
CUST107724,Banking Elsewhere,4
CUST107725,Banking Elsewhere,4
CUST107726,Stretched Borrower,1
CUST107727,Steady Saver,2
CUST107728,Banking Elsewhere,4
CUST107729,Wealth Builder,3
CUST107730,Lifestyle Spender,0
CUST107731,Steady Saver,2
CUST107732,Banking Elsewhere,4
CUST107733,Lifestyle Spender,0
CUST107734,Wealth Builder,3
CUST107735,Stretched Borrower,1
CUST107736,Wealth Builder,3
CUST107737,Lifestyle Spender,0
CUST107738,Steady Saver,2
CUST107739,Stretched Borrower,1
CUST107740,Banking Elsewhere,4
CUST107741,Banking Elsewhere,4
CUST107742,Banking Elsewhere,4
CUST107743,Lifestyle Spender,0
CUST107744,Banking Elsewhere,4
CUST107745,Lifestyle Spender,0
CUST107746,Stretched Borrower,1
CUST107747,Lifestyle Spender,0
CUST107748,Wealth Builder,3
CUST107749,Lifestyle Spender,0
CUST107750,Lifestyle Spender,0
CUST107751,Steady Saver,2
CUST107752,Steady Saver,2
CUST107753,Steady Saver,2
CUST107754,Lifestyle Spender,0
CUST107755,Wealth Builder,3
CUST107756,Banking Elsewhere,4
CUST107757,Steady Saver,2
CUST107758,Steady Saver,2
CUST107759,Wealth Builder,3
CUST107760,Stretched Borrower,1
CUST107761,Wealth Builder,3
CUST107762,Stretched Borrower,1
CUST107763,Banking Elsewhere,4
CUST107764,Stretched Borrower,1
CUST107765,Steady Saver,2
CUST107766,Steady Saver,2
CUST107767,Wealth Builder,3
CUST107768,Wealth Builder,3
CUST107769,Stretched Borrower,1
CUST107770,Steady Saver,2
CUST107771,Wealth Builder,3
CUST107772,Wealth Builder,3
CUST107773,Wealth Builder,3
CUST107774,Banking Elsewhere,4
CUST107775,Banking Elsewhere,4
CUST107776,Wealth Builder,3
CUST107777,Lifestyle Spender,0
CUST107778,Stretched Borrower,1
CUST107779,Banking Elsewhere,4
CUST107780,Banking Elsewhere,4
CUST107781,Stretched Borrower,1
CUST107782,Steady Saver,2
CUST107783,Lifestyle Spender,0
CUST107784,Wealth Builder,3
CUST107785,Banking Elsewhere,4
CUST107786,Steady Saver,2
CUST107787,Wealth Builder,3
CUST107788,Banking Elsewhere,4
CUST107789,Wealth Builder,3
CUST107790,Wealth Builder,3
CUST107791,Steady Saver,2
CUST107792,Steady Saver,2
CUST107793,Banking Elsewhere,4
CUST107794,Banking Elsewhere,4
CUST107795,Steady Saver,2
CUST107796,Banking Elsewhere,4
CUST107797,Lifestyle Spender,0
CUST107798,Banking Elsewhere,4
CUST107799,Lifestyle Spender,0
CUST107800,Lifestyle Spender,0
CUST107801,Wealth Builder,3
CUST107802,Wealth Builder,3
CUST107803,Lifestyle Spender,0
CUST107804,Banking Elsewhere,4
CUST107805,Steady Saver,2
CUST107806,Stretched Borrower,1
CUST107807,Steady Saver,2
CUST107808,Wealth Builder,3
CUST107809,Stretched Borrower,1
CUST107810,Wealth Builder,3
CUST107811,Banking Elsewhere,4
CUST107812,Wealth Builder,3
CUST107813,Lifestyle Spender,0
CUST107814,Banking Elsewhere,4
CUST107815,Banking Elsewhere,4
CUST107816,Stretched Borrower,1
CUST107817,Steady Saver,2
CUST107818,Lifestyle Spender,0
CUST107819,Banking Elsewhere,4
CUST107820,Steady Saver,2
CUST107821,Wealth Builder,3
CUST107822,Stretched Borrower,1
CUST107823,Lifestyle Spender,0
CUST107824,Steady Saver,2
CUST107825,Banking Elsewhere,4
CUST107826,Stretched Borrower,1
CUST107827,Wealth Builder,3
CUST107828,Wealth Builder,3
CUST107829,Steady Saver,2
CUST107830,Steady Saver,2
CUST107831,Steady Saver,2
CUST107832,Wealth Builder,3
CUST107833,Steady Saver,2
CUST107834,Lifestyle Spender,0
CUST107835,Wealth Builder,3
CUST107836,Steady Saver,2
CUST107837,Stretched Borrower,1
CUST107838,Lifestyle Spender,0
CUST107839,Lifestyle Spender,0
CUST107840,Stretched Borrower,1
CUST107841,Wealth Builder,3
CUST107842,Steady Saver,2
CUST107843,Stretched Borrower,1
CUST107844,Steady Saver,2
CUST107845,Stretched Borrower,1
CUST107846,Banking Elsewhere,4
CUST107847,Steady Saver,2
CUST107848,Steady Saver,2
CUST107849,Lifestyle Spender,0
CUST107850,Steady Saver,2
CUST107851,Lifestyle Spender,0
CUST107852,Banking Elsewhere,4
CUST107853,Wealth Builder,3
CUST107854,Steady Saver,2
CUST107855,Steady Saver,2
CUST107856,Steady Saver,2
CUST107857,Steady Saver,2
CUST107858,Lifestyle Spender,0
CUST107859,Steady Saver,2
CUST107860,Banking Elsewhere,4
CUST107861,Steady Saver,2
CUST107862,Lifestyle Spender,0
CUST107863,Lifestyle Spender,0
CUST107864,Banking Elsewhere,4
CUST107865,Steady Saver,2
CUST107866,Wealth Builder,3
CUST107867,Banking Elsewhere,4
CUST107868,Lifestyle Spender,0
CUST107869,Lifestyle Spender,0
CUST107870,Wealth Builder,3
CUST107871,Stretched Borrower,1
CUST107872,Steady Saver,2
CUST107873,Steady Saver,2
CUST107874,Lifestyle Spender,0
CUST107875,Steady Saver,2
CUST107876,Stretched Borrower,1
CUST107877,Lifestyle Spender,0
CUST107878,Lifestyle Spender,0
CUST107879,Banking Elsewhere,4
CUST107880,Banking Elsewhere,4
CUST107881,Stretched Borrower,1
CUST107882,Lifestyle Spender,0
CUST107883,Wealth Builder,3
CUST107884,Wealth Builder,3
CUST107885,Stretched Borrower,1
CUST107886,Banking Elsewhere,4
CUST107887,Banking Elsewhere,4
CUST107888,Banking Elsewhere,4
CUST107889,Steady Saver,2
CUST107890,Stretched Borrower,1
CUST107891,Lifestyle Spender,0
CUST107892,Wealth Builder,3
CUST107893,Steady Saver,2
CUST107894,Steady Saver,2
CUST107895,Lifestyle Spender,0
CUST107896,Lifestyle Spender,0
CUST107897,Banking Elsewhere,4
CUST107898,Stretched Borrower,1
CUST107899,Steady Saver,2
CUST107900,Lifestyle Spender,0
CUST107901,Wealth Builder,3
CUST107902,Lifestyle Spender,0
CUST107903,Wealth Builder,3
CUST107904,Stretched Borrower,1
CUST107905,Steady Saver,2
CUST107906,Banking Elsewhere,4
CUST107907,Stretched Borrower,1
CUST107908,Stretched Borrower,1
CUST107909,Banking Elsewhere,4
CUST107910,Wealth Builder,3
CUST107911,Wealth Builder,3
CUST107912,Steady Saver,2
CUST107913,Wealth Builder,3
CUST107914,Lifestyle Spender,0
CUST107915,Wealth Builder,3
CUST107916,Stretched Borrower,1
CUST107917,Lifestyle Spender,0
CUST107918,Lifestyle Spender,0
CUST107919,Lifestyle Spender,0
CUST107920,Steady Saver,2
CUST107921,Lifestyle Spender,0
CUST107922,Banking Elsewhere,4
CUST107923,Steady Saver,2
CUST107924,Lifestyle Spender,0
CUST107925,Banking Elsewhere,4
CUST107926,Steady Saver,2
CUST107927,Stretched Borrower,1
CUST107928,Banking Elsewhere,4
CUST107929,Steady Saver,2
CUST107930,Steady Saver,2
CUST107931,Steady Saver,2
CUST107932,Steady Saver,2
CUST107933,Wealth Builder,3
CUST107934,Lifestyle Spender,0
CUST107935,Wealth Builder,3
CUST107936,Banking Elsewhere,4
CUST107937,Wealth Builder,3
CUST107938,Banking Elsewhere,4
CUST107939,Wealth Builder,3
CUST107940,Stretched Borrower,1
CUST107941,Banking Elsewhere,4
CUST107942,Lifestyle Spender,0
CUST107943,Lifestyle Spender,0
CUST107944,Lifestyle Spender,0
CUST107945,Stretched Borrower,1
CUST107946,Steady Saver,2
CUST107947,Stretched Borrower,1
CUST107948,Steady Saver,2
CUST107949,Stretched Borrower,1
CUST107950,Banking Elsewhere,4
CUST107951,Lifestyle Spender,0
CUST107952,Lifestyle Spender,0
CUST107953,Wealth Builder,3
CUST107954,Wealth Builder,3
CUST107955,Stretched Borrower,1
CUST107956,Steady Saver,2
CUST107957,Banking Elsewhere,4
CUST107958,Banking Elsewhere,4
CUST107959,Steady Saver,2
CUST107960,Steady Saver,2
CUST107961,Wealth Builder,3
CUST107962,Lifestyle Spender,0
CUST107963,Wealth Builder,3
CUST107964,Wealth Builder,3
CUST107965,Banking Elsewhere,4
CUST107966,Stretched Borrower,1
CUST107967,Stretched Borrower,1
CUST107968,Wealth Builder,3
CUST107969,Wealth Builder,3
CUST107970,Stretched Borrower,1
CUST107971,Steady Saver,2
CUST107972,Lifestyle Spender,0
CUST107973,Lifestyle Spender,0
CUST107974,Steady Saver,2
CUST107975,Banking Elsewhere,4
CUST107976,Stretched Borrower,1
CUST107977,Stretched Borrower,1
CUST107978,Stretched Borrower,1
CUST107979,Stretched Borrower,1
CUST107980,Banking Elsewhere,4
CUST107981,Banking Elsewhere,4
CUST107982,Steady Saver,2
CUST107983,Stretched Borrower,1
CUST107984,Wealth Builder,3
CUST107985,Wealth Builder,3
CUST107986,Lifestyle Spender,0
CUST107987,Banking Elsewhere,4
CUST107988,Wealth Builder,3
CUST107989,Stretched Borrower,1
CUST107990,Banking Elsewhere,4
CUST107991,Wealth Builder,3
CUST107992,Lifestyle Spender,0
CUST107993,Wealth Builder,3
CUST107994,Steady Saver,2
CUST107995,Wealth Builder,3
CUST107996,Steady Saver,2
CUST107997,Wealth Builder,3
CUST107998,Wealth Builder,3
CUST107999,Stretched Borrower,1
