customer_id,lead_priority,campaign,segment,home_branch,mobile,email,best_contact_slot,propensity_score,monthly_income,rent_amount,existing_emi,eligible_loan,eligible_emi,funding_power_today,dp_readiness_band,share_of_wallet,rm_action
CUST105116,P1 - Call today,Rent-to-EMI - Hot,Lifestyle Spender,MG Road,+91-9866443394,customer105116@example.com,10am-1pm,0.987,60700.0,12500.0,16500.0,1584000.0,13800.0,713000.0,Ready now,0.058,"HOT LEAD. Rent Rs 12,500 (21% of income). Eligible Rs 16L at EMI Rs 13,800. Down payment already funded (Rs 7L available)."
CUST107511,P1 - Call today,Rent-to-EMI - Hot,Wealth Builder,Jayanagar,+91-9104231339,customer107511@example.com,10am-1pm,0.987,123400.0,50600.0,0.0,7764000.0,67900.0,4314000.0,Ready now,0.544,"HOT LEAD. Rent Rs 50,600 (41% of income). Eligible Rs 78L at EMI Rs 67,900. Down payment already funded (Rs 43L available)."
CUST103116,P1 - Call today,Rent-to-EMI - Hot,Wealth Builder,Whitefield,+91-9284336970,customer103116@example.com,4pm-7pm,0.986,67400.0,24300.0,7100.0,2657000.0,23200.0,3116000.0,Ready now,0.615,"HOT LEAD. Rent Rs 24,300 (36% of income). Eligible Rs 27L at EMI Rs 23,200. Down payment already funded (Rs 31L available)."
CUST104106,P1 - Call today,Rent-to-EMI - Hot,Wealth Builder,Electronic City,+91-9358689837,customer104106@example.com,10am-1pm,0.986,98100.0,26700.0,8100.0,4684000.0,41000.0,5400000.0,Ready now,0.871,"HOT LEAD. Rent Rs 26,700 (27% of income). Eligible Rs 47L at EMI Rs 41,000. Down payment already funded (Rs 54L available)."
CUST100725,P1 - Call today,Rent-to-EMI - Hot,Wealth Builder,Jayanagar,+91-9537165680,customer100725@example.com,1pm-4pm,0.984,97900.0,22300.0,21400.0,3152000.0,27600.0,2800000.0,Ready now,0.543,"HOT LEAD. Rent Rs 22,300 (23% of income). Eligible Rs 32L at EMI Rs 27,600. Down payment already funded (Rs 28L available)."
CUST101704,P1 - Call today,Rent-to-EMI - Hot,Wealth Builder,Jayanagar,+91-9764117103,customer101704@example.com,7pm-9pm,0.981,184500.0,73100.0,0.0,11608000.0,101500.0,9372000.0,Ready now,0.466,"HOT LEAD. Rent Rs 73,100 (40% of income). Eligible Rs 116L at EMI Rs 101,500. Down payment already funded (Rs 94L available)."
CUST100497,P1 - Call today,Rent-to-EMI - Hot,Wealth Builder,MG Road,+91-9263678938,customer100497@example.com,7pm-9pm,0.98,38100.0,7700.0,5200.0,1584000.0,13800.0,1036000.0,Ready now,0.363,"HOT LEAD. Rent Rs 7,700 (20% of income). Eligible Rs 16L at EMI Rs 13,800. Down payment already funded (Rs 10L available)."
CUST100886,P1 - Call today,Rent-to-EMI - Hot,Wealth Builder,Whitefield,+91-9631399026,customer100886@example.com,10am-1pm,0.979,132800.0,55400.0,13900.0,6765000.0,59100.0,5384000.0,Ready now,0.457,"HOT LEAD. Rent Rs 55,400 (42% of income). Eligible Rs 68L at EMI Rs 59,100. Down payment already funded (Rs 54L available)."
CUST101258,P1 - Call today,Home Loan - Ready,Steady Saver,Koramangala,+91-9111797558,customer101258@example.com,10am-1pm,0.977,40600.0,0.0,0.0,2322000.0,20300.0,1517000.0,Ready now,0.999,"READY LEAD (no rent outflow - may be living with family). Eligible Rs 23L at EMI Rs 20,300. Down payment funded (Rs 15L). Segment: Steady Saver."
CUST104091,P1 - Call today,Home Loan - Ready,Steady Saver,Koramangala,+91-9988707471,customer104091@example.com,7pm-9pm,0.974,164700.0,0.0,13100.0,7922000.0,69200.0,7658000.0,Ready now,0.487,"READY LEAD (no rent outflow - may be living with family). Eligible Rs 79L at EMI Rs 69,200. Down payment funded (Rs 77L). Segment: Steady Saver."
CUST100898,P1 - Call today,Rent-to-EMI - Hot,Wealth Builder,MG Road,+91-9889634830,customer100898@example.com,7pm-9pm,0.973,98800.0,40800.0,0.0,5086000.0,44500.0,3144000.0,Ready now,0.999,"HOT LEAD. Rent Rs 40,800 (41% of income). Eligible Rs 51L at EMI Rs 44,500. Down payment already funded (Rs 31L available)."
CUST102857,P1 - Call today,Rent-to-EMI - Hot,Wealth Builder,Koramangala,+91-9491387019,customer102857@example.com,7pm-9pm,0.973,74200.0,15600.0,8000.0,2904000.0,25400.0,2494000.0,Ready now,0.576,"HOT LEAD. Rent Rs 15,600 (21% of income). Eligible Rs 29L at EMI Rs 25,400. Down payment already funded (Rs 25L available)."
CUST105898,P1 - Call today,Rent-to-EMI - Hot,Wealth Builder,Whitefield,+91-9474373398,customer105898@example.com,10am-1pm,0.972,26100.0,4400.0,2100.0,1253000.0,11000.0,752000.0,Ready now,0.989,"HOT LEAD. Rent Rs 4,400 (17% of income). Eligible Rs 13L at EMI Rs 11,000. Down payment already funded (Rs 8L available)."
CUST102377,P1 - Call today,Rent-to-EMI - Hot,Wealth Builder,Electronic City,+91-9578908051,customer102377@example.com,10am-1pm,0.97,47700.0,16700.0,8400.0,1767000.0,15400.0,2997000.0,Ready now,0.786,"HOT LEAD. Rent Rs 16,700 (35% of income). Eligible Rs 18L at EMI Rs 15,400. Down payment already funded (Rs 30L available)."
CUST107632,P1 - Call today,Rent-to-EMI - Hot,Wealth Builder,Jayanagar,+91-9786791920,customer107632@example.com,7pm-9pm,0.969,63200.0,16300.0,0.0,3615000.0,31600.0,2867000.0,Ready now,0.761,"HOT LEAD. Rent Rs 16,300 (26% of income). Eligible Rs 36L at EMI Rs 31,600. Down payment already funded (Rs 29L available)."
CUST103742,P1 - Call today,Rent-to-EMI - Hot,Wealth Builder,Indiranagar,+91-9367488082,customer103742@example.com,1pm-4pm,0.968,50100.0,17800.0,0.0,2866000.0,25000.0,1466000.0,Ready now,0.993,"HOT LEAD. Rent Rs 17,800 (36% of income). Eligible Rs 29L at EMI Rs 25,000. Down payment already funded (Rs 15L available)."
CUST104268,P1 - Call today,Rent-to-EMI - Hot,Wealth Builder,Jayanagar,+91-9154149003,customer104268@example.com,1pm-4pm,0.967,55000.0,10200.0,4200.0,2351000.0,20600.0,3827000.0,Ready now,0.69,"HOT LEAD. Rent Rs 10,200 (18% of income). Eligible Rs 24L at EMI Rs 20,600. Down payment already funded (Rs 38L available)."
CUST107321,P1 - Call today,Rent-to-EMI - Hot,Wealth Builder,Jayanagar,+91-9695986406,customer107321@example.com,10am-1pm,0.967,25000.0,6200.0,0.0,1287000.0,11200.0,1696000.0,Ready now,0.563,"HOT LEAD. Rent Rs 6,200 (25% of income). Eligible Rs 13L at EMI Rs 11,200. Down payment already funded (Rs 17L available)."
CUST101930,P1 - Call today,Home Loan - Ready,Steady Saver,MG Road,+91-9482686029,customer101930@example.com,1pm-4pm,0.966,73700.0,0.0,0.0,4215000.0,36800.0,2555000.0,Ready now,0.991,"READY LEAD (no rent outflow - may be living with family). Eligible Rs 42L at EMI Rs 36,800. Down payment funded (Rs 26L). Segment: Steady Saver."
CUST100871,P1 - Call today,Rent-to-EMI - Hot,Wealth Builder,Whitefield,+91-9231071996,customer100871@example.com,7pm-9pm,0.964,133500.0,46000.0,14300.0,6000000.0,52400.0,8312000.0,Ready now,0.867,"HOT LEAD. Rent Rs 46,000 (34% of income). Eligible Rs 60L at EMI Rs 52,400. Down payment already funded (Rs 83L available)."
CUST104282,P1 - Call today,Rent-to-EMI - Hot,Wealth Builder,Electronic City,+91-9000602411,customer104282@example.com,7pm-9pm,0.964,40300.0,13400.0,10900.0,1058000.0,9200.0,1165000.0,Ready now,0.94,"HOT LEAD. Rent Rs 13,400 (33% of income). Eligible Rs 11L at EMI Rs 9,200. Down payment already funded (Rs 12L available)."
CUST107771,P1 - Call today,Rent-to-EMI - Hot,Wealth Builder,MG Road,+91-9247877706,customer107771@example.com,1pm-4pm,0.964,39100.0,5900.0,3400.0,1847000.0,16200.0,1064000.0,Ready now,0.996,"HOT LEAD. Rent Rs 5,900 (15% of income). Eligible Rs 18L at EMI Rs 16,200. Down payment already funded (Rs 11L available)."
CUST100461,P1 - Call today,Rent-to-EMI - Hot,Wealth Builder,Koramangala,+91-9536618229,customer100461@example.com,10am-1pm,0.963,51600.0,13800.0,6300.0,2231000.0,19500.0,1667000.0,Ready now,0.779,"HOT LEAD. Rent Rs 13,800 (27% of income). Eligible Rs 22L at EMI Rs 19,500. Down payment already funded (Rs 17L available)."
CUST106462,P1 - Call today,Rent-to-EMI - Hot,Wealth Builder,Electronic City,+91-9942041076,customer106462@example.com,4pm-7pm,0.962,154900.0,45900.0,0.0,9746000.0,85200.0,5874000.0,Ready now,0.965,"HOT LEAD. Rent Rs 45,900 (30% of income). Eligible Rs 97L at EMI Rs 85,200. Down payment already funded (Rs 59L available)."
CUST101145,P1 - Call today,Home Loan - Ready,Steady Saver,Indiranagar,+91-9016541942,customer101145@example.com,4pm-7pm,0.961,112200.0,0.0,0.0,7059000.0,61700.0,4456000.0,Ready now,0.997,"READY LEAD (no rent outflow - may be living with family). Eligible Rs 71L at EMI Rs 61,700. Down payment funded (Rs 45L). Segment: Steady Saver."
CUST107686,P1 - Call today,Rent-to-EMI - Hot,Wealth Builder,Indiranagar,+91-9392163685,customer107686@example.com,7pm-9pm,0.961,56200.0,15200.0,5200.0,2620000.0,22900.0,2368000.0,Ready now,0.445,"HOT LEAD. Rent Rs 15,200 (27% of income). Eligible Rs 26L at EMI Rs 22,900. Down payment already funded (Rs 24L available)."
CUST104777,P1 - Call today,Rent-to-EMI - Hot,Wealth Builder,Jayanagar,+91-9901927685,customer104777@example.com,4pm-7pm,0.958,138400.0,47600.0,0.0,8708000.0,76100.0,6468000.0,Ready now,0.736,"HOT LEAD. Rent Rs 47,600 (34% of income). Eligible Rs 87L at EMI Rs 76,100. Down payment already funded (Rs 65L available)."
CUST101203,P1 - Call today,Rent-to-EMI - Hot,Wealth Builder,Whitefield,+91-9420976671,customer101203@example.com,10am-1pm,0.957,130600.0,27300.0,12500.0,6040000.0,52800.0,3927000.0,Ready now,1.0,"HOT LEAD. Rent Rs 27,300 (21% of income). Eligible Rs 60L at EMI Rs 52,800. Down payment already funded (Rs 39L available)."
CUST106190,P1 - Call today,Home Loan - Ready,Steady Saver,Indiranagar,+91-9102383430,customer106190@example.com,10am-1pm,0.957,80400.0,0.0,5000.0,4027000.0,35200.0,6238000.0,Ready now,0.787,"READY LEAD (no rent outflow - may be living with family). Eligible Rs 40L at EMI Rs 35,200. Down payment funded (Rs 62L). Segment: Steady Saver."
CUST106475,P1 - Call today,Rent-to-EMI - Hot,Wealth Builder,MG Road,+91-9726628216,customer106475@example.com,4pm-7pm,0.957,43300.0,16500.0,6300.0,1508000.0,13200.0,1803000.0,Ready now,1.0,"HOT LEAD. Rent Rs 16,500 (38% of income). Eligible Rs 15L at EMI Rs 13,200. Down payment already funded (Rs 18L available)."
CUST106778,P1 - Call today,Rent-to-EMI - Hot,Wealth Builder,Indiranagar,+91-9579723093,customer106778@example.com,1pm-4pm,0.956,131300.0,37200.0,10600.0,7048000.0,61600.0,4808000.0,Ready now,1.0,"HOT LEAD. Rent Rs 37,200 (28% of income). Eligible Rs 70L at EMI Rs 61,600. Down payment already funded (Rs 48L available)."
CUST101250,P1 - Call today,Rent-to-EMI - Hot,Wealth Builder,Indiranagar,+91-9617546269,customer101250@example.com,7pm-9pm,0.955,37000.0,14300.0,4600.0,1590000.0,13900.0,1643000.0,Ready now,0.512,"HOT LEAD. Rent Rs 14,300 (39% of income). Eligible Rs 16L at EMI Rs 13,900. Down payment already funded (Rs 16L available)."
CUST105745,P1 - Call today,Home Loan - Ready,Steady Saver,MG Road,+91-9042089881,customer105745@example.com,7pm-9pm,0.955,73200.0,0.0,0.0,3768000.0,32900.0,3692000.0,Ready now,0.549,"READY LEAD (no rent outflow - may be living with family). Eligible Rs 38L at EMI Rs 32,900. Down payment funded (Rs 37L). Segment: Steady Saver."
CUST107583,P1 - Call today,Rent-to-EMI - Hot,Wealth Builder,Electronic City,+91-9524738899,customer107583@example.com,1pm-4pm,0.955,85200.0,26500.0,0.0,4873000.0,42600.0,4286000.0,Ready now,0.506,"HOT LEAD. Rent Rs 26,500 (31% of income). Eligible Rs 49L at EMI Rs 42,600. Down payment already funded (Rs 43L available)."
CUST100482,P1 - Call today,Rent-to-EMI - Hot,Wealth Builder,Koramangala,+91-9424668777,customer100482@example.com,1pm-4pm,0.954,64800.0,26400.0,0.0,3336000.0,29200.0,3449000.0,Ready now,0.537,"HOT LEAD. Rent Rs 26,400 (41% of income). Eligible Rs 33L at EMI Rs 29,200. Down payment already funded (Rs 34L available)."
CUST101239,P1 - Call today,Rent-to-EMI - Hot,Wealth Builder,Whitefield,+91-9832930641,customer101239@example.com,1pm-4pm,0.954,31800.0,9700.0,0.0,1819000.0,15900.0,1680000.0,Ready now,0.688,"HOT LEAD. Rent Rs 9,700 (30% of income). Eligible Rs 18L at EMI Rs 15,900. Down payment already funded (Rs 17L available)."
CUST101506,P1 - Call today,Home Loan - Ready,Steady Saver,MG Road,+91-9954955820,customer101506@example.com,7pm-9pm,0.954,77900.0,0.0,0.0,4456000.0,39000.0,3321000.0,Ready now,0.388,"READY LEAD (no rent outflow - may be living with family). Eligible Rs 45L at EMI Rs 39,000. Down payment funded (Rs 33L). Segment: Steady Saver."
CUST102920,P1 - Call today,Rent-to-EMI - Hot,Steady Saver,Koramangala,+91-9480130944,customer102920@example.com,10am-1pm,0.954,131200.0,18200.0,12300.0,6097000.0,53300.0,5349000.0,Ready now,0.513,"HOT LEAD. Rent Rs 18,200 (14% of income). Eligible Rs 61L at EMI Rs 53,300. Down payment already funded (Rs 53L available)."
CUST104219,P1 - Call today,Rent-to-EMI - Hot,Wealth Builder,Indiranagar,+91-9535168195,customer104219@example.com,10am-1pm,0.954,42700.0,13500.0,0.0,2442000.0,21400.0,2089000.0,Ready now,1.0,"HOT LEAD. Rent Rs 13,500 (32% of income). Eligible Rs 24L at EMI Rs 21,400. Down payment already funded (Rs 21L available)."
CUST101555,P1 - Call today,Rent-to-EMI - Hot,Wealth Builder,Koramangala,+91-9406828085,customer101555@example.com,7pm-9pm,0.953,55000.0,19700.0,0.0,2831000.0,24800.0,2339000.0,Ready now,1.0,"HOT LEAD. Rent Rs 19,700 (36% of income). Eligible Rs 28L at EMI Rs 24,800. Down payment already funded (Rs 23L available)."
CUST101910,P1 - Call today,Rent-to-EMI - Hot,Wealth Builder,Jayanagar,+91-9630096410,customer101910@example.com,7pm-9pm,0.953,44100.0,13100.0,8400.0,1561000.0,13600.0,1766000.0,Ready now,0.349,"HOT LEAD. Rent Rs 13,100 (30% of income). Eligible Rs 16L at EMI Rs 13,600. Down payment already funded (Rs 18L available)."
CUST103529,P1 - Call today,Rent-to-EMI - Hot,Wealth Builder,Indiranagar,+91-9671891300,customer103529@example.com,1pm-4pm,0.953,64700.0,16200.0,3500.0,3300000.0,28800.0,2765000.0,Ready now,1.0,"HOT LEAD. Rent Rs 16,200 (25% of income). Eligible Rs 33L at EMI Rs 28,800. Down payment already funded (Rs 28L available)."
CUST104660,P1 - Call today,Rent-to-EMI - Hot,Steady Saver,Koramangala,+91-9166005194,customer104660@example.com,7pm-9pm,0.953,43600.0,6000.0,0.0,2494000.0,21800.0,3159000.0,Ready now,0.555,"HOT LEAD. Rent Rs 6,000 (14% of income). Eligible Rs 25L at EMI Rs 21,800. Down payment already funded (Rs 32L available)."
CUST101398,P1 - Call today,Rent-to-EMI - Hot,Lifestyle Spender,MG Road,+91-9448245064,customer101398@example.com,4pm-7pm,0.952,97400.0,39500.0,4400.0,5068000.0,44300.0,2717000.0,Ready now,0.266,"HOT LEAD. Rent Rs 39,500 (41% of income). Eligible Rs 51L at EMI Rs 44,300. Down payment already funded (Rs 27L available)."
CUST103820,P1 - Call today,Rent-to-EMI - Hot,Wealth Builder,MG Road,+91-9754094557,customer103820@example.com,7pm-9pm,0.952,31600.0,13000.0,3200.0,1441000.0,12600.0,1468000.0,Ready now,0.616,"HOT LEAD. Rent Rs 13,000 (41% of income). Eligible Rs 14L at EMI Rs 12,600. Down payment already funded (Rs 15L available)."
CUST105472,P1 - Call today,Rent-to-EMI - Hot,Wealth Builder,Koramangala,+91-9824850692,customer105472@example.com,1pm-4pm,0.951,77900.0,15800.0,7600.0,3586000.0,31400.0,1600000.0,Ready now,1.0,"HOT LEAD. Rent Rs 15,800 (20% of income). Eligible Rs 36L at EMI Rs 31,400. Down payment already funded (Rs 16L available)."
CUST107853,P1 - Call today,Rent-to-EMI - Hot,Wealth Builder,Koramangala,+91-9751854354,customer107853@example.com,4pm-7pm,0.951,65800.0,17800.0,4100.0,3295000.0,28800.0,3407000.0,Ready now,0.493,"HOT LEAD. Rent Rs 17,800 (27% of income). Eligible Rs 33L at EMI Rs 28,800. Down payment already funded (Rs 34L available)."
CUST104876,P1 - Call today,Rent-to-EMI - Hot,Wealth Builder,Koramangala,+91-9723693483,customer104876@example.com,4pm-7pm,0.95,214200.0,53100.0,0.0,12252000.0,107100.0,9828000.0,Ready now,1.0,"HOT LEAD. Rent Rs 53,100 (25% of income). Eligible Rs 123L at EMI Rs 107,100. Down payment already funded (Rs 98L available)."
CUST106628,P1 - Call today,Rent-to-EMI - Hot,Wealth Builder,MG Road,+91-9265374357,customer106628@example.com,4pm-7pm,0.95,39900.0,11400.0,0.0,2054000.0,18000.0,817000.0,Ready now,0.996,"HOT LEAD. Rent Rs 11,400 (29% of income). Eligible Rs 21L at EMI Rs 18,000. Down payment already funded (Rs 8L available)."
CUST100449,P1 - Call today,Rent-to-EMI - Hot,Wealth Builder,MG Road,+91-9399324882,customer100449@example.com,1pm-4pm,0.948,93100.0,25900.0,8500.0,4353000.0,38000.0,5619000.0,Ready now,0.572,"HOT LEAD. Rent Rs 25,900 (28% of income). Eligible Rs 44L at EMI Rs 38,000. Down payment already funded (Rs 56L available)."
CUST100707,P1 - Call today,Rent-to-EMI - Hot,Wealth Builder,Jayanagar,+91-9744980526,customer100707@example.com,10am-1pm,0.948,214800.0,81100.0,10400.0,12325000.0,107700.0,10533000.0,Ready now,0.403,"HOT LEAD. Rent Rs 81,100 (38% of income). Eligible Rs 123L at EMI Rs 107,700. Down payment already funded (Rs 105L available)."
CUST102459,P1 - Call today,Rent-to-EMI - Hot,Wealth Builder,Whitefield,+91-9345892399,customer102459@example.com,4pm-7pm,0.948,57400.0,18700.0,2600.0,2657000.0,23200.0,1938000.0,Ready now,0.49,"HOT LEAD. Rent Rs 18,700 (33% of income). Eligible Rs 27L at EMI Rs 23,200. Down payment already funded (Rs 19L available)."
CUST103416,P1 - Call today,Rent-to-EMI - Hot,Wealth Builder,Whitefield,+91-9068588632,customer103416@example.com,10am-1pm,0.947,61900.0,24100.0,5700.0,2888000.0,25200.0,2005000.0,Ready now,0.988,"HOT LEAD. Rent Rs 24,100 (39% of income). Eligible Rs 29L at EMI Rs 25,200. Down payment already funded (Rs 20L available)."
CUST104360,P1 - Call today,Rent-to-EMI - Hot,Wealth Builder,Whitefield,+91-9570901320,customer104360@example.com,10am-1pm,0.947,43500.0,8000.0,0.0,2488000.0,21800.0,1782000.0,Ready now,0.968,"HOT LEAD. Rent Rs 8,000 (18% of income). Eligible Rs 25L at EMI Rs 21,800. Down payment already funded (Rs 18L available)."
CUST104630,P1 - Call today,Rent-to-EMI - Hot,Wealth Builder,Koramangala,+91-9187912247,customer104630@example.com,4pm-7pm,0.947,25000.0,8000.0,1100.0,1161000.0,10200.0,1595000.0,Ready now,0.48,"HOT LEAD. Rent Rs 8,000 (32% of income). Eligible Rs 12L at EMI Rs 10,200. Down payment already funded (Rs 16L available)."
CUST105464,P1 - Call today,Rent-to-EMI - Hot,Wealth Builder,MG Road,+91-9595803914,customer105464@example.com,4pm-7pm,0.947,35600.0,9200.0,0.0,2036000.0,17800.0,1793000.0,Ready now,0.715,"HOT LEAD. Rent Rs 9,200 (26% of income). Eligible Rs 20L at EMI Rs 17,800. Down payment already funded (Rs 18L available)."
CUST105469,P1 - Call today,Rent-to-EMI - Hot,Wealth Builder,Koramangala,+91-9849210356,customer105469@example.com,10am-1pm,0.947,55600.0,7200.0,5000.0,2290000.0,20000.0,2269000.0,Ready now,0.57,"HOT LEAD. Rent Rs 7,200 (13% of income). Eligible Rs 23L at EMI Rs 20,000. Down payment already funded (Rs 23L available)."
CUST101003,P1 - Call today,Rent-to-EMI - Hot,Wealth Builder,Koramangala,+91-9517302388,customer101003@example.com,10am-1pm,0.946,102300.0,29900.0,0.0,5851000.0,51200.0,3815000.0,Ready now,0.998,"HOT LEAD. Rent Rs 29,900 (29% of income). Eligible Rs 59L at EMI Rs 51,200. Down payment already funded (Rs 38L available)."
CUST107147,P1 - Call today,Rent-to-EMI - Hot,Steady Saver,Koramangala,+91-9649679091,customer107147@example.com,4pm-7pm,0.946,28100.0,3600.0,2100.0,1367000.0,12000.0,523000.0,Ready now,0.977,"HOT LEAD. Rent Rs 3,600 (13% of income). Eligible Rs 14L at EMI Rs 12,000. Down payment already funded (Rs 5L available)."
CUST101298,P1 - Call today,Rent-to-EMI - Hot,Wealth Builder,MG Road,+91-9392302418,customer101298@example.com,4pm-7pm,0.945,139100.0,25800.0,0.0,8752000.0,76500.0,10776000.0,Ready now,0.647,"HOT LEAD. Rent Rs 25,800 (18% of income). Eligible Rs 88L at EMI Rs 76,500. Down payment already funded (Rs 108L available)."
CUST103270,P1 - Call today,Rent-to-EMI - Hot,Steady Saver,Koramangala,+91-9666395007,customer103270@example.com,1pm-4pm,0.945,40200.0,5900.0,0.0,2299000.0,20100.0,1456000.0,Ready now,0.519,"HOT LEAD. Rent Rs 5,900 (15% of income). Eligible Rs 23L at EMI Rs 20,100. Down payment already funded (Rs 15L available)."
CUST103516,P1 - Call today,Rent-to-EMI - Hot,Wealth Builder,Electronic City,+91-9512791640,customer103516@example.com,1pm-4pm,0.945,44900.0,17000.0,2400.0,2294000.0,20000.0,2863000.0,Ready now,0.629,"HOT LEAD. Rent Rs 17,000 (38% of income). Eligible Rs 23L at EMI Rs 20,000. Down payment already funded (Rs 29L available)."
CUST100385,P1 - Call today,Rent-to-EMI - Hot,Steady Saver,Koramangala,+91-9586568125,customer100385@example.com,1pm-4pm,0.944,91900.0,17700.0,0.0,4731000.0,41400.0,1865000.0,Ready now,0.991,"HOT LEAD. Rent Rs 17,700 (19% of income). Eligible Rs 47L at EMI Rs 41,400. Down payment already funded (Rs 19L available)."
CUST105320,P1 - Call today,Rent-to-EMI - Hot,Wealth Builder,Jayanagar,+91-9253655943,customer105320@example.com,10am-1pm,0.944,108000.0,27600.0,23100.0,3535000.0,30900.0,5131000.0,Ready now,0.578,"HOT LEAD. Rent Rs 27,600 (26% of income). Eligible Rs 35L at EMI Rs 30,900. Down payment already funded (Rs 51L available)."
CUST107530,P1 - Call today,Rent-to-EMI - Hot,Wealth Builder,Koramangala,+91-9322843712,customer107530@example.com,4pm-7pm,0.944,63700.0,20500.0,0.0,3643000.0,31800.0,3063000.0,Ready now,0.996,"HOT LEAD. Rent Rs 20,500 (32% of income). Eligible Rs 36L at EMI Rs 31,800. Down payment already funded (Rs 31L available)."
CUST100739,P1 - Call today,Rent-to-EMI - Hot,Wealth Builder,Indiranagar,+91-9313390062,customer100739@example.com,4pm-7pm,0.943,67300.0,26800.0,0.0,3464000.0,30300.0,4027000.0,Ready now,0.585,"HOT LEAD. Rent Rs 26,800 (40% of income). Eligible Rs 35L at EMI Rs 30,300. Down payment already funded (Rs 40L available)."
CUST102103,P1 - Call today,Home Loan - Ready,Steady Saver,Whitefield,+91-9962274526,customer102103@example.com,7pm-9pm,0.943,52800.0,0.0,9900.0,1888000.0,16500.0,908000.0,Ready now,0.987,"READY LEAD (no rent outflow - may be living with family). Eligible Rs 19L at EMI Rs 16,500. Down payment funded (Rs 9L). Segment: Steady Saver."
CUST103331,P1 - Call today,Rent-to-EMI - Hot,Wealth Builder,Indiranagar,+91-9330614657,customer103331@example.com,10am-1pm,0.943,34100.0,10700.0,0.0,1755000.0,15300.0,1571000.0,Ready now,0.813,"HOT LEAD. Rent Rs 10,700 (31% of income). Eligible Rs 18L at EMI Rs 15,300. Down payment already funded (Rs 16L available)."
CUST104983,P1 - Call today,Rent-to-EMI - Hot,Wealth Builder,Whitefield,+91-9782080506,customer104983@example.com,10am-1pm,0.943,56400.0,10700.0,2800.0,2583000.0,22600.0,2220000.0,Ready now,0.935,"HOT LEAD. Rent Rs 10,700 (19% of income). Eligible Rs 26L at EMI Rs 22,600. Down payment already funded (Rs 22L available)."
CUST102081,P1 - Call today,Balance Transfer,Wealth Builder,Whitefield,+91-9873077210,customer102081@example.com,1pm-4pm,0.942,207800.0,49100.0,0.0,13074000.0,114300.0,5680000.0,Ready now,1.0,"BT pitch: currently 10.29%, outstanding Rs 83L. Monthly saving Rs 9,109. Carry the rate sheet."
CUST103296,P1 - Call today,Rent-to-EMI - Hot,Wealth Builder,Koramangala,+91-9936558559,customer103296@example.com,7pm-9pm,0.942,90600.0,31700.0,12700.0,3211000.0,28100.0,2173000.0,Ready now,1.0,"HOT LEAD. Rent Rs 31,700 (35% of income). Eligible Rs 32L at EMI Rs 28,100. Down payment already funded (Rs 22L available)."
CUST103927,P1 - Call today,Rent-to-EMI - Hot,Wealth Builder,Electronic City,+91-9609273765,customer103927@example.com,1pm-4pm,0.942,98000.0,25300.0,11500.0,4290000.0,37500.0,2880000.0,Ready now,1.0,"HOT LEAD. Rent Rs 25,300 (26% of income). Eligible Rs 43L at EMI Rs 37,500. Down payment already funded (Rs 29L available)."
CUST105035,P1 - Call today,Rent-to-EMI - Hot,Wealth Builder,MG Road,+91-9357203189,customer105035@example.com,10am-1pm,0.942,99300.0,20400.0,6400.0,4380000.0,38300.0,1718000.0,Ready now,1.0,"HOT LEAD. Rent Rs 20,400 (20% of income). Eligible Rs 44L at EMI Rs 38,300. Down payment already funded (Rs 17L available)."
CUST100934,P1 - Call today,Rent-to-EMI - Hot,Wealth Builder,MG Road,+91-9242164469,customer100934@example.com,10am-1pm,0.941,53200.0,19200.0,0.0,2739000.0,23900.0,2405000.0,Ready now,0.998,"HOT LEAD. Rent Rs 19,200 (36% of income). Eligible Rs 27L at EMI Rs 23,900. Down payment already funded (Rs 24L available)."
CUST103286,P1 - Call today,Rent-to-EMI - Hot,Wealth Builder,Whitefield,+91-9820418794,customer103286@example.com,4pm-7pm,0.941,103400.0,12600.0,8700.0,3973000.0,34700.0,5015000.0,Ready now,0.511,"HOT LEAD. Rent Rs 12,600 (12% of income). Eligible Rs 40L at EMI Rs 34,700. Down payment already funded (Rs 50L available)."
CUST105209,P1 - Call today,Rent-to-EMI - Hot,Wealth Builder,Jayanagar,+91-9020471893,customer105209@example.com,4pm-7pm,0.939,35700.0,8300.0,0.0,1838000.0,16100.0,1939000.0,Ready now,0.66,"HOT LEAD. Rent Rs 8,300 (23% of income). Eligible Rs 18L at EMI Rs 16,100. Down payment already funded (Rs 19L available)."
CUST105760,P1 - Call today,Home Loan - Ready,Steady Saver,Electronic City,+91-9290376626,customer105760@example.com,4pm-7pm,0.939,76000.0,0.0,0.0,4347000.0,38000.0,3072000.0,Ready now,0.776,"READY LEAD (no rent outflow - may be living with family). Eligible Rs 43L at EMI Rs 38,000. Down payment funded (Rs 31L). Segment: Steady Saver."
CUST103836,P1 - Call today,Home Loan - Ready,Steady Saver,Whitefield,+91-9482000058,customer103836@example.com,7pm-9pm,0.938,130500.0,0.0,0.0,8211000.0,71800.0,4178000.0,Ready now,1.0,"READY LEAD (no rent outflow - may be living with family). Eligible Rs 82L at EMI Rs 71,800. Down payment funded (Rs 42L). Segment: Steady Saver."
CUST107350,P1 - Call today,Rent-to-EMI - Hot,Wealth Builder,Electronic City,+91-9647817063,customer107350@example.com,10am-1pm,0.937,46000.0,15700.0,0.0,2368000.0,20700.0,1668000.0,Ready now,0.987,"HOT LEAD. Rent Rs 15,700 (34% of income). Eligible Rs 24L at EMI Rs 20,700. Down payment already funded (Rs 17L available)."
CUST101684,P1 - Call today,Rent-to-EMI - Hot,Wealth Builder,Whitefield,+91-9244282193,customer101684@example.com,1pm-4pm,0.936,82300.0,33800.0,5100.0,3653000.0,31900.0,3468000.0,Ready now,0.934,"HOT LEAD. Rent Rs 33,800 (41% of income). Eligible Rs 37L at EMI Rs 31,900. Down payment already funded (Rs 35L available)."
CUST101037,P1 - Call today,Rent-to-EMI - Hot,Wealth Builder,Koramangala,+91-9580533107,customer101037@example.com,1pm-4pm,0.935,52300.0,20500.0,0.0,2692000.0,23500.0,1584000.0,Ready now,1.0,"HOT LEAD. Rent Rs 20,500 (39% of income). Eligible Rs 27L at EMI Rs 23,500. Down payment already funded (Rs 16L available)."
CUST102442,P1 - Call today,Rent-to-EMI - Hot,Steady Saver,Electronic City,+91-9672536242,customer102442@example.com,4pm-7pm,0.935,72900.0,13500.0,0.0,3753000.0,32800.0,2230000.0,Ready now,1.0,"HOT LEAD. Rent Rs 13,500 (18% of income). Eligible Rs 38L at EMI Rs 32,800. Down payment already funded (Rs 22L available)."
CUST102640,P1 - Call today,Rent-to-EMI - Hot,Wealth Builder,Electronic City,+91-9893610813,customer102640@example.com,10am-1pm,0.935,227900.0,52200.0,0.0,13035000.0,114000.0,8531000.0,Ready now,0.999,"HOT LEAD. Rent Rs 52,200 (23% of income). Eligible Rs 130L at EMI Rs 114,000. Down payment already funded (Rs 85L available)."
CUST103897,P1 - Call today,Home Loan - Ready,Steady Saver,Koramangala,+91-9161735588,customer103897@example.com,4pm-7pm,0.934,40700.0,0.0,0.0,2328000.0,20400.0,2173000.0,Ready now,0.423,"READY LEAD (no rent outflow - may be living with family). Eligible Rs 23L at EMI Rs 20,400. Down payment funded (Rs 22L). Segment: Steady Saver."
CUST104948,P1 - Call today,Home Loan - Ready,Steady Saver,MG Road,+91-9002264628,customer104948@example.com,10am-1pm,0.934,71400.0,0.0,12800.0,2620000.0,22900.0,2130000.0,Ready now,0.998,"READY LEAD (no rent outflow - may be living with family). Eligible Rs 26L at EMI Rs 22,900. Down payment funded (Rs 21L). Segment: Steady Saver."
CUST107492,P1 - Call today,Home Loan - Ready,Steady Saver,Jayanagar,+91-9900788874,customer107492@example.com,1pm-4pm,0.934,79500.0,0.0,8600.0,3563000.0,31200.0,3892000.0,Ready now,0.488,"READY LEAD (no rent outflow - may be living with family). Eligible Rs 36L at EMI Rs 31,200. Down payment funded (Rs 39L). Segment: Steady Saver."
CUST102874,P1 - Call today,Balance Transfer,Wealth Builder,MG Road,+91-9288351239,customer102874@example.com,10am-1pm,0.933,80400.0,24200.0,0.0,4599000.0,40200.0,4428000.0,Ready now,0.554,"BT pitch: currently 10.89%, outstanding Rs 40L. Monthly saving Rs 5,960. Carry the rate sheet."
CUST104915,P1 - Call today,Rent-to-EMI - Hot,Lifestyle Spender,Jayanagar,+91-9892930785,customer104915@example.com,4pm-7pm,0.933,59700.0,16600.0,0.0,3415000.0,29800.0,923000.0,Ready now,0.192,"HOT LEAD. Rent Rs 16,600 (28% of income). Eligible Rs 34L at EMI Rs 29,800. Down payment already funded (Rs 9L available)."
CUST106202,P1 - Call today,Home Loan - Ready,Steady Saver,Koramangala,+91-9107484333,customer106202@example.com,1pm-4pm,0.933,146600.0,0.0,11900.0,7024000.0,61400.0,5144000.0,Ready now,0.434,"READY LEAD (no rent outflow - may be living with family). Eligible Rs 70L at EMI Rs 61,400. Down payment funded (Rs 51L). Segment: Steady Saver."
CUST102024,P1 - Call today,Home Loan - Ready,Steady Saver,MG Road,+91-9374593309,customer102024@example.com,10am-1pm,0.932,83900.0,0.0,0.0,4799000.0,42000.0,5517000.0,Ready now,0.586,"READY LEAD (no rent outflow - may be living with family). Eligible Rs 48L at EMI Rs 42,000. Down payment funded (Rs 55L). Segment: Steady Saver."
CUST103971,P1 - Call today,Rent-to-EMI - Hot,Wealth Builder,Whitefield,+91-9250975220,customer103971@example.com,7pm-9pm,0.932,157000.0,61700.0,12000.0,8505000.0,74400.0,5107000.0,Ready now,0.517,"HOT LEAD. Rent Rs 61,700 (39% of income). Eligible Rs 85L at EMI Rs 74,400. Down payment already funded (Rs 51L available)."
CUST101185,P1 - Call today,Rent-to-EMI - Hot,Wealth Builder,Electronic City,+91-9997254785,customer101185@example.com,4pm-7pm,0.931,88900.0,31200.0,7100.0,3764000.0,32900.0,2017000.0,Ready now,0.881,"HOT LEAD. Rent Rs 31,200 (35% of income). Eligible Rs 38L at EMI Rs 32,900. Down payment already funded (Rs 20L available)."
CUST101475,P1 - Call today,Rent-to-EMI - Hot,Wealth Builder,Koramangala,+91-9693256612,customer101475@example.com,10am-1pm,0.931,55100.0,17400.0,3600.0,1920000.0,16800.0,1601000.0,Ready now,0.299,"HOT LEAD. Rent Rs 17,400 (32% of income). Eligible Rs 19L at EMI Rs 16,800. Down payment already funded (Rs 16L available)."
CUST102853,P1 - Call today,Rent-to-EMI - Hot,Wealth Builder,Jayanagar,+91-9600798214,customer102853@example.com,10am-1pm,0.931,43400.0,16300.0,2100.0,1994000.0,17400.0,1072000.0,Ready now,0.623,"HOT LEAD. Rent Rs 16,300 (38% of income). Eligible Rs 20L at EMI Rs 17,400. Down payment already funded (Rs 11L available)."
CUST103598,P1 - Call today,Rent-to-EMI - Hot,Wealth Builder,Indiranagar,+91-9758210027,customer103598@example.com,4pm-7pm,0.93,69500.0,17800.0,3900.0,2496000.0,21800.0,2056000.0,Ready now,1.0,"HOT LEAD. Rent Rs 17,800 (26% of income). Eligible Rs 25L at EMI Rs 21,800. Down payment already funded (Rs 21L available)."
CUST103758,P1 - Call today,Home Loan - Ready,Steady Saver,Koramangala,+91-9446513286,customer103758@example.com,7pm-9pm,0.93,110300.0,0.0,0.0,6940000.0,60700.0,4909000.0,Ready now,0.732,"READY LEAD (no rent outflow - may be living with family). Eligible Rs 69L at EMI Rs 60,700. Down payment funded (Rs 49L). Segment: Steady Saver."
CUST106463,P1 - Call today,Rent-to-EMI - Hot,Wealth Builder,Electronic City,+91-9080230109,customer106463@example.com,1pm-4pm,0.93,133400.0,36400.0,23800.0,4908000.0,42900.0,5762000.0,Ready now,1.0,"HOT LEAD. Rent Rs 36,400 (27% of income). Eligible Rs 49L at EMI Rs 42,900. Down payment already funded (Rs 58L available)."
CUST107038,P1 - Call today,Rent-to-EMI - Hot,Steady Saver,Jayanagar,+91-9116244945,customer107038@example.com,4pm-7pm,0.93,86900.0,17000.0,0.0,4970000.0,43400.0,3871000.0,Ready now,1.0,"HOT LEAD. Rent Rs 17,000 (20% of income). Eligible Rs 50L at EMI Rs 43,400. Down payment already funded (Rs 39L available)."
CUST107699,P1 - Call today,Home Loan - Ready,Steady Saver,MG Road,+91-9798375995,customer107699@example.com,7pm-9pm,0.93,83900.0,0.0,0.0,4799000.0,42000.0,4656000.0,Ready now,0.567,"READY LEAD (no rent outflow - may be living with family). Eligible Rs 48L at EMI Rs 42,000. Down payment funded (Rs 47L). Segment: Steady Saver."
CUST100521,P1 - Call today,Rent-to-EMI - Hot,Wealth Builder,Electronic City,+91-9287405334,customer100521@example.com,1pm-4pm,0.929,41100.0,13100.0,6900.0,1561000.0,13600.0,1050000.0,Ready now,0.885,"HOT LEAD. Rent Rs 13,100 (32% of income). Eligible Rs 16L at EMI Rs 13,600. Down payment already funded (Rs 10L available)."
CUST101552,P1 - Call today,Rent-to-EMI - Hot,Steady Saver,Jayanagar,+91-9511083173,customer101552@example.com,7pm-9pm,0.929,105800.0,12900.0,13700.0,5089000.0,44500.0,4133000.0,Ready now,1.0,"HOT LEAD. Rent Rs 12,900 (12% of income). Eligible Rs 51L at EMI Rs 44,500. Down payment already funded (Rs 41L available)."
CUST105120,P1 - Call today,Rent-to-EMI - Hot,Wealth Builder,Whitefield,+91-9182637744,customer105120@example.com,4pm-7pm,0.929,75100.0,21000.0,7800.0,3403000.0,29800.0,2812000.0,Ready now,1.0,"HOT LEAD. Rent Rs 21,000 (28% of income). Eligible Rs 34L at EMI Rs 29,800. Down payment already funded (Rs 28L available)."
CUST106518,P1 - Call today,Rent-to-EMI - Hot,Wealth Builder,Whitefield,+91-9740587964,customer106518@example.com,10am-1pm,0.929,46000.0,8200.0,0.0,2631000.0,23000.0,1037000.0,Ready now,0.858,"HOT LEAD. Rent Rs 8,200 (18% of income). Eligible Rs 26L at EMI Rs 23,000. Down payment already funded (Rs 10L available)."
CUST107185,P1 - Call today,Rent-to-EMI - Hot,Wealth Builder,Indiranagar,+91-9633783364,customer107185@example.com,7pm-9pm,0.929,70200.0,14400.0,10100.0,2458000.0,21500.0,2998000.0,Ready now,1.0,"HOT LEAD. Rent Rs 14,400 (20% of income). Eligible Rs 25L at EMI Rs 21,500. Down payment already funded (Rs 30L available)."
CUST102704,P1 - Call today,Rent-to-EMI - Hot,Wealth Builder,Whitefield,+91-9352715369,customer102704@example.com,10am-1pm,0.928,67200.0,27100.0,3700.0,3420000.0,29900.0,3701000.0,Ready now,0.695,"HOT LEAD. Rent Rs 27,100 (40% of income). Eligible Rs 34L at EMI Rs 29,900. Down payment already funded (Rs 37L available)."
CUST103274,P1 - Call today,Rent-to-EMI - Hot,Wealth Builder,Jayanagar,+91-9771830057,customer103274@example.com,7pm-9pm,0.928,44200.0,15300.0,0.0,2528000.0,22100.0,1598000.0,Ready now,0.775,"HOT LEAD. Rent Rs 15,300 (35% of income). Eligible Rs 25L at EMI Rs 22,100. Down payment already funded (Rs 16L available)."
CUST101959,P1 - Call today,Rent-to-EMI - Hot,Wealth Builder,Jayanagar,+91-9680845937,customer101959@example.com,10am-1pm,0.927,49600.0,11500.0,0.0,2837000.0,24800.0,1047000.0,Ready now,1.0,"HOT LEAD. Rent Rs 11,500 (23% of income). Eligible Rs 28L at EMI Rs 24,800. Down payment already funded (Rs 10L available)."
CUST107005,P1 - Call today,Rent-to-EMI - Hot,Steady Saver,Jayanagar,+91-9139051165,customer107005@example.com,10am-1pm,0.927,62000.0,15000.0,0.0,3192000.0,27900.0,2446000.0,Ready now,0.522,"HOT LEAD. Rent Rs 15,000 (24% of income). Eligible Rs 32L at EMI Rs 27,900. Down payment already funded (Rs 24L available)."
CUST100333,P1 - Call today,Rent-to-EMI - Hot,Wealth Builder,Jayanagar,+91-9729544547,customer100333@example.com,10am-1pm,0.926,50300.0,14200.0,0.0,2589000.0,22600.0,1918000.0,Ready now,0.706,"HOT LEAD. Rent Rs 14,200 (28% of income). Eligible Rs 26L at EMI Rs 22,600. Down payment already funded (Rs 19L available)."
CUST103699,P1 - Call today,Home Loan - Ready,Steady Saver,Whitefield,+91-9506390924,customer103699@example.com,10am-1pm,0.926,29700.0,0.0,0.0,1699000.0,14800.0,1538000.0,Ready now,0.36,"READY LEAD (no rent outflow - may be living with family). Eligible Rs 17L at EMI Rs 14,800. Down payment funded (Rs 15L). Segment: Steady Saver."
CUST106873,P1 - Call today,Rent-to-EMI - Hot,Steady Saver,Jayanagar,+91-9892885448,customer106873@example.com,1pm-4pm,0.926,102900.0,18500.0,9500.0,5387000.0,47100.0,2667000.0,Ready now,0.999,"HOT LEAD. Rent Rs 18,500 (18% of income). Eligible Rs 54L at EMI Rs 47,100. Down payment already funded (Rs 27L available)."
CUST107031,P1 - Call today,Rent-to-EMI - Hot,Steady Saver,Indiranagar,+91-9458763823,customer107031@example.com,4pm-7pm,0.926,38500.0,8600.0,0.0,2202000.0,19200.0,1804000.0,Ready now,0.44,"HOT LEAD. Rent Rs 8,600 (22% of income). Eligible Rs 22L at EMI Rs 19,200. Down payment already funded (Rs 18L available)."
CUST107440,P1 - Call today,Rent-to-EMI - Hot,Wealth Builder,Koramangala,+91-9112173782,customer107440@example.com,7pm-9pm,0.926,104800.0,16600.0,0.0,5994000.0,52400.0,2903000.0,Ready now,1.0,"HOT LEAD. Rent Rs 16,600 (16% of income). Eligible Rs 60L at EMI Rs 52,400. Down payment already funded (Rs 29L available)."
CUST107612,P1 - Call today,Rent-to-EMI - Hot,Wealth Builder,MG Road,+91-9976994274,customer107612@example.com,1pm-4pm,0.926,96300.0,36500.0,11500.0,3642000.0,31800.0,4993000.0,Ready now,0.511,"HOT LEAD. Rent Rs 36,500 (38% of income). Eligible Rs 36L at EMI Rs 31,800. Down payment already funded (Rs 50L available)."
CUST100077,P1 - Call today,Rent-to-EMI - Hot,Wealth Builder,MG Road,+91-9959714283,customer100077@example.com,7pm-9pm,0.925,64900.0,22100.0,3200.0,3346000.0,29200.0,2378000.0,Ready now,1.0,"HOT LEAD. Rent Rs 22,100 (34% of income). Eligible Rs 33L at EMI Rs 29,200. Down payment already funded (Rs 24L available)."
CUST101628,P1 - Call today,Rent-to-EMI - Hot,Wealth Builder,Jayanagar,+91-9988645509,customer101628@example.com,10am-1pm,0.925,107400.0,26600.0,24300.0,3978000.0,34800.0,5766000.0,Ready now,0.53,"HOT LEAD. Rent Rs 26,600 (25% of income). Eligible Rs 40L at EMI Rs 34,800. Down payment already funded (Rs 58L available)."
CUST105193,P1 - Call today,Rent-to-EMI - Hot,Wealth Builder,Electronic City,+91-9040687283,customer105193@example.com,1pm-4pm,0.925,42400.0,16200.0,0.0,2425000.0,21200.0,1510000.0,Ready now,0.468,"HOT LEAD. Rent Rs 16,200 (38% of income). Eligible Rs 24L at EMI Rs 21,200. Down payment already funded (Rs 15L available)."
CUST105427,P1 - Call today,Rent-to-EMI - Hot,Wealth Builder,Whitefield,+91-9240279440,customer105427@example.com,4pm-7pm,0.925,28100.0,9400.0,5600.0,806000.0,7000.0,1185000.0,Ready now,0.383,"HOT LEAD. Rent Rs 9,400 (34% of income). Eligible Rs 8L at EMI Rs 7,000. Down payment already funded (Rs 12L available)."
CUST107520,P1 - Call today,Rent-to-EMI - Hot,Wealth Builder,Whitefield,+91-9125486144,customer107520@example.com,10am-1pm,0.925,34000.0,14000.0,3600.0,1533000.0,13400.0,812000.0,Ready now,0.47,"HOT LEAD. Rent Rs 14,000 (41% of income). Eligible Rs 15L at EMI Rs 13,400. Down payment already funded (Rs 8L available)."
CUST101916,P1 - Call today,Balance Transfer,Wealth Builder,MG Road,+91-9368979098,customer101916@example.com,7pm-9pm,0.924,57700.0,19300.0,2600.0,3003000.0,26200.0,1634000.0,Ready now,0.963,"BT pitch: currently 10.64%, outstanding Rs 33L. Monthly saving Rs 4,415. Carry the rate sheet."
CUST107232,P1 - Call today,Home Loan - Ready,Wealth Builder,Electronic City,+91-9769054582,customer107232@example.com,4pm-7pm,0.924,43300.0,0.0,12400.0,1058000.0,9200.0,1828000.0,Ready now,0.993,"READY LEAD (no rent outflow - may be living with family). Eligible Rs 11L at EMI Rs 9,200. Down payment funded (Rs 18L). Segment: Wealth Builder."
CUST101264,P1 - Call today,Home Loan - Ready,Steady Saver,MG Road,+91-9073000369,customer101264@example.com,4pm-7pm,0.923,44500.0,0.0,0.0,2545000.0,22200.0,1883000.0,Ready now,0.801,"READY LEAD (no rent outflow - may be living with family). Eligible Rs 25L at EMI Rs 22,200. Down payment funded (Rs 19L). Segment: Steady Saver."
CUST103120,P1 - Call today,Rent-to-EMI - Hot,Wealth Builder,Electronic City,+91-9320387129,customer103120@example.com,1pm-4pm,0.923,56500.0,19800.0,2900.0,2577000.0,22500.0,2442000.0,Ready now,0.899,"HOT LEAD. Rent Rs 19,800 (35% of income). Eligible Rs 26L at EMI Rs 22,500. Down payment already funded (Rs 24L available)."
CUST100853,P1 - Call today,Rent-to-EMI - Hot,Wealth Builder,Indiranagar,+91-9994923054,customer100853@example.com,7pm-9pm,0.922,67900.0,17200.0,3700.0,2451000.0,21400.0,1340000.0,Ready now,0.401,"HOT LEAD. Rent Rs 17,200 (25% of income). Eligible Rs 25L at EMI Rs 21,400. Down payment already funded (Rs 13L available)."
CUST106075,P1 - Call today,Home Loan - Ready,Steady Saver,MG Road,+91-9732855906,customer106075@example.com,4pm-7pm,0.922,75400.0,0.0,7700.0,3432000.0,30000.0,4269000.0,Ready now,0.604,"READY LEAD (no rent outflow - may be living with family). Eligible Rs 34L at EMI Rs 30,000. Down payment funded (Rs 43L). Segment: Steady Saver."
CUST107374,P1 - Call today,Home Loan - Ready,Steady Saver,Electronic City,+91-9393884796,customer107374@example.com,4pm-7pm,0.922,96700.0,0.0,14100.0,3918000.0,34200.0,4459000.0,Ready now,0.738,"READY LEAD (no rent outflow - may be living with family). Eligible Rs 39L at EMI Rs 34,200. Down payment funded (Rs 45L). Segment: Steady Saver."
CUST102400,P1 - Call today,Rent-to-EMI - Hot,Wealth Builder,Electronic City,+91-9916584522,customer102400@example.com,1pm-4pm,0.921,152200.0,46500.0,0.0,8705000.0,76100.0,5732000.0,Ready now,0.438,"HOT LEAD. Rent Rs 46,500 (31% of income). Eligible Rs 87L at EMI Rs 76,100. Down payment already funded (Rs 57L available)."
CUST104767,P1 - Call today,Rent-to-EMI - Hot,Wealth Builder,Jayanagar,+91-9106421328,customer104767@example.com,10am-1pm,0.921,74600.0,30600.0,0.0,3840000.0,33600.0,2422000.0,Ready now,0.966,"HOT LEAD. Rent Rs 30,600 (41% of income). Eligible Rs 38L at EMI Rs 33,600. Down payment already funded (Rs 24L available)."
CUST106552,P1 - Call today,Balance Transfer,Wealth Builder,Electronic City,+91-9458362368,customer106552@example.com,10am-1pm,0.921,100100.0,22500.0,0.0,6298000.0,55100.0,3258000.0,Ready now,0.525,"BT pitch: currently 10.45%, outstanding Rs 40L. Monthly saving Rs 4,869. Carry the rate sheet."
CUST101445,P1 - Call today,Rent-to-EMI - Hot,Wealth Builder,MG Road,+91-9882515625,customer101445@example.com,4pm-7pm,0.919,62000.0,24300.0,7800.0,2299000.0,20100.0,2272000.0,Ready now,1.0,"HOT LEAD. Rent Rs 24,300 (39% of income). Eligible Rs 23L at EMI Rs 20,100. Down payment already funded (Rs 23L available)."
CUST102880,P1 - Call today,Balance Transfer,Wealth Builder,Jayanagar,+91-9190342964,customer102880@example.com,4pm-7pm,0.919,134400.0,34500.0,12400.0,7038000.0,61500.0,5710000.0,Ready now,0.608,"BT pitch: currently 9.02%, outstanding Rs 67L. Monthly saving Rs 1,809. Carry the rate sheet."
CUST104603,P1 - Call today,Rent-to-EMI - Hot,Wealth Builder,Jayanagar,+91-9636784341,customer104603@example.com,10am-1pm,0.919,161700.0,56300.0,0.0,10174000.0,88900.0,7994000.0,Ready now,0.599,"HOT LEAD. Rent Rs 56,300 (35% of income). Eligible Rs 102L at EMI Rs 88,900. Down payment already funded (Rs 80L available)."
CUST105049,P1 - Call today,Rent-to-EMI - Hot,Wealth Builder,Whitefield,+91-9328830534,customer105049@example.com,7pm-9pm,0.919,64400.0,18000.0,0.0,3315000.0,29000.0,2633000.0,Ready now,0.481,"HOT LEAD. Rent Rs 18,000 (28% of income). Eligible Rs 33L at EMI Rs 29,000. Down payment already funded (Rs 26L available)."
CUST105534,P1 - Call today,Rent-to-EMI - Hot,Wealth Builder,Koramangala,+91-9548226789,customer105534@example.com,7pm-9pm,0.918,51200.0,20600.0,0.0,2929000.0,25600.0,2704000.0,Ready now,0.421,"HOT LEAD. Rent Rs 20,600 (40% of income). Eligible Rs 29L at EMI Rs 25,600. Down payment already funded (Rs 27L available)."
CUST106310,P1 - Call today,Rent-to-EMI - Hot,Wealth Builder,MG Road,+91-9120491109,customer106310@example.com,7pm-9pm,0.918,86300.0,14800.0,12000.0,3563000.0,31200.0,5168000.0,Ready now,0.529,"HOT LEAD. Rent Rs 14,800 (17% of income). Eligible Rs 36L at EMI Rs 31,200. Down payment already funded (Rs 52L available)."
CUST103759,P1 - Call today,Rent-to-EMI - Hot,Wealth Builder,Indiranagar,+91-9822389127,customer103759@example.com,4pm-7pm,0.917,64500.0,16400.0,0.0,3320000.0,29000.0,2458000.0,Ready now,0.997,"HOT LEAD. Rent Rs 16,400 (25% of income). Eligible Rs 33L at EMI Rs 29,000. Down payment already funded (Rs 25L available)."
CUST107018,P1 - Call today,Rent-to-EMI - Hot,Wealth Builder,Electronic City,+91-9435765792,customer107018@example.com,1pm-4pm,0.917,41300.0,16000.0,0.0,2362000.0,20600.0,2396000.0,Ready now,0.583,"HOT LEAD. Rent Rs 16,000 (39% of income). Eligible Rs 24L at EMI Rs 20,600. Down payment already funded (Rs 24L available)."
CUST107061,P1 - Call today,Rent-to-EMI - Hot,Wealth Builder,Jayanagar,+91-9501337994,customer107061@example.com,7pm-9pm,0.916,94100.0,37400.0,16300.0,2979000.0,26000.0,4841000.0,Ready now,0.684,"HOT LEAD. Rent Rs 37,400 (40% of income). Eligible Rs 30L at EMI Rs 26,000. Down payment already funded (Rs 48L available)."
CUST107305,P1 - Call today,Rent-to-EMI - Hot,Wealth Builder,Koramangala,+91-9892463551,customer107305@example.com,4pm-7pm,0.916,96100.0,28000.0,4900.0,4936000.0,43200.0,2734000.0,Ready now,0.989,"HOT LEAD. Rent Rs 28,000 (29% of income). Eligible Rs 49L at EMI Rs 43,200. Down payment already funded (Rs 27L available)."
CUST102757,P1 - Call today,Rent-to-EMI - Hot,Wealth Builder,Jayanagar,+91-9200421030,customer102757@example.com,10am-1pm,0.915,85100.0,15900.0,0.0,4868000.0,42600.0,2784000.0,Ready now,1.0,"HOT LEAD. Rent Rs 15,900 (19% of income). Eligible Rs 49L at EMI Rs 42,600. Down payment already funded (Rs 28L available)."
CUST103554,P1 - Call today,Rent-to-EMI - Hot,Wealth Builder,Indiranagar,+91-9361822659,customer103554@example.com,7pm-9pm,0.915,114300.0,23300.0,0.0,5492000.0,48000.0,2649000.0,Ready now,1.0,"HOT LEAD. Rent Rs 23,300 (20% of income). Eligible Rs 55L at EMI Rs 48,000. Down payment already funded (Rs 26L available)."
CUST103986,P1 - Call today,Rent-to-EMI - Hot,Wealth Builder,Indiranagar,+91-9466270581,customer103986@example.com,10am-1pm,0.915,76200.0,22600.0,0.0,4358000.0,38100.0,3222000.0,Ready now,0.59,"HOT LEAD. Rent Rs 22,600 (30% of income). Eligible Rs 44L at EMI Rs 38,100. Down payment already funded (Rs 32L available)."
CUST106489,P1 - Call today,Home Loan - Ready,Steady Saver,Electronic City,+91-9237436435,customer106489@example.com,10am-1pm,0.915,110600.0,0.0,9200.0,5906000.0,51600.0,4400000.0,Ready now,1.0,"READY LEAD (no rent outflow - may be living with family). Eligible Rs 59L at EMI Rs 51,600. Down payment funded (Rs 44L). Segment: Steady Saver."
CUST103727,P1 - Call today,Rent-to-EMI - Hot,Wealth Builder,Koramangala,+91-9714765317,customer103727@example.com,7pm-9pm,0.913,42400.0,7800.0,0.0,2425000.0,21200.0,2173000.0,Ready now,0.564,"HOT LEAD. Rent Rs 7,800 (18% of income). Eligible Rs 24L at EMI Rs 21,200. Down payment already funded (Rs 22L available)."
CUST100116,P1 - Call today,Home Loan - Ready,Steady Saver,Indiranagar,+91-9802912277,customer100116@example.com,10am-1pm,0.912,57900.0,0.0,6200.0,2602000.0,22800.0,2608000.0,Ready now,0.997,"READY LEAD (no rent outflow - may be living with family). Eligible Rs 26L at EMI Rs 22,800. Down payment funded (Rs 26L). Segment: Steady Saver."
CUST100187,P1 - Call today,Home Loan - Ready,Steady Saver,Whitefield,+91-9488372475,customer100187@example.com,7pm-9pm,0.912,25000.0,0.0,4000.0,972000.0,8500.0,776000.0,Ready now,0.431,"READY LEAD (no rent outflow - may be living with family). Eligible Rs 10L at EMI Rs 8,500. Down payment funded (Rs 8L). Segment: Steady Saver."
CUST102303,P1 - Call today,Rent-to-EMI - Hot,Wealth Builder,Electronic City,+91-9096391214,customer102303@example.com,1pm-4pm,0.912,74900.0,22200.0,7900.0,3380000.0,29600.0,3016000.0,Ready now,0.527,"HOT LEAD. Rent Rs 22,200 (30% of income). Eligible Rs 34L at EMI Rs 29,600. Down payment already funded (Rs 30L available)."
CUST103744,P1 - Call today,Rent-to-EMI - Hot,Wealth Builder,Whitefield,+91-9288600315,customer103744@example.com,7pm-9pm,0.912,39600.0,9100.0,6600.0,1510000.0,13200.0,1814000.0,Ready now,0.42,"HOT LEAD. Rent Rs 9,100 (23% of income). Eligible Rs 15L at EMI Rs 13,200. Down payment already funded (Rs 18L available)."
CUST105034,P1 - Call today,Rent-to-EMI - Hot,Lifestyle Spender,Electronic City,+91-9065809189,customer105034@example.com,10am-1pm,0.912,74500.0,28300.0,3200.0,3895000.0,34000.0,1010000.0,Ready now,0.012,"HOT LEAD. Rent Rs 28,300 (38% of income). Eligible Rs 39L at EMI Rs 34,000. Down payment already funded (Rs 10L available)."
CUST106397,P1 - Call today,Home Loan - Ready,Steady Saver,Whitefield,+91-9531702522,customer106397@example.com,10am-1pm,0.912,67000.0,0.0,4800.0,2900000.0,25400.0,3787000.0,Ready now,0.46,"READY LEAD (no rent outflow - may be living with family). Eligible Rs 29L at EMI Rs 25,400. Down payment funded (Rs 38L). Segment: Steady Saver."
CUST107189,P1 - Call today,Rent-to-EMI - Hot,Wealth Builder,MG Road,+91-9679984702,customer107189@example.com,7pm-9pm,0.911,60500.0,25300.0,0.0,3460000.0,30200.0,1541000.0,Ready now,0.196,"HOT LEAD. Rent Rs 25,300 (42% of income). Eligible Rs 35L at EMI Rs 30,200. Down payment already funded (Rs 15L available)."
CUST104872,P1 - Call today,Home Loan - Ready,Steady Saver,Electronic City,+91-9518530907,customer104872@example.com,7pm-9pm,0.91,31900.0,0.0,0.0,1825000.0,16000.0,1749000.0,Ready now,0.473,"READY LEAD (no rent outflow - may be living with family). Eligible Rs 18L at EMI Rs 16,000. Down payment funded (Rs 17L). Segment: Steady Saver."
CUST105565,P1 - Call today,Rent-to-EMI - Hot,Steady Saver,Indiranagar,+91-9584500073,customer105565@example.com,10am-1pm,0.91,61200.0,12100.0,2600.0,3203000.0,28000.0,3020000.0,Ready now,0.997,"HOT LEAD. Rent Rs 12,100 (20% of income). Eligible Rs 32L at EMI Rs 28,000. Down payment already funded (Rs 30L available)."
CUST102525,P1 - Call today,Rent-to-EMI - Hot,Wealth Builder,Jayanagar,+91-9537681963,customer102525@example.com,10am-1pm,0.909,63000.0,9700.0,0.0,3603000.0,31500.0,4029000.0,Ready now,0.538,"HOT LEAD. Rent Rs 9,700 (15% of income). Eligible Rs 36L at EMI Rs 31,500. Down payment already funded (Rs 40L available)."
CUST104041,P1 - Call today,Rent-to-EMI - Hot,Wealth Builder,Koramangala,+91-9623768112,customer104041@example.com,1pm-4pm,0.909,26700.0,8000.0,7700.0,646000.0,5600.0,853000.0,Ready now,0.473,"HOT LEAD. Rent Rs 8,000 (30% of income). Eligible Rs 6L at EMI Rs 5,600. Down payment already funded (Rs 9L available)."
CUST104655,P1 - Call today,Rent-to-EMI - Hot,Wealth Builder,Whitefield,+91-9456890396,customer104655@example.com,4pm-7pm,0.909,57700.0,22100.0,6100.0,2602000.0,22800.0,4942000.0,Ready now,0.665,"HOT LEAD. Rent Rs 22,100 (38% of income). Eligible Rs 26L at EMI Rs 22,800. Down payment already funded (Rs 49L available)."
CUST100341,P1 - Call today,Rent-to-EMI - Hot,Wealth Builder,Indiranagar,+91-9923889592,customer100341@example.com,7pm-9pm,0.907,34800.0,10000.0,5600.0,1151000.0,10100.0,1754000.0,Ready now,0.501,"HOT LEAD. Rent Rs 10,000 (29% of income). Eligible Rs 12L at EMI Rs 10,100. Down payment already funded (Rs 18L available)."
CUST101535,P1 - Call today,Rent-to-EMI - Hot,Wealth Builder,Electronic City,+91-9811247588,customer101535@example.com,1pm-4pm,0.907,72000.0,12800.0,10900.0,2871000.0,25100.0,2752000.0,Ready now,0.674,"HOT LEAD. Rent Rs 12,800 (18% of income). Eligible Rs 29L at EMI Rs 25,100. Down payment already funded (Rs 28L available)."
CUST105621,P1 - Call today,Rent-to-EMI - Hot,Wealth Builder,Electronic City,+91-9566685368,customer105621@example.com,7pm-9pm,0.907,77800.0,18900.0,0.0,4005000.0,35000.0,2579000.0,Ready now,0.949,"HOT LEAD. Rent Rs 18,900 (24% of income). Eligible Rs 40L at EMI Rs 35,000. Down payment already funded (Rs 26L available)."
CUST103997,P1 - Call today,Rent-to-EMI - Hot,Wealth Builder,Indiranagar,+91-9599343913,customer103997@example.com,10am-1pm,0.906,105000.0,34400.0,9100.0,4965000.0,43400.0,4131000.0,Ready now,0.717,"HOT LEAD. Rent Rs 34,400 (33% of income). Eligible Rs 50L at EMI Rs 43,400. Down payment already funded (Rs 41L available)."
CUST103208,P1 - Call today,Rent-to-EMI - Hot,Wealth Builder,Indiranagar,+91-9909794626,customer103208@example.com,10am-1pm,0.905,107900.0,27400.0,0.0,6172000.0,54000.0,1709000.0,Ready now,0.917,"HOT LEAD. Rent Rs 27,400 (25% of income). Eligible Rs 62L at EMI Rs 54,000. Down payment already funded (Rs 17L available)."
CUST104610,P1 - Call today,Rent-to-EMI - Hot,Wealth Builder,Jayanagar,+91-9513194772,customer104610@example.com,10am-1pm,0.905,25000.0,9700.0,0.0,1287000.0,11200.0,1546000.0,Ready now,0.916,"HOT LEAD. Rent Rs 9,700 (39% of income). Eligible Rs 13L at EMI Rs 11,200. Down payment already funded (Rs 15L available)."
CUST107761,P1 - Call today,Rent-to-EMI - Hot,Wealth Builder,Koramangala,+91-9212262679,customer107761@example.com,1pm-4pm,0.905,72400.0,17900.0,4600.0,3201000.0,28000.0,3106000.0,Ready now,1.0,"HOT LEAD. Rent Rs 17,900 (25% of income). Eligible Rs 32L at EMI Rs 28,000. Down payment already funded (Rs 31L available)."
CUST100494,P1 - Call today,Home Loan - Ready,Steady Saver,Koramangala,+91-9323400028,customer100494@example.com,7pm-9pm,0.904,58200.0,0.0,0.0,2996000.0,26200.0,2756000.0,Ready now,0.688,"READY LEAD (no rent outflow - may be living with family). Eligible Rs 30L at EMI Rs 26,200. Down payment funded (Rs 28L). Segment: Steady Saver."
CUST105671,P1 - Call today,Home Loan - Ready,Steady Saver,Koramangala,+91-9357401241,customer105671@example.com,4pm-7pm,0.904,84600.0,0.0,0.0,4839000.0,42300.0,3572000.0,Ready now,0.381,"READY LEAD (no rent outflow - may be living with family). Eligible Rs 48L at EMI Rs 42,300. Down payment funded (Rs 36L). Segment: Steady Saver."
CUST106714,P1 - Call today,Rent-to-EMI - Hot,Wealth Builder,Koramangala,+91-9562072413,customer106714@example.com,10am-1pm,0.904,60000.0,19700.0,3500.0,3031000.0,26500.0,3386000.0,Ready now,0.541,"HOT LEAD. Rent Rs 19,700 (33% of income). Eligible Rs 30L at EMI Rs 26,500. Down payment already funded (Rs 34L available)."
CUST102709,P1 - Call today,Rent-to-EMI - Hot,Steady Saver,MG Road,+91-9180148297,customer102709@example.com,7pm-9pm,0.903,77000.0,15300.0,6800.0,3626000.0,31700.0,982000.0,Ready now,0.983,"HOT LEAD. Rent Rs 15,300 (20% of income). Eligible Rs 36L at EMI Rs 31,700. Down payment already funded (Rs 10L available)."
CUST102794,P1 - Call today,Rent-to-EMI - Hot,Wealth Builder,MG Road,+91-9040849004,customer102794@example.com,1pm-4pm,0.903,70000.0,28700.0,6700.0,2837000.0,24800.0,1691000.0,Ready now,0.73,"HOT LEAD. Rent Rs 28,700 (41% of income). Eligible Rs 28L at EMI Rs 24,800. Down payment already funded (Rs 17L available)."
CUST103136,P1 - Call today,Rent-to-EMI - Hot,Wealth Builder,MG Road,+91-9036428238,customer103136@example.com,7pm-9pm,0.903,28800.0,10400.0,1400.0,1322000.0,11600.0,1151000.0,Ready now,0.991,"HOT LEAD. Rent Rs 10,400 (36% of income). Eligible Rs 13L at EMI Rs 11,600. Down payment already funded (Rs 12L available)."
CUST104263,P1 - Call today,Rent-to-EMI - Hot,Wealth Builder,Whitefield,+91-9793763596,customer104263@example.com,10am-1pm,0.903,121500.0,35100.0,5300.0,7038000.0,61500.0,4508000.0,Ready now,0.762,"HOT LEAD. Rent Rs 35,100 (29% of income). Eligible Rs 70L at EMI Rs 61,500. Down payment already funded (Rs 45L available)."
CUST104407,P1 - Call today,Rent-to-EMI - Hot,Lifestyle Spender,Indiranagar,+91-9736028023,customer104407@example.com,10am-1pm,0.902,51800.0,17600.0,0.0,2963000.0,25900.0,894000.0,Ready now,0.098,"HOT LEAD. Rent Rs 17,600 (34% of income). Eligible Rs 30L at EMI Rs 25,900. Down payment already funded (Rs 9L available)."
CUST106716,P1 - Call today,Home Loan - Ready,Steady Saver,Jayanagar,+91-9568753746,customer106716@example.com,1pm-4pm,0.902,149300.0,0.0,7700.0,8513000.0,74400.0,5021000.0,Ready now,1.0,"READY LEAD (no rent outflow - may be living with family). Eligible Rs 85L at EMI Rs 74,400. Down payment funded (Rs 50L). Segment: Steady Saver."
CUST100397,P1 - Call today,Rent-to-EMI - Hot,Wealth Builder,MG Road,+91-9106809143,customer100397@example.com,10am-1pm,0.901,136800.0,37900.0,0.0,8607000.0,75200.0,5500000.0,Ready now,0.623,"HOT LEAD. Rent Rs 37,900 (28% of income). Eligible Rs 86L at EMI Rs 75,200. Down payment already funded (Rs 55L available)."
CUST101571,P1 - Call today,Home Loan - Ready,Steady Saver,Jayanagar,+91-9343362044,customer101571@example.com,10am-1pm,0.901,112700.0,0.0,9000.0,6061000.0,53000.0,5219000.0,Ready now,0.417,"READY LEAD (no rent outflow - may be living with family). Eligible Rs 61L at EMI Rs 53,000. Down payment funded (Rs 52L). Segment: Steady Saver."
CUST102716,P1 - Call today,Balance Transfer,Steady Saver,Whitefield,+91-9173724432,customer102716@example.com,7pm-9pm,0.901,51000.0,0.0,0.0,2917000.0,25500.0,1580000.0,Ready now,0.994,"BT pitch: currently 10.56%, outstanding Rs 25L. Monthly saving Rs 3,175. Carry the rate sheet."
CUST103713,P1 - Call today,Rent-to-EMI - Hot,Wealth Builder,Jayanagar,+91-9043979542,customer103713@example.com,10am-1pm,0.901,39800.0,14300.0,5200.0,1682000.0,14700.0,652000.0,Ready now,1.0,"HOT LEAD. Rent Rs 14,300 (36% of income). Eligible Rs 17L at EMI Rs 14,700. Down payment already funded (Rs 7L available)."
CUST106182,P1 - Call today,Rent-to-EMI - Hot,Wealth Builder,Electronic City,+91-9941988356,customer106182@example.com,10am-1pm,0.901,87800.0,33200.0,7700.0,3639000.0,31800.0,2291000.0,Ready now,0.508,"HOT LEAD. Rent Rs 33,200 (38% of income). Eligible Rs 36L at EMI Rs 31,800. Down payment already funded (Rs 23L available)."
CUST101589,P1 - Call today,Rent-to-EMI - Hot,Wealth Builder,MG Road,+91-9728449323,customer101589@example.com,4pm-7pm,0.9,49300.0,11800.0,0.0,2820000.0,24600.0,2628000.0,Ready now,0.699,"HOT LEAD. Rent Rs 11,800 (24% of income). Eligible Rs 28L at EMI Rs 24,600. Down payment already funded (Rs 26L available)."
CUST101845,P1 - Call today,Rent-to-EMI - Hot,Wealth Builder,MG Road,+91-9084560930,customer101845@example.com,1pm-4pm,0.9,83600.0,27800.0,0.0,4304000.0,37600.0,2506000.0,Ready now,0.999,"HOT LEAD. Rent Rs 27,800 (33% of income). Eligible Rs 43L at EMI Rs 37,600. Down payment already funded (Rs 25L available)."
CUST102868,P1 - Call today,Rent-to-EMI - Hot,Wealth Builder,Whitefield,+91-9674567921,customer102868@example.com,1pm-4pm,0.9,75400.0,25300.0,7300.0,3478000.0,30400.0,1889000.0,Ready now,0.479,"HOT LEAD. Rent Rs 25,300 (34% of income). Eligible Rs 35L at EMI Rs 30,400. Down payment already funded (Rs 19L available)."
CUST103410,P1 - Call today,Rent-to-EMI - Hot,Wealth Builder,Koramangala,+91-9391471246,customer103410@example.com,1pm-4pm,0.9,90900.0,13200.0,15000.0,3483000.0,30400.0,3031000.0,Ready now,0.727,"HOT LEAD. Rent Rs 13,200 (14% of income). Eligible Rs 35L at EMI Rs 30,400. Down payment already funded (Rs 30L available)."
CUST105104,P1 - Call today,Rent-to-EMI - Hot,Wealth Builder,Indiranagar,+91-9531854395,customer105104@example.com,10am-1pm,0.9,73100.0,21200.0,0.0,3094000.0,27000.0,2190000.0,Ready now,1.0,"HOT LEAD. Rent Rs 21,200 (29% of income). Eligible Rs 31L at EMI Rs 27,000. Down payment already funded (Rs 22L available)."
CUST107245,P1 - Call today,Rent-to-EMI - Hot,Wealth Builder,Whitefield,+91-9735051513,customer107245@example.com,4pm-7pm,0.9,54800.0,21700.0,0.0,2821000.0,24700.0,1927000.0,Ready now,0.342,"HOT LEAD. Rent Rs 21,700 (40% of income). Eligible Rs 28L at EMI Rs 24,700. Down payment already funded (Rs 19L available)."
CUST107801,P1 - Call today,Rent-to-EMI - Hot,Wealth Builder,Koramangala,+91-9689533411,customer107801@example.com,1pm-4pm,0.9,62500.0,14200.0,5600.0,2577000.0,22500.0,1369000.0,Ready now,0.995,"HOT LEAD. Rent Rs 14,200 (23% of income). Eligible Rs 26L at EMI Rs 22,500. Down payment already funded (Rs 14L available)."
CUST100046,P1 - Call today,Rent-to-EMI - Hot,Wealth Builder,Jayanagar,+91-9304298041,customer100046@example.com,1pm-4pm,0.899,49100.0,20500.0,9700.0,1418000.0,12400.0,886000.0,Ready now,0.997,"HOT LEAD. Rent Rs 20,500 (42% of income). Eligible Rs 14L at EMI Rs 12,400. Down payment already funded (Rs 9L available)."
CUST102073,P1 - Call today,Rent-to-EMI - Hot,Wealth Builder,Koramangala,+91-9865562949,customer102073@example.com,4pm-7pm,0.899,87600.0,22300.0,0.0,4509000.0,39400.0,4993000.0,Ready now,0.518,"HOT LEAD. Rent Rs 22,300 (26% of income). Eligible Rs 45L at EMI Rs 39,400. Down payment already funded (Rs 50L available)."
CUST103014,P1 - Call today,Rent-to-EMI - Hot,Wealth Builder,Jayanagar,+91-9819726719,customer103014@example.com,4pm-7pm,0.899,178900.0,53200.0,7300.0,9398000.0,82200.0,8727000.0,Ready now,0.506,"HOT LEAD. Rent Rs 53,200 (30% of income). Eligible Rs 94L at EMI Rs 82,200. Down payment already funded (Rs 87L available)."
CUST106598,P1 - Call today,Rent-to-EMI - Hot,Wealth Builder,Jayanagar,+91-9919808191,customer106598@example.com,4pm-7pm,0.899,66800.0,18700.0,0.0,3439000.0,30100.0,1467000.0,Ready now,0.453,"HOT LEAD. Rent Rs 18,700 (28% of income). Eligible Rs 34L at EMI Rs 30,100. Down payment already funded (Rs 15L available)."
CUST100087,P1 - Call today,Rent-to-EMI - Hot,Wealth Builder,Whitefield,+91-9667900924,customer100087@example.com,7pm-9pm,0.898,82600.0,19100.0,11800.0,2902000.0,25400.0,2800000.0,Ready now,0.797,"HOT LEAD. Rent Rs 19,100 (23% of income). Eligible Rs 29L at EMI Rs 25,400. Down payment already funded (Rs 28L available)."
CUST103754,P1 - Call today,Rent-to-EMI - Hot,Steady Saver,Electronic City,+91-9158853238,customer103754@example.com,4pm-7pm,0.898,176800.0,22000.0,12300.0,9717000.0,84900.0,2434000.0,Ready now,0.98,"HOT LEAD. Rent Rs 22,000 (12% of income). Eligible Rs 97L at EMI Rs 84,900. Down payment already funded (Rs 24L available)."
CUST106447,P1 - Call today,Rent-to-EMI - Hot,Wealth Builder,Whitefield,+91-9407546647,customer106447@example.com,1pm-4pm,0.898,66200.0,27200.0,0.0,3408000.0,29800.0,1695000.0,Ready now,0.995,"HOT LEAD. Rent Rs 27,200 (41% of income). Eligible Rs 34L at EMI Rs 29,800. Down payment already funded (Rs 17L available)."
CUST100086,P1 - Call today,Rent-to-EMI - Hot,Wealth Builder,Indiranagar,+91-9747945650,customer100086@example.com,10am-1pm,0.897,68900.0,15300.0,11400.0,2243000.0,19600.0,2316000.0,Ready now,0.852,"HOT LEAD. Rent Rs 15,300 (22% of income). Eligible Rs 22L at EMI Rs 19,600. Down payment already funded (Rs 23L available)."
CUST100663,P1 - Call today,Home Loan - Ready,Steady Saver,Electronic City,+91-9168969069,customer100663@example.com,10am-1pm,0.897,76100.0,0.0,0.0,4353000.0,38000.0,2715000.0,Ready now,0.991,"READY LEAD (no rent outflow - may be living with family). Eligible Rs 44L at EMI Rs 38,000. Down payment funded (Rs 27L). Segment: Steady Saver."
CUST103799,P1 - Call today,Rent-to-EMI - Hot,Lifestyle Spender,Electronic City,+91-9565650454,customer103799@example.com,7pm-9pm,0.897,66400.0,20500.0,4300.0,3306000.0,28900.0,1247000.0,Ready now,0.039,"HOT LEAD. Rent Rs 20,500 (31% of income). Eligible Rs 33L at EMI Rs 28,900. Down payment already funded (Rs 12L available)."
CUST105781,P1 - Call today,Home Loan - Ready,Steady Saver,Whitefield,+91-9785174621,customer105781@example.com,10am-1pm,0.897,37500.0,0.0,2000.0,1916000.0,16800.0,1289000.0,Ready now,1.0,"READY LEAD (no rent outflow - may be living with family). Eligible Rs 19L at EMI Rs 16,800. Down payment funded (Rs 13L). Segment: Steady Saver."
CUST107695,P1 - Call today,Rent-to-EMI - Hot,Wealth Builder,Indiranagar,+91-9190659285,customer107695@example.com,4pm-7pm,0.897,71300.0,21900.0,13900.0,2488000.0,21800.0,3588000.0,Ready now,0.505,"HOT LEAD. Rent Rs 21,900 (31% of income). Eligible Rs 25L at EMI Rs 21,800. Down payment already funded (Rs 36L available)."
CUST100541,P1 - Call today,Rent-to-EMI - Hot,Wealth Builder,Indiranagar,+91-9165733245,customer100541@example.com,7pm-9pm,0.896,25000.0,10400.0,2400.0,1012000.0,8800.0,1022000.0,Ready now,0.574,"HOT LEAD. Rent Rs 10,400 (42% of income). Eligible Rs 10L at EMI Rs 8,800. Down payment already funded (Rs 10L available)."
CUST101593,P1 - Call today,Rent-to-EMI - Hot,Wealth Builder,Jayanagar,+91-9354828386,customer101593@example.com,4pm-7pm,0.896,69500.0,25300.0,10500.0,2774000.0,24200.0,2068000.0,Ready now,1.0,"HOT LEAD. Rent Rs 25,300 (36% of income). Eligible Rs 28L at EMI Rs 24,200. Down payment already funded (Rs 21L available)."
CUST102958,P1 - Call today,Rent-to-EMI - Hot,Wealth Builder,Indiranagar,+91-9981977731,customer102958@example.com,1pm-4pm,0.896,77700.0,32200.0,5400.0,3382000.0,29600.0,2941000.0,Ready now,0.56,"HOT LEAD. Rent Rs 32,200 (41% of income). Eligible Rs 34L at EMI Rs 29,600. Down payment already funded (Rs 29L available)."
CUST106241,P1 - Call today,Home Loan - Ready,Steady Saver,Whitefield,+91-9134847948,customer106241@example.com,1pm-4pm,0.896,87100.0,0.0,8300.0,4032000.0,35200.0,2466000.0,Ready now,0.429,"READY LEAD (no rent outflow - may be living with family). Eligible Rs 40L at EMI Rs 35,200. Down payment funded (Rs 25L). Segment: Steady Saver."
CUST100362,P1 - Call today,Rent-to-EMI - Hot,Wealth Builder,Whitefield,+91-9010183830,customer100362@example.com,10am-1pm,0.895,34900.0,14000.0,6200.0,1087000.0,9500.0,1436000.0,Ready now,0.518,"HOT LEAD. Rent Rs 14,000 (40% of income). Eligible Rs 11L at EMI Rs 9,500. Down payment already funded (Rs 14L available)."
CUST100495,P1 - Call today,Rent-to-EMI - Hot,Wealth Builder,MG Road,+91-9919608524,customer100495@example.com,4pm-7pm,0.895,56200.0,21800.0,0.0,2379000.0,20800.0,2225000.0,Ready now,0.999,"HOT LEAD. Rent Rs 21,800 (39% of income). Eligible Rs 24L at EMI Rs 20,800. Down payment already funded (Rs 22L available)."
CUST102040,P1 - Call today,Rent-to-EMI - Hot,Wealth Builder,MG Road,+91-9546902780,customer102040@example.com,4pm-7pm,0.895,140100.0,57200.0,0.0,8815000.0,77100.0,5873000.0,Ready now,1.0,"HOT LEAD. Rent Rs 57,200 (41% of income). Eligible Rs 88L at EMI Rs 77,100. Down payment already funded (Rs 59L available)."
CUST104721,P1 - Call today,Rent-to-EMI - Hot,Wealth Builder,MG Road,+91-9590112992,customer104721@example.com,1pm-4pm,0.895,68700.0,21900.0,0.0,3537000.0,30900.0,2013000.0,Ready now,0.96,"HOT LEAD. Rent Rs 21,900 (32% of income). Eligible Rs 35L at EMI Rs 30,900. Down payment already funded (Rs 20L available)."
CUST107258,P1 - Call today,Rent-to-EMI - Hot,Wealth Builder,Jayanagar,+91-9107865956,customer107258@example.com,7pm-9pm,0.895,155300.0,50500.0,39200.0,5287000.0,46200.0,7018000.0,Ready now,0.484,"HOT LEAD. Rent Rs 50,500 (32% of income). Eligible Rs 53L at EMI Rs 46,200. Down payment already funded (Rs 70L available)."
CUST107163,P1 - Call today,Rent-to-EMI - Hot,Wealth Builder,Koramangala,+91-9708716285,customer107163@example.com,10am-1pm,0.894,88500.0,30800.0,6900.0,4273000.0,37400.0,3692000.0,Ready now,0.402,"HOT LEAD. Rent Rs 30,800 (35% of income). Eligible Rs 43L at EMI Rs 37,400. Down payment already funded (Rs 37L available)."
CUST100646,P1 - Call today,Rent-to-EMI - Hot,Wealth Builder,Koramangala,+91-9331739461,customer100646@example.com,1pm-4pm,0.893,114500.0,38500.0,7100.0,5737000.0,50200.0,2110000.0,Ready now,0.989,"HOT LEAD. Rent Rs 38,500 (34% of income). Eligible Rs 57L at EMI Rs 50,200. Down payment already funded (Rs 21L available)."
CUST100968,P1 - Call today,Home Loan - Ready,Steady Saver,Indiranagar,+91-9901081675,customer100968@example.com,7pm-9pm,0.893,72400.0,0.0,0.0,4141000.0,36200.0,2128000.0,Ready now,1.0,"READY LEAD (no rent outflow - may be living with family). Eligible Rs 41L at EMI Rs 36,200. Down payment funded (Rs 21L). Segment: Steady Saver."
CUST101020,P1 - Call today,Rent-to-EMI - Hot,Wealth Builder,Whitefield,+91-9505142741,customer101020@example.com,7pm-9pm,0.893,47400.0,18900.0,0.0,2440000.0,21300.0,2009000.0,Ready now,0.658,"HOT LEAD. Rent Rs 18,900 (40% of income). Eligible Rs 24L at EMI Rs 21,300. Down payment already funded (Rs 20L available)."
CUST100553,P1 - Call today,Rent-to-EMI - Hot,Wealth Builder,Whitefield,+91-9734032779,customer100553@example.com,7pm-9pm,0.892,75600.0,12000.0,0.0,3892000.0,34000.0,1251000.0,Ready now,0.996,"HOT LEAD. Rent Rs 12,000 (16% of income). Eligible Rs 39L at EMI Rs 34,000. Down payment already funded (Rs 13L available)."
CUST105130,P1 - Call today,Rent-to-EMI - Hot,Wealth Builder,Jayanagar,+91-9786904121,customer105130@example.com,4pm-7pm,0.892,96300.0,28300.0,0.0,5508000.0,48200.0,2610000.0,Ready now,0.765,"HOT LEAD. Rent Rs 28,300 (29% of income). Eligible Rs 55L at EMI Rs 48,200. Down payment already funded (Rs 26L available)."
CUST105773,P1 - Call today,Home Loan - Ready,Steady Saver,Whitefield,+91-9906933737,customer105773@example.com,7pm-9pm,0.892,90000.0,0.0,9700.0,4038000.0,35300.0,3860000.0,Ready now,0.607,"READY LEAD (no rent outflow - may be living with family). Eligible Rs 40L at EMI Rs 35,300. Down payment funded (Rs 39L). Segment: Steady Saver."
CUST107367,P1 - Call today,Balance Transfer,Wealth Builder,Indiranagar,+91-9641290466,customer107367@example.com,4pm-7pm,0.892,40400.0,14100.0,0.0,2311000.0,20200.0,1825000.0,Ready now,0.658,"BT pitch: currently 10.02%, outstanding Rs 21L. Monthly saving Rs 1,976. Carry the rate sheet."
CUST100327,P1 - Call today,Rent-to-EMI - Hot,Lifestyle Spender,Jayanagar,+91-9562368825,customer100327@example.com,10am-1pm,0.891,58400.0,8400.0,0.0,3340000.0,29200.0,1358000.0,Ready now,0.142,"HOT LEAD. Rent Rs 8,400 (14% of income). Eligible Rs 33L at EMI Rs 29,200. Down payment already funded (Rs 14L available)."
CUST103134,P1 - Call today,Rent-to-EMI - Hot,Wealth Builder,Jayanagar,+91-9782328964,customer103134@example.com,1pm-4pm,0.891,149100.0,28700.0,0.0,9381000.0,82000.0,5749000.0,Ready now,0.801,"HOT LEAD. Rent Rs 28,700 (19% of income). Eligible Rs 94L at EMI Rs 82,000. Down payment already funded (Rs 57L available)."
CUST106369,P1 - Call today,Rent-to-EMI - Hot,Steady Saver,Indiranagar,+91-9133453996,customer106369@example.com,10am-1pm,0.891,72400.0,9500.0,0.0,4141000.0,36200.0,1476000.0,Ready now,0.586,"HOT LEAD. Rent Rs 9,500 (13% of income). Eligible Rs 41L at EMI Rs 36,200. Down payment already funded (Rs 15L available)."
CUST107790,P1 - Call today,Rent-to-EMI - Hot,Wealth Builder,MG Road,+91-9657297500,customer107790@example.com,4pm-7pm,0.891,74500.0,20300.0,5400.0,3217000.0,28100.0,2006000.0,Ready now,1.0,"HOT LEAD. Rent Rs 20,300 (27% of income). Eligible Rs 32L at EMI Rs 28,100. Down payment already funded (Rs 20L available)."
CUST100257,P1 - Call today,Rent-to-EMI - Hot,Wealth Builder,MG Road,+91-9733072991,customer100257@example.com,1pm-4pm,0.89,42800.0,17500.0,2800.0,2128000.0,18600.0,1791000.0,Ready now,0.995,"HOT LEAD. Rent Rs 17,500 (41% of income). Eligible Rs 21L at EMI Rs 18,600. Down payment already funded (Rs 18L available)."
CUST101306,P1 - Call today,Home Loan - Ready,Steady Saver,Electronic City,+91-9359604161,customer101306@example.com,10am-1pm,0.89,55800.0,0.0,0.0,3192000.0,27900.0,2788000.0,Ready now,0.493,"READY LEAD (no rent outflow - may be living with family). Eligible Rs 32L at EMI Rs 27,900. Down payment funded (Rs 28L). Segment: Steady Saver."
CUST102327,P1 - Call today,Balance Transfer,Wealth Builder,Koramangala,+91-9357998654,customer102327@example.com,10am-1pm,0.89,113200.0,38700.0,24200.0,4354000.0,38100.0,3491000.0,Ready now,0.414,"BT pitch: currently 9.98%, outstanding Rs 20L. Monthly saving Rs 1,763. Carry the rate sheet."
CUST102963,P1 - Call today,Rent-to-EMI - Hot,Wealth Builder,Jayanagar,+91-9723953316,customer102963@example.com,4pm-7pm,0.89,205100.0,28300.0,26200.0,8734000.0,76400.0,10725000.0,Ready now,0.987,"HOT LEAD. Rent Rs 28,300 (14% of income). Eligible Rs 87L at EMI Rs 76,400. Down payment already funded (Rs 107L available)."
CUST106843,P1 - Call today,Rent-to-EMI - Hot,Wealth Builder,Whitefield,+91-9903452727,customer106843@example.com,4pm-7pm,0.89,179000.0,57100.0,26200.0,7241000.0,63300.0,5465000.0,Ready now,1.0,"HOT LEAD. Rent Rs 57,100 (32% of income). Eligible Rs 72L at EMI Rs 63,300. Down payment already funded (Rs 55L available)."
CUST107831,P1 - Call today,Rent-to-EMI - Hot,Steady Saver,Jayanagar,+91-9706806115,customer107831@example.com,7pm-9pm,0.89,57200.0,7400.0,2700.0,2963000.0,25900.0,1542000.0,Ready now,0.988,"HOT LEAD. Rent Rs 7,400 (13% of income). Eligible Rs 30L at EMI Rs 25,900. Down payment already funded (Rs 15L available)."
CUST104128,P1 - Call today,Balance Transfer,Wealth Builder,MG Road,+91-9357152383,customer104128@example.com,4pm-7pm,0.889,230400.0,93400.0,11300.0,11886000.0,103900.0,11753000.0,Ready now,0.516,"BT pitch: currently 9.66%, outstanding Rs 115L. Monthly saving Rs 7,900. Carry the rate sheet."
CUST107773,P1 - Call today,Rent-to-EMI - Hot,Wealth Builder,Koramangala,+91-9920524350,customer107773@example.com,1pm-4pm,0.889,119500.0,41500.0,0.0,6835000.0,59800.0,4993000.0,Ready now,0.951,"HOT LEAD. Rent Rs 41,500 (35% of income). Eligible Rs 68L at EMI Rs 59,800. Down payment already funded (Rs 50L available)."
CUST104917,P1 - Call today,Rent-to-EMI - Hot,Wealth Builder,MG Road,+91-9843792244,customer104917@example.com,1pm-4pm,0.888,57100.0,18700.0,14000.0,1338000.0,11700.0,1629000.0,Ready now,1.0,"HOT LEAD. Rent Rs 18,700 (33% of income). Eligible Rs 13L at EMI Rs 11,700. Down payment already funded (Rs 16L available)."
CUST106095,P1 - Call today,Rent-to-EMI - Hot,Wealth Builder,Jayanagar,+91-9986870859,customer106095@example.com,4pm-7pm,0.888,67600.0,17300.0,7300.0,2645000.0,23100.0,2845000.0,Ready now,0.5,"HOT LEAD. Rent Rs 17,300 (26% of income). Eligible Rs 26L at EMI Rs 23,100. Down payment already funded (Rs 28L available)."
CUST106671,P1 - Call today,Rent-to-EMI - Hot,Wealth Builder,Koramangala,+91-9333564692,customer106671@example.com,4pm-7pm,0.888,61500.0,20300.0,0.0,3518000.0,30800.0,2006000.0,Ready now,0.722,"HOT LEAD. Rent Rs 20,300 (33% of income). Eligible Rs 35L at EMI Rs 30,800. Down payment already funded (Rs 20L available)."
CUST106813,P1 - Call today,Rent-to-EMI - Hot,Steady Saver,Jayanagar,+91-9599440315,customer106813@example.com,10am-1pm,0.888,35700.0,4400.0,0.0,2042000.0,17800.0,695000.0,Ready now,0.386,"HOT LEAD. Rent Rs 4,400 (12% of income). Eligible Rs 20L at EMI Rs 17,800. Down payment already funded (Rs 7L available)."
CUST100068,P1 - Call today,Rent-to-EMI - Hot,Wealth Builder,Electronic City,+91-9336220587,customer100068@example.com,4pm-7pm,0.887,39900.0,11600.0,4100.0,1813000.0,15800.0,1266000.0,Ready now,1.0,"HOT LEAD. Rent Rs 11,600 (29% of income). Eligible Rs 18L at EMI Rs 15,800. Down payment already funded (Rs 13L available)."
CUST100967,P1 - Call today,Rent-to-EMI - Hot,Wealth Builder,Whitefield,+91-9521977863,customer100967@example.com,4pm-7pm,0.887,59900.0,23100.0,3800.0,2649000.0,23200.0,2057000.0,Ready now,1.0,"HOT LEAD. Rent Rs 23,100 (39% of income). Eligible Rs 26L at EMI Rs 23,200. Down payment already funded (Rs 21L available)."
CUST101240,P1 - Call today,Home Loan - Ready,Steady Saver,Koramangala,+91-9182853172,customer101240@example.com,10am-1pm,0.887,72600.0,0.0,0.0,3737000.0,32700.0,6317000.0,Ready now,0.613,"READY LEAD (no rent outflow - may be living with family). Eligible Rs 37L at EMI Rs 32,700. Down payment funded (Rs 63L). Segment: Steady Saver."
CUST101695,P1 - Call today,Rent-to-EMI - Hot,Wealth Builder,MG Road,+91-9930228343,customer101695@example.com,1pm-4pm,0.887,35300.0,11700.0,1700.0,1623000.0,14200.0,2488000.0,Ready now,0.68,"HOT LEAD. Rent Rs 11,700 (33% of income). Eligible Rs 16L at EMI Rs 14,200. Down payment already funded (Rs 25L available)."
CUST104674,P1 - Call today,Rent-to-EMI - Hot,Wealth Builder,Indiranagar,+91-9125602827,customer104674@example.com,1pm-4pm,0.887,36700.0,13100.0,8200.0,951000.0,8300.0,1176000.0,Ready now,0.6,"HOT LEAD. Rent Rs 13,100 (36% of income). Eligible Rs 10L at EMI Rs 8,300. Down payment already funded (Rs 12L available)."
CUST106589,P1 - Call today,Home Loan - Ready,Steady Saver,Electronic City,+91-9111847426,customer106589@example.com,7pm-9pm,0.887,66600.0,0.0,4300.0,3317000.0,29000.0,3219000.0,Ready now,0.517,"READY LEAD (no rent outflow - may be living with family). Eligible Rs 33L at EMI Rs 29,000. Down payment funded (Rs 32L). Segment: Steady Saver."
CUST101935,P1 - Call today,Rent-to-EMI - Hot,Wealth Builder,Whitefield,+91-9811366024,customer101935@example.com,7pm-9pm,0.886,50700.0,14200.0,3800.0,2175000.0,19000.0,3486000.0,Ready now,0.628,"HOT LEAD. Rent Rs 14,200 (28% of income). Eligible Rs 22L at EMI Rs 19,000. Down payment already funded (Rs 35L available)."
CUST106721,P1 - Call today,Rent-to-EMI - Hot,Wealth Builder,MG Road,+91-9942913998,customer106721@example.com,10am-1pm,0.886,58700.0,10700.0,0.0,3357000.0,29400.0,3210000.0,Ready now,0.999,"HOT LEAD. Rent Rs 10,700 (18% of income). Eligible Rs 34L at EMI Rs 29,400. Down payment already funded (Rs 32L available)."
CUST100204,P1 - Call today,Rent-to-EMI - Hot,Wealth Builder,Whitefield,+91-9376902617,customer100204@example.com,1pm-4pm,0.885,107700.0,15300.0,10200.0,5609000.0,49000.0,3486000.0,Ready now,0.543,"HOT LEAD. Rent Rs 15,300 (14% of income). Eligible Rs 56L at EMI Rs 49,000. Down payment already funded (Rs 35L available)."
CUST100299,P1 - Call today,Home Loan - Ready,Steady Saver,MG Road,+91-9221829546,customer100299@example.com,4pm-7pm,0.885,68300.0,0.0,11700.0,2178000.0,19000.0,2750000.0,Ready now,0.802,"READY LEAD (no rent outflow - may be living with family). Eligible Rs 22L at EMI Rs 19,000. Down payment funded (Rs 28L). Segment: Steady Saver."
CUST102797,P1 - Call today,Rent-to-EMI - Hot,Wealth Builder,Indiranagar,+91-9764649296,customer102797@example.com,10am-1pm,0.885,84700.0,32400.0,0.0,4845000.0,42400.0,6493000.0,Ready now,0.666,"HOT LEAD. Rent Rs 32,400 (38% of income). Eligible Rs 48L at EMI Rs 42,400. Down payment already funded (Rs 65L available)."
CUST106185,P1 - Call today,Rent-to-EMI - Hot,Wealth Builder,Whitefield,+91-9632574650,customer106185@example.com,4pm-7pm,0.885,81600.0,21800.0,6600.0,3912000.0,34200.0,1170000.0,Ready now,1.0,"HOT LEAD. Rent Rs 21,800 (27% of income). Eligible Rs 39L at EMI Rs 34,200. Down payment already funded (Rs 12L available)."
CUST106687,P1 - Call today,Home Loan - Ready,Steady Saver,Koramangala,+91-9130993534,customer106687@example.com,1pm-4pm,0.885,39000.0,0.0,0.0,2008000.0,17600.0,2050000.0,Ready now,0.457,"READY LEAD (no rent outflow - may be living with family). Eligible Rs 20L at EMI Rs 17,600. Down payment funded (Rs 20L). Segment: Steady Saver."
CUST106688,P1 - Call today,Rent-to-EMI - Hot,Wealth Builder,Indiranagar,+91-9376472822,customer106688@example.com,4pm-7pm,0.885,53600.0,17300.0,11200.0,1478000.0,12900.0,1232000.0,Ready now,0.99,"HOT LEAD. Rent Rs 17,300 (32% of income). Eligible Rs 15L at EMI Rs 12,900. Down payment already funded (Rs 12L available)."
CUST107201,P1 - Call today,Home Loan - Ready,Steady Saver,Koramangala,+91-9473392572,customer107201@example.com,4pm-7pm,0.885,227900.0,0.0,0.0,13035000.0,114000.0,10883000.0,Ready now,0.534,"READY LEAD (no rent outflow - may be living with family). Eligible Rs 130L at EMI Rs 114,000. Down payment funded (Rs 109L). Segment: Steady Saver."
CUST100298,P1 - Call today,Rent-to-EMI - Hot,Steady Saver,Indiranagar,+91-9501548598,customer100298@example.com,7pm-9pm,0.884,158000.0,22900.0,0.0,9037000.0,79000.0,6321000.0,Ready now,0.463,"HOT LEAD. Rent Rs 22,900 (14% of income). Eligible Rs 90L at EMI Rs 79,000. Down payment already funded (Rs 63L available)."
CUST101293,P1 - Call today,Rent-to-EMI - Hot,Wealth Builder,MG Road,+91-9526340177,customer101293@example.com,10am-1pm,0.884,67100.0,19500.0,0.0,3454000.0,30200.0,5093000.0,Ready now,0.612,"HOT LEAD. Rent Rs 19,500 (29% of income). Eligible Rs 35L at EMI Rs 30,200. Down payment already funded (Rs 51L available)."
CUST102903,P1 - Call today,Rent-to-EMI - Hot,Wealth Builder,Electronic City,+91-9237064507,customer102903@example.com,1pm-4pm,0.884,59200.0,19500.0,10000.0,1904000.0,16600.0,2235000.0,Ready now,1.0,"HOT LEAD. Rent Rs 19,500 (33% of income). Eligible Rs 19L at EMI Rs 16,600. Down payment already funded (Rs 22L available)."
CUST103885,P1 - Call today,Rent-to-EMI - Hot,Wealth Builder,Electronic City,+91-9297015659,customer103885@example.com,1pm-4pm,0.884,83600.0,29400.0,8500.0,3809000.0,33300.0,1003000.0,Ready now,0.96,"HOT LEAD. Rent Rs 29,400 (35% of income). Eligible Rs 38L at EMI Rs 33,300. Down payment already funded (Rs 10L available)."
CUST104796,P1 - Call today,Balance Transfer,Wealth Builder,Jayanagar,+91-9777364395,customer104796@example.com,10am-1pm,0.884,144000.0,36600.0,0.0,8236000.0,72000.0,10486000.0,Ready now,0.742,"BT pitch: currently 10.09%, outstanding Rs 50L. Monthly saving Rs 4,817. Carry the rate sheet."
CUST105593,P1 - Call today,Rent-to-EMI - Hot,Wealth Builder,Jayanagar,+91-9252170934,customer105593@example.com,1pm-4pm,0.884,54500.0,22100.0,3000.0,2774000.0,24200.0,771000.0,Ready now,1.0,"HOT LEAD. Rent Rs 22,100 (41% of income). Eligible Rs 28L at EMI Rs 24,200. Down payment already funded (Rs 8L available)."
CUST105785,P1 - Call today,Rent-to-EMI - Hot,Wealth Builder,Indiranagar,+91-9459482252,customer105785@example.com,1pm-4pm,0.884,102600.0,23400.0,8800.0,5449000.0,47600.0,3540000.0,Ready now,0.997,"HOT LEAD. Rent Rs 23,400 (23% of income). Eligible Rs 54L at EMI Rs 47,600. Down payment already funded (Rs 35L available)."
CUST106108,P1 - Call today,Rent-to-EMI - Hot,Wealth Builder,Electronic City,+91-9238703130,customer106108@example.com,1pm-4pm,0.884,60700.0,25100.0,0.0,3125000.0,27300.0,1256000.0,Ready now,0.996,"HOT LEAD. Rent Rs 25,100 (41% of income). Eligible Rs 31L at EMI Rs 27,300. Down payment already funded (Rs 13L available)."
CUST102385,P1 - Call today,Rent-to-EMI - Hot,Wealth Builder,Whitefield,+91-9398505051,customer102385@example.com,4pm-7pm,0.883,36300.0,15100.0,6600.0,1114000.0,9700.0,942000.0,Ready now,1.0,"HOT LEAD. Rent Rs 15,100 (42% of income). Eligible Rs 11L at EMI Rs 9,700. Down payment already funded (Rs 9L available)."
CUST102657,P1 - Call today,Rent-to-EMI - Hot,Wealth Builder,Whitefield,+91-9717855080,customer102657@example.com,4pm-7pm,0.883,103000.0,38600.0,7300.0,5056000.0,44200.0,3333000.0,Ready now,0.865,"HOT LEAD. Rent Rs 38,600 (38% of income). Eligible Rs 51L at EMI Rs 44,200. Down payment already funded (Rs 33L available)."
CUST102747,P1 - Call today,Rent-to-EMI - Hot,Wealth Builder,Whitefield,+91-9495518589,customer102747@example.com,1pm-4pm,0.883,72300.0,25900.0,3200.0,3769000.0,33000.0,2610000.0,Ready now,0.913,"HOT LEAD. Rent Rs 25,900 (36% of income). Eligible Rs 38L at EMI Rs 33,000. Down payment already funded (Rs 26L available)."
CUST105220,P1 - Call today,Rent-to-EMI - Hot,Wealth Builder,Whitefield,+91-9871499854,customer105220@example.com,1pm-4pm,0.883,53100.0,12000.0,4200.0,2253000.0,19700.0,2363000.0,Ready now,0.593,"HOT LEAD. Rent Rs 12,000 (23% of income). Eligible Rs 23L at EMI Rs 19,700. Down payment already funded (Rs 24L available)."
CUST105488,P1 - Call today,Rent-to-EMI - Hot,Wealth Builder,Whitefield,+91-9386660425,customer105488@example.com,1pm-4pm,0.883,50200.0,19500.0,3100.0,2517000.0,22000.0,1988000.0,Ready now,0.845,"HOT LEAD. Rent Rs 19,500 (39% of income). Eligible Rs 25L at EMI Rs 22,000. Down payment already funded (Rs 20L available)."
CUST107319,P1 - Call today,Rent-to-EMI - Hot,Wealth Builder,MG Road,+91-9445482165,customer107319@example.com,10am-1pm,0.883,90600.0,30400.0,18100.0,2593000.0,22700.0,2254000.0,Ready now,1.0,"HOT LEAD. Rent Rs 30,400 (34% of income). Eligible Rs 26L at EMI Rs 22,700. Down payment already funded (Rs 23L available)."
CUST101081,P1 - Call today,Rent-to-EMI - Hot,Wealth Builder,MG Road,+91-9169421632,customer101081@example.com,10am-1pm,0.882,58500.0,22300.0,0.0,3011000.0,26300.0,2247000.0,Ready now,0.492,"HOT LEAD. Rent Rs 22,300 (38% of income). Eligible Rs 30L at EMI Rs 26,300. Down payment already funded (Rs 22L available)."
CUST103922,P1 - Call today,Home Loan - Ready,Steady Saver,Indiranagar,+91-9879406569,customer103922@example.com,7pm-9pm,0.882,115400.0,0.0,22500.0,4687000.0,41000.0,2330000.0,Ready now,0.998,"READY LEAD (no rent outflow - may be living with family). Eligible Rs 47L at EMI Rs 41,000. Down payment funded (Rs 23L). Segment: Steady Saver."
CUST104662,P1 - Call today,Rent-to-EMI - Hot,Wealth Builder,Electronic City,+91-9626308475,customer104662@example.com,4pm-7pm,0.882,86400.0,29000.0,7300.0,4107000.0,35900.0,4479000.0,Ready now,0.574,"HOT LEAD. Rent Rs 29,000 (34% of income). Eligible Rs 41L at EMI Rs 35,900. Down payment already funded (Rs 45L available)."
CUST105573,P1 - Call today,Rent-to-EMI - Hot,Wealth Builder,Electronic City,+91-9903266029,customer105573@example.com,10am-1pm,0.882,104200.0,41600.0,5300.0,5354000.0,46800.0,7468000.0,Ready now,0.845,"HOT LEAD. Rent Rs 41,600 (40% of income). Eligible Rs 54L at EMI Rs 46,800. Down payment already funded (Rs 75L available)."
CUST105645,P1 - Call today,Rent-to-EMI - Hot,Wealth Builder,Electronic City,+91-9241953548,customer105645@example.com,7pm-9pm,0.882,116000.0,14800.0,11900.0,5274000.0,46100.0,4497000.0,Ready now,0.419,"HOT LEAD. Rent Rs 14,800 (13% of income). Eligible Rs 53L at EMI Rs 46,100. Down payment already funded (Rs 45L available)."
CUST106983,P1 - Call today,Rent-to-EMI - Hot,Wealth Builder,Jayanagar,+91-9535138186,customer106983@example.com,1pm-4pm,0.882,64400.0,14300.0,13100.0,1817000.0,15900.0,3631000.0,Ready now,0.605,"HOT LEAD. Rent Rs 14,300 (22% of income). Eligible Rs 18L at EMI Rs 15,900. Down payment already funded (Rs 36L available)."
CUST107861,P1 - Call today,Home Loan - Ready,Steady Saver,MG Road,+91-9739879047,customer107861@example.com,4pm-7pm,0.882,87400.0,0.0,9400.0,3924000.0,34300.0,3397000.0,Ready now,1.0,"READY LEAD (no rent outflow - may be living with family). Eligible Rs 39L at EMI Rs 34,300. Down payment funded (Rs 34L). Segment: Steady Saver."
CUST102905,P1 - Call today,Rent-to-EMI - Hot,Wealth Builder,Indiranagar,+91-9627263217,customer102905@example.com,1pm-4pm,0.881,96700.0,33900.0,19700.0,2724000.0,23800.0,3595000.0,Ready now,0.451,"HOT LEAD. Rent Rs 33,900 (35% of income). Eligible Rs 27L at EMI Rs 23,800. Down payment already funded (Rs 36L available)."
CUST103343,P1 - Call today,Rent-to-EMI - Hot,Wealth Builder,Indiranagar,+91-9618886569,customer103343@example.com,10am-1pm,0.881,80900.0,19200.0,4900.0,3604000.0,31500.0,2022000.0,Ready now,1.0,"HOT LEAD. Rent Rs 19,200 (24% of income). Eligible Rs 36L at EMI Rs 31,500. Down payment already funded (Rs 20L available)."
CUST103702,P1 - Call today,Rent-to-EMI - Hot,Wealth Builder,MG Road,+91-9225120483,customer103702@example.com,4pm-7pm,0.881,73800.0,10500.0,6000.0,3113000.0,27200.0,3702000.0,Ready now,0.438,"HOT LEAD. Rent Rs 10,500 (14% of income). Eligible Rs 31L at EMI Rs 27,200. Down payment already funded (Rs 37L available)."
CUST103781,P1 - Call today,Home Loan - Ready,Steady Saver,Jayanagar,+91-9219313616,customer103781@example.com,1pm-4pm,0.881,56900.0,0.0,4900.0,2694000.0,23600.0,2122000.0,Ready now,0.422,"READY LEAD (no rent outflow - may be living with family). Eligible Rs 27L at EMI Rs 23,600. Down payment funded (Rs 21L). Segment: Steady Saver."
CUST104719,P1 - Call today,Rent-to-EMI - Hot,Wealth Builder,Jayanagar,+91-9818830417,customer104719@example.com,10am-1pm,0.881,54900.0,11500.0,6500.0,2083000.0,18200.0,1940000.0,Ready now,1.0,"HOT LEAD. Rent Rs 11,500 (21% of income). Eligible Rs 21L at EMI Rs 18,200. Down payment already funded (Rs 19L available)."
CUST100528,P1 - Call today,Rent-to-EMI - Hot,Wealth Builder,Indiranagar,+91-9401312293,customer100528@example.com,4pm-7pm,0.88,61500.0,22900.0,0.0,3166000.0,27700.0,3206000.0,Ready now,1.0,"HOT LEAD. Rent Rs 22,900 (37% of income). Eligible Rs 32L at EMI Rs 27,700. Down payment already funded (Rs 32L available)."
CUST101311,P1 - Call today,Rent-to-EMI - Hot,Wealth Builder,Koramangala,+91-9336242534,customer101311@example.com,4pm-7pm,0.88,48900.0,18800.0,0.0,2797000.0,24400.0,828000.0,Ready now,0.999,"HOT LEAD. Rent Rs 18,800 (38% of income). Eligible Rs 28L at EMI Rs 24,400. Down payment already funded (Rs 8L available)."
CUST102645,P1 - Call today,Rent-to-EMI - Hot,Wealth Builder,MG Road,+91-9857782346,customer102645@example.com,4pm-7pm,0.88,35400.0,10100.0,3800.0,1388000.0,12100.0,775000.0,Ready now,0.779,"HOT LEAD. Rent Rs 10,100 (28% of income). Eligible Rs 14L at EMI Rs 12,100. Down payment already funded (Rs 8L available)."
CUST105793,P1 - Call today,Rent-to-EMI - Hot,Wealth Builder,Electronic City,+91-9288763432,customer105793@example.com,4pm-7pm,0.88,151900.0,55400.0,0.0,9557000.0,83500.0,6094000.0,Ready now,1.0,"HOT LEAD. Rent Rs 55,400 (36% of income). Eligible Rs 96L at EMI Rs 83,500. Down payment already funded (Rs 61L available)."
CUST103418,P1 - Call today,Rent-to-EMI - Hot,Wealth Builder,Electronic City,+91-9221972759,customer103418@example.com,10am-1pm,0.879,68000.0,22500.0,0.0,3500000.0,30600.0,2405000.0,Ready now,0.45,"HOT LEAD. Rent Rs 22,500 (33% of income). Eligible Rs 35L at EMI Rs 30,600. Down payment already funded (Rs 24L available)."
CUST106505,P1 - Call today,Home Loan - Ready,Steady Saver,Electronic City,+91-9035556214,customer106505@example.com,4pm-7pm,0.879,69800.0,0.0,0.0,3593000.0,31400.0,3223000.0,Ready now,0.996,"READY LEAD (no rent outflow - may be living with family). Eligible Rs 36L at EMI Rs 31,400. Down payment funded (Rs 32L). Segment: Steady Saver."
CUST100259,P1 - Call today,Rent-to-EMI - Hot,Wealth Builder,Indiranagar,+91-9979093127,customer100259@example.com,1pm-4pm,0.878,75300.0,28500.0,14300.0,2671000.0,23400.0,3514000.0,Ready now,0.562,"HOT LEAD. Rent Rs 28,500 (38% of income). Eligible Rs 27L at EMI Rs 23,400. Down payment already funded (Rs 35L available)."
CUST101328,P1 - Call today,Rent-to-EMI - Hot,Wealth Builder,Electronic City,+91-9435982514,customer101328@example.com,7pm-9pm,0.878,56200.0,15900.0,5900.0,2218000.0,19400.0,3289000.0,Ready now,0.98,"HOT LEAD. Rent Rs 15,900 (28% of income). Eligible Rs 22L at EMI Rs 19,400. Down payment already funded (Rs 33L available)."
CUST101611,P1 - Call today,Rent-to-EMI - Hot,Wealth Builder,Electronic City,+91-9624449065,customer101611@example.com,4pm-7pm,0.878,64700.0,16800.0,13500.0,2156000.0,18800.0,1133000.0,Ready now,1.0,"HOT LEAD. Rent Rs 16,800 (26% of income). Eligible Rs 22L at EMI Rs 18,800. Down payment already funded (Rs 11L available)."
CUST102240,P1 - Call today,Rent-to-EMI - Hot,Wealth Builder,MG Road,+91-9591995892,customer102240@example.com,4pm-7pm,0.878,60000.0,16400.0,3000.0,2745000.0,24000.0,1350000.0,Ready now,1.0,"HOT LEAD. Rent Rs 16,400 (27% of income). Eligible Rs 27L at EMI Rs 24,000. Down payment already funded (Rs 14L available)."
CUST102823,P1 - Call today,Rent-to-EMI - Hot,Wealth Builder,Indiranagar,+91-9009826844,customer102823@example.com,7pm-9pm,0.878,131500.0,24600.0,0.0,7521000.0,65800.0,4519000.0,Ready now,0.551,"HOT LEAD. Rent Rs 24,600 (19% of income). Eligible Rs 75L at EMI Rs 65,800. Down payment already funded (Rs 45L available)."
CUST107138,P1 - Call today,Home Loan - Ready,Steady Saver,Whitefield,+91-9010354428,customer107138@example.com,1pm-4pm,0.878,36900.0,0.0,0.0,1900000.0,16600.0,1552000.0,Ready now,0.55,"READY LEAD (no rent outflow - may be living with family). Eligible Rs 19L at EMI Rs 16,600. Down payment funded (Rs 16L). Segment: Steady Saver."
CUST100033,P1 - Call today,Home Loan - Ready,Steady Saver,Whitefield,+91-9500870266,customer100033@example.com,10am-1pm,0.877,31600.0,0.0,2600.0,1510000.0,13200.0,1532000.0,Ready now,0.619,"READY LEAD (no rent outflow - may be living with family). Eligible Rs 15L at EMI Rs 13,200. Down payment funded (Rs 15L). Segment: Steady Saver."
CUST100543,P1 - Call today,Rent-to-EMI - Hot,Wealth Builder,Koramangala,+91-9515032074,customer100543@example.com,4pm-7pm,0.877,92000.0,32100.0,0.0,4736000.0,41400.0,3805000.0,Ready now,0.746,"HOT LEAD. Rent Rs 32,100 (35% of income). Eligible Rs 47L at EMI Rs 41,400. Down payment already funded (Rs 38L available)."
CUST101739,P1 - Call today,Rent-to-EMI - Hot,Steady Saver,Koramangala,+91-9374396084,customer101739@example.com,7pm-9pm,0.877,180900.0,32500.0,19000.0,8174000.0,71400.0,10831000.0,Ready now,0.687,"HOT LEAD. Rent Rs 32,500 (18% of income). Eligible Rs 82L at EMI Rs 71,400. Down payment already funded (Rs 108L available)."
CUST102282,P1 - Call today,Rent-to-EMI - Hot,Wealth Builder,MG Road,+91-9315390946,customer102282@example.com,10am-1pm,0.877,41200.0,17000.0,1900.0,1904000.0,16600.0,706000.0,Ready now,0.299,"HOT LEAD. Rent Rs 17,000 (41% of income). Eligible Rs 19L at EMI Rs 16,600. Down payment already funded (Rs 7L available)."
CUST102408,P1 - Call today,Rent-to-EMI - Hot,Wealth Builder,Koramangala,+91-9116154562,customer102408@example.com,10am-1pm,0.877,93200.0,35900.0,0.0,4798000.0,41900.0,3535000.0,Ready now,1.0,"HOT LEAD. Rent Rs 35,900 (38% of income). Eligible Rs 48L at EMI Rs 41,900. Down payment already funded (Rs 35L available)."
CUST103940,P1 - Call today,Rent-to-EMI - Hot,Wealth Builder,Indiranagar,+91-9603665385,customer103940@example.com,10am-1pm,0.877,35900.0,5000.0,3700.0,1425000.0,12500.0,1724000.0,Ready now,0.8,"HOT LEAD. Rent Rs 5,000 (14% of income). Eligible Rs 14L at EMI Rs 12,500. Down payment already funded (Rs 17L available)."
CUST106623,P1 - Call today,Rent-to-EMI - Hot,Wealth Builder,Koramangala,+91-9913413735,customer106623@example.com,1pm-4pm,0.877,77000.0,29500.0,4400.0,3901000.0,34100.0,3383000.0,Ready now,0.974,"HOT LEAD. Rent Rs 29,500 (38% of income). Eligible Rs 39L at EMI Rs 34,100. Down payment already funded (Rs 34L available)."
CUST107377,P1 - Call today,Home Loan - Ready,Steady Saver,Whitefield,+91-9441564538,customer107377@example.com,7pm-9pm,0.877,73900.0,0.0,0.0,4227000.0,37000.0,4434000.0,Ready now,0.49,"READY LEAD (no rent outflow - may be living with family). Eligible Rs 42L at EMI Rs 37,000. Down payment funded (Rs 44L). Segment: Steady Saver."
CUST105185,P1 - Call today,Rent-to-EMI - Hot,Wealth Builder,Whitefield,+91-9893523862,customer105185@example.com,4pm-7pm,0.876,73500.0,23100.0,6800.0,3426000.0,30000.0,1800000.0,Ready now,0.973,"HOT LEAD. Rent Rs 23,100 (31% of income). Eligible Rs 34L at EMI Rs 30,000. Down payment already funded (Rs 18L available)."
CUST105367,P1 - Call today,Home Loan - Ready,Steady Saver,Indiranagar,+91-9229993939,customer105367@example.com,7pm-9pm,0.876,113700.0,0.0,5700.0,6502000.0,56800.0,7122000.0,Ready now,0.749,"READY LEAD (no rent outflow - may be living with family). Eligible Rs 65L at EMI Rs 56,800. Down payment funded (Rs 71L). Segment: Steady Saver."
CUST106426,P1 - Call today,Rent-to-EMI - Hot,Wealth Builder,Electronic City,+91-9875103955,customer106426@example.com,10am-1pm,0.876,85200.0,18600.0,0.0,4386000.0,38300.0,2866000.0,Ready now,0.882,"HOT LEAD. Rent Rs 18,600 (22% of income). Eligible Rs 44L at EMI Rs 38,300. Down payment already funded (Rs 29L available)."
CUST106526,P1 - Call today,Home Loan - Ready,Steady Saver,Jayanagar,+91-9649749648,customer106526@example.com,4pm-7pm,0.876,95300.0,0.0,4000.0,4448000.0,38900.0,4938000.0,Ready now,1.0,"READY LEAD (no rent outflow - may be living with family). Eligible Rs 44L at EMI Rs 38,900. Down payment funded (Rs 49L). Segment: Steady Saver."
CUST107098,P1 - Call today,Rent-to-EMI - Hot,Wealth Builder,Indiranagar,+91-9723178704,customer107098@example.com,7pm-9pm,0.876,45800.0,19200.0,0.0,2358000.0,20600.0,3442000.0,Ready now,0.736,"HOT LEAD. Rent Rs 19,200 (42% of income). Eligible Rs 24L at EMI Rs 20,600. Down payment already funded (Rs 34L available)."
CUST102663,P1 - Call today,Rent-to-EMI - Hot,Wealth Builder,Indiranagar,+91-9087154929,customer102663@example.com,7pm-9pm,0.875,67100.0,20600.0,6400.0,3106000.0,27200.0,2487000.0,Ready now,0.459,"HOT LEAD. Rent Rs 20,600 (31% of income). Eligible Rs 31L at EMI Rs 27,200. Down payment already funded (Rs 25L available)."
CUST105581,P1 - Call today,Rent-to-EMI - Hot,Wealth Builder,Indiranagar,+91-9025557344,customer105581@example.com,10am-1pm,0.875,78200.0,22200.0,0.0,4026000.0,35200.0,2484000.0,Ready now,0.993,"HOT LEAD. Rent Rs 22,200 (28% of income). Eligible Rs 40L at EMI Rs 35,200. Down payment already funded (Rs 25L available)."
CUST105658,P1 - Call today,Rent-to-EMI - Hot,Wealth Builder,Whitefield,+91-9560105586,customer105658@example.com,4pm-7pm,0.875,82400.0,29900.0,0.0,4713000.0,41200.0,1191000.0,Ready now,0.731,"HOT LEAD. Rent Rs 29,900 (36% of income). Eligible Rs 47L at EMI Rs 41,200. Down payment already funded (Rs 12L available)."
CUST107616,P1 - Call today,Rent-to-EMI - Hot,Wealth Builder,MG Road,+91-9444076227,customer107616@example.com,4pm-7pm,0.875,64300.0,17200.0,3500.0,3277000.0,28600.0,2065000.0,Ready now,0.736,"HOT LEAD. Rent Rs 17,200 (27% of income). Eligible Rs 33L at EMI Rs 28,600. Down payment already funded (Rs 21L available)."
CUST101681,P1 - Call today,Rent-to-EMI - Hot,Wealth Builder,MG Road,+91-9687988473,customer101681@example.com,10am-1pm,0.874,105000.0,43900.0,0.0,6006000.0,52500.0,2186000.0,Ready now,1.0,"HOT LEAD. Rent Rs 43,900 (42% of income). Eligible Rs 60L at EMI Rs 52,500. Down payment already funded (Rs 22L available)."
CUST103660,P1 - Call today,Rent-to-EMI - Hot,Wealth Builder,Electronic City,+91-9016084484,customer103660@example.com,4pm-7pm,0.874,50700.0,13600.0,3100.0,2255000.0,19700.0,2647000.0,Ready now,0.515,"HOT LEAD. Rent Rs 13,600 (27% of income). Eligible Rs 23L at EMI Rs 19,700. Down payment already funded (Rs 26L available)."
CUST105233,P1 - Call today,Home Loan - Ready,Steady Saver,Whitefield,+91-9206565302,customer105233@example.com,4pm-7pm,0.874,87000.0,0.0,4700.0,4439000.0,38800.0,5114000.0,Ready now,0.507,"READY LEAD (no rent outflow - may be living with family). Eligible Rs 44L at EMI Rs 38,800. Down payment funded (Rs 51L). Segment: Steady Saver."
CUST100893,P1 - Call today,Rent-to-EMI - Hot,Wealth Builder,Whitefield,+91-9199412264,customer100893@example.com,7pm-9pm,0.873,52700.0,8300.0,3000.0,2370000.0,20700.0,1838000.0,Ready now,0.999,"HOT LEAD. Rent Rs 8,300 (16% of income). Eligible Rs 24L at EMI Rs 20,700. Down payment already funded (Rs 18L available)."
CUST103011,P1 - Call today,Rent-to-EMI - Hot,Wealth Builder,Jayanagar,+91-9109012458,customer103011@example.com,7pm-9pm,0.873,70600.0,21900.0,0.0,4038000.0,35300.0,3303000.0,Ready now,0.456,"HOT LEAD. Rent Rs 21,900 (31% of income). Eligible Rs 40L at EMI Rs 35,300. Down payment already funded (Rs 33L available)."
CUST103088,P1 - Call today,Rent-to-EMI - Hot,Wealth Builder,Jayanagar,+91-9485976452,customer103088@example.com,1pm-4pm,0.873,135900.0,55800.0,17700.0,5748000.0,50200.0,4194000.0,Ready now,0.436,"HOT LEAD. Rent Rs 55,800 (41% of income). Eligible Rs 57L at EMI Rs 50,200. Down payment already funded (Rs 42L available)."
CUST103297,P1 - Call today,Home Loan - Ready,Steady Saver,Whitefield,+91-9137507075,customer103297@example.com,1pm-4pm,0.873,109800.0,0.0,0.0,6908000.0,60400.0,2379000.0,Ready now,0.982,"READY LEAD (no rent outflow - may be living with family). Eligible Rs 69L at EMI Rs 60,400. Down payment funded (Rs 24L). Segment: Steady Saver."
CUST103709,P1 - Call today,Rent-to-EMI - Hot,Wealth Builder,Koramangala,+91-9873599644,customer103709@example.com,7pm-9pm,0.873,50100.0,13600.0,0.0,2579000.0,22500.0,2705000.0,Ready now,0.454,"HOT LEAD. Rent Rs 13,600 (27% of income). Eligible Rs 26L at EMI Rs 22,500. Down payment already funded (Rs 27L available)."
CUST103855,P1 - Call today,Rent-to-EMI - Hot,Wealth Builder,Koramangala,+91-9537785645,customer103855@example.com,7pm-9pm,0.873,66900.0,26000.0,0.0,3444000.0,30100.0,1959000.0,Ready now,0.999,"HOT LEAD. Rent Rs 26,000 (39% of income). Eligible Rs 34L at EMI Rs 30,100. Down payment already funded (Rs 20L available)."
CUST100391,P1 - Call today,Balance Transfer,Steady Saver,MG Road,+91-9678575765,customer100391@example.com,10am-1pm,0.872,72900.0,0.0,0.0,4170000.0,36400.0,4469000.0,Ready now,0.566,"BT pitch: currently 10.3%, outstanding Rs 25L. Monthly saving Rs 2,808. Carry the rate sheet."
CUST100922,P1 - Call today,Home Loan - Ready,Steady Saver,Electronic City,+91-9373901987,customer100922@example.com,4pm-7pm,0.872,125100.0,0.0,9400.0,6080000.0,53200.0,6227000.0,Ready now,0.791,"READY LEAD (no rent outflow - may be living with family). Eligible Rs 61L at EMI Rs 53,200. Down payment funded (Rs 62L). Segment: Steady Saver."
CUST101646,P1 - Call today,Rent-to-EMI - Hot,Wealth Builder,Electronic City,+91-9220342468,customer101646@example.com,1pm-4pm,0.872,66700.0,9100.0,0.0,3434000.0,30000.0,1961000.0,Ready now,0.995,"HOT LEAD. Rent Rs 9,100 (14% of income). Eligible Rs 34L at EMI Rs 30,000. Down payment already funded (Rs 20L available)."
CUST102191,P1 - Call today,Home Loan - Ready,Steady Saver,MG Road,+91-9675004960,customer102191@example.com,7pm-9pm,0.872,63200.0,0.0,5900.0,2940000.0,25700.0,2299000.0,Ready now,0.824,"READY LEAD (no rent outflow - may be living with family). Eligible Rs 29L at EMI Rs 25,700. Down payment funded (Rs 23L). Segment: Steady Saver."
CUST102693,P1 - Call today,Home Loan - Ready,Steady Saver,Indiranagar,+91-9028773946,customer102693@example.com,1pm-4pm,0.872,126900.0,0.0,12800.0,5794000.0,50600.0,1444000.0,Ready now,0.976,"READY LEAD (no rent outflow - may be living with family). Eligible Rs 58L at EMI Rs 50,600. Down payment funded (Rs 14L). Segment: Steady Saver."
CUST102996,P1 - Call today,Rent-to-EMI - Hot,Wealth Builder,Jayanagar,+91-9924666939,customer102996@example.com,7pm-9pm,0.872,67400.0,26800.0,9200.0,2417000.0,21100.0,1548000.0,Ready now,1.0,"HOT LEAD. Rent Rs 26,800 (40% of income). Eligible Rs 24L at EMI Rs 21,100. Down payment already funded (Rs 15L available)."
CUST103406,P1 - Call today,Rent-to-EMI - Hot,Wealth Builder,Jayanagar,+91-9153803501,customer103406@example.com,7pm-9pm,0.872,80500.0,26700.0,10200.0,3438000.0,30000.0,3325000.0,Ready now,0.441,"HOT LEAD. Rent Rs 26,700 (33% of income). Eligible Rs 34L at EMI Rs 30,000. Down payment already funded (Rs 33L available)."
CUST104816,P1 - Call today,Rent-to-EMI - Hot,Wealth Builder,Indiranagar,+91-9589076206,customer104816@example.com,1pm-4pm,0.872,98200.0,39000.0,0.0,5055000.0,44200.0,2897000.0,Ready now,1.0,"HOT LEAD. Rent Rs 39,000 (40% of income). Eligible Rs 51L at EMI Rs 44,200. Down payment already funded (Rs 29L available)."
CUST100851,P1 - Call today,Home Loan - Ready,Steady Saver,MG Road,+91-9347563652,customer100851@example.com,4pm-7pm,0.871,73700.0,0.0,0.0,3794000.0,33200.0,2255000.0,Ready now,0.578,"READY LEAD (no rent outflow - may be living with family). Eligible Rs 38L at EMI Rs 33,200. Down payment funded (Rs 23L). Segment: Steady Saver."
CUST102689,P1 - Call today,Rent-to-EMI - Hot,Wealth Builder,Koramangala,+91-9332435256,customer102689@example.com,7pm-9pm,0.871,51900.0,16200.0,3000.0,2625000.0,23000.0,4356000.0,Ready now,0.643,"HOT LEAD. Rent Rs 16,200 (31% of income). Eligible Rs 26L at EMI Rs 23,000. Down payment already funded (Rs 44L available)."
CUST101066,P1 - Call today,Rent-to-EMI - Hot,Wealth Builder,Whitefield,+91-9561571014,customer101066@example.com,4pm-7pm,0.87,52100.0,19700.0,0.0,2980000.0,26000.0,1429000.0,Ready now,1.0,"HOT LEAD. Rent Rs 19,700 (38% of income). Eligible Rs 30L at EMI Rs 26,000. Down payment already funded (Rs 14L available)."
CUST103139,P1 - Call today,Rent-to-EMI - Hot,Wealth Builder,Jayanagar,+91-9455791101,customer103139@example.com,1pm-4pm,0.87,73500.0,11300.0,6500.0,3460000.0,30200.0,3360000.0,Ready now,0.715,"HOT LEAD. Rent Rs 11,300 (15% of income). Eligible Rs 35L at EMI Rs 30,200. Down payment already funded (Rs 34L available)."
CUST103362,P1 - Call today,Home Loan - Ready,Steady Saver,Whitefield,+91-9755178931,customer103362@example.com,7pm-9pm,0.87,73700.0,0.0,0.0,3794000.0,33200.0,2516000.0,Ready now,1.0,"READY LEAD (no rent outflow - may be living with family). Eligible Rs 38L at EMI Rs 33,200. Down payment funded (Rs 25L). Segment: Steady Saver."
CUST100174,P1 - Call today,Rent-to-EMI - Hot,Wealth Builder,Koramangala,+91-9141630675,customer100174@example.com,10am-1pm,0.869,88000.0,20200.0,8300.0,3581000.0,31300.0,4982000.0,Ready now,0.62,"HOT LEAD. Rent Rs 20,200 (23% of income). Eligible Rs 36L at EMI Rs 31,300. Down payment already funded (Rs 50L available)."
CUST101021,P1 - Call today,Rent-to-EMI - Hot,Steady Saver,Whitefield,+91-9252629765,customer101021@example.com,10am-1pm,0.869,62900.0,8400.0,0.0,3238000.0,28300.0,3055000.0,Ready now,0.889,"HOT LEAD. Rent Rs 8,400 (13% of income). Eligible Rs 32L at EMI Rs 28,300. Down payment already funded (Rs 31L available)."
CUST101948,P1 - Call today,Rent-to-EMI - Hot,Steady Saver,MG Road,+91-9626452710,customer101948@example.com,4pm-7pm,0.869,74000.0,15400.0,0.0,3809000.0,33300.0,3781000.0,Ready now,0.504,"HOT LEAD. Rent Rs 15,400 (21% of income). Eligible Rs 38L at EMI Rs 33,300. Down payment already funded (Rs 38L available)."
CUST103536,P1 - Call today,Home Loan - Ready,Steady Saver,Whitefield,+91-9372448430,customer103536@example.com,4pm-7pm,0.869,90300.0,0.0,4200.0,3342000.0,29200.0,3545000.0,Ready now,1.0,"READY LEAD (no rent outflow - may be living with family). Eligible Rs 33L at EMI Rs 29,200. Down payment funded (Rs 35L). Segment: Steady Saver."
CUST104165,P1 - Call today,Rent-to-EMI - Hot,Lifestyle Spender,Indiranagar,+91-9224852229,customer104165@example.com,7pm-9pm,0.869,77600.0,25100.0,5500.0,3809000.0,33300.0,1730000.0,Ready now,0.171,"HOT LEAD. Rent Rs 25,100 (32% of income). Eligible Rs 38L at EMI Rs 33,300. Down payment already funded (Rs 17L available)."
CUST105478,P1 - Call today,Rent-to-EMI - Hot,Wealth Builder,MG Road,+91-9473860415,customer105478@example.com,4pm-7pm,0.869,45300.0,14200.0,0.0,2332000.0,20400.0,1256000.0,Ready now,0.717,"HOT LEAD. Rent Rs 14,200 (31% of income). Eligible Rs 23L at EMI Rs 20,400. Down payment already funded (Rs 13L available)."
CUST101135,P1 - Call today,Rent-to-EMI - Hot,Wealth Builder,Whitefield,+91-9067863670,customer101135@example.com,4pm-7pm,0.868,56700.0,23000.0,2500.0,2633000.0,23000.0,1471000.0,Ready now,1.0,"HOT LEAD. Rent Rs 23,000 (41% of income). Eligible Rs 26L at EMI Rs 23,000. Down payment already funded (Rs 15L available)."
CUST103513,P1 - Call today,Home Loan - Ready,Steady Saver,MG Road,+91-9617892145,customer103513@example.com,7pm-9pm,0.868,88900.0,0.0,0.0,5085000.0,44400.0,4537000.0,Ready now,0.477,"READY LEAD (no rent outflow - may be living with family). Eligible Rs 51L at EMI Rs 44,400. Down payment funded (Rs 45L). Segment: Steady Saver."
CUST102402,P1 - Call today,Home Loan - Ready,Steady Saver,MG Road,+91-9870038976,customer102402@example.com,1pm-4pm,0.867,29500.0,0.0,0.0,1519000.0,13300.0,1828000.0,Ready now,0.462,"READY LEAD (no rent outflow - may be living with family). Eligible Rs 15L at EMI Rs 13,300. Down payment funded (Rs 18L). Segment: Steady Saver."
CUST102667,P1 - Call today,Rent-to-EMI - Hot,Steady Saver,Indiranagar,+91-9207002340,customer102667@example.com,1pm-4pm,0.867,45400.0,12500.0,0.0,2337000.0,20400.0,1665000.0,Ready now,0.513,"HOT LEAD. Rent Rs 12,500 (28% of income). Eligible Rs 23L at EMI Rs 20,400. Down payment already funded (Rs 17L available)."
CUST103175,P1 - Call today,Rent-to-EMI - Hot,Lifestyle Spender,Koramangala,+91-9687166530,customer103175@example.com,1pm-4pm,0.867,57200.0,16000.0,10400.0,2082000.0,18200.0,976000.0,Ready now,0.048,"HOT LEAD. Rent Rs 16,000 (28% of income). Eligible Rs 21L at EMI Rs 18,200. Down payment already funded (Rs 10L available)."
CUST104068,P1 - Call today,Home Loan - Ready,Steady Saver,MG Road,+91-9449031786,customer104068@example.com,1pm-4pm,0.867,98800.0,0.0,6900.0,4862000.0,42500.0,3671000.0,Ready now,0.806,"READY LEAD (no rent outflow - may be living with family). Eligible Rs 49L at EMI Rs 42,500. Down payment funded (Rs 37L). Segment: Steady Saver."
CUST104726,P1 - Call today,Rent-to-EMI - Hot,Wealth Builder,Electronic City,+91-9192077140,customer104726@example.com,7pm-9pm,0.867,77800.0,23800.0,0.0,4005000.0,35000.0,4455000.0,Ready now,0.638,"HOT LEAD. Rent Rs 23,800 (31% of income). Eligible Rs 40L at EMI Rs 35,000. Down payment already funded (Rs 45L available)."
CUST104996,P1 - Call today,Rent-to-EMI - Hot,Wealth Builder,Jayanagar,+91-9617368403,customer104996@example.com,10am-1pm,0.867,70500.0,20700.0,0.0,4032000.0,35200.0,2539000.0,Ready now,1.0,"HOT LEAD. Rent Rs 20,700 (29% of income). Eligible Rs 40L at EMI Rs 35,200. Down payment already funded (Rs 25L available)."
CUST106208,P1 - Call today,Rent-to-EMI - Hot,Wealth Builder,Indiranagar,+91-9681734220,customer106208@example.com,1pm-4pm,0.867,98100.0,18200.0,0.0,5050000.0,44100.0,4297000.0,Ready now,1.0,"HOT LEAD. Rent Rs 18,200 (19% of income). Eligible Rs 50L at EMI Rs 44,100. Down payment already funded (Rs 43L available)."
CUST106521,P1 - Call today,Rent-to-EMI - Hot,Steady Saver,Jayanagar,+91-9512258666,customer106521@example.com,1pm-4pm,0.867,91000.0,15900.0,6200.0,3975000.0,34800.0,1731000.0,Ready now,1.0,"HOT LEAD. Rent Rs 15,900 (18% of income). Eligible Rs 40L at EMI Rs 34,800. Down payment already funded (Rs 17L available)."
CUST100304,P1 - Call today,Rent-to-EMI - Hot,Steady Saver,Whitefield,+91-9998255641,customer100304@example.com,7pm-9pm,0.866,27700.0,4000.0,0.0,1426000.0,12500.0,1108000.0,Ready now,0.671,"HOT LEAD. Rent Rs 4,000 (14% of income). Eligible Rs 14L at EMI Rs 12,500. Down payment already funded (Rs 11L available)."
CUST102136,P1 - Call today,Rent-to-EMI - Hot,Wealth Builder,Whitefield,+91-9112799404,customer102136@example.com,10am-1pm,0.866,39000.0,10200.0,0.0,2231000.0,19500.0,846000.0,Ready now,1.0,"HOT LEAD. Rent Rs 10,200 (26% of income). Eligible Rs 22L at EMI Rs 19,500. Down payment already funded (Rs 8L available)."
CUST103671,P1 - Call today,Rent-to-EMI - Hot,Wealth Builder,Whitefield,+91-9407111222,customer103671@example.com,7pm-9pm,0.866,47400.0,19200.0,0.0,2440000.0,21300.0,1773000.0,Ready now,0.893,"HOT LEAD. Rent Rs 19,200 (40% of income). Eligible Rs 24L at EMI Rs 21,300. Down payment already funded (Rs 18L available)."
CUST106495,P1 - Call today,Rent-to-EMI - Hot,Wealth Builder,Koramangala,+91-9442722443,customer106495@example.com,10am-1pm,0.866,101000.0,19800.0,7000.0,4976000.0,43500.0,2063000.0,Ready now,0.359,"HOT LEAD. Rent Rs 19,800 (20% of income). Eligible Rs 50L at EMI Rs 43,500. Down payment already funded (Rs 21L available)."
CUST100566,P1 - Call today,Home Loan - Ready,Steady Saver,Electronic City,+91-9614482777,customer100566@example.com,10am-1pm,0.865,39300.0,0.0,5500.0,1619000.0,14200.0,2107000.0,Ready now,0.826,"READY LEAD (no rent outflow - may be living with family). Eligible Rs 16L at EMI Rs 14,200. Down payment funded (Rs 21L). Segment: Steady Saver."
CUST101545,P1 - Call today,Rent-to-EMI - Hot,Wealth Builder,MG Road,+91-9132425844,customer101545@example.com,7pm-9pm,0.865,66800.0,20000.0,6400.0,3089000.0,27000.0,2450000.0,Ready now,0.609,"HOT LEAD. Rent Rs 20,000 (30% of income). Eligible Rs 31L at EMI Rs 27,000. Down payment already funded (Rs 24L available)."
CUST103581,P1 - Call today,Rent-to-EMI - Hot,Wealth Builder,Whitefield,+91-9403938155,customer103581@example.com,7pm-9pm,0.865,117700.0,47900.0,0.0,6732000.0,58800.0,6776000.0,Ready now,0.573,"HOT LEAD. Rent Rs 47,900 (41% of income). Eligible Rs 67L at EMI Rs 58,800. Down payment already funded (Rs 68L available)."
CUST105240,P1 - Call today,Home Loan - Ready,Steady Saver,Whitefield,+91-9763354458,customer105240@example.com,7pm-9pm,0.864,58100.0,0.0,0.0,2991000.0,26100.0,2850000.0,Ready now,0.77,"READY LEAD (no rent outflow - may be living with family). Eligible Rs 30L at EMI Rs 26,100. Down payment funded (Rs 28L). Segment: Steady Saver."
CUST100354,P1 - Call today,Rent-to-EMI - Hot,Wealth Builder,Koramangala,+91-9684330262,customer100354@example.com,4pm-7pm,0.863,309000.0,81400.0,14900.0,13142000.0,114900.0,11015000.0,Ready now,0.995,"HOT LEAD. Rent Rs 81,400 (26% of income). Eligible Rs 131L at EMI Rs 114,900. Down payment already funded (Rs 110L available)."
CUST100428,P1 - Call today,Rent-to-EMI - Hot,Wealth Builder,Electronic City,+91-9607104958,customer100428@example.com,10am-1pm,0.862,44800.0,12700.0,3500.0,1906000.0,16700.0,2351000.0,Ready now,1.0,"HOT LEAD. Rent Rs 12,700 (28% of income). Eligible Rs 19L at EMI Rs 16,700. Down payment already funded (Rs 24L available)."
CUST101179,P1 - Call today,Home Loan - Ready,Steady Saver,Koramangala,+91-9286022545,customer101179@example.com,1pm-4pm,0.862,182300.0,0.0,0.0,11470000.0,100300.0,9528000.0,Ready now,0.462,"READY LEAD (no rent outflow - may be living with family). Eligible Rs 115L at EMI Rs 100,300. Down payment funded (Rs 95L). Segment: Steady Saver."
CUST102850,P1 - Call today,Rent-to-EMI - Hot,Wealth Builder,Electronic City,+91-9441535351,customer102850@example.com,10am-1pm,0.862,42100.0,11200.0,0.0,2167000.0,18900.0,1439000.0,Ready now,0.31,"HOT LEAD. Rent Rs 11,200 (27% of income). Eligible Rs 22L at EMI Rs 18,900. Down payment already funded (Rs 14L available)."
CUST104563,P1 - Call today,Rent-to-EMI - Hot,Wealth Builder,MG Road,+91-9677752993,customer104563@example.com,4pm-7pm,0.862,101100.0,17000.0,10100.0,4627000.0,40400.0,6144000.0,Ready now,0.48,"HOT LEAD. Rent Rs 17,000 (17% of income). Eligible Rs 46L at EMI Rs 40,400. Down payment already funded (Rs 61L available)."
CUST104704,P1 - Call today,Rent-to-EMI - Hot,Wealth Builder,Whitefield,+91-9189313539,customer104704@example.com,4pm-7pm,0.862,70500.0,17200.0,11000.0,2371000.0,20700.0,3108000.0,Ready now,0.375,"HOT LEAD. Rent Rs 17,200 (24% of income). Eligible Rs 24L at EMI Rs 20,700. Down payment already funded (Rs 31L available)."
CUST105089,P1 - Call today,Rent-to-EMI - Hot,Wealth Builder,Koramangala,+91-9040777728,customer105089@example.com,4pm-7pm,0.862,50700.0,20100.0,0.0,2610000.0,22800.0,3421000.0,Ready now,1.0,"HOT LEAD. Rent Rs 20,100 (40% of income). Eligible Rs 26L at EMI Rs 22,800. Down payment already funded (Rs 34L available)."
CUST105677,P1 - Call today,Rent-to-EMI - Hot,Wealth Builder,Electronic City,+91-9610162372,customer105677@example.com,7pm-9pm,0.862,98600.0,22000.0,7100.0,4264000.0,37300.0,5078000.0,Ready now,0.614,"HOT LEAD. Rent Rs 22,000 (22% of income). Eligible Rs 43L at EMI Rs 37,300. Down payment already funded (Rs 51L available)."
CUST101084,P1 - Call today,Rent-to-EMI - Hot,Steady Saver,Koramangala,+91-9275188973,customer101084@example.com,4pm-7pm,0.861,67200.0,11200.0,0.0,3459000.0,30200.0,2097000.0,Ready now,0.338,"HOT LEAD. Rent Rs 11,200 (17% of income). Eligible Rs 35L at EMI Rs 30,200. Down payment already funded (Rs 21L available)."
CUST101599,P1 - Call today,Rent-to-EMI - Hot,Wealth Builder,Electronic City,+91-9006276226,customer101599@example.com,10am-1pm,0.86,151900.0,53500.0,0.0,8688000.0,76000.0,5162000.0,Ready now,0.389,"HOT LEAD. Rent Rs 53,500 (35% of income). Eligible Rs 87L at EMI Rs 76,000. Down payment already funded (Rs 52L available)."
CUST105094,P1 - Call today,Rent-to-EMI - Hot,Wealth Builder,Jayanagar,+91-9874482283,customer105094@example.com,4pm-7pm,0.86,83000.0,26800.0,4900.0,4187000.0,36600.0,2409000.0,Ready now,1.0,"HOT LEAD. Rent Rs 26,800 (32% of income). Eligible Rs 42L at EMI Rs 36,600. Down payment already funded (Rs 24L available)."
CUST102330,P1 - Call today,Rent-to-EMI - Hot,Wealth Builder,Indiranagar,+91-9667398148,customer102330@example.com,7pm-9pm,0.859,197500.0,66700.0,15900.0,9478000.0,82800.0,6452000.0,Ready now,0.993,"HOT LEAD. Rent Rs 66,700 (34% of income). Eligible Rs 95L at EMI Rs 82,800. Down payment already funded (Rs 65L available)."
CUST103106,P1 - Call today,Home Loan - Ready,Steady Saver,Koramangala,+91-9917498855,customer103106@example.com,10am-1pm,0.859,138100.0,0.0,5800.0,8025000.0,70200.0,4851000.0,Ready now,1.0,"READY LEAD (no rent outflow - may be living with family). Eligible Rs 80L at EMI Rs 70,200. Down payment funded (Rs 49L). Segment: Steady Saver."
CUST104398,P1 - Call today,Rent-to-EMI - Hot,Wealth Builder,Jayanagar,+91-9039921605,customer104398@example.com,1pm-4pm,0.859,184200.0,52000.0,0.0,11589000.0,101300.0,5491000.0,Ready now,0.995,"HOT LEAD. Rent Rs 52,000 (28% of income). Eligible Rs 116L at EMI Rs 101,300. Down payment already funded (Rs 55L available)."
CUST103231,P1 - Call today,Rent-to-EMI - Hot,Wealth Builder,Electronic City,+91-9687459339,customer103231@example.com,10am-1pm,0.858,34200.0,8900.0,3200.0,1590000.0,13900.0,1088000.0,Ready now,1.0,"HOT LEAD. Rent Rs 8,900 (26% of income). Eligible Rs 16L at EMI Rs 13,900. Down payment already funded (Rs 11L available)."
CUST103802,P1 - Call today,Rent-to-EMI - Hot,Wealth Builder,Indiranagar,+91-9107714925,customer103802@example.com,1pm-4pm,0.858,25000.0,10200.0,0.0,1430000.0,12500.0,1020000.0,Ready now,0.533,"HOT LEAD. Rent Rs 10,200 (41% of income). Eligible Rs 14L at EMI Rs 12,500. Down payment already funded (Rs 10L available)."
CUST104376,P1 - Call today,Home Loan - Ready,Steady Saver,Koramangala,+91-9595268603,customer104376@example.com,1pm-4pm,0.858,59900.0,0.0,0.0,3426000.0,30000.0,2205000.0,Ready now,1.0,"READY LEAD (no rent outflow - may be living with family). Eligible Rs 34L at EMI Rs 30,000. Down payment funded (Rs 22L). Segment: Steady Saver."
CUST106880,P1 - Call today,Rent-to-EMI - Hot,Wealth Builder,Electronic City,+91-9943776514,customer106880@example.com,7pm-9pm,0.858,147800.0,33400.0,9000.0,6072000.0,53100.0,7640000.0,Ready now,0.53,"HOT LEAD. Rent Rs 33,400 (23% of income). Eligible Rs 61L at EMI Rs 53,100. Down payment already funded (Rs 76L available)."
CUST104587,P1 - Call today,Rent-to-EMI - Hot,Wealth Builder,Whitefield,+91-9456425723,customer104587@example.com,1pm-4pm,0.857,66700.0,21800.0,0.0,3434000.0,30000.0,2664000.0,Ready now,0.969,"HOT LEAD. Rent Rs 21,800 (33% of income). Eligible Rs 34L at EMI Rs 30,000. Down payment already funded (Rs 27L available)."
CUST105901,P1 - Call today,Rent-to-EMI - Hot,Wealth Builder,MG Road,+91-9862981665,customer105901@example.com,4pm-7pm,0.857,92000.0,18000.0,0.0,5262000.0,46000.0,3500000.0,Ready now,0.478,"HOT LEAD. Rent Rs 18,000 (20% of income). Eligible Rs 53L at EMI Rs 46,000. Down payment already funded (Rs 35L available)."
CUST102107,P1 - Call today,Rent-to-EMI - Hot,Wealth Builder,Indiranagar,+91-9513405525,customer102107@example.com,7pm-9pm,0.856,41900.0,11800.0,8700.0,1401000.0,12200.0,1435000.0,Ready now,0.378,"HOT LEAD. Rent Rs 11,800 (28% of income). Eligible Rs 14L at EMI Rs 12,200. Down payment already funded (Rs 14L available)."
CUST103211,P1 - Call today,Home Loan - Ready,Steady Saver,Whitefield,+91-9080110569,customer103211@example.com,4pm-7pm,0.856,67400.0,0.0,4100.0,3001000.0,26200.0,3091000.0,Ready now,0.718,"READY LEAD (no rent outflow - may be living with family). Eligible Rs 30L at EMI Rs 26,200. Down payment funded (Rs 31L). Segment: Steady Saver."
CUST106328,P1 - Call today,Rent-to-EMI - Hot,Wealth Builder,Koramangala,+91-9600256786,customer106328@example.com,10am-1pm,0.856,77600.0,27600.0,7300.0,3160000.0,27600.0,3152000.0,Ready now,0.623,"HOT LEAD. Rent Rs 27,600 (36% of income). Eligible Rs 32L at EMI Rs 27,600. Down payment already funded (Rs 32L available)."
CUST107409,P1 - Call today,Rent-to-EMI - Hot,Steady Saver,Whitefield,+91-9672638233,customer107409@example.com,10am-1pm,0.856,129400.0,28400.0,8300.0,6452000.0,56400.0,4363000.0,Ready now,0.998,"HOT LEAD. Rent Rs 28,400 (22% of income). Eligible Rs 65L at EMI Rs 56,400. Down payment already funded (Rs 44L available)."
CUST107963,P1 - Call today,Rent-to-EMI - Hot,Wealth Builder,Electronic City,+91-9660577905,customer107963@example.com,1pm-4pm,0.856,68900.0,25600.0,0.0,3547000.0,31000.0,1610000.0,Ready now,1.0,"HOT LEAD. Rent Rs 25,600 (37% of income). Eligible Rs 35L at EMI Rs 31,000. Down payment already funded (Rs 16L available)."
CUST103502,P1 - Call today,Rent-to-EMI - Hot,Lifestyle Spender,Whitefield,+91-9959400144,customer103502@example.com,1pm-4pm,0.855,50200.0,20600.0,0.0,2871000.0,25100.0,1167000.0,Ready now,0.099,"HOT LEAD. Rent Rs 20,600 (41% of income). Eligible Rs 29L at EMI Rs 25,100. Down payment already funded (Rs 12L available)."
CUST103815,P1 - Call today,Rent-to-EMI - Hot,Wealth Builder,MG Road,+91-9358718433,customer103815@example.com,7pm-9pm,0.855,96800.0,36000.0,0.0,4097000.0,35800.0,6078000.0,Ready now,0.602,"HOT LEAD. Rent Rs 36,000 (37% of income). Eligible Rs 41L at EMI Rs 35,800. Down payment already funded (Rs 61L available)."
CUST106942,P1 - Call today,Rent-to-EMI - Hot,Wealth Builder,Koramangala,+91-9694419986,customer106942@example.com,7pm-9pm,0.855,116200.0,23400.0,7600.0,5777000.0,50500.0,7200000.0,Ready now,0.598,"HOT LEAD. Rent Rs 23,400 (20% of income). Eligible Rs 58L at EMI Rs 50,500. Down payment already funded (Rs 72L available)."
CUST107535,P1 - Call today,Rent-to-EMI - Hot,Wealth Builder,Electronic City,+91-9376905533,customer107535@example.com,10am-1pm,0.855,42200.0,16400.0,3000.0,1829000.0,16000.0,1629000.0,Ready now,0.511,"HOT LEAD. Rent Rs 16,400 (39% of income). Eligible Rs 18L at EMI Rs 16,000. Down payment already funded (Rs 16L available)."
CUST102110,P1 - Call today,Home Loan - Ready,Steady Saver,MG Road,+91-9623232928,customer102110@example.com,4pm-7pm,0.854,144900.0,0.0,25000.0,6257000.0,54700.0,2459000.0,Ready now,0.99,"READY LEAD (no rent outflow - may be living with family). Eligible Rs 63L at EMI Rs 54,700. Down payment funded (Rs 25L). Segment: Steady Saver."
CUST104171,P1 - Call today,Home Loan - Ready,Steady Saver,MG Road,+91-9762561797,customer104171@example.com,10am-1pm,0.854,123300.0,0.0,14800.0,5359000.0,46800.0,3789000.0,Ready now,0.998,"READY LEAD (no rent outflow - may be living with family). Eligible Rs 54L at EMI Rs 46,800. Down payment funded (Rs 38L). Segment: Steady Saver."
CUST104327,P1 - Call today,Home Loan - Ready,Steady Saver,Whitefield,+91-9207322629,customer104327@example.com,10am-1pm,0.854,56800.0,0.0,0.0,3249000.0,28400.0,845000.0,Ready now,0.959,"READY LEAD (no rent outflow - may be living with family). Eligible Rs 32L at EMI Rs 28,400. Down payment funded (Rs 8L). Segment: Steady Saver."
CUST106275,P1 - Call today,Home Loan - Ready,Steady Saver,Electronic City,+91-9054627118,customer106275@example.com,4pm-7pm,0.854,74300.0,0.0,0.0,4250000.0,37200.0,1405000.0,Ready now,1.0,"READY LEAD (no rent outflow - may be living with family). Eligible Rs 42L at EMI Rs 37,200. Down payment funded (Rs 14L). Segment: Steady Saver."
CUST101727,P1 - Call today,Home Loan - Ready,Steady Saver,MG Road,+91-9539640133,customer101727@example.com,10am-1pm,0.853,62300.0,0.0,0.0,3207000.0,28000.0,1578000.0,Ready now,0.992,"READY LEAD (no rent outflow - may be living with family). Eligible Rs 32L at EMI Rs 28,000. Down payment funded (Rs 16L). Segment: Steady Saver."
CUST102432,P1 - Call today,Balance Transfer,Wealth Builder,Electronic City,+91-9821543792,customer102432@example.com,10am-1pm,0.853,91100.0,22300.0,0.0,5211000.0,45600.0,1460000.0,Ready now,0.987,"BT pitch: currently 9.74%, outstanding Rs 33L. Monthly saving Rs 2,413. Carry the rate sheet."
CUST102828,P1 - Call today,Home Loan - Ready,Steady Saver,Indiranagar,+91-9637788282,customer102828@example.com,4pm-7pm,0.853,125100.0,0.0,0.0,7155000.0,62600.0,7214000.0,Ready now,0.469,"READY LEAD (no rent outflow - may be living with family). Eligible Rs 72L at EMI Rs 62,600. Down payment funded (Rs 72L). Segment: Steady Saver."
CUST104522,P1 - Call today,Rent-to-EMI - Hot,Wealth Builder,Jayanagar,+91-9710206538,customer104522@example.com,10am-1pm,0.853,64500.0,24600.0,0.0,3320000.0,29000.0,3721000.0,Ready now,0.746,"HOT LEAD. Rent Rs 24,600 (38% of income). Eligible Rs 33L at EMI Rs 29,000. Down payment already funded (Rs 37L available)."
CUST106251,P1 - Call today,Rent-to-EMI - Hot,Lifestyle Spender,Electronic City,+91-9116388949,customer106251@example.com,4pm-7pm,0.853,25000.0,9300.0,0.0,1058000.0,9200.0,717000.0,Ready now,0.153,"HOT LEAD. Rent Rs 9,300 (37% of income). Eligible Rs 11L at EMI Rs 9,200. Down payment already funded (Rs 7L available)."
CUST102668,P1 - Call today,Rent-to-EMI - Hot,Wealth Builder,Jayanagar,+91-9839170208,customer102668@example.com,1pm-4pm,0.852,136800.0,34100.0,0.0,8607000.0,75200.0,5512000.0,Ready now,1.0,"HOT LEAD. Rent Rs 34,100 (25% of income). Eligible Rs 86L at EMI Rs 75,200. Down payment already funded (Rs 55L available)."
CUST103650,P1 - Call today,Rent-to-EMI - Hot,Wealth Builder,Whitefield,+91-9198865732,customer103650@example.com,7pm-9pm,0.852,53800.0,8500.0,0.0,3077000.0,26900.0,1732000.0,Ready now,0.625,"HOT LEAD. Rent Rs 8,500 (16% of income). Eligible Rs 31L at EMI Rs 26,900. Down payment already funded (Rs 17L available)."
CUST104397,P1 - Call today,Rent-to-EMI - Hot,Wealth Builder,Whitefield,+91-9452429937,customer104397@example.com,1pm-4pm,0.852,151200.0,53500.0,26000.0,6539000.0,57200.0,4298000.0,Ready now,1.0,"HOT LEAD. Rent Rs 53,500 (35% of income). Eligible Rs 65L at EMI Rs 57,200. Down payment already funded (Rs 43L available)."
CUST106808,P1 - Call today,Rent-to-EMI - Hot,Wealth Builder,Electronic City,+91-9205298364,customer106808@example.com,1pm-4pm,0.852,68400.0,16800.0,5100.0,2312000.0,20200.0,4086000.0,Ready now,0.998,"HOT LEAD. Rent Rs 16,800 (25% of income). Eligible Rs 23L at EMI Rs 20,200. Down payment already funded (Rs 41L available)."
CUST107772,P1 - Call today,Balance Transfer,Wealth Builder,Indiranagar,+91-9241117154,customer107772@example.com,7pm-9pm,0.852,132800.0,43300.0,0.0,8355000.0,73000.0,4716000.0,Ready now,1.0,"BT pitch: currently 9.45%, outstanding Rs 32L. Monthly saving Rs 1,751. Carry the rate sheet."
CUST103923,P1 - Call today,Rent-to-EMI - Hot,Wealth Builder,Jayanagar,+91-9053791811,customer103923@example.com,4pm-7pm,0.851,52800.0,15400.0,0.0,2235000.0,19500.0,2292000.0,Ready now,0.998,"HOT LEAD. Rent Rs 15,400 (29% of income). Eligible Rs 22L at EMI Rs 19,500. Down payment already funded (Rs 23L available)."
CUST105006,P1 - Call today,Home Loan - Ready,Steady Saver,Indiranagar,+91-9834010515,customer105006@example.com,1pm-4pm,0.851,44800.0,0.0,0.0,2562000.0,22400.0,2689000.0,Ready now,0.477,"READY LEAD (no rent outflow - may be living with family). Eligible Rs 26L at EMI Rs 22,400. Down payment funded (Rs 27L). Segment: Steady Saver."
CUST107358,P1 - Call today,Rent-to-EMI - Hot,Wealth Builder,MG Road,+91-9204332558,customer107358@example.com,10am-1pm,0.851,81800.0,32800.0,7700.0,3798000.0,33200.0,3028000.0,Ready now,0.316,"HOT LEAD. Rent Rs 32,800 (40% of income). Eligible Rs 38L at EMI Rs 33,200. Down payment already funded (Rs 30L available)."
CUST107522,P1 - Call today,Rent-to-EMI - Hot,Wealth Builder,MG Road,+91-9478588923,customer107522@example.com,7pm-9pm,0.851,61900.0,12000.0,4100.0,2717000.0,23800.0,2764000.0,Ready now,0.411,"HOT LEAD. Rent Rs 12,000 (19% of income). Eligible Rs 27L at EMI Rs 23,800. Down payment already funded (Rs 28L available)."
CUST107698,P1 - Call today,Rent-to-EMI - Hot,Wealth Builder,Whitefield,+91-9259719243,customer107698@example.com,10am-1pm,0.851,137100.0,41800.0,21700.0,5359000.0,46800.0,4101000.0,Ready now,0.989,"HOT LEAD. Rent Rs 41,800 (30% of income). Eligible Rs 54L at EMI Rs 46,800. Down payment already funded (Rs 41L available)."
CUST102914,P1 - Call today,Rent-to-EMI - Hot,Wealth Builder,Jayanagar,+91-9500650762,customer102914@example.com,7pm-9pm,0.85,42200.0,14400.0,3600.0,1761000.0,15400.0,1054000.0,Ready now,0.996,"HOT LEAD. Rent Rs 14,400 (34% of income). Eligible Rs 18L at EMI Rs 15,400. Down payment already funded (Rs 11L available)."
CUST104023,P1 - Call today,Rent-to-EMI - Hot,Wealth Builder,Koramangala,+91-9357617586,customer104023@example.com,4pm-7pm,0.85,118400.0,45400.0,0.0,7449000.0,65100.0,2831000.0,Ready now,0.995,"HOT LEAD. Rent Rs 45,400 (38% of income). Eligible Rs 74L at EMI Rs 65,100. Down payment already funded (Rs 28L available)."
CUST104469,P1 - Call today,Balance Transfer,Wealth Builder,Jayanagar,+91-9922794454,customer104469@example.com,7pm-9pm,0.85,136000.0,28800.0,0.0,6534000.0,57100.0,3550000.0,Ready now,1.0,"BT pitch: currently 10.45%, outstanding Rs 28L. Monthly saving Rs 3,372. Carry the rate sheet."
CUST106240,P1 - Call today,Rent-to-EMI - Hot,Wealth Builder,Electronic City,+91-9403512668,customer106240@example.com,1pm-4pm,0.85,109300.0,44700.0,11000.0,4993000.0,43600.0,3033000.0,Ready now,1.0,"HOT LEAD. Rent Rs 44,700 (41% of income). Eligible Rs 50L at EMI Rs 43,600. Down payment already funded (Rs 30L available)."
CUST107937,P1 - Call today,Rent-to-EMI - Hot,Wealth Builder,Whitefield,+91-9169707662,customer107937@example.com,1pm-4pm,0.85,69800.0,21700.0,5400.0,2975000.0,26000.0,1200000.0,Ready now,0.947,"HOT LEAD. Rent Rs 21,700 (31% of income). Eligible Rs 30L at EMI Rs 26,000. Down payment already funded (Rs 12L available)."
CUST101514,P1 - Call today,Home Loan - Ready,Steady Saver,Koramangala,+91-9639471480,customer101514@example.com,10am-1pm,0.849,37700.0,0.0,3300.0,1779000.0,15600.0,1282000.0,Ready now,0.986,"READY LEAD (no rent outflow - may be living with family). Eligible Rs 18L at EMI Rs 15,600. Down payment funded (Rs 13L). Segment: Steady Saver."
CUST102836,P1 - Call today,Rent-to-EMI - Hot,Wealth Builder,Indiranagar,+91-9579680037,customer102836@example.com,4pm-7pm,0.849,93200.0,20000.0,8200.0,3860000.0,33700.0,1867000.0,Ready now,0.484,"HOT LEAD. Rent Rs 20,000 (22% of income). Eligible Rs 39L at EMI Rs 33,700. Down payment already funded (Rs 19L available)."
CUST103432,P1 - Call today,Home Loan - Ready,Steady Saver,Indiranagar,+91-9180321623,customer103432@example.com,10am-1pm,0.849,101200.0,0.0,0.0,6367000.0,55700.0,2894000.0,Ready now,1.0,"READY LEAD (no rent outflow - may be living with family). Eligible Rs 64L at EMI Rs 55,700. Down payment funded (Rs 29L). Segment: Steady Saver."
CUST105450,P1 - Call today,Home Loan - Ready,Steady Saver,Indiranagar,+91-9294973379,customer105450@example.com,1pm-4pm,0.849,32000.0,0.0,0.0,1830000.0,16000.0,668000.0,Ready now,1.0,"READY LEAD (no rent outflow - may be living with family). Eligible Rs 18L at EMI Rs 16,000. Down payment funded (Rs 7L). Segment: Steady Saver."
CUST105474,P1 - Call today,Rent-to-EMI - Hot,Lifestyle Spender,Jayanagar,+91-9717150692,customer105474@example.com,7pm-9pm,0.849,85700.0,15600.0,5900.0,3737000.0,32700.0,1243000.0,Ready now,0.024,"HOT LEAD. Rent Rs 15,600 (18% of income). Eligible Rs 37L at EMI Rs 32,700. Down payment already funded (Rs 12L available)."
CUST101285,P1 - Call today,Home Loan - Ready,Steady Saver,Jayanagar,+91-9696618526,customer101285@example.com,7pm-9pm,0.848,185900.0,0.0,36000.0,7578000.0,66200.0,8901000.0,Ready now,0.446,"READY LEAD (no rent outflow - may be living with family). Eligible Rs 76L at EMI Rs 66,200. Down payment funded (Rs 89L). Segment: Steady Saver."
CUST102889,P1 - Call today,Home Loan - Ready,Steady Saver,Jayanagar,+91-9571523168,customer102889@example.com,4pm-7pm,0.848,72500.0,0.0,0.0,4147000.0,36200.0,1934000.0,Ready now,1.0,"READY LEAD (no rent outflow - may be living with family). Eligible Rs 41L at EMI Rs 36,200. Down payment funded (Rs 19L). Segment: Steady Saver."
CUST104209,P1 - Call today,Home Loan - Ready,Steady Saver,Koramangala,+91-9963072869,customer104209@example.com,1pm-4pm,0.848,27400.0,0.0,0.0,1160000.0,10100.0,1361000.0,Ready now,0.73,"READY LEAD (no rent outflow - may be living with family). Eligible Rs 12L at EMI Rs 10,100. Down payment funded (Rs 14L). Segment: Steady Saver."
CUST105349,P1 - Call today,Rent-to-EMI - Hot,Wealth Builder,Whitefield,+91-9807236077,customer105349@example.com,4pm-7pm,0.848,64700.0,17300.0,6700.0,2564000.0,22400.0,1151000.0,Ready now,0.927,"HOT LEAD. Rent Rs 17,300 (27% of income). Eligible Rs 26L at EMI Rs 22,400. Down payment already funded (Rs 12L available)."
CUST105507,P1 - Call today,Home Loan - Ready,Steady Saver,Indiranagar,+91-9934294035,customer105507@example.com,4pm-7pm,0.848,92400.0,0.0,0.0,5285000.0,46200.0,3537000.0,Ready now,1.0,"READY LEAD (no rent outflow - may be living with family). Eligible Rs 53L at EMI Rs 46,200. Down payment funded (Rs 35L). Segment: Steady Saver."
CUST101990,P1 - Call today,Rent-to-EMI - Hot,Wealth Builder,Jayanagar,+91-9857371545,customer101990@example.com,1pm-4pm,0.847,62300.0,19900.0,0.0,3563000.0,31200.0,1934000.0,Ready now,0.689,"HOT LEAD. Rent Rs 19,900 (32% of income). Eligible Rs 36L at EMI Rs 31,200. Down payment already funded (Rs 19L available)."
CUST107835,P1 - Call today,Rent-to-EMI - Hot,Wealth Builder,Koramangala,+91-9185542578,customer107835@example.com,10am-1pm,0.847,97400.0,38000.0,0.0,5014000.0,43800.0,3105000.0,Ready now,0.994,"HOT LEAD. Rent Rs 38,000 (39% of income). Eligible Rs 50L at EMI Rs 43,800. Down payment already funded (Rs 31L available)."
CUST107930,P1 - Call today,Home Loan - Ready,Steady Saver,Koramangala,+91-9311012638,customer107930@example.com,4pm-7pm,0.847,75600.0,0.0,0.0,4324000.0,37800.0,2079000.0,Ready now,0.998,"READY LEAD (no rent outflow - may be living with family). Eligible Rs 43L at EMI Rs 37,800. Down payment funded (Rs 21L). Segment: Steady Saver."
CUST100242,P1 - Call today,Home Loan - Ready,Steady Saver,Koramangala,+91-9996811907,customer100242@example.com,1pm-4pm,0.846,71100.0,0.0,0.0,3660000.0,32000.0,2395000.0,Ready now,1.0,"READY LEAD (no rent outflow - may be living with family). Eligible Rs 37L at EMI Rs 32,000. Down payment funded (Rs 24L). Segment: Steady Saver."
CUST101404,P1 - Call today,Rent-to-EMI - Hot,Wealth Builder,Electronic City,+91-9481541087,customer101404@example.com,1pm-4pm,0.846,89600.0,32200.0,0.0,4612000.0,40300.0,3942000.0,Ready now,0.516,"HOT LEAD. Rent Rs 32,200 (36% of income). Eligible Rs 46L at EMI Rs 40,300. Down payment already funded (Rs 39L available)."
CUST102122,P1 - Call today,Rent-to-EMI - Hot,Wealth Builder,Electronic City,+91-9896180521,customer102122@example.com,10am-1pm,0.846,40900.0,4900.0,0.0,2339000.0,20400.0,1142000.0,Ready now,1.0,"HOT LEAD. Rent Rs 4,900 (12% of income). Eligible Rs 23L at EMI Rs 20,400. Down payment already funded (Rs 11L available)."
CUST103132,P1 - Call today,Home Loan - Ready,Steady Saver,MG Road,+91-9794171487,customer103132@example.com,4pm-7pm,0.846,136600.0,0.0,0.0,8595000.0,75100.0,6993000.0,Ready now,0.556,"READY LEAD (no rent outflow - may be living with family). Eligible Rs 86L at EMI Rs 75,100. Down payment funded (Rs 70L). Segment: Steady Saver."
CUST104946,P1 - Call today,Rent-to-EMI - Hot,Wealth Builder,Whitefield,+91-9970792945,customer104946@example.com,4pm-7pm,0.846,69600.0,25300.0,4500.0,3068000.0,26800.0,3446000.0,Ready now,0.575,"HOT LEAD. Rent Rs 25,300 (36% of income). Eligible Rs 31L at EMI Rs 26,800. Down payment already funded (Rs 34L available)."
CUST101270,P1 - Call today,Rent-to-EMI - Hot,Wealth Builder,Indiranagar,+91-9716606047,customer101270@example.com,10am-1pm,0.845,94600.0,36600.0,9600.0,4313000.0,37700.0,3467000.0,Ready now,0.544,"HOT LEAD. Rent Rs 36,600 (39% of income). Eligible Rs 43L at EMI Rs 37,700. Down payment already funded (Rs 35L available)."
CUST101373,P1 - Call today,Rent-to-EMI - Hot,Wealth Builder,Electronic City,+91-9112080697,customer101373@example.com,4pm-7pm,0.845,71300.0,29900.0,0.0,3670000.0,32100.0,2391000.0,Ready now,1.0,"HOT LEAD. Rent Rs 29,900 (42% of income). Eligible Rs 37L at EMI Rs 32,100. Down payment already funded (Rs 24L available)."
CUST103401,P1 - Call today,Rent-to-EMI - Hot,Wealth Builder,MG Road,+91-9200601165,customer103401@example.com,10am-1pm,0.845,38800.0,9500.0,6300.0,922000.0,8100.0,1881000.0,Ready now,0.451,"HOT LEAD. Rent Rs 9,500 (24% of income). Eligible Rs 9L at EMI Rs 8,100. Down payment already funded (Rs 19L available)."
CUST104323,P1 - Call today,Rent-to-EMI - Hot,Wealth Builder,Whitefield,+91-9563278485,customer104323@example.com,4pm-7pm,0.845,65100.0,16600.0,0.0,3351000.0,29300.0,2427000.0,Ready now,0.993,"HOT LEAD. Rent Rs 16,600 (26% of income). Eligible Rs 34L at EMI Rs 29,300. Down payment already funded (Rs 24L available)."
CUST106008,P1 - Call today,Home Loan - Ready,Steady Saver,Whitefield,+91-9458255005,customer106008@example.com,1pm-4pm,0.845,65900.0,0.0,6800.0,2615000.0,22900.0,3822000.0,Ready now,0.892,"READY LEAD (no rent outflow - may be living with family). Eligible Rs 26L at EMI Rs 22,900. Down payment funded (Rs 38L). Segment: Steady Saver."
CUST106161,P1 - Call today,Rent-to-EMI - Hot,Wealth Builder,Indiranagar,+91-9075108340,customer106161@example.com,4pm-7pm,0.845,48600.0,18900.0,0.0,2057000.0,18000.0,3494000.0,Ready now,0.636,"HOT LEAD. Rent Rs 18,900 (39% of income). Eligible Rs 21L at EMI Rs 18,000. Down payment already funded (Rs 35L available)."
CUST106783,P1 - Call today,Rent-to-EMI - Hot,Wealth Builder,Jayanagar,+91-9673620737,customer106783@example.com,1pm-4pm,0.845,49100.0,7500.0,8500.0,1836000.0,16000.0,2530000.0,Ready now,0.546,"HOT LEAD. Rent Rs 7,500 (15% of income). Eligible Rs 18L at EMI Rs 16,000. Down payment already funded (Rs 25L available)."
CUST104569,P1 - Call today,Rent-to-EMI - Hot,Wealth Builder,Whitefield,+91-9942787683,customer104569@example.com,7pm-9pm,0.844,102900.0,41700.0,0.0,6474000.0,56600.0,3452000.0,Ready now,0.351,"HOT LEAD. Rent Rs 41,700 (40% of income). Eligible Rs 65L at EMI Rs 56,600. Down payment already funded (Rs 35L available)."
CUST105341,P1 - Call today,Rent-to-EMI - Hot,Wealth Builder,Whitefield,+91-9938752241,customer105341@example.com,1pm-4pm,0.844,95200.0,39200.0,9300.0,3837000.0,33500.0,3438000.0,Ready now,0.531,"HOT LEAD. Rent Rs 39,200 (41% of income). Eligible Rs 38L at EMI Rs 33,500. Down payment already funded (Rs 34L available)."
CUST103048,P1 - Call today,Rent-to-EMI - Hot,Wealth Builder,Whitefield,+91-9357118524,customer103048@example.com,10am-1pm,0.843,141400.0,36800.0,12400.0,6669000.0,58300.0,5817000.0,Ready now,0.519,"HOT LEAD. Rent Rs 36,800 (26% of income). Eligible Rs 67L at EMI Rs 58,300. Down payment already funded (Rs 58L available)."
CUST105379,P1 - Call today,Rent-to-EMI - Hot,Steady Saver,Indiranagar,+91-9301025821,customer105379@example.com,1pm-4pm,0.843,34500.0,7600.0,0.0,1973000.0,17200.0,1107000.0,Ready now,0.969,"HOT LEAD. Rent Rs 7,600 (22% of income). Eligible Rs 20L at EMI Rs 17,200. Down payment already funded (Rs 11L available)."
CUST101981,P1 - Call today,Rent-to-EMI - Hot,Wealth Builder,MG Road,+91-9314838863,customer101981@example.com,7pm-9pm,0.842,48800.0,19400.0,0.0,2066000.0,18100.0,1673000.0,Ready now,0.995,"HOT LEAD. Rent Rs 19,400 (40% of income). Eligible Rs 21L at EMI Rs 18,100. Down payment already funded (Rs 17L available)."
CUST102600,P1 - Call today,Rent-to-EMI - Hot,Wealth Builder,Indiranagar,+91-9449712837,customer102600@example.com,1pm-4pm,0.842,73100.0,28600.0,0.0,3094000.0,27000.0,1515000.0,Ready now,1.0,"HOT LEAD. Rent Rs 28,600 (39% of income). Eligible Rs 31L at EMI Rs 27,000. Down payment already funded (Rs 15L available)."
CUST103069,P1 - Call today,Home Loan - Ready,Steady Saver,Indiranagar,+91-9425935274,customer103069@example.com,7pm-9pm,0.842,48700.0,0.0,5000.0,2214000.0,19400.0,1415000.0,Ready now,1.0,"READY LEAD (no rent outflow - may be living with family). Eligible Rs 22L at EMI Rs 19,400. Down payment funded (Rs 14L). Segment: Steady Saver."
CUST104742,P1 - Call today,Rent-to-EMI - Hot,Wealth Builder,Koramangala,+91-9032497182,customer104742@example.com,10am-1pm,0.842,70600.0,15400.0,11900.0,2677000.0,23400.0,1640000.0,Ready now,0.967,"HOT LEAD. Rent Rs 15,400 (22% of income). Eligible Rs 27L at EMI Rs 23,400. Down payment already funded (Rs 16L available)."
CUST105261,P1 - Call today,Rent-to-EMI - Hot,Wealth Builder,MG Road,+91-9116314347,customer105261@example.com,7pm-9pm,0.842,46700.0,13800.0,7900.0,1767000.0,15400.0,1843000.0,Ready now,0.335,"HOT LEAD. Rent Rs 13,800 (30% of income). Eligible Rs 18L at EMI Rs 15,400. Down payment already funded (Rs 18L available)."
CUST102294,P1 - Call today,Rent-to-EMI - Hot,Wealth Builder,MG Road,+91-9518478492,customer102294@example.com,4pm-7pm,0.841,79000.0,32000.0,0.0,4067000.0,35600.0,1672000.0,Ready now,0.998,"HOT LEAD. Rent Rs 32,000 (40% of income). Eligible Rs 41L at EMI Rs 35,600. Down payment already funded (Rs 17L available)."
CUST102460,P1 - Call today,Rent-to-EMI - Hot,Wealth Builder,Whitefield,+91-9053535724,customer102460@example.com,7pm-9pm,0.841,53700.0,22200.0,0.0,3072000.0,26800.0,1371000.0,Ready now,1.0,"HOT LEAD. Rent Rs 22,200 (41% of income). Eligible Rs 31L at EMI Rs 26,800. Down payment already funded (Rs 14L available)."
CUST102767,P1 - Call today,Rent-to-EMI - Hot,Wealth Builder,Whitefield,+91-9630124818,customer102767@example.com,4pm-7pm,0.841,48900.0,13600.0,3700.0,2374000.0,20800.0,1045000.0,Ready now,1.0,"HOT LEAD. Rent Rs 13,600 (28% of income). Eligible Rs 24L at EMI Rs 20,800. Down payment already funded (Rs 10L available)."
CUST104609,P1 - Call today,Rent-to-EMI - Hot,Wealth Builder,Koramangala,+91-9913836603,customer104609@example.com,1pm-4pm,0.841,57000.0,21600.0,9400.0,1859000.0,16200.0,2010000.0,Ready now,0.987,"HOT LEAD. Rent Rs 21,600 (38% of income). Eligible Rs 19L at EMI Rs 16,200. Down payment already funded (Rs 20L available)."
CUST107249,P1 - Call today,Rent-to-EMI - Hot,Steady Saver,Jayanagar,+91-9643251962,customer107249@example.com,10am-1pm,0.841,44100.0,7300.0,4300.0,1778000.0,15500.0,3489000.0,Ready now,0.574,"HOT LEAD. Rent Rs 7,300 (17% of income). Eligible Rs 18L at EMI Rs 15,500. Down payment already funded (Rs 35L available)."
CUST107953,P1 - Call today,Rent-to-EMI - Hot,Wealth Builder,Whitefield,+91-9701838376,customer107953@example.com,1pm-4pm,0.841,53700.0,13600.0,4700.0,2534000.0,22200.0,1910000.0,Ready now,0.334,"HOT LEAD. Rent Rs 13,600 (25% of income). Eligible Rs 25L at EMI Rs 22,200. Down payment already funded (Rs 19L available)."
CUST100384,P1 - Call today,Home Loan - Ready,Steady Saver,Jayanagar,+91-9353225660,customer100384@example.com,10am-1pm,0.84,35600.0,0.0,0.0,1833000.0,16000.0,1478000.0,Ready now,0.855,"READY LEAD (no rent outflow - may be living with family). Eligible Rs 18L at EMI Rs 16,000. Down payment funded (Rs 15L). Segment: Steady Saver."
CUST101260,P1 - Call today,Rent-to-EMI - Hot,Wealth Builder,Whitefield,+91-9424332751,customer101260@example.com,1pm-4pm,0.84,52300.0,21600.0,5000.0,2120000.0,18500.0,2814000.0,Ready now,0.541,"HOT LEAD. Rent Rs 21,600 (41% of income). Eligible Rs 21L at EMI Rs 18,500. Down payment already funded (Rs 28L available)."
CUST104491,P1 - Call today,Rent-to-EMI - Hot,Steady Saver,Whitefield,+91-9800452107,customer104491@example.com,7pm-9pm,0.84,168400.0,28400.0,0.0,10595000.0,92600.0,5697000.0,Ready now,0.314,"HOT LEAD. Rent Rs 28,400 (17% of income). Eligible Rs 106L at EMI Rs 92,600. Down payment already funded (Rs 57L available)."
CUST101447,P1 - Call today,Rent-to-EMI - Hot,Wealth Builder,Whitefield,+91-9474934582,customer101447@example.com,1pm-4pm,0.839,82400.0,15300.0,6200.0,3533000.0,30900.0,3552000.0,Ready now,0.395,"HOT LEAD. Rent Rs 15,300 (19% of income). Eligible Rs 35L at EMI Rs 30,900. Down payment already funded (Rs 36L available)."
CUST101913,P1 - Call today,Rent-to-EMI - Hot,Steady Saver,Electronic City,+91-9330840997,customer101913@example.com,10am-1pm,0.839,133400.0,25400.0,0.0,6409000.0,56000.0,4433000.0,Ready now,0.373,"HOT LEAD. Rent Rs 25,400 (19% of income). Eligible Rs 64L at EMI Rs 56,000. Down payment already funded (Rs 44L available)."
CUST106500,P1 - Call today,Rent-to-EMI - Hot,Wealth Builder,MG Road,+91-9365457375,customer106500@example.com,4pm-7pm,0.839,25400.0,6400.0,0.0,1308000.0,11400.0,794000.0,Ready now,1.0,"HOT LEAD. Rent Rs 6,400 (25% of income). Eligible Rs 13L at EMI Rs 11,400. Down payment already funded (Rs 8L available)."
CUST102611,P1 - Call today,Rent-to-EMI - Hot,Steady Saver,Indiranagar,+91-9826155823,customer102611@example.com,10am-1pm,0.838,72900.0,12000.0,0.0,3753000.0,32800.0,3652000.0,Ready now,0.555,"HOT LEAD. Rent Rs 12,000 (16% of income). Eligible Rs 38L at EMI Rs 32,800. Down payment already funded (Rs 37L available)."
CUST103415,P1 - Call today,Rent-to-EMI - Hot,Wealth Builder,Electronic City,+91-9245346699,customer103415@example.com,4pm-7pm,0.838,86700.0,32600.0,18600.0,2335000.0,20400.0,4184000.0,Ready now,1.0,"HOT LEAD. Rent Rs 32,600 (38% of income). Eligible Rs 23L at EMI Rs 20,400. Down payment already funded (Rs 42L available)."
CUST103768,P1 - Call today,Rent-to-EMI - Hot,Wealth Builder,Jayanagar,+91-9784972681,customer103768@example.com,4pm-7pm,0.838,147300.0,37400.0,15300.0,6675000.0,58400.0,3747000.0,Ready now,0.557,"HOT LEAD. Rent Rs 37,400 (25% of income). Eligible Rs 67L at EMI Rs 58,400. Down payment already funded (Rs 37L available)."
CUST105169,P1 - Call today,Rent-to-EMI - Hot,Wealth Builder,Whitefield,+91-9456179250,customer105169@example.com,10am-1pm,0.838,37800.0,10900.0,0.0,1946000.0,17000.0,1853000.0,Ready now,0.515,"HOT LEAD. Rent Rs 10,900 (29% of income). Eligible Rs 19L at EMI Rs 17,000. Down payment already funded (Rs 19L available)."
CUST106605,P1 - Call today,Home Loan - Ready,Steady Saver,Whitefield,+91-9593984755,customer106605@example.com,4pm-7pm,0.838,49600.0,0.0,5400.0,1936000.0,16900.0,1204000.0,Ready now,0.749,"READY LEAD (no rent outflow - may be living with family). Eligible Rs 19L at EMI Rs 16,900. Down payment funded (Rs 12L). Segment: Steady Saver."
CUST107369,P1 - Call today,Rent-to-EMI - Hot,Wealth Builder,Electronic City,+91-9659418839,customer107369@example.com,4pm-7pm,0.838,50400.0,12900.0,0.0,2594000.0,22700.0,1793000.0,Ready now,0.993,"HOT LEAD. Rent Rs 12,900 (26% of income). Eligible Rs 26L at EMI Rs 22,700. Down payment already funded (Rs 18L available)."
CUST101821,P1 - Call today,Home Loan - Ready,Steady Saver,Koramangala,+91-9312453494,customer101821@example.com,10am-1pm,0.837,121800.0,0.0,0.0,7663000.0,67000.0,9091000.0,Ready now,0.691,"READY LEAD (no rent outflow - may be living with family). Eligible Rs 77L at EMI Rs 67,000. Down payment funded (Rs 91L). Segment: Steady Saver."
CUST104136,P1 - Call today,Rent-to-EMI - Hot,Wealth Builder,Indiranagar,+91-9530367678,customer104136@example.com,7pm-9pm,0.837,91300.0,35500.0,9800.0,3579000.0,31300.0,2320000.0,Ready now,1.0,"HOT LEAD. Rent Rs 35,500 (39% of income). Eligible Rs 36L at EMI Rs 31,300. Down payment already funded (Rs 23L available)."
CUST104770,P1 - Call today,Rent-to-EMI - Hot,Wealth Builder,MG Road,+91-9330787874,customer104770@example.com,7pm-9pm,0.837,118300.0,45700.0,36900.0,2545000.0,22200.0,3287000.0,Ready now,1.0,"HOT LEAD. Rent Rs 45,700 (39% of income). Eligible Rs 25L at EMI Rs 22,200. Down payment already funded (Rs 33L available)."
CUST107264,P1 - Call today,Home Loan - Ready,Steady Saver,Indiranagar,+91-9133696857,customer107264@example.com,10am-1pm,0.837,113400.0,0.0,4900.0,5926000.0,51800.0,5063000.0,Ready now,0.657,"READY LEAD (no rent outflow - may be living with family). Eligible Rs 59L at EMI Rs 51,800. Down payment funded (Rs 51L). Segment: Steady Saver."
CUST104225,P1 - Call today,Rent-to-EMI - Hot,Wealth Builder,Electronic City,+91-9195951027,customer104225@example.com,7pm-9pm,0.836,55900.0,20900.0,3800.0,2763000.0,24200.0,2363000.0,Ready now,0.382,"HOT LEAD. Rent Rs 20,900 (37% of income). Eligible Rs 28L at EMI Rs 24,200. Down payment already funded (Rs 24L available)."
CUST104290,P1 - Call today,Home Loan - Ready,Steady Saver,Electronic City,+91-9990945469,customer104290@example.com,7pm-9pm,0.836,29500.0,0.0,0.0,1687000.0,14800.0,1611000.0,Ready now,0.523,"READY LEAD (no rent outflow - may be living with family). Eligible Rs 17L at EMI Rs 14,800. Down payment funded (Rs 16L). Segment: Steady Saver."
CUST105263,P1 - Call today,Rent-to-EMI - Hot,Wealth Builder,MG Road,+91-9787838768,customer105263@example.com,1pm-4pm,0.836,44000.0,10400.0,8700.0,1270000.0,11100.0,1344000.0,Ready now,0.979,"HOT LEAD. Rent Rs 10,400 (24% of income). Eligible Rs 13L at EMI Rs 11,100. Down payment already funded (Rs 13L available)."
CUST106006,P1 - Call today,Home Loan - Ready,Steady Saver,Koramangala,+91-9016596151,customer106006@example.com,10am-1pm,0.836,94900.0,0.0,10100.0,3730000.0,32600.0,3759000.0,Ready now,1.0,"READY LEAD (no rent outflow - may be living with family). Eligible Rs 37L at EMI Rs 32,600. Down payment funded (Rs 38L). Segment: Steady Saver."
CUST106268,P1 - Call today,Balance Transfer,Wealth Builder,Koramangala,+91-9662518817,customer106268@example.com,4pm-7pm,0.836,98200.0,20800.0,0.0,5055000.0,44200.0,2247000.0,Ready now,0.786,"BT pitch: currently 9.26%, outstanding Rs 46L. Monthly saving Rs 1,933. Carry the rate sheet."
CUST107525,P1 - Call today,Rent-to-EMI - Hot,Wealth Builder,Indiranagar,+91-9108455838,customer107525@example.com,7pm-9pm,0.836,37100.0,8500.0,0.0,2122000.0,18600.0,1915000.0,Ready now,0.456,"HOT LEAD. Rent Rs 8,500 (23% of income). Eligible Rs 21L at EMI Rs 18,600. Down payment already funded (Rs 19L available)."
CUST103514,P1 - Call today,Rent-to-EMI - Hot,Lifestyle Spender,Koramangala,+91-9968435241,customer103514@example.com,10am-1pm,0.835,52500.0,17100.0,13600.0,1147000.0,10000.0,622000.0,Ready now,0.115,"HOT LEAD. Rent Rs 17,100 (33% of income). Eligible Rs 11L at EMI Rs 10,000. Down payment already funded (Rs 6L available)."
CUST103825,P1 - Call today,Rent-to-EMI - Hot,Wealth Builder,Whitefield,+91-9028509345,customer103825@example.com,1pm-4pm,0.835,36800.0,15100.0,11500.0,789000.0,6900.0,987000.0,Ready now,0.78,"HOT LEAD. Rent Rs 15,100 (41% of income). Eligible Rs 8L at EMI Rs 6,900. Down payment already funded (Rs 10L available)."
CUST104284,P1 - Call today,Rent-to-EMI - Hot,Steady Saver,Whitefield,+91-9176999785,customer104284@example.com,4pm-7pm,0.835,39800.0,7100.0,0.0,2276000.0,19900.0,1385000.0,Ready now,0.904,"HOT LEAD. Rent Rs 7,100 (18% of income). Eligible Rs 23L at EMI Rs 19,900. Down payment already funded (Rs 14L available)."
CUST104762,P1 - Call today,Rent-to-EMI - Hot,Wealth Builder,Electronic City,+91-9637013362,customer104762@example.com,4pm-7pm,0.835,50400.0,11500.0,11800.0,1245000.0,10900.0,2200000.0,Ready now,0.489,"HOT LEAD. Rent Rs 11,500 (23% of income). Eligible Rs 12L at EMI Rs 10,900. Down payment already funded (Rs 22L available)."
CUST100912,P1 - Call today,Rent-to-EMI - Hot,Wealth Builder,MG Road,+91-9357602733,customer100912@example.com,7pm-9pm,0.834,55600.0,14900.0,0.0,3180000.0,27800.0,2406000.0,Ready now,0.474,"HOT LEAD. Rent Rs 14,900 (27% of income). Eligible Rs 32L at EMI Rs 27,800. Down payment already funded (Rs 24L available)."
CUST101945,P1 - Call today,Balance Transfer,Steady Saver,Koramangala,+91-9985307061,customer101945@example.com,10am-1pm,0.834,74700.0,10800.0,0.0,3845000.0,33600.0,4816000.0,Ready now,0.541,"BT pitch: currently 10.59%, outstanding Rs 35L. Monthly saving Rs 4,589. Carry the rate sheet."
CUST102960,P1 - Call today,Rent-to-EMI - Hot,Wealth Builder,Electronic City,+91-9223976740,customer102960@example.com,1pm-4pm,0.834,37600.0,12300.0,3900.0,1704000.0,14900.0,1315000.0,Ready now,0.938,"HOT LEAD. Rent Rs 12,300 (33% of income). Eligible Rs 17L at EMI Rs 14,900. Down payment already funded (Rs 13L available)."
CUST104644,P1 - Call today,Home Loan - Ready,Steady Saver,Jayanagar,+91-9740029647,customer104644@example.com,1pm-4pm,0.834,34100.0,0.0,0.0,1950000.0,17000.0,1293000.0,Ready now,0.992,"READY LEAD (no rent outflow - may be living with family). Eligible Rs 20L at EMI Rs 17,000. Down payment funded (Rs 13L). Segment: Steady Saver."
CUST106171,P1 - Call today,Rent-to-EMI - Hot,Wealth Builder,Koramangala,+91-9280709011,customer106171@example.com,1pm-4pm,0.834,29500.0,8200.0,3100.0,1164000.0,10200.0,1286000.0,Ready now,0.538,"HOT LEAD. Rent Rs 8,200 (28% of income). Eligible Rs 12L at EMI Rs 10,200. Down payment already funded (Rs 13L available)."
CUST106272,P1 - Call today,Rent-to-EMI - Hot,Wealth Builder,Electronic City,+91-9680110245,customer106272@example.com,10am-1pm,0.834,119600.0,35700.0,6800.0,6063000.0,53000.0,2974000.0,Ready now,0.976,"HOT LEAD. Rent Rs 35,700 (30% of income). Eligible Rs 61L at EMI Rs 53,000. Down payment already funded (Rs 30L available)."
CUST107960,P1 - Call today,Home Loan - Ready,Steady Saver,Koramangala,+91-9080191061,customer107960@example.com,1pm-4pm,0.834,144300.0,0.0,0.0,8254000.0,72200.0,4572000.0,Ready now,1.0,"READY LEAD (no rent outflow - may be living with family). Eligible Rs 83L at EMI Rs 72,200. Down payment funded (Rs 46L). Segment: Steady Saver."
CUST101825,P1 - Call today,Rent-to-EMI - Hot,Wealth Builder,Koramangala,+91-9387059457,customer101825@example.com,4pm-7pm,0.833,121200.0,35100.0,0.0,7626000.0,66700.0,4191000.0,Ready now,0.453,"HOT LEAD. Rent Rs 35,100 (29% of income). Eligible Rs 76L at EMI Rs 66,700. Down payment already funded (Rs 42L available)."
CUST102329,P1 - Call today,Rent-to-EMI - Hot,Wealth Builder,Indiranagar,+91-9415524863,customer102329@example.com,1pm-4pm,0.833,76100.0,16600.0,0.0,4353000.0,38000.0,1613000.0,Ready now,0.755,"HOT LEAD. Rent Rs 16,600 (22% of income). Eligible Rs 44L at EMI Rs 38,000. Down payment already funded (Rs 16L available)."
CUST103232,P1 - Call today,Home Loan - Ready,Steady Saver,Electronic City,+91-9076765907,customer103232@example.com,4pm-7pm,0.833,141000.0,0.0,11900.0,7510000.0,65600.0,3237000.0,Ready now,1.0,"READY LEAD (no rent outflow - may be living with family). Eligible Rs 75L at EMI Rs 65,600. Down payment funded (Rs 32L). Segment: Steady Saver."
CUST106326,P1 - Call today,Rent-to-EMI - Hot,Wealth Builder,Jayanagar,+91-9697908206,customer106326@example.com,10am-1pm,0.833,80200.0,16400.0,8300.0,3638000.0,31800.0,4595000.0,Ready now,0.915,"HOT LEAD. Rent Rs 16,400 (20% of income). Eligible Rs 36L at EMI Rs 31,800. Down payment already funded (Rs 46L available)."
CUST107454,P1 - Call today,Home Loan - Ready,Steady Saver,Koramangala,+91-9327997807,customer107454@example.com,7pm-9pm,0.833,179700.0,0.0,32800.0,6526000.0,57000.0,7217000.0,Ready now,0.513,"READY LEAD (no rent outflow - may be living with family). Eligible Rs 65L at EMI Rs 57,000. Down payment funded (Rs 72L). Segment: Steady Saver."
CUST101694,P1 - Call today,Balance Transfer,Wealth Builder,Jayanagar,+91-9292360204,customer101694@example.com,7pm-9pm,0.832,72300.0,19400.0,3500.0,3321000.0,29000.0,3829000.0,Ready now,0.508,"BT pitch: currently 9.66%, outstanding Rs 26L. Monthly saving Rs 1,760. Carry the rate sheet."
CUST102705,P1 - Call today,Home Loan - Ready,Steady Saver,Whitefield,+91-9207516668,customer102705@example.com,1pm-4pm,0.832,52200.0,0.0,0.0,2986000.0,26100.0,2484000.0,Ready now,0.934,"READY LEAD (no rent outflow - may be living with family). Eligible Rs 30L at EMI Rs 26,100. Down payment funded (Rs 25L). Segment: Steady Saver."
CUST104650,P1 - Call today,Rent-to-EMI - Hot,Wealth Builder,Jayanagar,+91-9694548580,customer104650@example.com,10am-1pm,0.832,95600.0,35100.0,8000.0,3131000.0,27400.0,6106000.0,Ready now,0.718,"HOT LEAD. Rent Rs 35,100 (37% of income). Eligible Rs 31L at EMI Rs 27,400. Down payment already funded (Rs 61L available)."
CUST104985,P1 - Call today,Rent-to-EMI - Hot,Steady Saver,Indiranagar,+91-9360149614,customer104985@example.com,4pm-7pm,0.832,48900.0,7000.0,0.0,2517000.0,22000.0,2548000.0,Ready now,0.745,"HOT LEAD. Rent Rs 7,000 (14% of income). Eligible Rs 25L at EMI Rs 22,000. Down payment already funded (Rs 25L available)."
CUST106364,P1 - Call today,Rent-to-EMI - Hot,Lifestyle Spender,Electronic City,+91-9372490056,customer106364@example.com,1pm-4pm,0.832,42400.0,14500.0,3500.0,2025000.0,17700.0,797000.0,Ready now,0.111,"HOT LEAD. Rent Rs 14,500 (34% of income). Eligible Rs 20L at EMI Rs 17,700. Down payment already funded (Rs 8L available)."
CUST100783,P1 - Call today,Rent-to-EMI - Hot,Steady Saver,MG Road,+91-9418204714,customer100783@example.com,7pm-9pm,0.831,57000.0,8700.0,2400.0,2660000.0,23200.0,2135000.0,Ready now,0.684,"HOT LEAD. Rent Rs 8,700 (15% of income). Eligible Rs 27L at EMI Rs 23,200. Down payment already funded (Rs 21L available)."
CUST101636,P1 - Call today,Home Loan - Ready,Steady Saver,Jayanagar,+91-9861390374,customer101636@example.com,1pm-4pm,0.831,118100.0,0.0,0.0,6755000.0,59000.0,6340000.0,Ready now,0.591,"READY LEAD (no rent outflow - may be living with family). Eligible Rs 68L at EMI Rs 59,000. Down payment funded (Rs 63L). Segment: Steady Saver."
CUST101669,P1 - Call today,Rent-to-EMI - Hot,Wealth Builder,Indiranagar,+91-9388781235,customer101669@example.com,7pm-9pm,0.831,38200.0,8500.0,5900.0,1510000.0,13200.0,1026000.0,Ready now,0.364,"HOT LEAD. Rent Rs 8,500 (22% of income). Eligible Rs 15L at EMI Rs 13,200. Down payment already funded (Rs 10L available)."
CUST102322,P1 - Call today,Rent-to-EMI - Hot,Wealth Builder,Indiranagar,+91-9916096852,customer102322@example.com,10am-1pm,0.831,64700.0,21800.0,5900.0,2656000.0,23200.0,4559000.0,Ready now,0.649,"HOT LEAD. Rent Rs 21,800 (34% of income). Eligible Rs 27L at EMI Rs 23,200. Down payment already funded (Rs 46L available)."
CUST104339,P1 - Call today,Rent-to-EMI - Hot,Wealth Builder,Whitefield,+91-9266563587,customer104339@example.com,10am-1pm,0.831,71700.0,14000.0,0.0,4101000.0,35800.0,3548000.0,Ready now,0.654,"HOT LEAD. Rent Rs 14,000 (20% of income). Eligible Rs 41L at EMI Rs 35,800. Down payment already funded (Rs 35L available)."
CUST106165,P1 - Call today,Rent-to-EMI - Hot,Wealth Builder,Whitefield,+91-9979826146,customer106165@example.com,4pm-7pm,0.831,36500.0,11200.0,3700.0,1456000.0,12700.0,1086000.0,Ready now,0.999,"HOT LEAD. Rent Rs 11,200 (31% of income). Eligible Rs 15L at EMI Rs 12,700. Down payment already funded (Rs 11L available)."
CUST102933,P1 - Call today,Balance Transfer,Steady Saver,Jayanagar,+91-9669869639,customer102933@example.com,10am-1pm,0.83,129000.0,28000.0,0.0,8116000.0,71000.0,6232000.0,Ready now,0.677,"BT pitch: currently 10.61%, outstanding Rs 42L. Monthly saving Rs 5,553. Carry the rate sheet."
CUST104891,P1 - Call today,Home Loan - Ready,Steady Saver,MG Road,+91-9467510222,customer104891@example.com,10am-1pm,0.83,38200.0,0.0,6800.0,839000.0,7300.0,914000.0,Ready now,0.996,"READY LEAD (no rent outflow - may be living with family). Eligible Rs 8L at EMI Rs 7,300. Down payment funded (Rs 9L). Segment: Steady Saver."
CUST106049,P1 - Call today,Rent-to-EMI - Hot,Wealth Builder,MG Road,+91-9364799112,customer106049@example.com,7pm-9pm,0.83,61300.0,11200.0,5700.0,2854000.0,25000.0,2297000.0,Ready now,0.765,"HOT LEAD. Rent Rs 11,200 (18% of income). Eligible Rs 29L at EMI Rs 25,000. Down payment already funded (Rs 23L available)."
CUST106729,P1 - Call today,Rent-to-EMI - Hot,Wealth Builder,Whitefield,+91-9230223506,customer106729@example.com,10am-1pm,0.83,156400.0,63400.0,0.0,8946000.0,78200.0,4789000.0,Ready now,0.232,"HOT LEAD. Rent Rs 63,400 (40% of income). Eligible Rs 89L at EMI Rs 78,200. Down payment already funded (Rs 48L available)."
CUST106803,P1 - Call today,Rent-to-EMI - Hot,Wealth Builder,MG Road,+91-9704314608,customer106803@example.com,1pm-4pm,0.83,55800.0,18900.0,0.0,2872000.0,25100.0,1695000.0,Ready now,0.986,"HOT LEAD. Rent Rs 18,900 (34% of income). Eligible Rs 29L at EMI Rs 25,100. Down payment already funded (Rs 17L available)."
CUST107430,P1 - Call today,Home Loan - Ready,Steady Saver,Jayanagar,+91-9534643147,customer107430@example.com,1pm-4pm,0.83,25800.0,0.0,4800.0,927000.0,8100.0,347000.0,Ready now,0.503,"READY LEAD (no rent outflow - may be living with family). Eligible Rs 9L at EMI Rs 8,100. Down payment funded (Rs 3L). Segment: Steady Saver."
CUST100511,P1 - Call today,Balance Transfer,Wealth Builder,MG Road,+91-9597823745,customer100511@example.com,4pm-7pm,0.829,110300.0,33700.0,12700.0,4856000.0,42400.0,3016000.0,Ready now,1.0,"BT pitch: currently 10.02%, outstanding Rs 36L. Monthly saving Rs 3,337. Carry the rate sheet."
CUST101653,P1 - Call today,Balance Transfer,Wealth Builder,Electronic City,+91-9292913732,customer101653@example.com,1pm-4pm,0.829,43200.0,13100.0,0.0,2471000.0,21600.0,2279000.0,Ready now,0.82,"BT pitch: currently 10.34%, outstanding Rs 18L. Monthly saving Rs 2,039. Carry the rate sheet."
CUST101807,P1 - Call today,Home Loan - Ready,Steady Saver,Koramangala,+91-9784072319,customer101807@example.com,4pm-7pm,0.829,25000.0,0.0,2200.0,1178000.0,10300.0,430000.0,Ready now,1.0,"READY LEAD (no rent outflow - may be living with family). Eligible Rs 12L at EMI Rs 10,300. Down payment funded (Rs 4L). Segment: Steady Saver."
CUST102150,P1 - Call today,Rent-to-EMI - Hot,Wealth Builder,Indiranagar,+91-9121486825,customer102150@example.com,10am-1pm,0.829,145200.0,47300.0,27200.0,5194000.0,45400.0,3351000.0,Ready now,0.995,"HOT LEAD. Rent Rs 47,300 (33% of income). Eligible Rs 52L at EMI Rs 45,400. Down payment already funded (Rs 34L available)."
CUST102165,P1 - Call today,Rent-to-EMI - Hot,Wealth Builder,Jayanagar,+91-9735100917,customer102165@example.com,7pm-9pm,0.829,53100.0,15800.0,11500.0,1418000.0,12400.0,1844000.0,Ready now,0.35,"HOT LEAD. Rent Rs 15,800 (30% of income). Eligible Rs 14L at EMI Rs 12,400. Down payment already funded (Rs 18L available)."
CUST103392,P1 - Call today,Rent-to-EMI - Hot,Wealth Builder,Indiranagar,+91-9606444810,customer103392@example.com,10am-1pm,0.829,66000.0,25300.0,0.0,3398000.0,29700.0,2615000.0,Ready now,0.597,"HOT LEAD. Rent Rs 25,300 (38% of income). Eligible Rs 34L at EMI Rs 29,700. Down payment already funded (Rs 26L available)."
CUST104940,P1 - Call today,Rent-to-EMI - Hot,Wealth Builder,MG Road,+91-9466754731,customer104940@example.com,7pm-9pm,0.829,70500.0,27900.0,9700.0,2923000.0,25600.0,3469000.0,Ready now,0.419,"HOT LEAD. Rent Rs 27,900 (40% of income). Eligible Rs 29L at EMI Rs 25,600. Down payment already funded (Rs 35L available)."
CUST105348,P1 - Call today,Home Loan - Ready,Steady Saver,MG Road,+91-9438322137,customer105348@example.com,10am-1pm,0.829,56700.0,0.0,0.0,3243000.0,28400.0,1141000.0,Ready now,1.0,"READY LEAD (no rent outflow - may be living with family). Eligible Rs 32L at EMI Rs 28,400. Down payment funded (Rs 11L). Segment: Steady Saver."
CUST102311,P1 - Call today,Rent-to-EMI - Hot,Wealth Builder,MG Road,+91-9715841610,customer102311@example.com,4pm-7pm,0.828,125700.0,50300.0,0.0,7190000.0,62800.0,4135000.0,Ready now,1.0,"HOT LEAD. Rent Rs 50,300 (40% of income). Eligible Rs 72L at EMI Rs 62,800. Down payment already funded (Rs 41L available)."
CUST103119,P1 - Call today,Home Loan - Ready,Steady Saver,Whitefield,+91-9956158745,customer103119@example.com,10am-1pm,0.828,98800.0,0.0,9100.0,4610000.0,40300.0,3284000.0,Ready now,1.0,"READY LEAD (no rent outflow - may be living with family). Eligible Rs 46L at EMI Rs 40,300. Down payment funded (Rs 33L). Segment: Steady Saver."
CUST103515,P1 - Call today,Home Loan - Ready,Steady Saver,Koramangala,+91-9349459124,customer103515@example.com,10am-1pm,0.828,55700.0,0.0,0.0,3186000.0,27800.0,1962000.0,Ready now,0.83,"READY LEAD (no rent outflow - may be living with family). Eligible Rs 32L at EMI Rs 27,800. Down payment funded (Rs 20L). Segment: Steady Saver."
CUST103669,P1 - Call today,Rent-to-EMI - Hot,Wealth Builder,MG Road,+91-9504460977,customer103669@example.com,4pm-7pm,0.828,93200.0,14700.0,14500.0,3672000.0,32100.0,5065000.0,Ready now,0.595,"HOT LEAD. Rent Rs 14,700 (16% of income). Eligible Rs 37L at EMI Rs 32,100. Down payment already funded (Rs 51L available)."
CUST104832,P1 - Call today,Home Loan - Ready,Steady Saver,Indiranagar,+91-9734878802,customer104832@example.com,1pm-4pm,0.828,43300.0,0.0,0.0,2477000.0,21600.0,1005000.0,Ready now,0.487,"READY LEAD (no rent outflow - may be living with family). Eligible Rs 25L at EMI Rs 21,600. Down payment funded (Rs 10L). Segment: Steady Saver."
CUST105317,P1 - Call today,Balance Transfer,Wealth Builder,Electronic City,+91-9946127055,customer105317@example.com,10am-1pm,0.828,156500.0,20500.0,18800.0,7696000.0,67300.0,3964000.0,Ready now,0.381,"BT pitch: currently 10.18%, outstanding Rs 51L. Monthly saving Rs 5,272. Carry the rate sheet."
CUST105869,P1 - Call today,Rent-to-EMI - Hot,Wealth Builder,Jayanagar,+91-9711621491,customer105869@example.com,4pm-7pm,0.828,86900.0,35900.0,0.0,4473000.0,39100.0,3811000.0,Ready now,0.412,"HOT LEAD. Rent Rs 35,900 (41% of income). Eligible Rs 45L at EMI Rs 39,100. Down payment already funded (Rs 38L available)."
CUST105926,P1 - Call today,Rent-to-EMI - Hot,Wealth Builder,Whitefield,+91-9924408682,customer105926@example.com,4pm-7pm,0.828,44400.0,11100.0,0.0,2540000.0,22200.0,1738000.0,Ready now,0.528,"HOT LEAD. Rent Rs 11,100 (25% of income). Eligible Rs 25L at EMI Rs 22,200. Down payment already funded (Rs 17L available)."
CUST100083,P1 - Call today,Home Loan - Ready,Steady Saver,Koramangala,+91-9822684687,customer100083@example.com,10am-1pm,0.827,66900.0,0.0,0.0,3444000.0,30100.0,3980000.0,Ready now,0.558,"READY LEAD (no rent outflow - may be living with family). Eligible Rs 34L at EMI Rs 30,100. Down payment funded (Rs 40L). Segment: Steady Saver."
CUST100751,P1 - Call today,Balance Transfer,Steady Saver,MG Road,+91-9107678569,customer100751@example.com,1pm-4pm,0.827,108800.0,22000.0,0.0,6223000.0,54400.0,2202000.0,Ready now,1.0,"BT pitch: currently 10.84%, outstanding Rs 62L. Monthly saving Rs 9,083. Carry the rate sheet."
CUST102440,P1 - Call today,Home Loan - Ready,Steady Saver,Indiranagar,+91-9293013972,customer102440@example.com,10am-1pm,0.827,87400.0,0.0,8600.0,4015000.0,35100.0,2353000.0,Ready now,0.993,"READY LEAD (no rent outflow - may be living with family). Eligible Rs 40L at EMI Rs 35,100. Down payment funded (Rs 24L). Segment: Steady Saver."
CUST102981,P1 - Call today,Rent-to-EMI - Hot,Wealth Builder,MG Road,+91-9212395631,customer102981@example.com,10am-1pm,0.827,231000.0,80600.0,13800.0,12955000.0,113300.0,4542000.0,Ready now,1.0,"HOT LEAD. Rent Rs 80,600 (35% of income). Eligible Rs 130L at EMI Rs 113,300. Down payment already funded (Rs 45L available)."
CUST103457,P1 - Call today,Rent-to-EMI - Hot,Wealth Builder,Whitefield,+91-9667679281,customer103457@example.com,7pm-9pm,0.827,183700.0,43300.0,24100.0,7750000.0,67800.0,12303000.0,Ready now,0.818,"HOT LEAD. Rent Rs 43,300 (24% of income). Eligible Rs 78L at EMI Rs 67,800. Down payment already funded (Rs 123L available)."
CUST102593,P1 - Call today,Rent-to-EMI - Hot,Wealth Builder,Jayanagar,+91-9387149401,customer102593@example.com,1pm-4pm,0.826,82000.0,18200.0,11500.0,2906000.0,25400.0,2303000.0,Ready now,1.0,"HOT LEAD. Rent Rs 18,200 (22% of income). Eligible Rs 29L at EMI Rs 25,400. Down payment already funded (Rs 23L available)."
CUST103327,P1 - Call today,Rent-to-EMI - Hot,Wealth Builder,Electronic City,+91-9387378584,customer103327@example.com,1pm-4pm,0.826,120200.0,32000.0,12300.0,5468000.0,47800.0,4216000.0,Ready now,0.364,"HOT LEAD. Rent Rs 32,000 (27% of income). Eligible Rs 55L at EMI Rs 47,800. Down payment already funded (Rs 42L available)."
CUST104232,P1 - Call today,Rent-to-EMI - Hot,Wealth Builder,MG Road,+91-9991330217,customer104232@example.com,10am-1pm,0.826,49900.0,17400.0,7100.0,2042000.0,17800.0,779000.0,Ready now,1.0,"HOT LEAD. Rent Rs 17,400 (35% of income). Eligible Rs 20L at EMI Rs 17,800. Down payment already funded (Rs 8L available)."
CUST104485,P1 - Call today,Home Loan - Ready,Steady Saver,Whitefield,+91-9177370934,customer104485@example.com,10am-1pm,0.826,97000.0,0.0,15700.0,3752000.0,32800.0,2239000.0,Ready now,0.995,"READY LEAD (no rent outflow - may be living with family). Eligible Rs 38L at EMI Rs 32,800. Down payment funded (Rs 22L). Segment: Steady Saver."
CUST101696,P1 - Call today,Home Loan - Ready,Steady Saver,Jayanagar,+91-9420702454,customer101696@example.com,4pm-7pm,0.825,56200.0,0.0,5800.0,2551000.0,22300.0,2422000.0,Ready now,0.444,"READY LEAD (no rent outflow - may be living with family). Eligible Rs 26L at EMI Rs 22,300. Down payment funded (Rs 24L). Segment: Steady Saver."
CUST103588,P1 - Call today,Rent-to-EMI - Hot,Wealth Builder,Indiranagar,+91-9346351472,customer103588@example.com,10am-1pm,0.825,89800.0,37400.0,19000.0,2449000.0,21400.0,3407000.0,Ready now,0.485,"HOT LEAD. Rent Rs 37,400 (42% of income). Eligible Rs 24L at EMI Rs 21,400. Down payment already funded (Rs 34L available)."
CUST105215,P1 - Call today,Rent-to-EMI - Hot,Wealth Builder,Jayanagar,+91-9147381372,customer105215@example.com,10am-1pm,0.825,78000.0,29000.0,5800.0,3352000.0,29300.0,1867000.0,Ready now,0.996,"HOT LEAD. Rent Rs 29,000 (37% of income). Eligible Rs 34L at EMI Rs 29,300. Down payment already funded (Rs 19L available)."
CUST106718,P1 - Call today,Rent-to-EMI - Hot,Wealth Builder,Whitefield,+91-9169878638,customer106718@example.com,10am-1pm,0.825,77200.0,21600.0,11000.0,2716000.0,23700.0,2745000.0,Ready now,0.801,"HOT LEAD. Rent Rs 21,600 (28% of income). Eligible Rs 27L at EMI Rs 23,700. Down payment already funded (Rs 27L available)."
CUST101131,P1 - Call today,Rent-to-EMI - Hot,Steady Saver,Whitefield,+91-9653125674,customer101131@example.com,1pm-4pm,0.824,46600.0,7600.0,0.0,2399000.0,21000.0,1810000.0,Ready now,0.61,"HOT LEAD. Rent Rs 7,600 (16% of income). Eligible Rs 24L at EMI Rs 21,000. Down payment already funded (Rs 18L available)."
CUST103453,P1 - Call today,Rent-to-EMI - Hot,Wealth Builder,MG Road,+91-9537465118,customer103453@example.com,10am-1pm,0.824,103800.0,17700.0,27100.0,2837000.0,24800.0,6142000.0,Ready now,0.997,"HOT LEAD. Rent Rs 17,700 (17% of income). Eligible Rs 28L at EMI Rs 24,800. Down payment already funded (Rs 61L available)."
CUST106281,P1 - Call today,Home Loan - Ready,Steady Saver,Indiranagar,+91-9601445151,customer106281@example.com,1pm-4pm,0.824,52800.0,0.0,0.0,3020000.0,26400.0,1569000.0,Ready now,0.912,"READY LEAD (no rent outflow - may be living with family). Eligible Rs 30L at EMI Rs 26,400. Down payment funded (Rs 16L). Segment: Steady Saver."
CUST106877,P1 - Call today,Rent-to-EMI - Hot,Wealth Builder,Jayanagar,+91-9807286695,customer106877@example.com,4pm-7pm,0.824,103300.0,37500.0,0.0,5909000.0,51600.0,3364000.0,Ready now,0.41,"HOT LEAD. Rent Rs 37,500 (36% of income). Eligible Rs 59L at EMI Rs 51,600. Down payment already funded (Rs 34L available)."
CUST106879,P1 - Call today,Home Loan - Ready,Steady Saver,Koramangala,+91-9645757491,customer106879@example.com,4pm-7pm,0.824,102700.0,0.0,6400.0,5729000.0,50100.0,4669000.0,Ready now,0.641,"READY LEAD (no rent outflow - may be living with family). Eligible Rs 57L at EMI Rs 50,100. Down payment funded (Rs 47L). Segment: Steady Saver."
CUST107271,P1 - Call today,Home Loan - Ready,Steady Saver,Whitefield,+91-9091058488,customer107271@example.com,10am-1pm,0.824,46400.0,0.0,0.0,2654000.0,23200.0,2711000.0,Ready now,0.851,"READY LEAD (no rent outflow - may be living with family). Eligible Rs 27L at EMI Rs 23,200. Down payment funded (Rs 27L). Segment: Steady Saver."
CUST107514,P1 - Call today,Rent-to-EMI - Hot,Wealth Builder,Whitefield,+91-9589132851,customer107514@example.com,7pm-9pm,0.824,25000.0,5300.0,0.0,1287000.0,11200.0,971000.0,Ready now,0.345,"HOT LEAD. Rent Rs 5,300 (21% of income). Eligible Rs 13L at EMI Rs 11,200. Down payment already funded (Rs 10L available)."
CUST102180,P1 - Call today,Rent-to-EMI - Hot,Wealth Builder,Whitefield,+91-9872828135,customer102180@example.com,7pm-9pm,0.823,69600.0,15300.0,6900.0,2794000.0,24400.0,2005000.0,Ready now,1.0,"HOT LEAD. Rent Rs 15,300 (22% of income). Eligible Rs 28L at EMI Rs 24,400. Down payment already funded (Rs 20L available)."
CUST102588,P1 - Call today,Rent-to-EMI - Hot,Wealth Builder,Whitefield,+91-9113213087,customer102588@example.com,10am-1pm,0.823,154000.0,28600.0,17300.0,6829000.0,59700.0,5108000.0,Ready now,0.397,"HOT LEAD. Rent Rs 28,600 (19% of income). Eligible Rs 68L at EMI Rs 59,700. Down payment already funded (Rs 51L available)."
CUST103740,P1 - Call today,Rent-to-EMI - Hot,Wealth Builder,Indiranagar,+91-9466702044,customer103740@example.com,4pm-7pm,0.823,55600.0,13600.0,0.0,2353000.0,20600.0,2798000.0,Ready now,1.0,"HOT LEAD. Rent Rs 13,600 (24% of income). Eligible Rs 24L at EMI Rs 20,600. Down payment already funded (Rs 28L available)."
CUST104937,P1 - Call today,Rent-to-EMI - Hot,Wealth Builder,Indiranagar,+91-9293681817,customer104937@example.com,7pm-9pm,0.823,135300.0,50600.0,19400.0,6293000.0,55000.0,3140000.0,Ready now,0.298,"HOT LEAD. Rent Rs 50,600 (37% of income). Eligible Rs 63L at EMI Rs 55,000. Down payment already funded (Rs 31L available)."
CUST106250,P1 - Call today,Rent-to-EMI - Hot,Wealth Builder,Whitefield,+91-9035883606,customer106250@example.com,1pm-4pm,0.823,36200.0,7900.0,9300.0,800000.0,7000.0,1127000.0,Ready now,0.98,"HOT LEAD. Rent Rs 7,900 (22% of income). Eligible Rs 8L at EMI Rs 7,000. Down payment already funded (Rs 11L available)."
CUST106404,P1 - Call today,Rent-to-EMI - Hot,Wealth Builder,MG Road,+91-9627378941,customer106404@example.com,4pm-7pm,0.823,92700.0,14600.0,0.0,5302000.0,46400.0,6046000.0,Ready now,1.0,"HOT LEAD. Rent Rs 14,600 (16% of income). Eligible Rs 53L at EMI Rs 46,400. Down payment already funded (Rs 60L available)."
CUST106497,P1 - Call today,Rent-to-EMI - Hot,Lifestyle Spender,MG Road,+91-9559677980,customer106497@example.com,4pm-7pm,0.823,44000.0,16000.0,0.0,2265000.0,19800.0,805000.0,Ready now,0.048,"HOT LEAD. Rent Rs 16,000 (36% of income). Eligible Rs 23L at EMI Rs 19,800. Down payment already funded (Rs 8L available)."
CUST107106,P1 - Call today,Home Loan - Ready,Steady Saver,MG Road,+91-9740011326,customer107106@example.com,10am-1pm,0.823,101900.0,0.0,20200.0,2585000.0,22600.0,3048000.0,Ready now,0.999,"READY LEAD (no rent outflow - may be living with family). Eligible Rs 26L at EMI Rs 22,600. Down payment funded (Rs 30L). Segment: Steady Saver."
CUST107226,P1 - Call today,Rent-to-EMI - Hot,Wealth Builder,MG Road,+91-9729117147,customer107226@example.com,7pm-9pm,0.823,57300.0,12400.0,5200.0,2355000.0,20600.0,2613000.0,Ready now,0.912,"HOT LEAD. Rent Rs 12,400 (22% of income). Eligible Rs 24L at EMI Rs 20,600. Down payment already funded (Rs 26L available)."
CUST100320,P1 - Call today,Home Loan - Ready,Steady Saver,Indiranagar,+91-9326777400,customer100320@example.com,1pm-4pm,0.822,37300.0,0.0,1600.0,1950000.0,17000.0,1335000.0,Ready now,0.494,"READY LEAD (no rent outflow - may be living with family). Eligible Rs 20L at EMI Rs 17,000. Down payment funded (Rs 13L). Segment: Steady Saver."
CUST102055,P1 - Call today,Rent-to-EMI - Hot,Wealth Builder,Whitefield,+91-9824661599,customer102055@example.com,10am-1pm,0.822,44500.0,16500.0,0.0,2291000.0,20000.0,957000.0,Ready now,0.996,"HOT LEAD. Rent Rs 16,500 (37% of income). Eligible Rs 23L at EMI Rs 20,000. Down payment already funded (Rs 10L available)."
CUST103043,P1 - Call today,Rent-to-EMI - Hot,Wealth Builder,Whitefield,+91-9729779824,customer103043@example.com,4pm-7pm,0.822,76600.0,22300.0,0.0,3943000.0,34500.0,3025000.0,Ready now,0.998,"HOT LEAD. Rent Rs 22,300 (29% of income). Eligible Rs 39L at EMI Rs 34,500. Down payment already funded (Rs 30L available)."
CUST103835,P1 - Call today,Rent-to-EMI - Hot,Wealth Builder,Jayanagar,+91-9748734699,customer103835@example.com,4pm-7pm,0.822,36700.0,9600.0,2800.0,1569000.0,13700.0,1610000.0,Ready now,0.315,"HOT LEAD. Rent Rs 9,600 (26% of income). Eligible Rs 16L at EMI Rs 13,700. Down payment already funded (Rs 16L available)."
CUST105095,P1 - Call today,Rent-to-EMI - Hot,Lifestyle Spender,Indiranagar,+91-9001590476,customer105095@example.com,4pm-7pm,0.822,30100.0,7800.0,0.0,1549000.0,13500.0,760000.0,Ready now,0.256,"HOT LEAD. Rent Rs 7,800 (26% of income). Eligible Rs 15L at EMI Rs 13,500. Down payment already funded (Rs 8L available)."
CUST106781,P1 - Call today,Home Loan - Ready,Steady Saver,Jayanagar,+91-9665037398,customer106781@example.com,10am-1pm,0.822,46700.0,0.0,2800.0,2351000.0,20600.0,2842000.0,Ready now,0.475,"READY LEAD (no rent outflow - may be living with family). Eligible Rs 24L at EMI Rs 20,600. Down payment funded (Rs 28L). Segment: Steady Saver."
CUST100387,P1 - Call today,Rent-to-EMI - Hot,Wealth Builder,Koramangala,+91-9725121669,customer100387@example.com,4pm-7pm,0.821,53300.0,9400.0,8400.0,1783000.0,15600.0,2007000.0,Ready now,0.501,"HOT LEAD. Rent Rs 9,400 (18% of income). Eligible Rs 18L at EMI Rs 15,600. Down payment already funded (Rs 20L available)."
CUST101030,P1 - Call today,Rent-to-EMI - Hot,Wealth Builder,Jayanagar,+91-9768303411,customer101030@example.com,7pm-9pm,0.821,67100.0,24700.0,0.0,3838000.0,33600.0,1568000.0,Ready now,1.0,"HOT LEAD. Rent Rs 24,700 (37% of income). Eligible Rs 38L at EMI Rs 33,600. Down payment already funded (Rs 16L available)."
CUST102473,P1 - Call today,Rent-to-EMI - Hot,Steady Saver,Jayanagar,+91-9063410351,customer102473@example.com,10am-1pm,0.821,61800.0,10100.0,4600.0,3009000.0,26300.0,1531000.0,Ready now,0.682,"HOT LEAD. Rent Rs 10,100 (16% of income). Eligible Rs 30L at EMI Rs 26,300. Down payment already funded (Rs 15L available)."
CUST102698,P1 - Call today,Rent-to-EMI - Hot,Wealth Builder,Whitefield,+91-9490755118,customer102698@example.com,4pm-7pm,0.821,53500.0,15900.0,11100.0,1484000.0,13000.0,3657000.0,Ready now,0.735,"HOT LEAD. Rent Rs 15,900 (30% of income). Eligible Rs 15L at EMI Rs 13,000. Down payment already funded (Rs 37L available)."
CUST104536,P1 - Call today,Home Loan - Ready,Steady Saver,Electronic City,+91-9100604152,customer104536@example.com,10am-1pm,0.821,46400.0,0.0,7400.0,1807000.0,15800.0,1006000.0,Ready now,0.99,"READY LEAD (no rent outflow - may be living with family). Eligible Rs 18L at EMI Rs 15,800. Down payment funded (Rs 10L). Segment: Steady Saver."
CUST104931,P1 - Call today,Rent-to-EMI - Hot,Wealth Builder,Koramangala,+91-9888488049,customer104931@example.com,7pm-9pm,0.821,88600.0,27000.0,5900.0,3886000.0,34000.0,5498000.0,Ready now,0.562,"HOT LEAD. Rent Rs 27,000 (30% of income). Eligible Rs 39L at EMI Rs 34,000. Down payment already funded (Rs 55L available)."
CUST100855,P1 - Call today,Rent-to-EMI - Hot,Wealth Builder,Whitefield,+91-9294796516,customer100855@example.com,7pm-9pm,0.82,72800.0,21900.0,0.0,3748000.0,32800.0,3046000.0,Ready now,0.35,"HOT LEAD. Rent Rs 21,900 (30% of income). Eligible Rs 37L at EMI Rs 32,800. Down payment already funded (Rs 30L available)."
CUST100972,P1 - Call today,Rent-to-EMI - Hot,Wealth Builder,Koramangala,+91-9266698043,customer100972@example.com,10am-1pm,0.82,146400.0,27500.0,31600.0,5596000.0,48900.0,4905000.0,Ready now,0.995,"HOT LEAD. Rent Rs 27,500 (19% of income). Eligible Rs 56L at EMI Rs 48,900. Down payment already funded (Rs 49L available)."
CUST102710,P1 - Call today,Rent-to-EMI - Hot,Wealth Builder,Indiranagar,+91-9657273254,customer102710@example.com,1pm-4pm,0.82,54000.0,10400.0,0.0,3089000.0,27000.0,4225000.0,Ready now,0.745,"HOT LEAD. Rent Rs 10,400 (19% of income). Eligible Rs 31L at EMI Rs 27,000. Down payment already funded (Rs 42L available)."
CUST102719,P1 - Call today,Rent-to-EMI - Hot,Lifestyle Spender,MG Road,+91-9280679204,customer102719@example.com,4pm-7pm,0.82,31200.0,7700.0,2900.0,1274000.0,11100.0,701000.0,Ready now,0.194,"HOT LEAD. Rent Rs 7,700 (25% of income). Eligible Rs 13L at EMI Rs 11,100. Down payment already funded (Rs 7L available)."
CUST103337,P1 - Call today,Home Loan - Ready,Steady Saver,MG Road,+91-9033290577,customer103337@example.com,1pm-4pm,0.82,119000.0,0.0,9900.0,5674000.0,49600.0,4281000.0,Ready now,0.882,"READY LEAD (no rent outflow - may be living with family). Eligible Rs 57L at EMI Rs 49,600. Down payment funded (Rs 43L). Segment: Steady Saver."
CUST106532,P1 - Call today,Home Loan - Ready,Steady Saver,Jayanagar,+91-9386326025,customer106532@example.com,1pm-4pm,0.82,72800.0,0.0,0.0,4164000.0,36400.0,4358000.0,Ready now,0.538,"READY LEAD (no rent outflow - may be living with family). Eligible Rs 42L at EMI Rs 36,400. Down payment funded (Rs 44L). Segment: Steady Saver."
CUST106748,P1 - Call today,Rent-to-EMI - Hot,Steady Saver,Jayanagar,+91-9826968840,customer106748@example.com,7pm-9pm,0.82,54700.0,10000.0,0.0,2816000.0,24600.0,3230000.0,Ready now,0.55,"HOT LEAD. Rent Rs 10,000 (18% of income). Eligible Rs 28L at EMI Rs 24,600. Down payment already funded (Rs 32L available)."
CUST101096,P1 - Call today,Home Loan - Ready,Steady Saver,Electronic City,+91-9801075859,customer101096@example.com,1pm-4pm,0.819,68800.0,0.0,0.0,3542000.0,31000.0,1227000.0,Ready now,0.93,"READY LEAD (no rent outflow - may be living with family). Eligible Rs 35L at EMI Rs 31,000. Down payment funded (Rs 12L). Segment: Steady Saver."
CUST103911,P1 - Call today,Rent-to-EMI - Hot,Wealth Builder,MG Road,+91-9315995170,customer103911@example.com,1pm-4pm,0.819,34700.0,11000.0,0.0,1786000.0,15600.0,1444000.0,Ready now,0.994,"HOT LEAD. Rent Rs 11,000 (32% of income). Eligible Rs 18L at EMI Rs 15,600. Down payment already funded (Rs 14L available)."
CUST104260,P1 - Call today,Rent-to-EMI - Hot,Wealth Builder,Jayanagar,+91-9581155490,customer104260@example.com,7pm-9pm,0.819,109500.0,42600.0,23200.0,3609000.0,31600.0,4888000.0,Ready now,0.656,"HOT LEAD. Rent Rs 42,600 (39% of income). Eligible Rs 36L at EMI Rs 31,600. Down payment already funded (Rs 49L available)."
CUST105172,P1 - Call today,Rent-to-EMI - Hot,Wealth Builder,MG Road,+91-9515150436,customer105172@example.com,1pm-4pm,0.819,63200.0,22100.0,6900.0,2464000.0,21500.0,1113000.0,Ready now,1.0,"HOT LEAD. Rent Rs 22,100 (35% of income). Eligible Rs 25L at EMI Rs 21,500. Down payment already funded (Rs 11L available)."
CUST105461,P1 - Call today,Rent-to-EMI - Hot,Wealth Builder,Electronic City,+91-9771194328,customer105461@example.com,7pm-9pm,0.819,37200.0,10000.0,3600.0,1503000.0,13100.0,1292000.0,Ready now,0.698,"HOT LEAD. Rent Rs 10,000 (27% of income). Eligible Rs 15L at EMI Rs 13,100. Down payment already funded (Rs 13L available)."
CUST105724,P1 - Call today,Rent-to-EMI - Hot,Wealth Builder,Jayanagar,+91-9705092732,customer105724@example.com,1pm-4pm,0.819,53800.0,16200.0,11700.0,1431000.0,12500.0,1984000.0,Ready now,0.89,"HOT LEAD. Rent Rs 16,200 (30% of income). Eligible Rs 14L at EMI Rs 12,500. Down payment already funded (Rs 20L available)."
CUST106441,P1 - Call today,Rent-to-EMI - Hot,Wealth Builder,Electronic City,+91-9554182287,customer106441@example.com,1pm-4pm,0.819,57800.0,14800.0,5000.0,2403000.0,21000.0,2944000.0,Ready now,0.541,"HOT LEAD. Rent Rs 14,800 (26% of income). Eligible Rs 24L at EMI Rs 21,000. Down payment already funded (Rs 29L available)."
CUST106651,P1 - Call today,Rent-to-EMI - Hot,Wealth Builder,Jayanagar,+91-9985231810,customer106651@example.com,10am-1pm,0.819,159800.0,55800.0,0.0,10054000.0,87900.0,7125000.0,Ready now,0.517,"HOT LEAD. Rent Rs 55,800 (35% of income). Eligible Rs 101L at EMI Rs 87,900. Down payment already funded (Rs 71L available)."
CUST101462,P1 - Call today,Home Loan - Ready,Steady Saver,MG Road,+91-9297201376,customer101462@example.com,4pm-7pm,0.818,121200.0,0.0,26000.0,3958000.0,34600.0,3870000.0,Ready now,1.0,"READY LEAD (no rent outflow - may be living with family). Eligible Rs 40L at EMI Rs 34,600. Down payment funded (Rs 39L). Segment: Steady Saver."
CUST101974,P1 - Call today,Home Loan - Ready,Steady Saver,MG Road,+91-9535559788,customer101974@example.com,7pm-9pm,0.818,52300.0,0.0,4700.0,2454000.0,21400.0,1489000.0,Ready now,1.0,"READY LEAD (no rent outflow - may be living with family). Eligible Rs 25L at EMI Rs 21,400. Down payment funded (Rs 15L). Segment: Steady Saver."
CUST105149,P1 - Call today,Rent-to-EMI - Hot,Wealth Builder,Electronic City,+91-9605898229,customer105149@example.com,1pm-4pm,0.818,36400.0,11600.0,1600.0,1899000.0,16600.0,1960000.0,Ready now,0.732,"HOT LEAD. Rent Rs 11,600 (32% of income). Eligible Rs 19L at EMI Rs 16,600. Down payment already funded (Rs 20L available)."
CUST106018,P1 - Call today,Rent-to-EMI - Hot,Wealth Builder,Whitefield,+91-9036810015,customer106018@example.com,7pm-9pm,0.818,66100.0,26200.0,5800.0,3117000.0,27200.0,1550000.0,Ready now,1.0,"HOT LEAD. Rent Rs 26,200 (40% of income). Eligible Rs 31L at EMI Rs 27,200. Down payment already funded (Rs 16L available)."
CUST107795,P1 - Call today,Home Loan - Ready,Steady Saver,Jayanagar,+91-9206637748,customer107795@example.com,4pm-7pm,0.818,59900.0,0.0,4400.0,2580000.0,22600.0,2475000.0,Ready now,0.463,"READY LEAD (no rent outflow - may be living with family). Eligible Rs 26L at EMI Rs 22,600. Down payment funded (Rs 25L). Segment: Steady Saver."
CUST101315,P1 - Call today,Rent-to-EMI - Hot,Wealth Builder,MG Road,+91-9172331083,customer101315@example.com,10am-1pm,0.817,138300.0,21100.0,10300.0,6732000.0,58800.0,5342000.0,Ready now,0.396,"HOT LEAD. Rent Rs 21,100 (15% of income). Eligible Rs 67L at EMI Rs 58,800. Down payment already funded (Rs 53L available)."
CUST101538,P1 - Call today,Rent-to-EMI - Hot,Wealth Builder,MG Road,+91-9195791265,customer101538@example.com,4pm-7pm,0.817,79200.0,23100.0,16400.0,2201000.0,19200.0,2826000.0,Ready now,0.659,"HOT LEAD. Rent Rs 23,100 (29% of income). Eligible Rs 22L at EMI Rs 19,200. Down payment already funded (Rs 28L available)."
CUST101705,P1 - Call today,Rent-to-EMI - Hot,Lifestyle Spender,Indiranagar,+91-9348691026,customer101705@example.com,1pm-4pm,0.817,45700.0,18300.0,8400.0,1653000.0,14400.0,420000.0,Ready now,0.998,"HOT LEAD. Rent Rs 18,300 (40% of income). Eligible Rs 17L at EMI Rs 14,400. Down payment already funded (Rs 4L available)."
CUST102406,P1 - Call today,Home Loan - Ready,Steady Saver,MG Road,+91-9509164595,customer102406@example.com,4pm-7pm,0.817,55900.0,0.0,0.0,2878000.0,25200.0,1583000.0,Ready now,0.997,"READY LEAD (no rent outflow - may be living with family). Eligible Rs 29L at EMI Rs 25,200. Down payment funded (Rs 16L). Segment: Steady Saver."
CUST102447,P1 - Call today,Rent-to-EMI - Hot,Wealth Builder,MG Road,+91-9471511058,customer102447@example.com,10am-1pm,0.817,84600.0,26400.0,0.0,4839000.0,42300.0,2851000.0,Ready now,0.375,"HOT LEAD. Rent Rs 26,400 (31% of income). Eligible Rs 48L at EMI Rs 42,300. Down payment already funded (Rs 29L available)."
CUST103719,P1 - Call today,Balance Transfer,Wealth Builder,Indiranagar,+91-9474978133,customer103719@example.com,7pm-9pm,0.817,151800.0,54400.0,16200.0,7698000.0,67300.0,1139000.0,Not on track,0.992,"BT pitch: currently 9.3%, outstanding Rs 56L. Monthly saving Rs 2,503. Carry the rate sheet."
CUST104614,P1 - Call today,Rent-to-EMI - Hot,Wealth Builder,MG Road,+91-9203192082,customer104614@example.com,10am-1pm,0.817,61700.0,22400.0,10100.0,2021000.0,17700.0,5025000.0,Ready now,0.565,"HOT LEAD. Rent Rs 22,400 (36% of income). Eligible Rs 20L at EMI Rs 17,700. Down payment already funded (Rs 50L available)."
CUST104855,P1 - Call today,Rent-to-EMI - Hot,Wealth Builder,Jayanagar,+91-9717895929,customer104855@example.com,10am-1pm,0.817,62200.0,25500.0,4600.0,2106000.0,18400.0,2376000.0,Ready now,1.0,"HOT LEAD. Rent Rs 25,500 (41% of income). Eligible Rs 21L at EMI Rs 18,400. Down payment already funded (Rs 24L available)."
CUST107998,P1 - Call today,Rent-to-EMI - Hot,Wealth Builder,Jayanagar,+91-9291052085,customer107998@example.com,7pm-9pm,0.817,91800.0,25100.0,0.0,4726000.0,41300.0,1523000.0,Ready now,0.996,"HOT LEAD. Rent Rs 25,100 (27% of income). Eligible Rs 47L at EMI Rs 41,300. Down payment already funded (Rs 15L available)."
CUST104256,P1 - Call today,Rent-to-EMI - Hot,Wealth Builder,Indiranagar,+91-9940789687,customer104256@example.com,10am-1pm,0.816,70800.0,17500.0,3600.0,3233000.0,28300.0,2294000.0,Ready now,0.543,"HOT LEAD. Rent Rs 17,500 (25% of income). Eligible Rs 32L at EMI Rs 28,300. Down payment already funded (Rs 23L available)."
CUST105458,P1 - Call today,Rent-to-EMI - Hot,Steady Saver,Koramangala,+91-9019351508,customer105458@example.com,7pm-9pm,0.816,25000.0,3600.0,3000.0,944000.0,8200.0,683000.0,Ready now,0.996,"HOT LEAD. Rent Rs 3,600 (14% of income). Eligible Rs 9L at EMI Rs 8,200. Down payment already funded (Rs 7L available)."
CUST106163,P1 - Call today,Rent-to-EMI - Hot,Wealth Builder,Jayanagar,+91-9049358301,customer106163@example.com,7pm-9pm,0.816,44600.0,12200.0,0.0,2296000.0,20100.0,1203000.0,Ready now,1.0,"HOT LEAD. Rent Rs 12,200 (27% of income). Eligible Rs 23L at EMI Rs 20,100. Down payment already funded (Rs 12L available)."
CUST107736,P1 - Call today,Rent-to-EMI - Hot,Wealth Builder,Whitefield,+91-9123422365,customer107736@example.com,10am-1pm,0.816,75200.0,24400.0,15400.0,2109000.0,18400.0,2945000.0,Ready now,0.381,"HOT LEAD. Rent Rs 24,400 (32% of income). Eligible Rs 21L at EMI Rs 18,400. Down payment already funded (Rs 29L available)."
CUST102213,P1 - Call today,Rent-to-EMI - Hot,Lifestyle Spender,Whitefield,+91-9738350760,customer102213@example.com,1pm-4pm,0.815,43800.0,10400.0,2200.0,2003000.0,17500.0,791000.0,Ready now,0.039,"HOT LEAD. Rent Rs 10,400 (24% of income). Eligible Rs 20L at EMI Rs 17,500. Down payment already funded (Rs 8L available)."
CUST102633,P1 - Call today,Rent-to-EMI - Hot,Wealth Builder,Electronic City,+91-9352707412,customer102633@example.com,7pm-9pm,0.815,57100.0,14800.0,7900.0,2036000.0,17800.0,3422000.0,Ready now,0.551,"HOT LEAD. Rent Rs 14,800 (26% of income). Eligible Rs 20L at EMI Rs 17,800. Down payment already funded (Rs 34L available)."
CUST103099,P1 - Call today,Home Loan - Ready,Steady Saver,Whitefield,+91-9263855610,customer103099@example.com,10am-1pm,0.815,40800.0,0.0,0.0,2334000.0,20400.0,982000.0,Ready now,1.0,"READY LEAD (no rent outflow - may be living with family). Eligible Rs 23L at EMI Rs 20,400. Down payment funded (Rs 10L). Segment: Steady Saver."
CUST107051,P1 - Call today,Rent-to-EMI - Hot,Steady Saver,Whitefield,+91-9760665579,customer107051@example.com,1pm-4pm,0.815,63800.0,7900.0,0.0,3284000.0,28700.0,2094000.0,Ready now,0.544,"HOT LEAD. Rent Rs 7,900 (12% of income). Eligible Rs 33L at EMI Rs 28,700. Down payment already funded (Rs 21L available)."
CUST100118,P1 - Call today,Rent-to-EMI - Hot,Wealth Builder,MG Road,+91-9150398198,customer100118@example.com,4pm-7pm,0.814,96000.0,20900.0,5800.0,4827000.0,42200.0,3312000.0,Ready now,0.34,"HOT LEAD. Rent Rs 20,900 (22% of income). Eligible Rs 48L at EMI Rs 42,200. Down payment already funded (Rs 33L available)."
CUST100696,P1 - Call today,Home Loan - Ready,Steady Saver,MG Road,+91-9557805913,customer100696@example.com,1pm-4pm,0.814,38100.0,0.0,2700.0,1870000.0,16400.0,1396000.0,Ready now,0.745,"READY LEAD (no rent outflow - may be living with family). Eligible Rs 19L at EMI Rs 16,400. Down payment funded (Rs 14L). Segment: Steady Saver."
CUST101819,P1 - Call today,Rent-to-EMI - Hot,Wealth Builder,Electronic City,+91-9676447934,customer101819@example.com,10am-1pm,0.814,29600.0,8600.0,0.0,1524000.0,13300.0,974000.0,Ready now,0.282,"HOT LEAD. Rent Rs 8,600 (29% of income). Eligible Rs 15L at EMI Rs 13,300. Down payment already funded (Rs 10L available)."
CUST102037,P1 - Call today,Rent-to-EMI - Hot,Wealth Builder,Electronic City,+91-9288036893,customer102037@example.com,1pm-4pm,0.814,59800.0,18700.0,2800.0,2758000.0,24100.0,1826000.0,Ready now,0.309,"HOT LEAD. Rent Rs 18,700 (31% of income). Eligible Rs 28L at EMI Rs 24,100. Down payment already funded (Rs 18L available)."
CUST103667,P1 - Call today,Rent-to-EMI - Hot,Wealth Builder,MG Road,+91-9117356272,customer103667@example.com,7pm-9pm,0.814,72200.0,20700.0,0.0,4130000.0,36100.0,3417000.0,Ready now,0.389,"HOT LEAD. Rent Rs 20,700 (29% of income). Eligible Rs 41L at EMI Rs 36,100. Down payment already funded (Rs 34L available)."
CUST105532,P1 - Call today,Rent-to-EMI - Hot,Wealth Builder,Indiranagar,+91-9031785896,customer105532@example.com,4pm-7pm,0.814,98900.0,28400.0,0.0,5657000.0,49400.0,3860000.0,Ready now,0.997,"HOT LEAD. Rent Rs 28,400 (29% of income). Eligible Rs 57L at EMI Rs 49,400. Down payment already funded (Rs 39L available)."
CUST106713,P1 - Call today,Rent-to-EMI - Hot,Wealth Builder,Electronic City,+91-9125584083,customer106713@example.com,7pm-9pm,0.814,32900.0,13600.0,3000.0,1350000.0,11800.0,1040000.0,Ready now,0.393,"HOT LEAD. Rent Rs 13,600 (41% of income). Eligible Rs 14L at EMI Rs 11,800. Down payment already funded (Rs 10L available)."
CUST107036,P1 - Call today,Rent-to-EMI - Hot,Steady Saver,Koramangala,+91-9121444516,customer107036@example.com,10am-1pm,0.814,39200.0,4700.0,0.0,2018000.0,17600.0,1368000.0,Ready now,0.983,"HOT LEAD. Rent Rs 4,700 (12% of income). Eligible Rs 20L at EMI Rs 17,600. Down payment already funded (Rs 14L available)."
CUST100843,P1 - Call today,Rent-to-EMI - Hot,Wealth Builder,MG Road,+91-9907382930,customer100843@example.com,10am-1pm,0.813,53100.0,18900.0,0.0,2733000.0,23900.0,1481000.0,Ready now,1.0,"HOT LEAD. Rent Rs 18,900 (36% of income). Eligible Rs 27L at EMI Rs 23,900. Down payment already funded (Rs 15L available)."
CUST101856,P1 - Call today,Rent-to-EMI - Hot,Wealth Builder,Jayanagar,+91-9681968110,customer101856@example.com,1pm-4pm,0.813,65200.0,16700.0,6300.0,3009000.0,26300.0,2322000.0,Ready now,0.998,"HOT LEAD. Rent Rs 16,700 (26% of income). Eligible Rs 30L at EMI Rs 26,300. Down payment already funded (Rs 23L available)."
CUST103079,P1 - Call today,Rent-to-EMI - Hot,Wealth Builder,Koramangala,+91-9170760998,customer103079@example.com,10am-1pm,0.813,52800.0,14100.0,2700.0,2409000.0,21100.0,2275000.0,Ready now,0.4,"HOT LEAD. Rent Rs 14,100 (27% of income). Eligible Rs 24L at EMI Rs 21,100. Down payment already funded (Rs 23L available)."
CUST103920,P1 - Call today,Rent-to-EMI - Hot,Wealth Builder,Whitefield,+91-9290186261,customer103920@example.com,1pm-4pm,0.813,45000.0,15000.0,0.0,2317000.0,20200.0,2068000.0,Ready now,0.515,"HOT LEAD. Rent Rs 15,000 (33% of income). Eligible Rs 23L at EMI Rs 20,200. Down payment already funded (Rs 21L available)."
CUST104049,P1 - Call today,Rent-to-EMI - Hot,Wealth Builder,Indiranagar,+91-9905274515,customer104049@example.com,4pm-7pm,0.813,279000.0,88700.0,14200.0,14334000.0,125300.0,16633000.0,Ready now,0.995,"HOT LEAD. Rent Rs 88,700 (32% of income). Eligible Rs 143L at EMI Rs 125,300. Down payment already funded (Rs 166L available)."
CUST104710,P1 - Call today,Rent-to-EMI - Hot,Wealth Builder,MG Road,+91-9111575724,customer104710@example.com,1pm-4pm,0.813,63000.0,9800.0,13800.0,2025000.0,17700.0,1319000.0,Ready now,0.997,"HOT LEAD. Rent Rs 9,800 (16% of income). Eligible Rs 20L at EMI Rs 17,700. Down payment already funded (Rs 13L available)."
CUST105151,P1 - Call today,Rent-to-EMI - Hot,Wealth Builder,Electronic City,+91-9828422529,customer105151@example.com,10am-1pm,0.813,83500.0,17800.0,0.0,4298000.0,37600.0,2738000.0,Ready now,0.459,"HOT LEAD. Rent Rs 17,800 (21% of income). Eligible Rs 43L at EMI Rs 37,600. Down payment already funded (Rs 27L available)."
CUST105650,P1 - Call today,Rent-to-EMI - Hot,Wealth Builder,Electronic City,+91-9746211311,customer105650@example.com,4pm-7pm,0.813,26800.0,6400.0,0.0,1380000.0,12100.0,593000.0,Ready now,1.0,"HOT LEAD. Rent Rs 6,400 (24% of income). Eligible Rs 14L at EMI Rs 12,100. Down payment already funded (Rs 6L available)."
CUST105835,P1 - Call today,Rent-to-EMI - Hot,Wealth Builder,Whitefield,+91-9943871372,customer105835@example.com,7pm-9pm,0.813,25800.0,6700.0,2200.0,1076000.0,9400.0,921000.0,Ready now,0.796,"HOT LEAD. Rent Rs 6,700 (26% of income). Eligible Rs 11L at EMI Rs 9,400. Down payment already funded (Rs 9L available)."
CUST106932,P1 - Call today,Home Loan - Ready,Steady Saver,Indiranagar,+91-9848200781,customer106932@example.com,10am-1pm,0.813,30200.0,0.0,0.0,1555000.0,13600.0,1528000.0,Ready now,0.693,"READY LEAD (no rent outflow - may be living with family). Eligible Rs 16L at EMI Rs 13,600. Down payment funded (Rs 15L). Segment: Steady Saver."
CUST100515,P1 - Call today,Rent-to-EMI - Hot,Wealth Builder,MG Road,+91-9888362120,customer100515@example.com,4pm-7pm,0.812,72200.0,22000.0,0.0,3056000.0,26700.0,4331000.0,Ready now,0.999,"HOT LEAD. Rent Rs 22,000 (30% of income). Eligible Rs 31L at EMI Rs 26,700. Down payment already funded (Rs 43L available)."
CUST100943,P1 - Call today,Rent-to-EMI - Hot,Wealth Builder,Whitefield,+91-9524840486,customer100943@example.com,10am-1pm,0.812,68300.0,19100.0,5200.0,2921000.0,25500.0,2130000.0,Ready now,1.0,"HOT LEAD. Rent Rs 19,100 (28% of income). Eligible Rs 29L at EMI Rs 25,500. Down payment already funded (Rs 21L available)."
CUST101452,P1 - Call today,Rent-to-EMI - Hot,Wealth Builder,MG Road,+91-9660295091,customer101452@example.com,4pm-7pm,0.812,55900.0,21200.0,3800.0,2443000.0,21400.0,926000.0,Ready now,0.17,"HOT LEAD. Rent Rs 21,200 (38% of income). Eligible Rs 24L at EMI Rs 21,400. Down payment already funded (Rs 9L available)."
CUST103031,P1 - Call today,Balance Transfer,Wealth Builder,Koramangala,+91-9715640876,customer103031@example.com,1pm-4pm,0.812,34800.0,13800.0,2600.0,1693000.0,14800.0,1240000.0,Ready now,0.467,"BT pitch: currently 10.84%, outstanding Rs 14L. Monthly saving Rs 2,115. Carry the rate sheet."
CUST103385,P1 - Call today,Home Loan - Ready,Steady Saver,Koramangala,+91-9452630694,customer103385@example.com,10am-1pm,0.812,53300.0,0.0,5200.0,2149000.0,18800.0,1241000.0,Ready now,1.0,"READY LEAD (no rent outflow - may be living with family). Eligible Rs 21L at EMI Rs 18,800. Down payment funded (Rs 12L). Segment: Steady Saver."
CUST103398,P1 - Call today,Rent-to-EMI - Hot,Steady Saver,Electronic City,+91-9706448429,customer103398@example.com,1pm-4pm,0.812,104500.0,20500.0,13200.0,4467000.0,39000.0,3660000.0,Ready now,1.0,"HOT LEAD. Rent Rs 20,500 (20% of income). Eligible Rs 45L at EMI Rs 39,000. Down payment already funded (Rs 37L available)."
CUST103433,P1 - Call today,Home Loan - Ready,Steady Saver,MG Road,+91-9015989619,customer103433@example.com,7pm-9pm,0.812,55400.0,0.0,4500.0,2337000.0,20400.0,1497000.0,Ready now,0.409,"READY LEAD (no rent outflow - may be living with family). Eligible Rs 23L at EMI Rs 20,400. Down payment funded (Rs 15L). Segment: Steady Saver."
CUST104312,P1 - Call today,Rent-to-EMI - Hot,Lifestyle Spender,Whitefield,+91-9934570134,customer104312@example.com,1pm-4pm,0.812,72700.0,21100.0,0.0,4158000.0,36400.0,2189000.0,Ready now,0.188,"HOT LEAD. Rent Rs 21,100 (29% of income). Eligible Rs 42L at EMI Rs 36,400. Down payment already funded (Rs 22L available)."
CUST106416,P1 - Call today,Rent-to-EMI - Hot,Wealth Builder,Jayanagar,+91-9367106053,customer106416@example.com,1pm-4pm,0.812,50700.0,12900.0,5400.0,1992000.0,17400.0,1814000.0,Ready now,0.323,"HOT LEAD. Rent Rs 12,900 (25% of income). Eligible Rs 20L at EMI Rs 17,400. Down payment already funded (Rs 18L available)."
CUST101160,P1 - Call today,Rent-to-EMI - Hot,Steady Saver,Jayanagar,+91-9843278190,customer101160@example.com,4pm-7pm,0.811,162900.0,22100.0,14700.0,6145000.0,53700.0,9803000.0,Ready now,0.631,"HOT LEAD. Rent Rs 22,100 (14% of income). Eligible Rs 61L at EMI Rs 53,700. Down payment already funded (Rs 98L available)."
CUST101503,P1 - Call today,Balance Transfer,Wealth Builder,Indiranagar,+91-9164370009,customer101503@example.com,10am-1pm,0.811,62700.0,26200.0,2600.0,2356000.0,20600.0,2196000.0,Ready now,0.422,"BT pitch: currently 10.1%, outstanding Rs 36L. Monthly saving Rs 3,533. Carry the rate sheet."
CUST102711,P1 - Call today,Rent-to-EMI - Hot,Wealth Builder,Koramangala,+91-9439276446,customer102711@example.com,7pm-9pm,0.811,33400.0,8900.0,0.0,1719000.0,15000.0,1640000.0,Ready now,0.761,"HOT LEAD. Rent Rs 8,900 (27% of income). Eligible Rs 17L at EMI Rs 15,000. Down payment already funded (Rs 16L available)."
CUST106217,P1 - Call today,Rent-to-EMI - Hot,Wealth Builder,Electronic City,+91-9232930445,customer106217@example.com,7pm-9pm,0.811,70400.0,14800.0,0.0,2980000.0,26000.0,3411000.0,Ready now,0.494,"HOT LEAD. Rent Rs 14,800 (21% of income). Eligible Rs 30L at EMI Rs 26,000. Down payment already funded (Rs 34L available)."
CUST107606,P1 - Call today,Rent-to-EMI - Hot,Wealth Builder,Indiranagar,+91-9172031590,customer107606@example.com,4pm-7pm,0.811,71100.0,14600.0,4700.0,3122000.0,27300.0,1852000.0,Ready now,1.0,"HOT LEAD. Rent Rs 14,600 (20% of income). Eligible Rs 31L at EMI Rs 27,300. Down payment already funded (Rs 19L available)."
CUST100480,P1 - Call today,Home Loan - Ready,Steady Saver,Indiranagar,+91-9367198643,customer100480@example.com,7pm-9pm,0.81,141800.0,0.0,0.0,8922000.0,78000.0,3628000.0,Ready now,0.503,"READY LEAD (no rent outflow - may be living with family). Eligible Rs 89L at EMI Rs 78,000. Down payment funded (Rs 36L). Segment: Steady Saver."
CUST101134,P1 - Call today,Rent-to-EMI - Hot,Steady Saver,Electronic City,+91-9995394329,customer101134@example.com,4pm-7pm,0.81,85400.0,13500.0,3900.0,3950000.0,34500.0,4208000.0,Ready now,0.591,"HOT LEAD. Rent Rs 13,500 (16% of income). Eligible Rs 40L at EMI Rs 34,500. Down payment already funded (Rs 42L available)."
CUST103905,P1 - Call today,Rent-to-EMI - Hot,Wealth Builder,Electronic City,+91-9520396422,customer103905@example.com,1pm-4pm,0.81,48500.0,17100.0,12000.0,1124000.0,9800.0,1954000.0,Ready now,1.0,"HOT LEAD. Rent Rs 17,100 (35% of income). Eligible Rs 11L at EMI Rs 9,800. Down payment already funded (Rs 20L available)."
CUST105158,P1 - Call today,Home Loan - Ready,Steady Saver,MG Road,+91-9641989435,customer105158@example.com,4pm-7pm,0.81,274200.0,0.0,32800.0,11931000.0,104300.0,9086000.0,Ready now,0.976,"READY LEAD (no rent outflow - may be living with family). Eligible Rs 119L at EMI Rs 104,300. Down payment funded (Rs 91L). Segment: Steady Saver."
CUST106378,P1 - Call today,Rent-to-EMI - Hot,Wealth Builder,Jayanagar,+91-9230093875,customer106378@example.com,10am-1pm,0.81,45400.0,18500.0,0.0,2337000.0,20400.0,1418000.0,Ready now,0.989,"HOT LEAD. Rent Rs 18,500 (41% of income). Eligible Rs 23L at EMI Rs 20,400. Down payment already funded (Rs 14L available)."
CUST106885,P1 - Call today,Home Loan - Ready,Steady Saver,Jayanagar,+91-9243133777,customer106885@example.com,7pm-9pm,0.81,47100.0,0.0,0.0,2694000.0,23600.0,1731000.0,Ready now,1.0,"READY LEAD (no rent outflow - may be living with family). Eligible Rs 27L at EMI Rs 23,600. Down payment funded (Rs 17L). Segment: Steady Saver."
CUST107723,P1 - Call today,Rent-to-EMI - Hot,Steady Saver,Koramangala,+91-9306044798,customer107723@example.com,7pm-9pm,0.81,69000.0,13300.0,0.0,3552000.0,31000.0,1618000.0,Ready now,1.0,"HOT LEAD. Rent Rs 13,300 (19% of income). Eligible Rs 36L at EMI Rs 31,000. Down payment already funded (Rs 16L available)."
CUST100356,P1 - Call today,Rent-to-EMI - Hot,Wealth Builder,Koramangala,+91-9434005487,customer100356@example.com,10am-1pm,0.809,71400.0,20400.0,0.0,3676000.0,32100.0,3191000.0,Ready now,0.525,"HOT LEAD. Rent Rs 20,400 (29% of income). Eligible Rs 37L at EMI Rs 32,100. Down payment already funded (Rs 32L available)."
CUST100704,P1 - Call today,Rent-to-EMI - Hot,Lifestyle Spender,Indiranagar,+91-9547888703,customer100704@example.com,4pm-7pm,0.809,31000.0,5000.0,5600.0,1133000.0,9900.0,464000.0,Ready now,0.131,"HOT LEAD. Rent Rs 5,000 (16% of income). Eligible Rs 11L at EMI Rs 9,900. Down payment already funded (Rs 5L available)."
CUST100748,P1 - Call today,Rent-to-EMI - Hot,Wealth Builder,Indiranagar,+91-9895076741,customer100748@example.com,4pm-7pm,0.809,72100.0,23100.0,0.0,3052000.0,26700.0,4141000.0,Ready now,0.632,"HOT LEAD. Rent Rs 23,100 (32% of income). Eligible Rs 31L at EMI Rs 26,700. Down payment already funded (Rs 41L available)."
CUST102179,P1 - Call today,Rent-to-EMI - Hot,Wealth Builder,Jayanagar,+91-9611184954,customer102179@example.com,1pm-4pm,0.809,65800.0,15200.0,6200.0,2678000.0,23400.0,3708000.0,Ready now,0.517,"HOT LEAD. Rent Rs 15,200 (23% of income). Eligible Rs 27L at EMI Rs 23,400. Down payment already funded (Rs 37L available)."
CUST103639,P1 - Call today,Home Loan - Ready,Steady Saver,Indiranagar,+91-9123978377,customer103639@example.com,7pm-9pm,0.809,82400.0,0.0,7200.0,3889000.0,34000.0,4476000.0,Ready now,0.841,"READY LEAD (no rent outflow - may be living with family). Eligible Rs 39L at EMI Rs 34,000. Down payment funded (Rs 45L). Segment: Steady Saver."
CUST104303,P1 - Call today,Home Loan - Ready,Steady Saver,Electronic City,+91-9404469069,customer104303@example.com,1pm-4pm,0.809,28700.0,0.0,3000.0,1298000.0,11400.0,649000.0,Ready now,0.772,"READY LEAD (no rent outflow - may be living with family). Eligible Rs 13L at EMI Rs 11,400. Down payment funded (Rs 6L). Segment: Steady Saver."
CUST105302,P1 - Call today,Rent-to-EMI - Hot,Wealth Builder,Jayanagar,+91-9050803174,customer105302@example.com,7pm-9pm,0.809,75200.0,20400.0,11000.0,3043000.0,26600.0,2987000.0,Ready now,0.406,"HOT LEAD. Rent Rs 20,400 (27% of income). Eligible Rs 30L at EMI Rs 26,600. Down payment already funded (Rs 30L available)."
CUST102722,P1 - Call today,Rent-to-EMI - Hot,Wealth Builder,Koramangala,+91-9595444176,customer102722@example.com,7pm-9pm,0.808,55600.0,17600.0,14500.0,1521000.0,13300.0,1304000.0,Ready now,0.356,"HOT LEAD. Rent Rs 17,600 (32% of income). Eligible Rs 15L at EMI Rs 13,300. Down payment already funded (Rs 13L available)."
CUST102930,P1 - Call today,Rent-to-EMI - Hot,Wealth Builder,Electronic City,+91-9366106045,customer102930@example.com,1pm-4pm,0.808,59100.0,21100.0,3200.0,2135000.0,18700.0,1995000.0,Ready now,0.925,"HOT LEAD. Rent Rs 21,100 (36% of income). Eligible Rs 21L at EMI Rs 18,700. Down payment already funded (Rs 20L available)."
CUST106799,P1 - Call today,Home Loan - Ready,Steady Saver,Electronic City,+91-9237668408,customer106799@example.com,4pm-7pm,0.808,68600.0,0.0,10400.0,2342000.0,20500.0,2311000.0,Ready now,0.998,"READY LEAD (no rent outflow - may be living with family). Eligible Rs 23L at EMI Rs 20,500. Down payment funded (Rs 23L). Segment: Steady Saver."
CUST103637,P1 - Call today,Rent-to-EMI - Hot,Lifestyle Spender,Jayanagar,+91-9222917770,customer103637@example.com,4pm-7pm,0.807,92700.0,22900.0,9400.0,4227000.0,37000.0,1850000.0,Ready now,0.028,"HOT LEAD. Rent Rs 22,900 (25% of income). Eligible Rs 42L at EMI Rs 37,000. Down payment already funded (Rs 18L available)."
CUST104424,P1 - Call today,Rent-to-EMI - Hot,Lifestyle Spender,Whitefield,+91-9224803519,customer104424@example.com,10am-1pm,0.807,115100.0,46800.0,9300.0,6178000.0,54000.0,2260000.0,Ready now,0.086,"HOT LEAD. Rent Rs 46,800 (41% of income). Eligible Rs 62L at EMI Rs 54,000. Down payment already funded (Rs 23L available)."
CUST100109,P1 - Call today,Home Loan - Ready,Steady Saver,Jayanagar,+91-9705347450,customer100109@example.com,4pm-7pm,0.806,81700.0,0.0,17900.0,2625000.0,23000.0,2432000.0,Ready now,0.994,"READY LEAD (no rent outflow - may be living with family). Eligible Rs 26L at EMI Rs 23,000. Down payment funded (Rs 24L). Segment: Steady Saver."
CUST100698,P1 - Call today,Rent-to-EMI - Hot,Steady Saver,Indiranagar,+91-9816530578,customer100698@example.com,7pm-9pm,0.806,36500.0,5300.0,4000.0,1421000.0,12400.0,2126000.0,Ready now,1.0,"HOT LEAD. Rent Rs 5,300 (14% of income). Eligible Rs 14L at EMI Rs 12,400. Down payment already funded (Rs 21L available)."
CUST100994,P1 - Call today,Rent-to-EMI - Hot,Wealth Builder,Electronic City,+91-9527887359,customer100994@example.com,1pm-4pm,0.806,25000.0,4300.0,1300.0,909000.0,8000.0,1077000.0,Ready now,0.394,"HOT LEAD. Rent Rs 4,300 (17% of income). Eligible Rs 9L at EMI Rs 8,000. Down payment already funded (Rs 11L available)."
CUST101880,P1 - Call today,Rent-to-EMI - Hot,Lifestyle Spender,Whitefield,+91-9735376777,customer101880@example.com,1pm-4pm,0.806,66900.0,13300.0,7900.0,2923000.0,25600.0,1518000.0,Ready now,0.25,"HOT LEAD. Rent Rs 13,300 (20% of income). Eligible Rs 29L at EMI Rs 25,600. Down payment already funded (Rs 15L available)."
CUST104528,P1 - Call today,Home Loan - Ready,Steady Saver,Koramangala,+91-9886049367,customer104528@example.com,4pm-7pm,0.806,95200.0,0.0,27000.0,2357000.0,20600.0,3605000.0,Ready now,0.595,"READY LEAD (no rent outflow - may be living with family). Eligible Rs 24L at EMI Rs 20,600. Down payment funded (Rs 36L). Segment: Steady Saver."
CUST105928,P1 - Call today,Home Loan - Ready,Steady Saver,Whitefield,+91-9951676116,customer105928@example.com,10am-1pm,0.806,107300.0,0.0,9000.0,5108000.0,44600.0,3996000.0,Ready now,0.367,"READY LEAD (no rent outflow - may be living with family). Eligible Rs 51L at EMI Rs 44,600. Down payment funded (Rs 40L). Segment: Steady Saver."
CUST107083,P1 - Call today,Rent-to-EMI - Hot,Wealth Builder,Koramangala,+91-9668638166,customer107083@example.com,10am-1pm,0.806,71300.0,27200.0,10900.0,2831000.0,24800.0,1929000.0,Ready now,0.192,"HOT LEAD. Rent Rs 27,200 (38% of income). Eligible Rs 28L at EMI Rs 24,800. Down payment already funded (Rs 19L available)."
CUST102761,P1 - Call today,Rent-to-EMI - Hot,Wealth Builder,Koramangala,+91-9610042462,customer102761@example.com,7pm-9pm,0.805,75900.0,29800.0,6600.0,3152000.0,27600.0,2881000.0,Ready now,0.422,"HOT LEAD. Rent Rs 29,800 (39% of income). Eligible Rs 32L at EMI Rs 27,600. Down payment already funded (Rs 29L available)."
CUST103311,P1 - Call today,Home Loan - Ready,Steady Saver,Electronic City,+91-9754758285,customer103311@example.com,7pm-9pm,0.805,80900.0,0.0,0.0,4627000.0,40400.0,2790000.0,Ready now,0.793,"READY LEAD (no rent outflow - may be living with family). Eligible Rs 46L at EMI Rs 40,400. Down payment funded (Rs 28L). Segment: Steady Saver."
CUST105801,P1 - Call today,Home Loan - Ready,Steady Saver,Whitefield,+91-9404893727,customer105801@example.com,10am-1pm,0.805,77200.0,0.0,4200.0,3494000.0,30500.0,4331000.0,Ready now,0.598,"READY LEAD (no rent outflow - may be living with family). Eligible Rs 35L at EMI Rs 30,500. Down payment funded (Rs 43L). Segment: Steady Saver."
CUST101822,P1 - Call today,Rent-to-EMI - Hot,Wealth Builder,Whitefield,+91-9418570781,customer101822@example.com,10am-1pm,0.804,81500.0,16900.0,6000.0,3975000.0,34800.0,3916000.0,Ready now,1.0,"HOT LEAD. Rent Rs 16,900 (21% of income). Eligible Rs 40L at EMI Rs 34,800. Down payment already funded (Rs 39L available)."
CUST102866,P1 - Call today,Rent-to-EMI - Hot,Wealth Builder,MG Road,+91-9593371329,customer102866@example.com,10am-1pm,0.804,188600.0,74400.0,38800.0,6349000.0,55500.0,8032000.0,Ready now,0.563,"HOT LEAD. Rent Rs 74,400 (39% of income). Eligible Rs 63L at EMI Rs 55,500. Down payment already funded (Rs 80L available)."
CUST102929,P1 - Call today,Home Loan - Ready,Steady Saver,Koramangala,+91-9769708890,customer102929@example.com,10am-1pm,0.804,25000.0,0.0,1600.0,1104000.0,9600.0,1170000.0,Ready now,0.859,"READY LEAD (no rent outflow - may be living with family). Eligible Rs 11L at EMI Rs 9,600. Down payment funded (Rs 12L). Segment: Steady Saver."
CUST103544,P1 - Call today,Home Loan - Ready,Steady Saver,Whitefield,+91-9030072940,customer103544@example.com,10am-1pm,0.804,25900.0,0.0,0.0,1333000.0,11700.0,1257000.0,Ready now,0.604,"READY LEAD (no rent outflow - may be living with family). Eligible Rs 13L at EMI Rs 11,700. Down payment funded (Rs 13L). Segment: Steady Saver."
CUST104107,P1 - Call today,Rent-to-EMI - Hot,Wealth Builder,Indiranagar,+91-9374384523,customer104107@example.com,1pm-4pm,0.804,141600.0,35800.0,0.0,8909000.0,77900.0,3883000.0,Ready now,1.0,"HOT LEAD. Rent Rs 35,800 (25% of income). Eligible Rs 89L at EMI Rs 77,900. Down payment already funded (Rs 39L available)."
CUST106712,P1 - Call today,Home Loan - Ready,Steady Saver,Jayanagar,+91-9074726536,customer106712@example.com,10am-1pm,0.804,90400.0,0.0,4100.0,4185000.0,36600.0,3426000.0,Ready now,0.995,"READY LEAD (no rent outflow - may be living with family). Eligible Rs 42L at EMI Rs 36,600. Down payment funded (Rs 34L). Segment: Steady Saver."
CUST107682,P1 - Call today,Rent-to-EMI - Hot,Steady Saver,Indiranagar,+91-9596418818,customer107682@example.com,1pm-4pm,0.804,236100.0,69700.0,0.0,14855000.0,129900.0,6258000.0,Ready now,1.0,"HOT LEAD. Rent Rs 69,700 (30% of income). Eligible Rs 149L at EMI Rs 129,900. Down payment already funded (Rs 63L available)."
CUST100685,P1 - Call today,Rent-to-EMI - Hot,Wealth Builder,Whitefield,+91-9017647029,customer100685@example.com,10am-1pm,0.803,52200.0,20900.0,0.0,2986000.0,26100.0,1328000.0,Ready now,1.0,"HOT LEAD. Rent Rs 20,900 (40% of income). Eligible Rs 30L at EMI Rs 26,100. Down payment already funded (Rs 13L available)."
CUST102185,P1 - Call today,Home Loan - Ready,Steady Saver,Whitefield,+91-9202670440,customer102185@example.com,10am-1pm,0.803,65600.0,0.0,5000.0,2805000.0,24500.0,3463000.0,Ready now,0.443,"READY LEAD (no rent outflow - may be living with family). Eligible Rs 28L at EMI Rs 24,500. Down payment funded (Rs 35L). Segment: Steady Saver."
CUST102576,P1 - Call today,Rent-to-EMI - Hot,Steady Saver,MG Road,+91-9538510347,customer102576@example.com,4pm-7pm,0.803,29500.0,4800.0,0.0,1519000.0,13300.0,1053000.0,Ready now,1.0,"HOT LEAD. Rent Rs 4,800 (16% of income). Eligible Rs 15L at EMI Rs 13,300. Down payment already funded (Rs 11L available)."
CUST103255,P1 - Call today,Home Loan - Ready,Steady Saver,Indiranagar,+91-9446930688,customer103255@example.com,4pm-7pm,0.803,66100.0,0.0,3600.0,2991000.0,26100.0,940000.0,Ready now,0.986,"READY LEAD (no rent outflow - may be living with family). Eligible Rs 30L at EMI Rs 26,100. Down payment funded (Rs 9L). Segment: Steady Saver."
CUST104607,P1 - Call today,Home Loan - Ready,Steady Saver,Jayanagar,+91-9805400863,customer104607@example.com,1pm-4pm,0.803,50500.0,0.0,3900.0,2442000.0,21400.0,2155000.0,Ready now,0.395,"READY LEAD (no rent outflow - may be living with family). Eligible Rs 24L at EMI Rs 21,400. Down payment funded (Rs 22L). Segment: Steady Saver."
CUST100575,P1 - Call today,Rent-to-EMI - Hot,Steady Saver,Electronic City,+91-9923829012,customer100575@example.com,10am-1pm,0.802,46800.0,7200.0,6300.0,1688000.0,14800.0,1447000.0,Ready now,0.729,"HOT LEAD. Rent Rs 7,200 (15% of income). Eligible Rs 17L at EMI Rs 14,800. Down payment already funded (Rs 14L available)."
CUST101961,P1 - Call today,Rent-to-EMI - Hot,Wealth Builder,Koramangala,+91-9437552052,customer101961@example.com,10am-1pm,0.802,104500.0,41600.0,12300.0,4570000.0,40000.0,4703000.0,Ready now,0.469,"HOT LEAD. Rent Rs 41,600 (40% of income). Eligible Rs 46L at EMI Rs 40,000. Down payment already funded (Rs 47L available)."
CUST103526,P1 - Call today,Rent-to-EMI - Hot,Steady Saver,Whitefield,+91-9909962171,customer103526@example.com,10am-1pm,0.802,42000.0,5700.0,8600.0,1178000.0,10300.0,1090000.0,Ready now,0.926,"HOT LEAD. Rent Rs 5,700 (14% of income). Eligible Rs 12L at EMI Rs 10,300. Down payment already funded (Rs 11L available)."
CUST104246,P1 - Call today,Rent-to-EMI - Hot,Wealth Builder,Jayanagar,+91-9700594044,customer104246@example.com,1pm-4pm,0.802,89300.0,35100.0,0.0,3780000.0,33000.0,2118000.0,Ready now,0.999,"HOT LEAD. Rent Rs 35,100 (39% of income). Eligible Rs 38L at EMI Rs 33,000. Down payment already funded (Rs 21L available)."
CUST104369,P1 - Call today,Rent-to-EMI - Hot,Wealth Builder,MG Road,+91-9087112729,customer104369@example.com,4pm-7pm,0.802,50300.0,13600.0,0.0,2589000.0,22600.0,1686000.0,Ready now,0.995,"HOT LEAD. Rent Rs 13,600 (27% of income). Eligible Rs 26L at EMI Rs 22,600. Down payment already funded (Rs 17L available)."
CUST106464,P1 - Call today,Rent-to-EMI - Hot,Lifestyle Spender,Whitefield,+91-9764169996,customer106464@example.com,4pm-7pm,0.802,172300.0,54000.0,0.0,9855000.0,86200.0,3471000.0,Ready now,0.111,"HOT LEAD. Rent Rs 54,000 (31% of income). Eligible Rs 99L at EMI Rs 86,200. Down payment already funded (Rs 35L available)."
CUST106801,P1 - Call today,Rent-to-EMI - Hot,Wealth Builder,Electronic City,+91-9580661621,customer106801@example.com,10am-1pm,0.802,48900.0,7100.0,0.0,2517000.0,22000.0,1713000.0,Ready now,1.0,"HOT LEAD. Rent Rs 7,100 (14% of income). Eligible Rs 25L at EMI Rs 22,000. Down payment already funded (Rs 17L available)."
CUST107830,P1 - Call today,Home Loan - Ready,Steady Saver,Indiranagar,+91-9871122151,customer107830@example.com,4pm-7pm,0.802,52600.0,0.0,0.0,2708000.0,23700.0,3894000.0,Ready now,0.775,"READY LEAD (no rent outflow - may be living with family). Eligible Rs 27L at EMI Rs 23,700. Down payment funded (Rs 39L). Segment: Steady Saver."
CUST102366,P1 - Call today,Rent-to-EMI - Hot,Wealth Builder,Whitefield,+91-9114178980,customer102366@example.com,10am-1pm,0.801,78100.0,14700.0,5100.0,3437000.0,30000.0,3660000.0,Ready now,0.632,"HOT LEAD. Rent Rs 14,700 (19% of income). Eligible Rs 34L at EMI Rs 30,000. Down payment already funded (Rs 37L available)."
CUST104865,P1 - Call today,Rent-to-EMI - Hot,Wealth Builder,Electronic City,+91-9718088928,customer104865@example.com,4pm-7pm,0.801,145300.0,27500.0,10300.0,7133000.0,62400.0,7634000.0,Ready now,0.999,"HOT LEAD. Rent Rs 27,500 (19% of income). Eligible Rs 71L at EMI Rs 62,400. Down payment already funded (Rs 76L available)."
CUST107179,P1 - Call today,Rent-to-EMI - Hot,Steady Saver,Indiranagar,+91-9612433669,customer107179@example.com,7pm-9pm,0.801,48700.0,7600.0,2600.0,2488000.0,21800.0,2261000.0,Ready now,0.771,"HOT LEAD. Rent Rs 7,600 (16% of income). Eligible Rs 25L at EMI Rs 21,800. Down payment already funded (Rs 23L available)."
CUST103250,P1 - Call today,Rent-to-EMI - Hot,Wealth Builder,Indiranagar,+91-9808244767,customer103250@example.com,10am-1pm,0.8,106500.0,39400.0,11400.0,4787000.0,41800.0,5035000.0,Ready now,0.628,"HOT LEAD. Rent Rs 39,400 (37% of income). Eligible Rs 48L at EMI Rs 41,800. Down payment already funded (Rs 50L available)."
CUST104042,P1 - Call today,Home Loan - Ready,Steady Saver,MG Road,+91-9338652968,customer104042@example.com,1pm-4pm,0.8,51000.0,0.0,0.0,2625000.0,23000.0,2464000.0,Ready now,0.458,"READY LEAD (no rent outflow - may be living with family). Eligible Rs 26L at EMI Rs 23,000. Down payment funded (Rs 25L). Segment: Steady Saver."
CUST105002,P1 - Call today,Balance Transfer,Steady Saver,Jayanagar,+91-9919081572,customer105002@example.com,4pm-7pm,0.8,97400.0,16800.0,0.0,5571000.0,48700.0,3637000.0,Ready now,0.842,"BT pitch: currently 10.79%, outstanding Rs 17L. Monthly saving Rs 2,500. Carry the rate sheet."
CUST106092,P1 - Call today,Rent-to-EMI - Hot,Wealth Builder,MG Road,+91-9329740905,customer106092@example.com,10am-1pm,0.8,66800.0,26100.0,0.0,3821000.0,33400.0,2087000.0,Ready now,0.321,"HOT LEAD. Rent Rs 26,100 (39% of income). Eligible Rs 38L at EMI Rs 33,400. Down payment already funded (Rs 21L available)."
CUST102280,P1 - Call today,Rent-to-EMI - Hot,Wealth Builder,Whitefield,+91-9116033101,customer102280@example.com,1pm-4pm,0.799,43000.0,15100.0,0.0,2459000.0,21500.0,1712000.0,Ready now,0.749,"HOT LEAD. Rent Rs 15,100 (35% of income). Eligible Rs 25L at EMI Rs 21,500. Down payment already funded (Rs 17L available)."
CUST103320,P1 - Call today,Rent-to-EMI - Hot,Wealth Builder,Jayanagar,+91-9509397795,customer103320@example.com,7pm-9pm,0.799,30800.0,12100.0,0.0,1586000.0,13900.0,1297000.0,Ready now,1.0,"HOT LEAD. Rent Rs 12,100 (39% of income). Eligible Rs 16L at EMI Rs 13,900. Down payment already funded (Rs 13L available)."
CUST104683,P1 - Call today,Rent-to-EMI - Hot,Lifestyle Spender,Jayanagar,+91-9046354420,customer104683@example.com,4pm-7pm,0.799,98700.0,37300.0,0.0,5081000.0,44400.0,1723000.0,Ready now,0.1,"HOT LEAD. Rent Rs 37,300 (38% of income). Eligible Rs 51L at EMI Rs 44,400. Down payment already funded (Rs 17L available)."
CUST105585,P1 - Call today,Rent-to-EMI - Hot,Wealth Builder,Whitefield,+91-9300118838,customer105585@example.com,10am-1pm,0.799,61400.0,12600.0,6000.0,2474000.0,21600.0,1374000.0,Ready now,0.77,"HOT LEAD. Rent Rs 12,600 (20% of income). Eligible Rs 25L at EMI Rs 21,600. Down payment already funded (Rs 14L available)."
CUST107829,P1 - Call today,Home Loan - Ready,Steady Saver,Jayanagar,+91-9295229600,customer107829@example.com,4pm-7pm,0.799,100200.0,0.0,0.0,5731000.0,50100.0,2159000.0,Ready now,0.994,"READY LEAD (no rent outflow - may be living with family). Eligible Rs 57L at EMI Rs 50,100. Down payment funded (Rs 22L). Segment: Steady Saver."
CUST101615,P1 - Call today,Rent-to-EMI - Hot,Wealth Builder,Electronic City,+91-9411576697,customer101615@example.com,10am-1pm,0.798,48100.0,16300.0,3100.0,2121000.0,18500.0,1634000.0,Ready now,0.762,"HOT LEAD. Rent Rs 16,300 (34% of income). Eligible Rs 21L at EMI Rs 18,500. Down payment already funded (Rs 16L available)."
CUST102567,P1 - Call today,Home Loan - Ready,Steady Saver,Jayanagar,+91-9803391803,customer102567@example.com,4pm-7pm,0.798,137900.0,0.0,14300.0,7040000.0,61500.0,2096000.0,Ready now,0.897,"READY LEAD (no rent outflow - may be living with family). Eligible Rs 70L at EMI Rs 61,500. Down payment funded (Rs 21L). Segment: Steady Saver."
CUST103409,P1 - Call today,Rent-to-EMI - Hot,Steady Saver,Koramangala,+91-9505986534,customer103409@example.com,4pm-7pm,0.798,70100.0,12900.0,0.0,3609000.0,31500.0,2418000.0,Ready now,0.839,"HOT LEAD. Rent Rs 12,900 (18% of income). Eligible Rs 36L at EMI Rs 31,500. Down payment already funded (Rs 24L available)."
CUST105409,P1 - Call today,Rent-to-EMI - Hot,Wealth Builder,Electronic City,+91-9277946794,customer105409@example.com,1pm-4pm,0.798,33400.0,10400.0,0.0,1910000.0,16700.0,1685000.0,Ready now,0.509,"HOT LEAD. Rent Rs 10,400 (31% of income). Eligible Rs 19L at EMI Rs 16,700. Down payment already funded (Rs 17L available)."
CUST107596,P1 - Call today,Rent-to-EMI - Hot,Lifestyle Spender,Whitefield,+91-9932450678,customer107596@example.com,7pm-9pm,0.798,193100.0,76600.0,19600.0,9907000.0,86600.0,3785000.0,Ready now,0.095,"HOT LEAD. Rent Rs 76,600 (40% of income). Eligible Rs 99L at EMI Rs 86,600. Down payment already funded (Rs 38L available)."
CUST101666,P1 - Call today,Rent-to-EMI - Hot,Wealth Builder,Whitefield,+91-9989215774,customer101666@example.com,4pm-7pm,0.797,27000.0,6000.0,0.0,1544000.0,13500.0,690000.0,Ready now,1.0,"HOT LEAD. Rent Rs 6,000 (22% of income). Eligible Rs 15L at EMI Rs 13,500. Down payment already funded (Rs 7L available)."
CUST106222,P1 - Call today,Home Loan - Ready,Steady Saver,MG Road,+91-9209212299,customer106222@example.com,7pm-9pm,0.797,85000.0,0.0,6600.0,4107000.0,35900.0,3969000.0,Ready now,0.668,"READY LEAD (no rent outflow - may be living with family). Eligible Rs 41L at EMI Rs 35,900. Down payment funded (Rs 40L). Segment: Steady Saver."
CUST106296,P1 - Call today,Home Loan - Ready,Steady Saver,Indiranagar,+91-9015046480,customer106296@example.com,1pm-4pm,0.797,42500.0,0.0,3400.0,2042000.0,17800.0,1047000.0,Ready now,0.542,"READY LEAD (no rent outflow - may be living with family). Eligible Rs 20L at EMI Rs 17,800. Down payment funded (Rs 10L). Segment: Steady Saver."
CUST106417,P1 - Call today,Home Loan - Ready,Steady Saver,Koramangala,+91-9935681292,customer106417@example.com,7pm-9pm,0.797,109400.0,0.0,4600.0,5731000.0,50100.0,2588000.0,Ready now,0.624,"READY LEAD (no rent outflow - may be living with family). Eligible Rs 57L at EMI Rs 50,100. Down payment funded (Rs 26L). Segment: Steady Saver."
CUST106756,P1 - Call today,Rent-to-EMI - Hot,Wealth Builder,Indiranagar,+91-9610679001,customer106756@example.com,10am-1pm,0.797,49800.0,9100.0,0.0,2564000.0,22400.0,1674000.0,Ready now,0.995,"HOT LEAD. Rent Rs 9,100 (18% of income). Eligible Rs 26L at EMI Rs 22,400. Down payment already funded (Rs 17L available)."
CUST102091,P1 - Call today,Rent-to-EMI - Hot,Lifestyle Spender,Koramangala,+91-9469251869,customer102091@example.com,7pm-9pm,0.796,39700.0,11700.0,6400.0,1539000.0,13400.0,999000.0,Ready now,0.053,"HOT LEAD. Rent Rs 11,700 (30% of income). Eligible Rs 15L at EMI Rs 13,400. Down payment already funded (Rs 10L available)."
CUST102210,P1 - Call today,Rent-to-EMI - Hot,Wealth Builder,Koramangala,+91-9219801942,customer102210@example.com,1pm-4pm,0.796,53100.0,13000.0,5800.0,2374000.0,20800.0,1527000.0,Ready now,0.997,"HOT LEAD. Rent Rs 13,000 (24% of income). Eligible Rs 24L at EMI Rs 20,800. Down payment already funded (Rs 15L available)."
CUST101474,P1 - Call today,Home Loan - Ready,Steady Saver,MG Road,+91-9719309386,customer101474@example.com,10am-1pm,0.795,69700.0,0.0,19800.0,1722000.0,15000.0,1782000.0,Ready now,0.502,"READY LEAD (no rent outflow - may be living with family). Eligible Rs 17L at EMI Rs 15,000. Down payment funded (Rs 18L). Segment: Steady Saver."
CUST104818,P1 - Call today,Rent-to-EMI - Hot,Wealth Builder,Koramangala,+91-9361714849,customer104818@example.com,4pm-7pm,0.795,43000.0,15000.0,0.0,2459000.0,21500.0,1366000.0,Ready now,1.0,"HOT LEAD. Rent Rs 15,000 (35% of income). Eligible Rs 25L at EMI Rs 21,500. Down payment already funded (Rs 14L available)."
CUST105014,P1 - Call today,Home Loan - Ready,Steady Saver,MG Road,+91-9273535160,customer105014@example.com,1pm-4pm,0.795,96300.0,0.0,18100.0,3438000.0,30000.0,3382000.0,Ready now,0.498,"READY LEAD (no rent outflow - may be living with family). Eligible Rs 34L at EMI Rs 30,000. Down payment funded (Rs 34L). Segment: Steady Saver."
CUST105832,P1 - Call today,Rent-to-EMI - Hot,Wealth Builder,Whitefield,+91-9893775994,customer105832@example.com,10am-1pm,0.795,103800.0,31500.0,0.0,6531000.0,57100.0,4871000.0,Ready now,0.676,"HOT LEAD. Rent Rs 31,500 (30% of income). Eligible Rs 65L at EMI Rs 57,100. Down payment already funded (Rs 49L available)."
CUST106790,P1 - Call today,Home Loan - Ready,Steady Saver,Jayanagar,+91-9365629758,customer106790@example.com,1pm-4pm,0.795,40300.0,0.0,8200.0,1137000.0,9900.0,1473000.0,Ready now,0.991,"READY LEAD (no rent outflow - may be living with family). Eligible Rs 11L at EMI Rs 9,900. Down payment funded (Rs 15L). Segment: Steady Saver."
CUST107086,P1 - Call today,Rent-to-EMI - Hot,Wealth Builder,Electronic City,+91-9204441774,customer107086@example.com,1pm-4pm,0.795,41700.0,6300.0,0.0,2147000.0,18800.0,784000.0,Ready now,0.577,"HOT LEAD. Rent Rs 6,300 (15% of income). Eligible Rs 21L at EMI Rs 18,800. Down payment already funded (Rs 8L available)."
CUST107752,P1 - Call today,Home Loan - Ready,Steady Saver,Jayanagar,+91-9600415328,customer107752@example.com,7pm-9pm,0.795,79200.0,0.0,0.0,4077000.0,35600.0,3250000.0,Ready now,1.0,"READY LEAD (no rent outflow - may be living with family). Eligible Rs 41L at EMI Rs 35,600. Down payment funded (Rs 32L). Segment: Steady Saver."
CUST107984,P1 - Call today,Rent-to-EMI - Hot,Wealth Builder,Koramangala,+91-9169879523,customer107984@example.com,7pm-9pm,0.795,51300.0,18700.0,0.0,2934000.0,25600.0,1166000.0,Ready now,1.0,"HOT LEAD. Rent Rs 18,700 (36% of income). Eligible Rs 29L at EMI Rs 25,600. Down payment already funded (Rs 12L available)."
CUST100107,P1 - Call today,Rent-to-EMI - Hot,Wealth Builder,Electronic City,+91-9956679593,customer100107@example.com,1pm-4pm,0.794,43200.0,14400.0,0.0,2224000.0,19400.0,1453000.0,Ready now,0.385,"HOT LEAD. Rent Rs 14,400 (33% of income). Eligible Rs 22L at EMI Rs 19,400. Down payment already funded (Rs 15L available)."
CUST100918,P1 - Call today,Rent-to-EMI - Hot,Steady Saver,Whitefield,+91-9100834748,customer100918@example.com,1pm-4pm,0.794,395600.0,101200.0,0.0,22627000.0,197800.0,12972000.0,Ready now,1.0,"HOT LEAD. Rent Rs 101,200 (26% of income). Eligible Rs 226L at EMI Rs 197,800. Down payment already funded (Rs 130L available)."
CUST104020,P1 - Call today,Home Loan - Ready,Steady Saver,Electronic City,+91-9367303902,customer104020@example.com,4pm-7pm,0.794,62600.0,0.0,0.0,3223000.0,28200.0,1511000.0,Ready now,0.383,"READY LEAD (no rent outflow - may be living with family). Eligible Rs 32L at EMI Rs 28,200. Down payment funded (Rs 15L). Segment: Steady Saver."
CUST105563,P1 - Call today,Home Loan - Ready,Steady Saver,MG Road,+91-9461361479,customer105563@example.com,10am-1pm,0.794,33100.0,0.0,10400.0,514000.0,4500.0,2223000.0,Ready now,0.574,"READY LEAD (no rent outflow - may be living with family). Eligible Rs 5L at EMI Rs 4,500. Down payment funded (Rs 22L). Segment: Steady Saver."
CUST106681,P1 - Call today,Home Loan - Ready,Steady Saver,Whitefield,+91-9809843212,customer106681@example.com,10am-1pm,0.794,58300.0,0.0,0.0,3001000.0,26200.0,2652000.0,Ready now,0.558,"READY LEAD (no rent outflow - may be living with family). Eligible Rs 30L at EMI Rs 26,200. Down payment funded (Rs 27L). Segment: Steady Saver."
CUST107776,P1 - Call today,Rent-to-EMI - Hot,Wealth Builder,Electronic City,+91-9623041219,customer107776@example.com,1pm-4pm,0.794,77200.0,24700.0,0.0,3974000.0,34700.0,4862000.0,Ready now,1.0,"HOT LEAD. Rent Rs 24,700 (32% of income). Eligible Rs 40L at EMI Rs 34,700. Down payment already funded (Rs 49L available)."
CUST107854,P1 - Call today,Balance Transfer,Steady Saver,Jayanagar,+91-9950642627,customer107854@example.com,4pm-7pm,0.794,85800.0,11700.0,0.0,4908000.0,42900.0,1799000.0,Ready now,0.991,"BT pitch: currently 9.28%, outstanding Rs 43L. Monthly saving Rs 1,857. Carry the rate sheet."
CUST103572,P1 - Call today,Home Loan - Ready,Steady Saver,Indiranagar,+91-9864053258,customer103572@example.com,4pm-7pm,0.793,70600.0,0.0,15300.0,2288000.0,20000.0,2178000.0,Ready now,0.998,"READY LEAD (no rent outflow - may be living with family). Eligible Rs 23L at EMI Rs 20,000. Down payment funded (Rs 22L). Segment: Steady Saver."
CUST103832,P1 - Call today,Rent-to-EMI - Hot,Wealth Builder,Whitefield,+91-9185258458,customer103832@example.com,10am-1pm,0.793,57900.0,15200.0,0.0,2981000.0,26100.0,1800000.0,Ready now,0.996,"HOT LEAD. Rent Rs 15,200 (26% of income). Eligible Rs 30L at EMI Rs 26,100. Down payment already funded (Rs 18L available)."
CUST103953,P1 - Call today,Rent-to-EMI - Hot,Wealth Builder,MG Road,+91-9910024641,customer103953@example.com,7pm-9pm,0.793,155200.0,47200.0,13100.0,8266000.0,72300.0,3391000.0,Ready now,0.178,"HOT LEAD. Rent Rs 47,200 (30% of income). Eligible Rs 83L at EMI Rs 72,300. Down payment already funded (Rs 34L available)."
CUST106401,P1 - Call today,Rent-to-EMI - Hot,Wealth Builder,Indiranagar,+91-9541553787,customer106401@example.com,1pm-4pm,0.793,57500.0,14800.0,9600.0,1862000.0,16300.0,1818000.0,Ready now,0.267,"HOT LEAD. Rent Rs 14,800 (26% of income). Eligible Rs 19L at EMI Rs 16,300. Down payment already funded (Rs 18L available)."
CUST107378,P1 - Call today,Rent-to-EMI - Hot,Wealth Builder,MG Road,+91-9112001778,customer107378@example.com,1pm-4pm,0.793,37800.0,13100.0,0.0,1946000.0,17000.0,1990000.0,Ready now,0.574,"HOT LEAD. Rent Rs 13,100 (35% of income). Eligible Rs 19L at EMI Rs 17,000. Down payment already funded (Rs 20L available)."
CUST102149,P1 - Call today,Rent-to-EMI - Hot,Wealth Builder,Electronic City,+91-9173270711,customer102149@example.com,10am-1pm,0.792,58900.0,21600.0,6000.0,2683000.0,23400.0,2463000.0,Ready now,0.486,"HOT LEAD. Rent Rs 21,600 (37% of income). Eligible Rs 27L at EMI Rs 23,400. Down payment already funded (Rs 25L available)."
CUST102520,P1 - Call today,Rent-to-EMI - Hot,Wealth Builder,Electronic City,+91-9262086634,customer102520@example.com,1pm-4pm,0.792,67800.0,8800.0,13600.0,1934000.0,16900.0,2232000.0,Ready now,0.999,"HOT LEAD. Rent Rs 8,800 (13% of income). Eligible Rs 19L at EMI Rs 16,900. Down payment already funded (Rs 22L available)."
CUST103060,P1 - Call today,Balance Transfer,Lifestyle Spender,MG Road,+91-9992860676,customer103060@example.com,4pm-7pm,0.792,84600.0,30700.0,0.0,4839000.0,42300.0,1784000.0,Ready now,0.07,"BT pitch: currently 10.63%, outstanding Rs 33L. Monthly saving Rs 4,388. Carry the rate sheet."
CUST105129,P1 - Call today,Balance Transfer,Wealth Builder,Koramangala,+91-9494228919,customer105129@example.com,7pm-9pm,0.792,64800.0,23400.0,11700.0,2368000.0,20700.0,2250000.0,Ready now,0.592,"BT pitch: currently 9.84%, outstanding Rs 21L. Monthly saving Rs 1,716. Carry the rate sheet."
CUST105670,P1 - Call today,Rent-to-EMI - Hot,Wealth Builder,Koramangala,+91-9598576549,customer105670@example.com,1pm-4pm,0.792,31000.0,11000.0,3200.0,1407000.0,12300.0,529000.0,Ready now,0.97,"HOT LEAD. Rent Rs 11,000 (36% of income). Eligible Rs 14L at EMI Rs 12,300. Down payment already funded (Rs 5L available)."
CUST106493,P1 - Call today,Rent-to-EMI - Hot,Wealth Builder,Jayanagar,+91-9672554609,customer106493@example.com,4pm-7pm,0.792,222500.0,83100.0,24400.0,7899000.0,69000.0,15114000.0,Ready now,0.81,"HOT LEAD. Rent Rs 83,100 (37% of income). Eligible Rs 79L at EMI Rs 69,000. Down payment already funded (Rs 151L available)."
CUST107413,P1 - Call today,Rent-to-EMI - Hot,Wealth Builder,Jayanagar,+91-9806451250,customer107413@example.com,4pm-7pm,0.792,51500.0,16800.0,8500.0,1679000.0,14700.0,1970000.0,Ready now,1.0,"HOT LEAD. Rent Rs 16,800 (33% of income). Eligible Rs 17L at EMI Rs 14,700. Down payment already funded (Rs 20L available)."
CUST100386,P1 - Call today,Home Loan - Ready,Steady Saver,Whitefield,+91-9940373395,customer100386@example.com,7pm-9pm,0.791,59300.0,0.0,8400.0,2092000.0,18300.0,2979000.0,Ready now,0.884,"READY LEAD (no rent outflow - may be living with family). Eligible Rs 21L at EMI Rs 18,300. Down payment funded (Rs 30L). Segment: Steady Saver."
CUST101136,P1 - Call today,Rent-to-EMI - Hot,Wealth Builder,Indiranagar,+91-9208888056,customer101136@example.com,4pm-7pm,0.791,46800.0,12200.0,0.0,2677000.0,23400.0,1394000.0,Ready now,0.393,"HOT LEAD. Rent Rs 12,200 (26% of income). Eligible Rs 27L at EMI Rs 23,400. Down payment already funded (Rs 14L available)."
CUST102637,P1 - Call today,Home Loan - Ready,Steady Saver,Indiranagar,+91-9376891650,customer102637@example.com,10am-1pm,0.791,54200.0,0.0,2900.0,1962000.0,17200.0,3075000.0,Ready now,1.0,"READY LEAD (no rent outflow - may be living with family). Eligible Rs 20L at EMI Rs 17,200. Down payment funded (Rs 31L). Segment: Steady Saver."
CUST103253,P1 - Call today,Home Loan - Ready,Steady Saver,Electronic City,+91-9604492529,customer103253@example.com,1pm-4pm,0.791,74400.0,0.0,7800.0,2938000.0,25700.0,2622000.0,Ready now,0.82,"READY LEAD (no rent outflow - may be living with family). Eligible Rs 29L at EMI Rs 25,700. Down payment funded (Rs 26L). Segment: Steady Saver."
CUST104516,P1 - Call today,Rent-to-EMI - Hot,Wealth Builder,Electronic City,+91-9039726312,customer104516@example.com,4pm-7pm,0.791,79200.0,31900.0,0.0,4077000.0,35600.0,2327000.0,Ready now,0.998,"HOT LEAD. Rent Rs 31,900 (40% of income). Eligible Rs 41L at EMI Rs 35,600. Down payment already funded (Rs 23L available)."
CUST104646,P1 - Call today,Rent-to-EMI - Hot,Steady Saver,MG Road,+91-9539318766,customer104646@example.com,7pm-9pm,0.791,29900.0,6100.0,1500.0,1368000.0,12000.0,1739000.0,Ready now,0.568,"HOT LEAD. Rent Rs 6,100 (20% of income). Eligible Rs 14L at EMI Rs 12,000. Down payment already funded (Rs 17L available)."
CUST105242,P1 - Call today,Rent-to-EMI - Hot,Wealth Builder,Electronic City,+91-9886906100,customer105242@example.com,1pm-4pm,0.791,134300.0,47600.0,13900.0,6092000.0,53200.0,4131000.0,Ready now,0.629,"HOT LEAD. Rent Rs 47,600 (35% of income). Eligible Rs 61L at EMI Rs 53,200. Down payment already funded (Rs 41L available)."
CUST105739,P1 - Call today,Rent-to-EMI - Hot,Lifestyle Spender,Electronic City,+91-9874082218,customer105739@example.com,7pm-9pm,0.791,39800.0,9000.0,1800.0,2071000.0,18100.0,740000.0,Ready now,0.018,"HOT LEAD. Rent Rs 9,000 (23% of income). Eligible Rs 21L at EMI Rs 18,100. Down payment already funded (Rs 7L available)."
CUST103259,P1 - Call today,Rent-to-EMI - Hot,Wealth Builder,Whitefield,+91-9009305545,customer103259@example.com,4pm-7pm,0.79,38100.0,10600.0,6200.0,1252000.0,10900.0,827000.0,Ready now,0.996,"HOT LEAD. Rent Rs 10,600 (28% of income). Eligible Rs 13L at EMI Rs 10,900. Down payment already funded (Rs 8L available)."
CUST107969,P1 - Call today,Rent-to-EMI - Hot,Wealth Builder,Indiranagar,+91-9346340997,customer107969@example.com,10am-1pm,0.79,35700.0,10800.0,3200.0,1472000.0,12900.0,3086000.0,Ready now,0.674,"HOT LEAD. Rent Rs 10,800 (30% of income). Eligible Rs 15L at EMI Rs 12,900. Down payment already funded (Rs 31L available)."
CUST100052,P1 - Call today,Rent-to-EMI - Hot,Wealth Builder,Whitefield,+91-9179437298,customer100052@example.com,10am-1pm,0.789,128000.0,34400.0,20900.0,4930000.0,43100.0,4019000.0,Ready now,0.999,"HOT LEAD. Rent Rs 34,400 (27% of income). Eligible Rs 49L at EMI Rs 43,100. Down payment already funded (Rs 40L available)."
CUST100525,P1 - Call today,Rent-to-EMI - Hot,Wealth Builder,Jayanagar,+91-9573420532,customer100525@example.com,10am-1pm,0.789,46200.0,17700.0,0.0,2378000.0,20800.0,1909000.0,Ready now,0.334,"HOT LEAD. Rent Rs 17,700 (38% of income). Eligible Rs 24L at EMI Rs 20,800. Down payment already funded (Rs 19L available)."
CUST101163,P1 - Call today,Rent-to-EMI - Hot,Wealth Builder,Indiranagar,+91-9115010809,customer101163@example.com,4pm-7pm,0.789,27800.0,8600.0,0.0,1590000.0,13900.0,1208000.0,Ready now,0.487,"HOT LEAD. Rent Rs 8,600 (31% of income). Eligible Rs 16L at EMI Rs 13,900. Down payment already funded (Rs 12L available)."
CUST101356,P1 - Call today,Rent-to-EMI - Hot,Wealth Builder,Electronic City,+91-9264832882,customer101356@example.com,10am-1pm,0.789,84300.0,31500.0,0.0,4822000.0,42200.0,3787000.0,Ready now,0.464,"HOT LEAD. Rent Rs 31,500 (37% of income). Eligible Rs 48L at EMI Rs 42,200. Down payment already funded (Rs 38L available)."
CUST103498,P1 - Call today,Rent-to-EMI - Hot,Wealth Builder,Koramangala,+91-9707418351,customer103498@example.com,7pm-9pm,0.789,40100.0,13100.0,0.0,2064000.0,18000.0,1772000.0,Ready now,0.529,"HOT LEAD. Rent Rs 13,100 (33% of income). Eligible Rs 21L at EMI Rs 18,000. Down payment already funded (Rs 18L available)."
CUST103782,P1 - Call today,Rent-to-EMI - Hot,Steady Saver,Jayanagar,+91-9276819218,customer103782@example.com,10am-1pm,0.789,83500.0,17200.0,4700.0,3761000.0,32900.0,2718000.0,Ready now,0.485,"HOT LEAD. Rent Rs 17,200 (21% of income). Eligible Rs 38L at EMI Rs 32,900. Down payment already funded (Rs 27L available)."
CUST105282,P1 - Call today,Rent-to-EMI - Hot,Wealth Builder,Indiranagar,+91-9358535913,customer105282@example.com,10am-1pm,0.789,126600.0,29200.0,0.0,7241000.0,63300.0,8875000.0,Ready now,0.649,"HOT LEAD. Rent Rs 29,200 (23% of income). Eligible Rs 72L at EMI Rs 63,300. Down payment already funded (Rs 89L available)."
CUST105649,P1 - Call today,Rent-to-EMI - Hot,Wealth Builder,Electronic City,+91-9636516737,customer105649@example.com,10am-1pm,0.789,83900.0,31400.0,5700.0,4147000.0,36200.0,3572000.0,Ready now,0.486,"HOT LEAD. Rent Rs 31,400 (37% of income). Eligible Rs 41L at EMI Rs 36,200. Down payment already funded (Rs 36L available)."
CUST100121,P1 - Call today,Home Loan - Ready,Steady Saver,Jayanagar,+91-9316008118,customer100121@example.com,7pm-9pm,0.788,43100.0,0.0,0.0,2465000.0,21600.0,987000.0,Ready now,1.0,"READY LEAD (no rent outflow - may be living with family). Eligible Rs 25L at EMI Rs 21,600. Down payment funded (Rs 10L). Segment: Steady Saver."
CUST103155,P1 - Call today,Home Loan - Ready,Steady Saver,Jayanagar,+91-9517492906,customer103155@example.com,1pm-4pm,0.788,38600.0,0.0,0.0,1634000.0,14300.0,1210000.0,Ready now,1.0,"READY LEAD (no rent outflow - may be living with family). Eligible Rs 16L at EMI Rs 14,300. Down payment funded (Rs 12L). Segment: Steady Saver."
CUST103400,P1 - Call today,Rent-to-EMI - Hot,Wealth Builder,Koramangala,+91-9803735030,customer103400@example.com,10am-1pm,0.788,102100.0,22500.0,8500.0,4868000.0,42600.0,2927000.0,Ready now,0.479,"HOT LEAD. Rent Rs 22,500 (22% of income). Eligible Rs 49L at EMI Rs 42,600. Down payment already funded (Rs 29L available)."
CUST103696,P1 - Call today,Rent-to-EMI - Hot,Wealth Builder,Indiranagar,+91-9996756270,customer103696@example.com,7pm-9pm,0.788,108300.0,36300.0,11000.0,4936000.0,43200.0,3868000.0,Ready now,0.398,"HOT LEAD. Rent Rs 36,300 (34% of income). Eligible Rs 49L at EMI Rs 43,200. Down payment already funded (Rs 39L available)."
CUST104877,P1 - Call today,Home Loan - Ready,Steady Saver,Whitefield,+91-9674476792,customer104877@example.com,10am-1pm,0.788,87900.0,0.0,4700.0,3987000.0,34900.0,3970000.0,Ready now,0.499,"READY LEAD (no rent outflow - may be living with family). Eligible Rs 40L at EMI Rs 34,900. Down payment funded (Rs 40L). Segment: Steady Saver."
CUST107595,P1 - Call today,Rent-to-EMI - Hot,Wealth Builder,Jayanagar,+91-9614249054,customer107595@example.com,4pm-7pm,0.788,47600.0,12200.0,9000.0,1421000.0,12400.0,1314000.0,Ready now,0.981,"HOT LEAD. Rent Rs 12,200 (26% of income). Eligible Rs 14L at EMI Rs 12,400. Down payment already funded (Rs 13L available)."
CUST104015,P1 - Call today,Rent-to-EMI - Hot,Wealth Builder,Jayanagar,+91-9813148376,customer104015@example.com,1pm-4pm,0.787,71500.0,21900.0,19800.0,1825000.0,16000.0,1331000.0,Ready now,0.312,"HOT LEAD. Rent Rs 21,900 (31% of income). Eligible Rs 18L at EMI Rs 16,000. Down payment already funded (Rs 13L available)."
CUST104193,P1 - Call today,Rent-to-EMI - Hot,Lifestyle Spender,Whitefield,+91-9044627560,customer104193@example.com,4pm-7pm,0.787,80600.0,14200.0,0.0,4610000.0,40300.0,2204000.0,Ready now,0.248,"HOT LEAD. Rent Rs 14,200 (18% of income). Eligible Rs 46L at EMI Rs 40,300. Down payment already funded (Rs 22L available)."
CUST104495,P1 - Call today,Rent-to-EMI - Hot,Wealth Builder,Jayanagar,+91-9081312535,customer104495@example.com,10am-1pm,0.787,244800.0,49800.0,38500.0,10998000.0,96100.0,4907000.0,Ready now,0.961,"HOT LEAD. Rent Rs 49,800 (20% of income). Eligible Rs 110L at EMI Rs 96,100. Down payment already funded (Rs 49L available)."
CUST106051,P1 - Call today,Home Loan - Ready,Steady Saver,Whitefield,+91-9505348042,customer106051@example.com,4pm-7pm,0.787,45600.0,0.0,5900.0,1672000.0,14600.0,1539000.0,Ready now,0.999,"READY LEAD (no rent outflow - may be living with family). Eligible Rs 17L at EMI Rs 14,600. Down payment funded (Rs 15L). Segment: Steady Saver."
CUST100059,P1 - Call today,Home Loan - Ready,Steady Saver,Electronic City,+91-9284627674,customer100059@example.com,10am-1pm,0.786,115700.0,0.0,0.0,6618000.0,57800.0,6142000.0,Ready now,0.51,"READY LEAD (no rent outflow - may be living with family). Eligible Rs 66L at EMI Rs 57,800. Down payment funded (Rs 61L). Segment: Steady Saver."
CUST101226,P1 - Call today,Rent-to-EMI - Hot,Lifestyle Spender,MG Road,+91-9987212700,customer101226@example.com,1pm-4pm,0.786,143400.0,41800.0,0.0,9022000.0,78900.0,2811000.0,Ready now,0.097,"HOT LEAD. Rent Rs 41,800 (29% of income). Eligible Rs 90L at EMI Rs 78,900. Down payment already funded (Rs 28L available)."
CUST103049,P1 - Call today,Home Loan - Ready,Steady Saver,Whitefield,+91-9267014368,customer103049@example.com,4pm-7pm,0.786,98300.0,0.0,0.0,5623000.0,49200.0,4277000.0,Ready now,0.708,"READY LEAD (no rent outflow - may be living with family). Eligible Rs 56L at EMI Rs 49,200. Down payment funded (Rs 43L). Segment: Steady Saver."
CUST103059,P1 - Call today,Rent-to-EMI - Hot,Wealth Builder,Jayanagar,+91-9369162395,customer103059@example.com,7pm-9pm,0.786,91900.0,31100.0,9500.0,4170000.0,36400.0,3775000.0,Ready now,0.402,"HOT LEAD. Rent Rs 31,100 (34% of income). Eligible Rs 42L at EMI Rs 36,400. Down payment already funded (Rs 38L available)."
CUST104467,P1 - Call today,Rent-to-EMI - Hot,Wealth Builder,Jayanagar,+91-9246642735,customer104467@example.com,10am-1pm,0.786,30100.0,12200.0,0.0,1549000.0,13500.0,859000.0,Ready now,0.699,"HOT LEAD. Rent Rs 12,200 (40% of income). Eligible Rs 15L at EMI Rs 13,500. Down payment already funded (Rs 9L available)."
CUST105968,P1 - Call today,Rent-to-EMI - Hot,Wealth Builder,Koramangala,+91-9748566571,customer105968@example.com,1pm-4pm,0.786,27800.0,8600.0,0.0,1431000.0,12500.0,805000.0,Ready now,1.0,"HOT LEAD. Rent Rs 8,600 (31% of income). Eligible Rs 14L at EMI Rs 12,500. Down payment already funded (Rs 8L available)."
CUST106836,P1 - Call today,Rent-to-EMI - Hot,Steady Saver,Electronic City,+91-9452383146,customer106836@example.com,1pm-4pm,0.786,43300.0,11200.0,0.0,2229000.0,19500.0,1605000.0,Ready now,0.31,"HOT LEAD. Rent Rs 11,200 (26% of income). Eligible Rs 22L at EMI Rs 19,500. Down payment already funded (Rs 16L available)."
CUST107049,P1 - Call today,Rent-to-EMI - Hot,Wealth Builder,Indiranagar,+91-9255988740,customer107049@example.com,10am-1pm,0.786,91300.0,38100.0,0.0,4700000.0,41100.0,1753000.0,Ready now,1.0,"HOT LEAD. Rent Rs 38,100 (42% of income). Eligible Rs 47L at EMI Rs 41,100. Down payment already funded (Rs 18L available)."
CUST101983,P1 - Call today,Rent-to-EMI - Hot,Wealth Builder,MG Road,+91-9112946007,customer101983@example.com,10am-1pm,0.785,122000.0,39900.0,0.0,7676000.0,67100.0,5711000.0,Ready now,0.585,"HOT LEAD. Rent Rs 39,900 (33% of income). Eligible Rs 77L at EMI Rs 67,100. Down payment already funded (Rs 57L available)."
CUST102005,P1 - Call today,Home Loan - Ready,Steady Saver,MG Road,+91-9063730522,customer102005@example.com,10am-1pm,0.785,96900.0,0.0,17800.0,3506000.0,30600.0,1839000.0,Ready now,0.99,"READY LEAD (no rent outflow - may be living with family). Eligible Rs 35L at EMI Rs 30,600. Down payment funded (Rs 18L). Segment: Steady Saver."
CUST102529,P1 - Call today,Rent-to-EMI - Hot,Wealth Builder,Whitefield,+91-9842128418,customer102529@example.com,1pm-4pm,0.785,44800.0,16800.0,0.0,2562000.0,22400.0,997000.0,Ready now,0.997,"HOT LEAD. Rent Rs 16,800 (38% of income). Eligible Rs 26L at EMI Rs 22,400. Down payment already funded (Rs 10L available)."
CUST106266,P1 - Call today,Rent-to-EMI - Hot,Wealth Builder,MG Road,+91-9652157931,customer106266@example.com,7pm-9pm,0.785,172200.0,49500.0,16600.0,7950000.0,69500.0,4872000.0,Ready now,0.33,"HOT LEAD. Rent Rs 49,500 (29% of income). Eligible Rs 80L at EMI Rs 69,500. Down payment already funded (Rs 49L available)."
CUST100890,P1 - Call today,Rent-to-EMI - Hot,Wealth Builder,Indiranagar,+91-9632380053,customer100890@example.com,10am-1pm,0.784,97500.0,40600.0,9200.0,3074000.0,26900.0,5467000.0,Ready now,0.76,"HOT LEAD. Rent Rs 40,600 (42% of income). Eligible Rs 31L at EMI Rs 26,900. Down payment already funded (Rs 55L available)."
CUST104266,P1 - Call today,Rent-to-EMI - Hot,Wealth Builder,Indiranagar,+91-9741564447,customer104266@example.com,7pm-9pm,0.784,49600.0,17200.0,2500.0,2267000.0,19800.0,1434000.0,Ready now,0.518,"HOT LEAD. Rent Rs 17,200 (35% of income). Eligible Rs 23L at EMI Rs 19,800. Down payment already funded (Rs 14L available)."
CUST105273,P1 - Call today,Home Loan - Ready,Steady Saver,Electronic City,+91-9648135239,customer105273@example.com,1pm-4pm,0.784,49700.0,0.0,3100.0,2204000.0,19300.0,1608000.0,Ready now,0.913,"READY LEAD (no rent outflow - may be living with family). Eligible Rs 22L at EMI Rs 19,300. Down payment funded (Rs 16L). Segment: Steady Saver."
CUST105867,P1 - Call today,Rent-to-EMI - Hot,Wealth Builder,Koramangala,+91-9132836718,customer105867@example.com,1pm-4pm,0.783,71200.0,20500.0,0.0,4072000.0,35600.0,1843000.0,Ready now,1.0,"HOT LEAD. Rent Rs 20,500 (29% of income). Eligible Rs 41L at EMI Rs 35,600. Down payment already funded (Rs 18L available)."
CUST107495,P1 - Call today,Rent-to-EMI - Hot,Wealth Builder,Whitefield,+91-9556263754,customer107495@example.com,1pm-4pm,0.783,156300.0,54700.0,0.0,9834000.0,86000.0,4914000.0,Ready now,0.428,"HOT LEAD. Rent Rs 54,700 (35% of income). Eligible Rs 98L at EMI Rs 86,000. Down payment already funded (Rs 49L available)."
CUST100000,P1 - Call today,Rent-to-EMI - Hot,Wealth Builder,Whitefield,+91-9738011000,customer100000@example.com,1pm-4pm,0.782,85100.0,34800.0,13200.0,2871000.0,25100.0,5064000.0,Ready now,0.792,"HOT LEAD. Rent Rs 34,800 (41% of income). Eligible Rs 29L at EMI Rs 25,100. Down payment already funded (Rs 51L available)."
CUST102553,P1 - Call today,Home Loan - Ready,Steady Saver,Electronic City,+91-9867447266,customer102553@example.com,4pm-7pm,0.782,92600.0,0.0,7000.0,3966000.0,34700.0,1441000.0,Ready now,1.0,"READY LEAD (no rent outflow - may be living with family). Eligible Rs 40L at EMI Rs 34,700. Down payment funded (Rs 14L). Segment: Steady Saver."
CUST102701,P1 - Call today,Balance Transfer,Lifestyle Spender,Jayanagar,+91-9228925854,customer102701@example.com,10am-1pm,0.782,105500.0,33000.0,9400.0,5562000.0,48600.0,1936000.0,Ready now,0.156,"BT pitch: currently 10.09%, outstanding Rs 50L. Monthly saving Rs 4,885. Carry the rate sheet."
CUST107545,P1 - Call today,Rent-to-EMI - Hot,Wealth Builder,Koramangala,+91-9031018348,customer107545@example.com,4pm-7pm,0.782,80300.0,22700.0,0.0,4593000.0,40200.0,2945000.0,Ready now,1.0,"HOT LEAD. Rent Rs 22,700 (28% of income). Eligible Rs 46L at EMI Rs 40,200. Down payment already funded (Rs 29L available)."
CUST101230,P1 - Call today,Home Loan - Ready,Steady Saver,Jayanagar,+91-9566073775,customer101230@example.com,10am-1pm,0.781,142200.0,0.0,0.0,8133000.0,71100.0,4380000.0,Ready now,0.999,"READY LEAD (no rent outflow - may be living with family). Eligible Rs 81L at EMI Rs 71,100. Down payment funded (Rs 44L). Segment: Steady Saver."
CUST106443,P1 - Call today,Home Loan - Ready,Steady Saver,Whitefield,+91-9902469319,customer106443@example.com,1pm-4pm,0.781,58600.0,0.0,0.0,3017000.0,26400.0,2102000.0,Ready now,1.0,"READY LEAD (no rent outflow - may be living with family). Eligible Rs 30L at EMI Rs 26,400. Down payment funded (Rs 21L). Segment: Steady Saver."
CUST106804,P1 - Call today,Rent-to-EMI - Hot,Wealth Builder,Indiranagar,+91-9229823947,customer106804@example.com,10am-1pm,0.781,45300.0,13000.0,0.0,2332000.0,20400.0,1330000.0,Ready now,0.994,"HOT LEAD. Rent Rs 13,000 (29% of income). Eligible Rs 23L at EMI Rs 20,400. Down payment already funded (Rs 13L available)."
CUST107175,P1 - Call today,Rent-to-EMI - Hot,Wealth Builder,Electronic City,+91-9204793885,customer107175@example.com,1pm-4pm,0.781,51200.0,13200.0,9600.0,1830000.0,16000.0,3163000.0,Ready now,0.772,"HOT LEAD. Rent Rs 13,200 (26% of income). Eligible Rs 18L at EMI Rs 16,000. Down payment already funded (Rs 32L available)."
CUST107808,P1 - Call today,Home Loan - Ready,Wealth Builder,MG Road,+91-9507533424,customer107808@example.com,10am-1pm,0.781,61300.0,0.0,11700.0,2168000.0,19000.0,1850000.0,Ready now,0.572,"READY LEAD (no rent outflow - may be living with family). Eligible Rs 22L at EMI Rs 19,000. Down payment funded (Rs 18L). Segment: Wealth Builder."
CUST100476,P1 - Call today,Home Loan - Ready,Steady Saver,Indiranagar,+91-9752558775,customer100476@example.com,7pm-9pm,0.78,33800.0,0.0,0.0,1933000.0,16900.0,715000.0,Ready now,0.385,"READY LEAD (no rent outflow - may be living with family). Eligible Rs 19L at EMI Rs 16,900. Down payment funded (Rs 7L). Segment: Steady Saver."
CUST100869,P1 - Call today,Balance Transfer,Steady Saver,Whitefield,+91-9599296819,customer100869@example.com,10am-1pm,0.78,46900.0,0.0,0.0,2414000.0,21100.0,1831000.0,Ready now,0.92,"BT pitch: currently 10.13%, outstanding Rs 28L. Monthly saving Rs 2,751. Carry the rate sheet."
CUST102043,P1 - Call today,Rent-to-EMI - Hot,Steady Saver,Koramangala,+91-9120065864,customer102043@example.com,7pm-9pm,0.78,49500.0,6600.0,7400.0,1702000.0,14900.0,1995000.0,Ready now,0.653,"HOT LEAD. Rent Rs 6,600 (13% of income). Eligible Rs 17L at EMI Rs 14,900. Down payment already funded (Rs 20L available)."
CUST103480,P1 - Call today,Home Loan - Ready,Steady Saver,Whitefield,+91-9743126838,customer103480@example.com,7pm-9pm,0.78,272100.0,0.0,15700.0,15324000.0,134000.0,7119000.0,Ready now,0.548,"READY LEAD (no rent outflow - may be living with family). Eligible Rs 153L at EMI Rs 134,000. Down payment funded (Rs 71L). Segment: Steady Saver."
CUST105728,P1 - Call today,Home Loan - Ready,Steady Saver,Indiranagar,+91-9809899929,customer105728@example.com,10am-1pm,0.78,38800.0,0.0,4100.0,1750000.0,15300.0,2011000.0,Ready now,0.523,"READY LEAD (no rent outflow - may be living with family). Eligible Rs 18L at EMI Rs 15,300. Down payment funded (Rs 20L). Segment: Steady Saver."
CUST106125,P1 - Call today,Rent-to-EMI - Hot,Wealth Builder,Whitefield,+91-9935325935,customer106125@example.com,10am-1pm,0.78,106000.0,26900.0,10500.0,4862000.0,42500.0,2846000.0,Ready now,0.998,"HOT LEAD. Rent Rs 26,900 (25% of income). Eligible Rs 49L at EMI Rs 42,500. Down payment already funded (Rs 28L available)."
CUST106842,P1 - Call today,Rent-to-EMI - Hot,Wealth Builder,Whitefield,+91-9280961651,customer106842@example.com,7pm-9pm,0.78,84500.0,28600.0,6300.0,3629000.0,31700.0,2606000.0,Ready now,0.304,"HOT LEAD. Rent Rs 28,600 (34% of income). Eligible Rs 36L at EMI Rs 31,700. Down payment already funded (Rs 26L available)."
CUST100667,P1 - Call today,Rent-to-EMI - Hot,Wealth Builder,Electronic City,+91-9657130346,customer100667@example.com,10am-1pm,0.779,60500.0,17700.0,0.0,3460000.0,30200.0,2481000.0,Ready now,0.997,"HOT LEAD. Rent Rs 17,700 (29% of income). Eligible Rs 35L at EMI Rs 30,200. Down payment already funded (Rs 25L available)."
CUST103323,P1 - Call today,Rent-to-EMI - Hot,Wealth Builder,Electronic City,+91-9729909829,customer103323@example.com,1pm-4pm,0.779,81800.0,13700.0,9100.0,3638000.0,31800.0,2174000.0,Ready now,0.992,"HOT LEAD. Rent Rs 13,700 (17% of income). Eligible Rs 36L at EMI Rs 31,800. Down payment already funded (Rs 22L available)."
CUST107022,P1 - Call today,Rent-to-EMI - Hot,Wealth Builder,Indiranagar,+91-9608943684,customer107022@example.com,10am-1pm,0.779,54000.0,16200.0,4200.0,2608000.0,22800.0,1565000.0,Ready now,0.982,"HOT LEAD. Rent Rs 16,200 (30% of income). Eligible Rs 26L at EMI Rs 22,800. Down payment already funded (Rs 16L available)."
CUST101146,P1 - Call today,Rent-to-EMI - Hot,Wealth Builder,Indiranagar,+91-9292382053,customer101146@example.com,4pm-7pm,0.778,66700.0,17000.0,0.0,3434000.0,30000.0,2396000.0,Ready now,0.859,"HOT LEAD. Rent Rs 17,000 (26% of income). Eligible Rs 34L at EMI Rs 30,000. Down payment already funded (Rs 24L available)."
CUST101283,P1 - Call today,Home Loan - Ready,Steady Saver,Electronic City,+91-9548199861,customer101283@example.com,1pm-4pm,0.778,45000.0,0.0,4200.0,2093000.0,18300.0,1098000.0,Ready now,1.0,"READY LEAD (no rent outflow - may be living with family). Eligible Rs 21L at EMI Rs 18,300. Down payment funded (Rs 11L). Segment: Steady Saver."
CUST105521,P1 - Call today,Rent-to-EMI - Hot,Wealth Builder,Koramangala,+91-9266728715,customer105521@example.com,1pm-4pm,0.778,72300.0,27100.0,0.0,3722000.0,32500.0,1924000.0,Ready now,0.999,"HOT LEAD. Rent Rs 27,100 (38% of income). Eligible Rs 37L at EMI Rs 32,500. Down payment already funded (Rs 19L available)."
CUST106902,P1 - Call today,Rent-to-EMI - Hot,Wealth Builder,Jayanagar,+91-9184601077,customer106902@example.com,10am-1pm,0.778,38900.0,7200.0,2300.0,1739000.0,15200.0,1465000.0,Ready now,0.988,"HOT LEAD. Rent Rs 7,200 (18% of income). Eligible Rs 17L at EMI Rs 15,200. Down payment already funded (Rs 15L available)."
CUST100715,P1 - Call today,Rent-to-EMI - Hot,Wealth Builder,Electronic City,+91-9826761544,customer100715@example.com,10am-1pm,0.777,79100.0,21500.0,4600.0,3546000.0,31000.0,2821000.0,Ready now,0.748,"HOT LEAD. Rent Rs 21,500 (27% of income). Eligible Rs 35L at EMI Rs 31,000. Down payment already funded (Rs 28L available)."
CUST101486,P1 - Call today,Home Loan - Ready,Steady Saver,MG Road,+91-9044008691,customer101486@example.com,1pm-4pm,0.777,288300.0,0.0,56300.0,10050000.0,87800.0,13399000.0,Ready now,0.532,"READY LEAD (no rent outflow - may be living with family). Eligible Rs 100L at EMI Rs 87,800. Down payment funded (Rs 134L). Segment: Steady Saver."
CUST101560,P1 - Call today,Rent-to-EMI - Hot,Steady Saver,Indiranagar,+91-9461577494,customer101560@example.com,4pm-7pm,0.777,118300.0,28200.0,0.0,6766000.0,59200.0,5665000.0,Ready now,0.413,"HOT LEAD. Rent Rs 28,200 (24% of income). Eligible Rs 68L at EMI Rs 59,200. Down payment already funded (Rs 57L available)."
CUST101609,P1 - Call today,Home Loan - Ready,Steady Saver,MG Road,+91-9324434272,customer101609@example.com,4pm-7pm,0.777,100200.0,0.0,0.0,5731000.0,50100.0,4545000.0,Ready now,0.405,"READY LEAD (no rent outflow - may be living with family). Eligible Rs 57L at EMI Rs 50,100. Down payment funded (Rs 45L). Segment: Steady Saver."
CUST104356,P1 - Call today,Rent-to-EMI - Hot,Wealth Builder,Whitefield,+91-9267586670,customer104356@example.com,4pm-7pm,0.777,32100.0,7300.0,0.0,1652000.0,14400.0,1403000.0,Ready now,0.749,"HOT LEAD. Rent Rs 7,300 (23% of income). Eligible Rs 17L at EMI Rs 14,400. Down payment already funded (Rs 14L available)."
CUST104584,P1 - Call today,Home Loan - Ready,Steady Saver,Whitefield,+91-9822420209,customer104584@example.com,7pm-9pm,0.777,68900.0,0.0,15000.0,1831000.0,16000.0,2353000.0,Ready now,0.492,"READY LEAD (no rent outflow - may be living with family). Eligible Rs 18L at EMI Rs 16,000. Down payment funded (Rs 24L). Segment: Steady Saver."
CUST105859,P1 - Call today,Home Loan - Ready,Steady Saver,Indiranagar,+91-9134395370,customer105859@example.com,10am-1pm,0.777,140000.0,0.0,29500.0,4633000.0,40500.0,2726000.0,Ready now,1.0,"READY LEAD (no rent outflow - may be living with family). Eligible Rs 46L at EMI Rs 40,500. Down payment funded (Rs 27L). Segment: Steady Saver."
CUST106459,P1 - Call today,Home Loan - Ready,Steady Saver,Indiranagar,+91-9540025170,customer106459@example.com,1pm-4pm,0.777,70300.0,0.0,3400.0,3230000.0,28200.0,2422000.0,Ready now,0.996,"READY LEAD (no rent outflow - may be living with family). Eligible Rs 32L at EMI Rs 28,200. Down payment funded (Rs 24L). Segment: Steady Saver."
CUST107386,P1 - Call today,Rent-to-EMI - Hot,Wealth Builder,Jayanagar,+91-9579089403,customer107386@example.com,4pm-7pm,0.777,44200.0,14200.0,4700.0,1738000.0,15200.0,1063000.0,Ready now,0.984,"HOT LEAD. Rent Rs 14,200 (32% of income). Eligible Rs 17L at EMI Rs 15,200. Down payment already funded (Rs 11L available)."
CUST107621,P1 - Call today,Rent-to-EMI - Hot,Wealth Builder,Whitefield,+91-9705903621,customer107621@example.com,1pm-4pm,0.777,60300.0,14500.0,10300.0,2271000.0,19800.0,2729000.0,Ready now,0.571,"HOT LEAD. Rent Rs 14,500 (24% of income). Eligible Rs 23L at EMI Rs 19,800. Down payment already funded (Rs 27L available)."
CUST103734,P1 - Call today,Home Loan - Ready,Steady Saver,Whitefield,+91-9610875263,customer103734@example.com,10am-1pm,0.775,68300.0,0.0,0.0,3516000.0,30700.0,2344000.0,Ready now,0.7,"READY LEAD (no rent outflow - may be living with family). Eligible Rs 35L at EMI Rs 30,700. Down payment funded (Rs 23L). Segment: Steady Saver."
CUST103957,P1 - Call today,Rent-to-EMI - Hot,Wealth Builder,Electronic City,+91-9467520666,customer103957@example.com,10am-1pm,0.775,49100.0,19100.0,2300.0,2545000.0,22200.0,2171000.0,Ready now,0.997,"HOT LEAD. Rent Rs 19,100 (39% of income). Eligible Rs 25L at EMI Rs 22,200. Down payment already funded (Rs 22L available)."
CUST104559,P1 - Call today,Rent-to-EMI - Hot,Wealth Builder,Whitefield,+91-9965129452,customer104559@example.com,1pm-4pm,0.775,42800.0,9200.0,2100.0,2208000.0,19300.0,2059000.0,Ready now,0.581,"HOT LEAD. Rent Rs 9,200 (22% of income). Eligible Rs 22L at EMI Rs 19,300. Down payment already funded (Rs 21L available)."
CUST105495,P1 - Call today,Rent-to-EMI - Hot,Wealth Builder,Whitefield,+91-9198762930,customer105495@example.com,4pm-7pm,0.775,48400.0,12400.0,0.0,2492000.0,21800.0,1180000.0,Ready now,1.0,"HOT LEAD. Rent Rs 12,400 (26% of income). Eligible Rs 25L at EMI Rs 21,800. Down payment already funded (Rs 12L available)."
CUST100123,P1 - Call today,Home Loan - Ready,Steady Saver,Jayanagar,+91-9257170631,customer100123@example.com,4pm-7pm,0.774,25000.0,0.0,0.0,1287000.0,11200.0,648000.0,Ready now,1.0,"READY LEAD (no rent outflow - may be living with family). Eligible Rs 13L at EMI Rs 11,200. Down payment funded (Rs 6L). Segment: Steady Saver."
CUST100718,P1 - Call today,Rent-to-EMI - Hot,Wealth Builder,Jayanagar,+91-9983372686,customer100718@example.com,10am-1pm,0.774,59100.0,9500.0,10400.0,1853000.0,16200.0,2720000.0,Ready now,0.472,"HOT LEAD. Rent Rs 9,500 (16% of income). Eligible Rs 19L at EMI Rs 16,200. Down payment already funded (Rs 27L available)."
CUST101395,P1 - Call today,Home Loan - Ready,Steady Saver,Electronic City,+91-9151989606,customer101395@example.com,4pm-7pm,0.774,47900.0,0.0,0.0,2740000.0,24000.0,1209000.0,Ready now,0.888,"READY LEAD (no rent outflow - may be living with family). Eligible Rs 27L at EMI Rs 24,000. Down payment funded (Rs 12L). Segment: Steady Saver."
CUST101783,P1 - Call today,Rent-to-EMI - Hot,Wealth Builder,Whitefield,+91-9781146447,customer101783@example.com,1pm-4pm,0.774,109600.0,45000.0,21600.0,3798000.0,33200.0,2252000.0,Ready now,1.0,"HOT LEAD. Rent Rs 45,000 (41% of income). Eligible Rs 38L at EMI Rs 33,200. Down payment already funded (Rs 23L available)."
CUST105395,P1 - Call today,Home Loan - Ready,Steady Saver,MG Road,+91-9027410994,customer105395@example.com,7pm-9pm,0.774,37900.0,0.0,3600.0,1756000.0,15400.0,1784000.0,Ready now,0.444,"READY LEAD (no rent outflow - may be living with family). Eligible Rs 18L at EMI Rs 15,400. Down payment funded (Rs 18L). Segment: Steady Saver."
CUST107182,P1 - Call today,Home Loan - Ready,Steady Saver,Electronic City,+91-9667026566,customer107182@example.com,7pm-9pm,0.774,63600.0,0.0,6900.0,2848000.0,24900.0,3202000.0,Ready now,0.388,"READY LEAD (no rent outflow - may be living with family). Eligible Rs 28L at EMI Rs 24,900. Down payment funded (Rs 32L). Segment: Steady Saver."
CUST100749,P1 - Call today,Rent-to-EMI - Hot,Wealth Builder,Electronic City,+91-9318052764,customer100749@example.com,4pm-7pm,0.773,36100.0,14900.0,3000.0,1185000.0,10400.0,1798000.0,Ready now,0.552,"HOT LEAD. Rent Rs 14,900 (41% of income). Eligible Rs 12L at EMI Rs 10,400. Down payment already funded (Rs 18L available)."
CUST102248,P1 - Call today,Rent-to-EMI - Hot,Wealth Builder,Electronic City,+91-9770208511,customer102248@example.com,4pm-7pm,0.773,25000.0,7200.0,0.0,1287000.0,11200.0,526000.0,Ready now,0.31,"HOT LEAD. Rent Rs 7,200 (29% of income). Eligible Rs 13L at EMI Rs 11,200. Down payment already funded (Rs 5L available)."
CUST102617,P1 - Call today,Home Loan - Ready,Steady Saver,Jayanagar,+91-9729999710,customer102617@example.com,1pm-4pm,0.773,60400.0,0.0,0.0,3455000.0,30200.0,3055000.0,Ready now,0.502,"READY LEAD (no rent outflow - may be living with family). Eligible Rs 35L at EMI Rs 30,200. Down payment funded (Rs 31L). Segment: Steady Saver."
CUST106580,P1 - Call today,Rent-to-EMI - Hot,Steady Saver,Indiranagar,+91-9598599295,customer106580@example.com,10am-1pm,0.773,52000.0,14700.0,0.0,2677000.0,23400.0,1130000.0,Ready now,0.994,"HOT LEAD. Rent Rs 14,700 (28% of income). Eligible Rs 27L at EMI Rs 23,400. Down payment already funded (Rs 11L available)."
CUST106703,P1 - Call today,Home Loan - Ready,Steady Saver,MG Road,+91-9717265257,customer106703@example.com,1pm-4pm,0.773,74600.0,0.0,0.0,4267000.0,37300.0,4282000.0,Ready now,0.996,"READY LEAD (no rent outflow - may be living with family). Eligible Rs 43L at EMI Rs 37,300. Down payment funded (Rs 43L). Segment: Steady Saver."
CUST107412,P1 - Call today,Home Loan - Ready,Steady Saver,Koramangala,+91-9423203417,customer107412@example.com,4pm-7pm,0.773,34500.0,0.0,0.0,1973000.0,17200.0,1403000.0,Ready now,0.892,"READY LEAD (no rent outflow - may be living with family). Eligible Rs 20L at EMI Rs 17,200. Down payment funded (Rs 14L). Segment: Steady Saver."
CUST100115,P1 - Call today,Balance Transfer,Steady Saver,Koramangala,+91-9010439845,customer100115@example.com,4pm-7pm,0.772,71700.0,0.0,0.0,4101000.0,35800.0,3276000.0,Ready now,1.0,"BT pitch: currently 9.51%, outstanding Rs 37L. Monthly saving Rs 2,169. Carry the rate sheet."
CUST101901,P1 - Call today,Rent-to-EMI - Hot,Wealth Builder,Indiranagar,+91-9261702656,customer101901@example.com,7pm-9pm,0.772,29900.0,6000.0,3000.0,1196000.0,10500.0,1144000.0,Ready now,0.575,"HOT LEAD. Rent Rs 6,000 (20% of income). Eligible Rs 12L at EMI Rs 10,500. Down payment already funded (Rs 11L available)."
CUST102504,P1 - Call today,Rent-to-EMI - Hot,Wealth Builder,MG Road,+91-9143726927,customer102504@example.com,10am-1pm,0.772,60500.0,14800.0,0.0,3460000.0,30200.0,940000.0,Ready now,0.996,"HOT LEAD. Rent Rs 14,800 (24% of income). Eligible Rs 35L at EMI Rs 30,200. Down payment already funded (Rs 9L available)."
CUST104552,P1 - Call today,Home Loan - Ready,Steady Saver,Jayanagar,+91-9898877196,customer104552@example.com,1pm-4pm,0.772,75100.0,0.0,0.0,4296000.0,37600.0,5184000.0,Ready now,0.687,"READY LEAD (no rent outflow - may be living with family). Eligible Rs 43L at EMI Rs 37,600. Down payment funded (Rs 52L). Segment: Steady Saver."
CUST104765,P1 - Call today,Rent-to-EMI - Hot,Steady Saver,Jayanagar,+91-9286573371,customer104765@example.com,1pm-4pm,0.772,78600.0,19500.0,0.0,4496000.0,39300.0,4010000.0,Ready now,0.419,"HOT LEAD. Rent Rs 19,500 (25% of income). Eligible Rs 45L at EMI Rs 39,300. Down payment already funded (Rs 40L available)."
CUST105093,P1 - Call today,Balance Transfer,Wealth Builder,Electronic City,+91-9217701844,customer105093@example.com,10am-1pm,0.772,116000.0,45800.0,0.0,6635000.0,58000.0,5859000.0,Ready now,0.688,"BT pitch: currently 10.51%, outstanding Rs 66L. Monthly saving Rs 8,221. Carry the rate sheet."
CUST100346,P1 - Call today,Home Loan - Ready,Steady Saver,Koramangala,+91-9891845227,customer100346@example.com,7pm-9pm,0.771,51300.0,0.0,0.0,2934000.0,25600.0,2264000.0,Ready now,0.633,"READY LEAD (no rent outflow - may be living with family). Eligible Rs 29L at EMI Rs 25,600. Down payment funded (Rs 23L). Segment: Steady Saver."
CUST101052,P1 - Call today,Home Loan - Ready,Steady Saver,Whitefield,+91-9357688885,customer101052@example.com,4pm-7pm,0.771,25000.0,0.0,2400.0,1012000.0,8800.0,1108000.0,Ready now,0.857,"READY LEAD (no rent outflow - may be living with family). Eligible Rs 10L at EMI Rs 8,800. Down payment funded (Rs 11L). Segment: Steady Saver."
CUST104059,P1 - Call today,Rent-to-EMI - Hot,Wealth Builder,Koramangala,+91-9280793100,customer104059@example.com,10am-1pm,0.771,110200.0,22100.0,14100.0,4690000.0,41000.0,5138000.0,Ready now,0.484,"HOT LEAD. Rent Rs 22,100 (20% of income). Eligible Rs 47L at EMI Rs 41,000. Down payment already funded (Rs 51L available)."
CUST105743,P1 - Call today,Home Loan - Ready,Steady Saver,Whitefield,+91-9791551384,customer105743@example.com,10am-1pm,0.771,87400.0,0.0,7300.0,3664000.0,32000.0,1596000.0,Ready now,0.999,"READY LEAD (no rent outflow - may be living with family). Eligible Rs 37L at EMI Rs 32,000. Down payment funded (Rs 16L). Segment: Steady Saver."
CUST106519,P1 - Call today,Home Loan - Ready,Steady Saver,Indiranagar,+91-9646933003,customer106519@example.com,10am-1pm,0.771,53600.0,0.0,5700.0,1617000.0,14100.0,2446000.0,Ready now,0.436,"READY LEAD (no rent outflow - may be living with family). Eligible Rs 16L at EMI Rs 14,100. Down payment funded (Rs 24L). Segment: Steady Saver."
CUST100348,P1 - Call today,Rent-to-EMI - Hot,Steady Saver,Jayanagar,+91-9303477103,customer100348@example.com,4pm-7pm,0.77,74500.0,9300.0,3000.0,3918000.0,34200.0,1784000.0,Ready now,0.704,"HOT LEAD. Rent Rs 9,300 (12% of income). Eligible Rs 39L at EMI Rs 34,200. Down payment already funded (Rs 18L available)."
CUST100927,P1 - Call today,Rent-to-EMI - Hot,Wealth Builder,MG Road,+91-9610943576,customer100927@example.com,4pm-7pm,0.77,109300.0,33300.0,0.0,6252000.0,54600.0,4638000.0,Ready now,0.49,"HOT LEAD. Rent Rs 33,300 (30% of income). Eligible Rs 63L at EMI Rs 54,600. Down payment already funded (Rs 46L available)."
CUST102688,P1 - Call today,Rent-to-EMI - Hot,Wealth Builder,MG Road,+91-9199442988,customer102688@example.com,10am-1pm,0.77,167200.0,67300.0,0.0,9563000.0,83600.0,4279000.0,Ready now,0.46,"HOT LEAD. Rent Rs 67,300 (40% of income). Eligible Rs 96L at EMI Rs 83,600. Down payment already funded (Rs 43L available)."
CUST104860,P1 - Call today,Rent-to-EMI - Hot,Lifestyle Spender,Whitefield,+91-9207419824,customer104860@example.com,7pm-9pm,0.77,55300.0,23000.0,12100.0,1779000.0,15600.0,1140000.0,Ready now,0.158,"HOT LEAD. Rent Rs 23,000 (42% of income). Eligible Rs 18L at EMI Rs 15,600. Down payment already funded (Rs 11L available)."
CUST105046,P1 - Call today,Home Loan - Ready,Steady Saver,MG Road,+91-9178643785,customer105046@example.com,1pm-4pm,0.77,130000.0,0.0,12700.0,5983000.0,52300.0,2948000.0,Ready now,0.799,"READY LEAD (no rent outflow - may be living with family). Eligible Rs 60L at EMI Rs 52,300. Down payment funded (Rs 29L). Segment: Steady Saver."
CUST107020,P1 - Call today,Rent-to-EMI - Hot,Wealth Builder,Koramangala,+91-9443194188,customer107020@example.com,7pm-9pm,0.77,29900.0,10800.0,0.0,1710000.0,15000.0,720000.0,Ready now,0.975,"HOT LEAD. Rent Rs 10,800 (36% of income). Eligible Rs 17L at EMI Rs 15,000. Down payment already funded (Rs 7L available)."
CUST107257,P1 - Call today,Rent-to-EMI - Hot,Wealth Builder,Electronic City,+91-9713130403,customer107257@example.com,7pm-9pm,0.77,144500.0,25900.0,6800.0,7487000.0,65400.0,6297000.0,Ready now,0.727,"HOT LEAD. Rent Rs 25,900 (18% of income). Eligible Rs 75L at EMI Rs 65,400. Down payment already funded (Rs 63L available)."
CUST100670,P1 - Call today,Rent-to-EMI - Hot,Lifestyle Spender,MG Road,+91-9982321095,customer100670@example.com,10am-1pm,0.769,59100.0,24100.0,0.0,3042000.0,26600.0,1051000.0,Ready now,0.313,"HOT LEAD. Rent Rs 24,100 (41% of income). Eligible Rs 30L at EMI Rs 26,600. Down payment already funded (Rs 11L available)."
CUST100728,P1 - Call today,Rent-to-EMI - Hot,Wealth Builder,Koramangala,+91-9398678146,customer100728@example.com,10am-1pm,0.769,114900.0,21900.0,0.0,6572000.0,57400.0,4583000.0,Ready now,0.332,"HOT LEAD. Rent Rs 21,900 (19% of income). Eligible Rs 66L at EMI Rs 57,400. Down payment already funded (Rs 46L available)."
CUST101749,P1 - Call today,Rent-to-EMI - Hot,Wealth Builder,Electronic City,+91-9082521004,customer101749@example.com,7pm-9pm,0.769,47800.0,19500.0,2900.0,2129000.0,18600.0,1167000.0,Ready now,1.0,"HOT LEAD. Rent Rs 19,500 (41% of income). Eligible Rs 21L at EMI Rs 18,600. Down payment already funded (Rs 12L available)."
CUST101843,P1 - Call today,Rent-to-EMI - Hot,Wealth Builder,Indiranagar,+91-9970989332,customer101843@example.com,10am-1pm,0.769,39600.0,12700.0,3100.0,1684000.0,14700.0,1351000.0,Ready now,0.491,"HOT LEAD. Rent Rs 12,700 (32% of income). Eligible Rs 17L at EMI Rs 14,700. Down payment already funded (Rs 14L available)."
CUST100001,P1 - Call today,Rent-to-EMI - Hot,Wealth Builder,Indiranagar,+91-9171124180,customer100001@example.com,10am-1pm,0.768,112300.0,41200.0,8800.0,5417000.0,47400.0,1448000.0,Ready now,1.0,"HOT LEAD. Rent Rs 41,200 (37% of income). Eligible Rs 54L at EMI Rs 47,400. Down payment already funded (Rs 14L available)."
CUST103534,P1 - Call today,Rent-to-EMI - Hot,Wealth Builder,Jayanagar,+91-9433052808,customer103534@example.com,4pm-7pm,0.768,65600.0,17700.0,0.0,3377000.0,29500.0,2429000.0,Ready now,0.445,"HOT LEAD. Rent Rs 17,700 (27% of income). Eligible Rs 34L at EMI Rs 29,500. Down payment already funded (Rs 24L available)."
CUST106334,P1 - Call today,Rent-to-EMI - Hot,Lifestyle Spender,Electronic City,+91-9013462445,customer106334@example.com,7pm-9pm,0.768,29000.0,10500.0,0.0,1493000.0,13000.0,642000.0,Ready now,0.038,"HOT LEAD. Rent Rs 10,500 (36% of income). Eligible Rs 15L at EMI Rs 13,000. Down payment already funded (Rs 6L available)."
CUST107832,P1 - Call today,Rent-to-EMI - Hot,Wealth Builder,MG Road,+91-9252952718,customer107832@example.com,4pm-7pm,0.768,106100.0,39000.0,8200.0,5737000.0,50200.0,1742000.0,Ready now,1.0,"HOT LEAD. Rent Rs 39,000 (37% of income). Eligible Rs 57L at EMI Rs 50,200. Down payment already funded (Rs 17L available)."
CUST101001,P1 - Call today,Rent-to-EMI - Hot,Wealth Builder,Indiranagar,+91-9479955231,customer101001@example.com,1pm-4pm,0.767,57900.0,14500.0,0.0,2981000.0,26100.0,1938000.0,Ready now,1.0,"HOT LEAD. Rent Rs 14,500 (25% of income). Eligible Rs 30L at EMI Rs 26,100. Down payment already funded (Rs 19L available)."
CUST103445,P1 - Call today,Rent-to-EMI - Hot,Wealth Builder,Jayanagar,+91-9268411144,customer103445@example.com,1pm-4pm,0.767,40200.0,8600.0,0.0,2069000.0,18100.0,1034000.0,Ready now,0.642,"HOT LEAD. Rent Rs 8,600 (21% of income). Eligible Rs 21L at EMI Rs 18,100. Down payment already funded (Rs 10L available)."
CUST104464,P1 - Call today,Home Loan - Ready,Steady Saver,MG Road,+91-9831325930,customer104464@example.com,10am-1pm,0.767,81600.0,0.0,0.0,4667000.0,40800.0,1844000.0,Ready now,0.835,"READY LEAD (no rent outflow - may be living with family). Eligible Rs 47L at EMI Rs 40,800. Down payment funded (Rs 18L). Segment: Steady Saver."
CUST105847,P1 - Call today,Rent-to-EMI - Hot,Steady Saver,Whitefield,+91-9632771327,customer105847@example.com,1pm-4pm,0.767,124300.0,15200.0,26200.0,4113000.0,36000.0,4528000.0,Ready now,0.777,"HOT LEAD. Rent Rs 15,200 (12% of income). Eligible Rs 41L at EMI Rs 36,000. Down payment already funded (Rs 45L available)."
CUST107041,P1 - Call today,Rent-to-EMI - Hot,Wealth Builder,Jayanagar,+91-9148699942,customer107041@example.com,1pm-4pm,0.767,125300.0,31200.0,0.0,7167000.0,62600.0,5295000.0,Ready now,0.494,"HOT LEAD. Rent Rs 31,200 (25% of income). Eligible Rs 72L at EMI Rs 62,600. Down payment already funded (Rs 53L available)."
CUST107370,P1 - Call today,Rent-to-EMI - Hot,Wealth Builder,Whitefield,+91-9875829148,customer107370@example.com,7pm-9pm,0.767,71300.0,25900.0,0.0,3018000.0,26400.0,2197000.0,Ready now,0.507,"HOT LEAD. Rent Rs 25,900 (36% of income). Eligible Rs 30L at EMI Rs 26,400. Down payment already funded (Rs 22L available)."
CUST100306,P1 - Call today,Rent-to-EMI - Hot,Wealth Builder,MG Road,+91-9631718811,customer100306@example.com,4pm-7pm,0.766,60500.0,17100.0,0.0,3460000.0,30200.0,1487000.0,Ready now,0.233,"HOT LEAD. Rent Rs 17,100 (28% of income). Eligible Rs 35L at EMI Rs 30,200. Down payment already funded (Rs 15L available)."
CUST101630,P1 - Call today,Rent-to-EMI - Hot,Wealth Builder,Indiranagar,+91-9488463680,customer101630@example.com,10am-1pm,0.766,100000.0,34600.0,0.0,5720000.0,50000.0,3078000.0,Ready now,1.0,"HOT LEAD. Rent Rs 34,600 (35% of income). Eligible Rs 57L at EMI Rs 50,000. Down payment already funded (Rs 31L available)."
CUST105795,P1 - Call today,Rent-to-EMI - Hot,Wealth Builder,Indiranagar,+91-9623963305,customer105795@example.com,1pm-4pm,0.766,152600.0,58100.0,6300.0,8008000.0,70000.0,2911000.0,Ready now,0.992,"HOT LEAD. Rent Rs 58,100 (38% of income). Eligible Rs 80L at EMI Rs 70,000. Down payment already funded (Rs 29L available)."
CUST106363,P1 - Call today,Rent-to-EMI - Hot,Lifestyle Spender,Jayanagar,+91-9205973068,customer106363@example.com,7pm-9pm,0.766,51800.0,21700.0,0.0,2963000.0,25900.0,1058000.0,Ready now,0.053,"HOT LEAD. Rent Rs 21,700 (42% of income). Eligible Rs 30L at EMI Rs 25,900. Down payment already funded (Rs 11L available)."
CUST106699,P1 - Call today,Home Loan - Ready,Steady Saver,Whitefield,+91-9235093935,customer106699@example.com,10am-1pm,0.765,56100.0,0.0,0.0,2375000.0,20800.0,2091000.0,Ready now,0.499,"READY LEAD (no rent outflow - may be living with family). Eligible Rs 24L at EMI Rs 20,800. Down payment funded (Rs 21L). Segment: Steady Saver."
CUST107074,P1 - Call today,Rent-to-EMI - Hot,Wealth Builder,Koramangala,+91-9107729588,customer107074@example.com,4pm-7pm,0.765,88900.0,17300.0,7400.0,3730000.0,32600.0,4028000.0,Ready now,1.0,"HOT LEAD. Rent Rs 17,300 (20% of income). Eligible Rs 37L at EMI Rs 32,600. Down payment already funded (Rs 40L available)."
CUST100445,P1 - Call today,Rent-to-EMI - Hot,Wealth Builder,Indiranagar,+91-9206450181,customer100445@example.com,7pm-9pm,0.764,105200.0,23500.0,0.0,6017000.0,52600.0,4363000.0,Ready now,0.871,"HOT LEAD. Rent Rs 23,500 (22% of income). Eligible Rs 60L at EMI Rs 52,600. Down payment already funded (Rs 44L available)."
CUST100562,P1 - Call today,Rent-to-EMI - Hot,Wealth Builder,Indiranagar,+91-9557861917,customer100562@example.com,10am-1pm,0.764,61400.0,16900.0,0.0,3512000.0,30700.0,3482000.0,Ready now,0.51,"HOT LEAD. Rent Rs 16,900 (28% of income). Eligible Rs 35L at EMI Rs 30,700. Down payment already funded (Rs 35L available)."
CUST101594,P1 - Call today,Rent-to-EMI - Hot,Steady Saver,Jayanagar,+91-9321724279,customer101594@example.com,10am-1pm,0.764,338900.0,50900.0,0.0,19384000.0,169400.0,7547000.0,Ready now,0.704,"HOT LEAD. Rent Rs 50,900 (15% of income). Eligible Rs 194L at EMI Rs 169,400. Down payment already funded (Rs 75L available)."
CUST102029,P1 - Call today,Balance Transfer,Steady Saver,Indiranagar,+91-9739590037,customer102029@example.com,7pm-9pm,0.764,36900.0,0.0,2600.0,1602000.0,14000.0,1762000.0,Ready now,0.392,"BT pitch: currently 9.87%, outstanding Rs 19L. Monthly saving Rs 1,525. Carry the rate sheet."
CUST105686,P1 - Call today,Rent-to-EMI - Hot,Lifestyle Spender,Electronic City,+91-9166386764,customer105686@example.com,7pm-9pm,0.764,89600.0,28300.0,0.0,5125000.0,44800.0,2129000.0,Ready now,0.244,"HOT LEAD. Rent Rs 28,300 (32% of income). Eligible Rs 51L at EMI Rs 44,800. Down payment already funded (Rs 21L available)."
CUST105982,P1 - Call today,Rent-to-EMI - Hot,Steady Saver,Koramangala,+91-9717694337,customer105982@example.com,10am-1pm,0.764,82300.0,11600.0,4100.0,4238000.0,37000.0,5024000.0,Ready now,0.681,"HOT LEAD. Rent Rs 11,600 (14% of income). Eligible Rs 42L at EMI Rs 37,000. Down payment already funded (Rs 50L available)."
CUST107638,P1 - Call today,Home Loan - Ready,Steady Saver,MG Road,+91-9982881036,customer107638@example.com,10am-1pm,0.764,175300.0,0.0,19500.0,8799000.0,76900.0,3358000.0,Ready now,0.986,"READY LEAD (no rent outflow - may be living with family). Eligible Rs 88L at EMI Rs 76,900. Down payment funded (Rs 34L). Segment: Steady Saver."
CUST100182,P1 - Call today,Rent-to-EMI - Hot,Wealth Builder,Electronic City,+91-9120748044,customer100182@example.com,1pm-4pm,0.763,82500.0,21800.0,0.0,4719000.0,41200.0,1746000.0,Ready now,0.836,"HOT LEAD. Rent Rs 21,800 (26% of income). Eligible Rs 47L at EMI Rs 41,200. Down payment already funded (Rs 17L available)."
CUST102181,P1 - Call today,Balance Transfer,Wealth Builder,Whitefield,+91-9576098354,customer102181@example.com,10am-1pm,0.763,251300.0,64100.0,0.0,15811000.0,138200.0,16915000.0,Ready now,0.963,"BT pitch: currently 10.4%, outstanding Rs 113L. Monthly saving Rs 13,283. Carry the rate sheet."
CUST102726,P1 - Call today,Rent-to-EMI - Hot,Steady Saver,MG Road,+91-9343546740,customer102726@example.com,7pm-9pm,0.763,25000.0,4400.0,0.0,1287000.0,11200.0,492000.0,Ready now,0.491,"HOT LEAD. Rent Rs 4,400 (18% of income). Eligible Rs 13L at EMI Rs 11,200. Down payment already funded (Rs 5L available)."
CUST103824,P1 - Call today,Rent-to-EMI - Hot,Wealth Builder,Jayanagar,+91-9582510534,customer103824@example.com,4pm-7pm,0.763,60100.0,24400.0,0.0,3094000.0,27000.0,2355000.0,Ready now,0.527,"HOT LEAD. Rent Rs 24,400 (41% of income). Eligible Rs 31L at EMI Rs 27,000. Down payment already funded (Rs 24L available)."
CUST103950,P1 - Call today,Home Loan - Ready,Steady Saver,Whitefield,+91-9044562738,customer103950@example.com,7pm-9pm,0.763,106800.0,0.0,0.0,6720000.0,58700.0,4086000.0,Ready now,0.385,"READY LEAD (no rent outflow - may be living with family). Eligible Rs 67L at EMI Rs 58,700. Down payment funded (Rs 41L). Segment: Steady Saver."
CUST104293,P1 - Call today,Rent-to-EMI - Hot,Lifestyle Spender,Whitefield,+91-9016066820,customer104293@example.com,4pm-7pm,0.763,69600.0,26200.0,0.0,3981000.0,34800.0,1123000.0,Ready now,0.046,"HOT LEAD. Rent Rs 26,200 (38% of income). Eligible Rs 40L at EMI Rs 34,800. Down payment already funded (Rs 11L available)."
CUST104626,P1 - Call today,Home Loan - Ready,Steady Saver,Whitefield,+91-9858974217,customer104626@example.com,4pm-7pm,0.763,60000.0,0.0,0.0,3089000.0,27000.0,1553000.0,Ready now,0.368,"READY LEAD (no rent outflow - may be living with family). Eligible Rs 31L at EMI Rs 27,000. Down payment funded (Rs 16L). Segment: Steady Saver."
CUST104885,P1 - Call today,Home Loan - Ready,Steady Saver,MG Road,+91-9323407048,customer104885@example.com,4pm-7pm,0.763,66800.0,0.0,6900.0,2649000.0,23200.0,3068000.0,Ready now,0.49,"READY LEAD (no rent outflow - may be living with family). Eligible Rs 26L at EMI Rs 23,200. Down payment funded (Rs 31L). Segment: Steady Saver."
CUST105639,P1 - Call today,Rent-to-EMI - Hot,Wealth Builder,Jayanagar,+91-9947079777,customer105639@example.com,10am-1pm,0.763,102700.0,20800.0,5900.0,5787000.0,50600.0,3639000.0,Ready now,0.666,"HOT LEAD. Rent Rs 20,800 (20% of income). Eligible Rs 58L at EMI Rs 50,600. Down payment already funded (Rs 36L available)."
CUST107104,P1 - Call today,Rent-to-EMI - Hot,Wealth Builder,Indiranagar,+91-9304544980,customer107104@example.com,4pm-7pm,0.763,28900.0,9600.0,0.0,1488000.0,13000.0,713000.0,Ready now,0.976,"HOT LEAD. Rent Rs 9,600 (33% of income). Eligible Rs 15L at EMI Rs 13,000. Down payment already funded (Rs 7L available)."
CUST107870,P1 - Call today,Rent-to-EMI - Hot,Wealth Builder,MG Road,+91-9864805244,customer107870@example.com,1pm-4pm,0.763,50600.0,19200.0,13800.0,1026000.0,9000.0,944000.0,Ready now,1.0,"HOT LEAD. Rent Rs 19,200 (38% of income). Eligible Rs 10L at EMI Rs 9,000. Down payment already funded (Rs 9L available)."
CUST101349,P1 - Call today,Rent-to-EMI - Hot,Wealth Builder,Electronic City,+91-9263499289,customer101349@example.com,4pm-7pm,0.762,111300.0,45700.0,8800.0,5359000.0,46800.0,3140000.0,Ready now,0.277,"HOT LEAD. Rent Rs 45,700 (41% of income). Eligible Rs 54L at EMI Rs 46,800. Down payment already funded (Rs 31L available)."
CUST104476,P1 - Call today,Rent-to-EMI - Hot,Wealth Builder,Whitefield,+91-9598780198,customer104476@example.com,7pm-9pm,0.762,125900.0,52200.0,0.0,7921000.0,69200.0,3486000.0,Ready now,0.716,"HOT LEAD. Rent Rs 52,200 (42% of income). Eligible Rs 79L at EMI Rs 69,200. Down payment already funded (Rs 35L available)."
CUST105896,P1 - Call today,Rent-to-EMI - Hot,Wealth Builder,Indiranagar,+91-9879032459,customer105896@example.com,7pm-9pm,0.762,83600.0,20200.0,5900.0,3629000.0,31700.0,4585000.0,Ready now,0.63,"HOT LEAD. Rent Rs 20,200 (24% of income). Eligible Rs 36L at EMI Rs 31,700. Down payment already funded (Rs 46L available)."
CUST105978,P1 - Call today,Home Loan - Ready,Steady Saver,Indiranagar,+91-9907748844,customer105978@example.com,1pm-4pm,0.762,95200.0,0.0,0.0,4901000.0,42800.0,4398000.0,Ready now,0.433,"READY LEAD (no rent outflow - may be living with family). Eligible Rs 49L at EMI Rs 42,800. Down payment funded (Rs 44L). Segment: Steady Saver."
CUST106685,P1 - Call today,Rent-to-EMI - Hot,Wealth Builder,Jayanagar,+91-9890612811,customer106685@example.com,1pm-4pm,0.762,215000.0,72700.0,51200.0,6440000.0,56300.0,7863000.0,Ready now,0.419,"HOT LEAD. Rent Rs 72,700 (34% of income). Eligible Rs 64L at EMI Rs 56,300. Down payment already funded (Rs 79L available)."
CUST100185,P1 - Call today,Home Loan - Ready,Steady Saver,Indiranagar,+91-9185327768,customer100185@example.com,4pm-7pm,0.761,91500.0,0.0,9600.0,4135000.0,36200.0,1785000.0,Ready now,1.0,"READY LEAD (no rent outflow - may be living with family). Eligible Rs 41L at EMI Rs 36,200. Down payment funded (Rs 18L). Segment: Steady Saver."
CUST101632,P1 - Call today,Rent-to-EMI - Hot,Wealth Builder,Whitefield,+91-9475015124,customer101632@example.com,4pm-7pm,0.761,41100.0,12900.0,0.0,2351000.0,20600.0,1516000.0,Ready now,1.0,"HOT LEAD. Rent Rs 12,900 (31% of income). Eligible Rs 24L at EMI Rs 20,600. Down payment already funded (Rs 15L available)."
CUST102079,P1 - Call today,Rent-to-EMI - Hot,Wealth Builder,Koramangala,+91-9710072839,customer102079@example.com,4pm-7pm,0.761,68200.0,21600.0,12000.0,2138000.0,18700.0,3512000.0,Ready now,0.435,"HOT LEAD. Rent Rs 21,600 (32% of income). Eligible Rs 21L at EMI Rs 18,700. Down payment already funded (Rs 35L available)."
CUST102638,P1 - Call today,Rent-to-EMI - Hot,Wealth Builder,Jayanagar,+91-9235996778,customer102638@example.com,7pm-9pm,0.761,46000.0,17900.0,3200.0,2265000.0,19800.0,1059000.0,Ready now,1.0,"HOT LEAD. Rent Rs 17,900 (39% of income). Eligible Rs 23L at EMI Rs 19,800. Down payment already funded (Rs 11L available)."
CUST105329,P1 - Call today,Rent-to-EMI - Hot,Wealth Builder,Whitefield,+91-9877067141,customer105329@example.com,10am-1pm,0.761,78700.0,15400.0,5100.0,3918000.0,34200.0,1561000.0,Ready now,1.0,"HOT LEAD. Rent Rs 15,400 (20% of income). Eligible Rs 39L at EMI Rs 34,200. Down payment already funded (Rs 16L available)."
CUST105679,P1 - Call today,Rent-to-EMI - Hot,Wealth Builder,Whitefield,+91-9626471339,customer105679@example.com,7pm-9pm,0.761,32400.0,13300.0,0.0,1371000.0,12000.0,1278000.0,Ready now,0.859,"HOT LEAD. Rent Rs 13,300 (41% of income). Eligible Rs 14L at EMI Rs 12,000. Down payment already funded (Rs 13L available)."
CUST105992,P1 - Call today,Rent-to-EMI - Hot,Wealth Builder,Whitefield,+91-9613666969,customer105992@example.com,7pm-9pm,0.761,85100.0,24500.0,0.0,4381000.0,38300.0,5696000.0,Ready now,0.999,"HOT LEAD. Rent Rs 24,500 (29% of income). Eligible Rs 44L at EMI Rs 38,300. Down payment already funded (Rs 57L available)."
CUST104096,P1 - Call today,Balance Transfer,Wealth Builder,Electronic City,+91-9253232532,customer104096@example.com,10am-1pm,0.76,48500.0,9100.0,3200.0,2131000.0,18600.0,1825000.0,Ready now,0.718,"BT pitch: currently 10.65%, outstanding Rs 24L. Monthly saving Rs 3,279. Carry the rate sheet."
CUST104149,P1 - Call today,Rent-to-EMI - Hot,Wealth Builder,Whitefield,+91-9435644775,customer104149@example.com,10am-1pm,0.76,87200.0,20100.0,6500.0,4244000.0,37100.0,4006000.0,Ready now,0.477,"HOT LEAD. Rent Rs 20,100 (23% of income). Eligible Rs 42L at EMI Rs 37,100. Down payment already funded (Rs 40L available)."
CUST104330,P1 - Call today,Home Loan - Ready,Steady Saver,Whitefield,+91-9951508926,customer104330@example.com,1pm-4pm,0.76,81500.0,0.0,3800.0,4227000.0,37000.0,1773000.0,Ready now,0.995,"READY LEAD (no rent outflow - may be living with family). Eligible Rs 42L at EMI Rs 37,000. Down payment funded (Rs 18L). Segment: Steady Saver."
CUST101826,P1 - Call today,Rent-to-EMI - Hot,Wealth Builder,Jayanagar,+91-9303328270,customer101826@example.com,7pm-9pm,0.759,149300.0,49400.0,0.0,8540000.0,74600.0,4237000.0,Ready now,0.512,"HOT LEAD. Rent Rs 49,400 (33% of income). Eligible Rs 85L at EMI Rs 74,600. Down payment already funded (Rs 42L available)."
CUST102174,P1 - Call today,Rent-to-EMI - Hot,Wealth Builder,MG Road,+91-9978651540,customer102174@example.com,4pm-7pm,0.759,77200.0,29300.0,3800.0,3539000.0,30900.0,1707000.0,Ready now,0.952,"HOT LEAD. Rent Rs 29,300 (38% of income). Eligible Rs 35L at EMI Rs 30,900. Down payment already funded (Rs 17L available)."
CUST102433,P1 - Call today,Rent-to-EMI - Hot,Wealth Builder,MG Road,+91-9171857396,customer102433@example.com,7pm-9pm,0.759,66400.0,24500.0,3300.0,3420000.0,29900.0,3324000.0,Ready now,0.496,"HOT LEAD. Rent Rs 24,500 (37% of income). Eligible Rs 34L at EMI Rs 29,900. Down payment already funded (Rs 33L available)."
CUST103487,P1 - Call today,Rent-to-EMI - Hot,Wealth Builder,Electronic City,+91-9105651955,customer103487@example.com,10am-1pm,0.759,92000.0,19700.0,0.0,4736000.0,41400.0,2545000.0,Ready now,1.0,"HOT LEAD. Rent Rs 19,700 (21% of income). Eligible Rs 47L at EMI Rs 41,400. Down payment already funded (Rs 25L available)."
CUST103904,P1 - Call today,Home Loan - Ready,Steady Saver,MG Road,+91-9847762931,customer103904@example.com,4pm-7pm,0.759,50000.0,0.0,6100.0,1876000.0,16400.0,1405000.0,Ready now,1.0,"READY LEAD (no rent outflow - may be living with family). Eligible Rs 19L at EMI Rs 16,400. Down payment funded (Rs 14L). Segment: Steady Saver."
CUST104912,P1 - Call today,Rent-to-EMI - Hot,Wealth Builder,Whitefield,+91-9219636296,customer104912@example.com,1pm-4pm,0.759,60900.0,9700.0,0.0,3135000.0,27400.0,2036000.0,Ready now,1.0,"HOT LEAD. Rent Rs 9,700 (16% of income). Eligible Rs 31L at EMI Rs 27,400. Down payment already funded (Rs 20L available)."
CUST106219,P1 - Call today,Rent-to-EMI - Hot,Wealth Builder,Whitefield,+91-9095094439,customer106219@example.com,4pm-7pm,0.759,81100.0,30500.0,11500.0,2117000.0,18500.0,2518000.0,Ready now,0.871,"HOT LEAD. Rent Rs 30,500 (38% of income). Eligible Rs 21L at EMI Rs 18,500. Down payment already funded (Rs 25L available)."
CUST100556,P1 - Call today,Balance Transfer,Wealth Builder,Indiranagar,+91-9058846944,customer100556@example.com,1pm-4pm,0.758,88800.0,20700.0,0.0,5079000.0,44400.0,6596000.0,Ready now,0.654,"BT pitch: currently 10.34%, outstanding Rs 52L. Monthly saving Rs 5,910. Carry the rate sheet."
CUST101839,P1 - Call today,Home Loan - Ready,Steady Saver,Whitefield,+91-9003166001,customer101839@example.com,4pm-7pm,0.758,72200.0,0.0,0.0,4130000.0,36100.0,1281000.0,Ready now,0.621,"READY LEAD (no rent outflow - may be living with family). Eligible Rs 41L at EMI Rs 36,100. Down payment funded (Rs 13L). Segment: Steady Saver."
CUST102801,P1 - Call today,Rent-to-EMI - Hot,Wealth Builder,Electronic City,+91-9819110711,customer102801@example.com,10am-1pm,0.758,98800.0,23500.0,5100.0,5068000.0,44300.0,1795000.0,Ready now,0.998,"HOT LEAD. Rent Rs 23,500 (24% of income). Eligible Rs 51L at EMI Rs 44,300. Down payment already funded (Rs 18L available)."
CUST104387,P1 - Call today,Rent-to-EMI - Hot,Wealth Builder,Jayanagar,+91-9769633127,customer104387@example.com,1pm-4pm,0.758,56900.0,14700.0,2300.0,2991000.0,26200.0,1741000.0,Ready now,0.86,"HOT LEAD. Rent Rs 14,700 (26% of income). Eligible Rs 30L at EMI Rs 26,200. Down payment already funded (Rs 17L available)."
CUST107490,P1 - Call today,Rent-to-EMI - Hot,Wealth Builder,Koramangala,+91-9368886226,customer107490@example.com,1pm-4pm,0.758,77600.0,21200.0,8500.0,3022000.0,26400.0,1727000.0,Ready now,0.989,"HOT LEAD. Rent Rs 21,200 (27% of income). Eligible Rs 30L at EMI Rs 26,400. Down payment already funded (Rs 17L available)."
CUST104514,P1 - Call today,Balance Transfer,Steady Saver,Whitefield,+91-9649176960,customer104514@example.com,7pm-9pm,0.757,173500.0,0.0,0.0,10916000.0,95400.0,6730000.0,Ready now,0.558,"BT pitch: currently 9.78%, outstanding Rs 41L. Monthly saving Rs 3,092. Carry the rate sheet."
CUST107485,P1 - Call today,Rent-to-EMI - Hot,Steady Saver,MG Road,+91-9328270700,customer107485@example.com,7pm-9pm,0.757,115300.0,23600.0,0.0,6595000.0,57600.0,3696000.0,Ready now,0.685,"HOT LEAD. Rent Rs 23,600 (20% of income). Eligible Rs 66L at EMI Rs 57,600. Down payment already funded (Rs 37L available)."
CUST107974,P1 - Call today,Rent-to-EMI - Hot,Steady Saver,Jayanagar,+91-9312454079,customer107974@example.com,4pm-7pm,0.757,67900.0,8900.0,0.0,2874000.0,25100.0,2998000.0,Ready now,0.62,"HOT LEAD. Rent Rs 8,900 (13% of income). Eligible Rs 29L at EMI Rs 25,100. Down payment already funded (Rs 30L available)."
CUST100404,P1 - Call today,Rent-to-EMI - Hot,Wealth Builder,Electronic City,+91-9292090795,customer100404@example.com,4pm-7pm,0.756,84300.0,14200.0,8500.0,3367000.0,29400.0,3123000.0,Ready now,0.999,"HOT LEAD. Rent Rs 14,200 (17% of income). Eligible Rs 34L at EMI Rs 29,400. Down payment already funded (Rs 31L available)."
CUST101933,P1 - Call today,Rent-to-EMI - Hot,Wealth Builder,Whitefield,+91-9508063469,customer101933@example.com,1pm-4pm,0.756,31600.0,12400.0,2600.0,1329000.0,11600.0,1083000.0,Ready now,0.227,"HOT LEAD. Rent Rs 12,400 (39% of income). Eligible Rs 13L at EMI Rs 11,600. Down payment already funded (Rs 11L available)."
CUST103771,P1 - Call today,Home Loan - Ready,Steady Saver,MG Road,+91-9077406701,customer103771@example.com,4pm-7pm,0.756,28200.0,0.0,3100.0,1097000.0,9600.0,1191000.0,Ready now,0.603,"READY LEAD (no rent outflow - may be living with family). Eligible Rs 11L at EMI Rs 9,600. Down payment funded (Rs 12L). Segment: Steady Saver."
CUST104416,P1 - Call today,Rent-to-EMI - Hot,Wealth Builder,Indiranagar,+91-9082881664,customer104416@example.com,10am-1pm,0.756,42500.0,17200.0,9300.0,1124000.0,9800.0,1236000.0,Ready now,0.919,"HOT LEAD. Rent Rs 17,200 (40% of income). Eligible Rs 11L at EMI Rs 9,800. Down payment already funded (Rs 12L available)."
CUST105248,P1 - Call today,Home Loan - Ready,Steady Saver,Koramangala,+91-9295788395,customer105248@example.com,4pm-7pm,0.756,38400.0,0.0,2900.0,1645000.0,14400.0,1751000.0,Ready now,0.527,"READY LEAD (no rent outflow - may be living with family). Eligible Rs 16L at EMI Rs 14,400. Down payment funded (Rs 18L). Segment: Steady Saver."
CUST106013,P1 - Call today,Home Loan - Ready,Steady Saver,Indiranagar,+91-9605626507,customer106013@example.com,10am-1pm,0.756,73500.0,0.0,5200.0,2516000.0,22000.0,3398000.0,Ready now,0.653,"READY LEAD (no rent outflow - may be living with family). Eligible Rs 25L at EMI Rs 22,000. Down payment funded (Rs 34L). Segment: Steady Saver."
CUST106442,P1 - Call today,Rent-to-EMI - Hot,Wealth Builder,Electronic City,+91-9022164412,customer106442@example.com,10am-1pm,0.756,26300.0,6500.0,2300.0,850000.0,7400.0,315000.0,Ready now,0.981,"HOT LEAD. Rent Rs 6,500 (25% of income). Eligible Rs 8L at EMI Rs 7,400. Down payment already funded (Rs 3L available)."
CUST106565,P1 - Call today,Rent-to-EMI - Hot,Steady Saver,Electronic City,+91-9820384601,customer106565@example.com,4pm-7pm,0.756,136300.0,25300.0,24700.0,5750000.0,50300.0,6022000.0,Ready now,0.592,"HOT LEAD. Rent Rs 25,300 (19% of income). Eligible Rs 58L at EMI Rs 50,300. Down payment already funded (Rs 60L available)."
CUST104543,P1 - Call today,Rent-to-EMI - Hot,Wealth Builder,Indiranagar,+91-9178768064,customer104543@example.com,4pm-7pm,0.755,127800.0,18500.0,10000.0,6897000.0,60300.0,4519000.0,Ready now,1.0,"HOT LEAD. Rent Rs 18,500 (14% of income). Eligible Rs 69L at EMI Rs 60,300. Down payment already funded (Rs 45L available)."
CUST106706,P1 - Call today,Home Loan - Ready,Steady Saver,Koramangala,+91-9635985263,customer106706@example.com,4pm-7pm,0.755,65100.0,0.0,5400.0,2733000.0,23900.0,1463000.0,Ready now,0.962,"READY LEAD (no rent outflow - may be living with family). Eligible Rs 27L at EMI Rs 23,900. Down payment funded (Rs 15L). Segment: Steady Saver."
CUST107578,P1 - Call today,Home Loan - Ready,Steady Saver,Electronic City,+91-9333493718,customer107578@example.com,10am-1pm,0.755,50800.0,0.0,0.0,2615000.0,22900.0,1883000.0,Ready now,0.999,"READY LEAD (no rent outflow - may be living with family). Eligible Rs 26L at EMI Rs 22,900. Down payment funded (Rs 19L). Segment: Steady Saver."
CUST107866,P1 - Call today,Rent-to-EMI - Hot,Wealth Builder,MG Road,+91-9853611777,customer107866@example.com,1pm-4pm,0.755,128800.0,33900.0,0.0,8104000.0,70800.0,3021000.0,Ready now,0.999,"HOT LEAD. Rent Rs 33,900 (26% of income). Eligible Rs 81L at EMI Rs 70,800. Down payment already funded (Rs 30L available)."
CUST102542,P1 - Call today,Rent-to-EMI - Hot,Wealth Builder,Koramangala,+91-9622298038,customer102542@example.com,1pm-4pm,0.753,65900.0,9500.0,0.0,3392000.0,29700.0,2042000.0,Ready now,1.0,"HOT LEAD. Rent Rs 9,500 (14% of income). Eligible Rs 34L at EMI Rs 29,700. Down payment already funded (Rs 20L available)."
CUST102577,P1 - Call today,Rent-to-EMI - Hot,Lifestyle Spender,Koramangala,+91-9849856480,customer102577@example.com,4pm-7pm,0.753,55900.0,20200.0,3200.0,2831000.0,24800.0,750000.0,Ready now,0.047,"HOT LEAD. Rent Rs 20,200 (36% of income). Eligible Rs 28L at EMI Rs 24,800. Down payment already funded (Rs 8L available)."
CUST104758,P1 - Call today,Rent-to-EMI - Hot,Wealth Builder,Electronic City,+91-9387074377,customer104758@example.com,4pm-7pm,0.753,102800.0,23300.0,6700.0,4173000.0,36500.0,4016000.0,Ready now,1.0,"HOT LEAD. Rent Rs 23,300 (23% of income). Eligible Rs 42L at EMI Rs 36,500. Down payment already funded (Rs 40L available)."
CUST106832,P1 - Call today,Home Loan - Ready,Steady Saver,Jayanagar,+91-9580872466,customer106832@example.com,1pm-4pm,0.753,40500.0,0.0,0.0,2085000.0,18200.0,2313000.0,Ready now,0.706,"READY LEAD (no rent outflow - may be living with family). Eligible Rs 21L at EMI Rs 18,200. Down payment funded (Rs 23L). Segment: Steady Saver."
CUST107857,P1 - Call today,Home Loan - Ready,Steady Saver,Jayanagar,+91-9408453699,customer107857@example.com,7pm-9pm,0.753,28700.0,0.0,0.0,1477000.0,12900.0,1246000.0,Ready now,0.869,"READY LEAD (no rent outflow - may be living with family). Eligible Rs 15L at EMI Rs 12,900. Down payment funded (Rs 12L). Segment: Steady Saver."
CUST102906,P1 - Call today,Home Loan - Ready,Steady Saver,Indiranagar,+91-9240975201,customer102906@example.com,1pm-4pm,0.752,49600.0,0.0,8400.0,1592000.0,13900.0,2044000.0,Ready now,0.441,"READY LEAD (no rent outflow - may be living with family). Eligible Rs 16L at EMI Rs 13,900. Down payment funded (Rs 20L). Segment: Steady Saver."
CUST105439,P1 - Call today,Rent-to-EMI - Hot,Wealth Builder,Indiranagar,+91-9817086220,customer105439@example.com,4pm-7pm,0.752,81100.0,33700.0,6200.0,3466000.0,30300.0,2779000.0,Ready now,0.846,"HOT LEAD. Rent Rs 33,700 (42% of income). Eligible Rs 35L at EMI Rs 30,300. Down payment already funded (Rs 28L available)."
CUST106471,P1 - Call today,Home Loan - Ready,Steady Saver,Electronic City,+91-9039640445,customer106471@example.com,4pm-7pm,0.752,108400.0,0.0,17200.0,4853000.0,42400.0,5262000.0,Ready now,0.531,"READY LEAD (no rent outflow - may be living with family). Eligible Rs 49L at EMI Rs 42,400. Down payment funded (Rs 53L). Segment: Steady Saver."
CUST106575,P1 - Call today,Rent-to-EMI - Hot,Wealth Builder,Koramangala,+91-9111870279,customer106575@example.com,4pm-7pm,0.752,58500.0,21000.0,0.0,2476000.0,21600.0,2207000.0,Ready now,1.0,"HOT LEAD. Rent Rs 21,000 (36% of income). Eligible Rs 25L at EMI Rs 21,600. Down payment already funded (Rs 22L available)."
CUST100012,P1 - Call today,Balance Transfer,Steady Saver,Indiranagar,+91-9408122232,customer100012@example.com,1pm-4pm,0.751,90600.0,12700.0,0.0,5182000.0,45300.0,2166000.0,Ready now,0.295,"BT pitch: currently 9.88%, outstanding Rs 32L. Monthly saving Rs 2,679. Carry the rate sheet."
CUST101886,P1 - Call today,Rent-to-EMI - Hot,Wealth Builder,Jayanagar,+91-9520361497,customer101886@example.com,4pm-7pm,0.751,65800.0,25100.0,0.0,3764000.0,32900.0,1036000.0,Ready now,1.0,"HOT LEAD. Rent Rs 25,100 (38% of income). Eligible Rs 38L at EMI Rs 32,900. Down payment already funded (Rs 10L available)."
CUST102108,P1 - Call today,Home Loan - Ready,Steady Saver,Jayanagar,+91-9228240771,customer102108@example.com,4pm-7pm,0.751,95000.0,0.0,0.0,4890000.0,42800.0,5466000.0,Ready now,1.0,"READY LEAD (no rent outflow - may be living with family). Eligible Rs 49L at EMI Rs 42,800. Down payment funded (Rs 55L). Segment: Steady Saver."
CUST103615,P1 - Call today,Rent-to-EMI - Hot,Wealth Builder,Electronic City,+91-9985498665,customer103615@example.com,1pm-4pm,0.751,78500.0,28700.0,0.0,4490000.0,39200.0,2582000.0,Ready now,0.235,"HOT LEAD. Rent Rs 28,700 (37% of income). Eligible Rs 45L at EMI Rs 39,200. Down payment already funded (Rs 26L available)."
CUST105951,P1 - Call today,Rent-to-EMI - Hot,Wealth Builder,Indiranagar,+91-9547183542,customer105951@example.com,10am-1pm,0.751,81500.0,27600.0,8200.0,3257000.0,28500.0,2500000.0,Ready now,0.447,"HOT LEAD. Rent Rs 27,600 (34% of income). Eligible Rs 33L at EMI Rs 28,500. Down payment already funded (Rs 25L available)."
CUST102045,P1 - Call today,Rent-to-EMI - Hot,Steady Saver,Indiranagar,+91-9494873941,customer102045@example.com,1pm-4pm,0.75,119000.0,31700.0,0.0,7487000.0,65500.0,6390000.0,Ready now,0.606,"HOT LEAD. Rent Rs 31,700 (27% of income). Eligible Rs 75L at EMI Rs 65,500. Down payment already funded (Rs 64L available)."
CUST103042,P1 - Call today,Home Loan - Ready,Steady Saver,Whitefield,+91-9760825073,customer103042@example.com,4pm-7pm,0.75,70200.0,0.0,6700.0,3249000.0,28400.0,1014000.0,Ready now,0.989,"READY LEAD (no rent outflow - may be living with family). Eligible Rs 32L at EMI Rs 28,400. Down payment funded (Rs 10L). Segment: Steady Saver."
CUST104568,P1 - Call today,Home Loan - Ready,Steady Saver,Jayanagar,+91-9965660146,customer104568@example.com,7pm-9pm,0.75,94400.0,0.0,10200.0,4233000.0,37000.0,4299000.0,Ready now,0.613,"READY LEAD (no rent outflow - may be living with family). Eligible Rs 42L at EMI Rs 37,000. Down payment funded (Rs 43L). Segment: Steady Saver."
CUST105538,P1 - Call today,Rent-to-EMI - Hot,Wealth Builder,Jayanagar,+91-9786548105,customer105538@example.com,10am-1pm,0.75,142800.0,30500.0,0.0,8168000.0,71400.0,6686000.0,Ready now,0.997,"HOT LEAD. Rent Rs 30,500 (21% of income). Eligible Rs 82L at EMI Rs 71,400. Down payment already funded (Rs 67L available)."
CUST105619,P1 - Call today,Home Loan - Ready,Steady Saver,Electronic City,+91-9184583822,customer105619@example.com,10am-1pm,0.75,54500.0,0.0,0.0,3117000.0,27200.0,964000.0,Ready now,0.992,"READY LEAD (no rent outflow - may be living with family). Eligible Rs 31L at EMI Rs 27,200. Down payment funded (Rs 10L). Segment: Steady Saver."
CUST107603,P1 - Call today,Home Loan - Ready,Steady Saver,Whitefield,+91-9331377439,customer107603@example.com,4pm-7pm,0.75,71300.0,0.0,14700.0,2397000.0,21000.0,3164000.0,Ready now,1.0,"READY LEAD (no rent outflow - may be living with family). Eligible Rs 24L at EMI Rs 21,000. Down payment funded (Rs 32L). Segment: Steady Saver."
CUST100188,P1 - Call today,Rent-to-EMI - Hot,Wealth Builder,Indiranagar,+91-9358270070,customer100188@example.com,7pm-9pm,0.749,81600.0,22000.0,0.0,4201000.0,36700.0,2492000.0,Ready now,0.829,"HOT LEAD. Rent Rs 22,000 (27% of income). Eligible Rs 42L at EMI Rs 36,700. Down payment already funded (Rs 25L available)."
CUST100271,P1 - Call today,Rent-to-EMI - Hot,Wealth Builder,Indiranagar,+91-9653994225,customer100271@example.com,10am-1pm,0.749,103100.0,41700.0,0.0,5897000.0,51600.0,1749000.0,Ready now,0.612,"HOT LEAD. Rent Rs 41,700 (40% of income). Eligible Rs 59L at EMI Rs 51,600. Down payment already funded (Rs 17L available)."
CUST104871,P1 - Call today,Rent-to-EMI - Hot,Wealth Builder,Indiranagar,+91-9355971415,customer104871@example.com,7pm-9pm,0.749,208300.0,84800.0,23700.0,9203000.0,80400.0,7107000.0,Ready now,0.994,"HOT LEAD. Rent Rs 84,800 (41% of income). Eligible Rs 92L at EMI Rs 80,400. Down payment already funded (Rs 71L available)."
CUST106191,P1 - Call today,Rent-to-EMI - Hot,Wealth Builder,Jayanagar,+91-9826763417,customer106191@example.com,4pm-7pm,0.749,56700.0,17100.0,0.0,3243000.0,28400.0,2186000.0,Ready now,0.518,"HOT LEAD. Rent Rs 17,100 (30% of income). Eligible Rs 32L at EMI Rs 28,400. Down payment already funded (Rs 22L available)."
CUST106377,P1 - Call today,Rent-to-EMI - Hot,Lifestyle Spender,Jayanagar,+91-9077988179,customer106377@example.com,1pm-4pm,0.749,49800.0,6800.0,6800.0,2071000.0,18100.0,936000.0,Ready now,0.059,"HOT LEAD. Rent Rs 6,800 (14% of income). Eligible Rs 21L at EMI Rs 18,100. Down payment already funded (Rs 9L available)."
CUST107671,P1 - Call today,Home Loan - Ready,Steady Saver,Indiranagar,+91-9238617246,customer107671@example.com,1pm-4pm,0.749,54100.0,0.0,7700.0,2214000.0,19400.0,1906000.0,Ready now,0.431,"READY LEAD (no rent outflow - may be living with family). Eligible Rs 22L at EMI Rs 19,400. Down payment funded (Rs 19L). Segment: Steady Saver."
CUST101370,P1 - Call today,Home Loan - Ready,Steady Saver,Indiranagar,+91-9982261536,customer101370@example.com,1pm-4pm,0.748,63900.0,0.0,0.0,3655000.0,32000.0,1702000.0,Ready now,1.0,"READY LEAD (no rent outflow - may be living with family). Eligible Rs 37L at EMI Rs 32,000. Down payment funded (Rs 17L). Segment: Steady Saver."
CUST103490,P1 - Call today,Rent-to-EMI - Hot,Steady Saver,Koramangala,+91-9727827422,customer103490@example.com,1pm-4pm,0.748,56400.0,7000.0,0.0,2903000.0,25400.0,866000.0,Ready now,0.905,"HOT LEAD. Rent Rs 7,000 (12% of income). Eligible Rs 29L at EMI Rs 25,400. Down payment already funded (Rs 9L available)."
CUST104006,P1 - Call today,Rent-to-EMI - Hot,Wealth Builder,MG Road,+91-9074776267,customer104006@example.com,7pm-9pm,0.748,65200.0,13500.0,0.0,3729000.0,32600.0,2839000.0,Ready now,0.887,"HOT LEAD. Rent Rs 13,500 (21% of income). Eligible Rs 37L at EMI Rs 32,600. Down payment already funded (Rs 28L available)."
CUST105102,P1 - Call today,Home Loan - Ready,Steady Saver,Indiranagar,+91-9541200332,customer105102@example.com,10am-1pm,0.748,64700.0,0.0,13000.0,1843000.0,16100.0,2571000.0,Ready now,1.0,"READY LEAD (no rent outflow - may be living with family). Eligible Rs 18L at EMI Rs 16,100. Down payment funded (Rs 26L). Segment: Steady Saver."
CUST106665,P1 - Call today,Rent-to-EMI - Hot,Wealth Builder,Koramangala,+91-9862247868,customer106665@example.com,7pm-9pm,0.748,25000.0,10300.0,4400.0,784000.0,6800.0,340000.0,Ready now,1.0,"HOT LEAD. Rent Rs 10,300 (41% of income). Eligible Rs 8L at EMI Rs 6,800. Down payment already funded (Rs 3L available)."
CUST100999,P1 - Call today,Rent-to-EMI - Hot,Wealth Builder,Whitefield,+91-9655760634,customer100999@example.com,1pm-4pm,0.747,141500.0,50300.0,11500.0,6778000.0,59200.0,2173000.0,Ready now,1.0,"HOT LEAD. Rent Rs 50,300 (36% of income). Eligible Rs 68L at EMI Rs 59,200. Down payment already funded (Rs 22L available)."
CUST101357,P1 - Call today,Rent-to-EMI - Hot,Lifestyle Spender,Whitefield,+91-9525428709,customer101357@example.com,4pm-7pm,0.747,64300.0,9400.0,0.0,3678000.0,32200.0,1207000.0,Ready now,0.062,"HOT LEAD. Rent Rs 9,400 (15% of income). Eligible Rs 37L at EMI Rs 32,200. Down payment already funded (Rs 12L available)."
CUST102943,P1 - Call today,Home Loan - Ready,Steady Saver,Koramangala,+91-9587774912,customer102943@example.com,10am-1pm,0.747,76700.0,0.0,0.0,4387000.0,38400.0,3484000.0,Ready now,0.401,"READY LEAD (no rent outflow - may be living with family). Eligible Rs 44L at EMI Rs 38,400. Down payment funded (Rs 35L). Segment: Steady Saver."
CUST103505,P1 - Call today,Home Loan - Ready,Steady Saver,Indiranagar,+91-9224494366,customer103505@example.com,10am-1pm,0.747,48600.0,0.0,2700.0,2471000.0,21600.0,1117000.0,Ready now,0.548,"READY LEAD (no rent outflow - may be living with family). Eligible Rs 25L at EMI Rs 21,600. Down payment funded (Rs 11L). Segment: Steady Saver."
CUST103720,P1 - Call today,Rent-to-EMI - Hot,Wealth Builder,Indiranagar,+91-9152887647,customer103720@example.com,7pm-9pm,0.747,64500.0,18500.0,0.0,3320000.0,29000.0,3576000.0,Ready now,0.544,"HOT LEAD. Rent Rs 18,500 (29% of income). Eligible Rs 33L at EMI Rs 29,000. Down payment already funded (Rs 36L available)."
CUST104800,P1 - Call today,Rent-to-EMI - Hot,Wealth Builder,Indiranagar,+91-9598507784,customer104800@example.com,4pm-7pm,0.747,92100.0,30900.0,8800.0,3734000.0,32600.0,5441000.0,Ready now,1.0,"HOT LEAD. Rent Rs 30,900 (34% of income). Eligible Rs 37L at EMI Rs 32,600. Down payment already funded (Rs 54L available)."
CUST105257,P1 - Call today,Home Loan - Ready,Steady Saver,Indiranagar,+91-9447046284,customer105257@example.com,7pm-9pm,0.747,47300.0,0.0,10200.0,1268000.0,11100.0,1768000.0,Ready now,0.63,"READY LEAD (no rent outflow - may be living with family). Eligible Rs 13L at EMI Rs 11,100. Down payment funded (Rs 18L). Segment: Steady Saver."
CUST106084,P1 - Call today,Home Loan - Ready,Steady Saver,Electronic City,+91-9520065471,customer106084@example.com,10am-1pm,0.747,57000.0,0.0,0.0,2934000.0,25600.0,3661000.0,Ready now,0.61,"READY LEAD (no rent outflow - may be living with family). Eligible Rs 29L at EMI Rs 25,600. Down payment funded (Rs 37L). Segment: Steady Saver."
CUST106210,P1 - Call today,Rent-to-EMI - Hot,Wealth Builder,Electronic City,+91-9782519942,customer106210@example.com,1pm-4pm,0.747,95900.0,17900.0,6900.0,4147000.0,36300.0,2619000.0,Ready now,0.538,"HOT LEAD. Rent Rs 17,900 (19% of income). Eligible Rs 41L at EMI Rs 36,300. Down payment already funded (Rs 26L available)."
CUST100615,P1 - Call today,Rent-to-EMI - Hot,Wealth Builder,MG Road,+91-9743722063,customer100615@example.com,10am-1pm,0.746,76500.0,30600.0,7300.0,3541000.0,31000.0,1735000.0,Ready now,1.0,"HOT LEAD. Rent Rs 30,600 (40% of income). Eligible Rs 35L at EMI Rs 31,000. Down payment already funded (Rs 17L available)."
CUST103412,P1 - Call today,Rent-to-EMI - Hot,Steady Saver,Whitefield,+91-9768189913,customer103412@example.com,4pm-7pm,0.746,265000.0,37500.0,0.0,15157000.0,132500.0,11585000.0,Ready now,0.69,"HOT LEAD. Rent Rs 37,500 (14% of income). Eligible Rs 152L at EMI Rs 132,500. Down payment already funded (Rs 116L available)."
CUST104342,P1 - Call today,Rent-to-EMI - Hot,Wealth Builder,Koramangala,+91-9813572119,customer104342@example.com,10am-1pm,0.746,77500.0,17500.0,7500.0,3132000.0,27400.0,2498000.0,Ready now,0.398,"HOT LEAD. Rent Rs 17,500 (23% of income). Eligible Rs 31L at EMI Rs 27,400. Down payment already funded (Rs 25L available)."
CUST107567,P1 - Call today,Rent-to-EMI - Hot,Steady Saver,Jayanagar,+91-9581539723,customer107567@example.com,1pm-4pm,0.746,83000.0,16400.0,4700.0,4210000.0,36800.0,3375000.0,Ready now,0.627,"HOT LEAD. Rent Rs 16,400 (20% of income). Eligible Rs 42L at EMI Rs 36,800. Down payment already funded (Rs 34L available)."
CUST100179,P1 - Call today,Rent-to-EMI - Hot,Wealth Builder,Whitefield,+91-9779394382,customer100179@example.com,10am-1pm,0.745,80100.0,20300.0,0.0,4123000.0,36000.0,3066000.0,Ready now,0.539,"HOT LEAD. Rent Rs 20,300 (25% of income). Eligible Rs 41L at EMI Rs 36,000. Down payment already funded (Rs 31L available)."
CUST101608,P1 - Call today,Balance Transfer,Stretched Borrower,Electronic City,+91-9129379146,customer101608@example.com,7pm-9pm,0.745,74100.0,15000.0,11300.0,2522000.0,22000.0,2414000.0,Ready now,0.505,"BT pitch: currently 10.35%, outstanding Rs 19L. Monthly saving Rs 2,114. Carry the rate sheet."
CUST103792,P1 - Call today,Home Loan - Ready,Steady Saver,Whitefield,+91-9014267533,customer103792@example.com,4pm-7pm,0.745,62900.0,0.0,2600.0,3300000.0,28800.0,2268000.0,Ready now,0.485,"READY LEAD (no rent outflow - may be living with family). Eligible Rs 33L at EMI Rs 28,800. Down payment funded (Rs 23L). Segment: Steady Saver."
CUST106670,P1 - Call today,Rent-to-EMI - Hot,Lifestyle Spender,Koramangala,+91-9817543840,customer106670@example.com,1pm-4pm,0.745,68400.0,14400.0,10700.0,2688000.0,23500.0,1061000.0,Ready now,0.009,"HOT LEAD. Rent Rs 14,400 (21% of income). Eligible Rs 27L at EMI Rs 23,500. Down payment already funded (Rs 11L available)."
CUST107557,P1 - Call today,Rent-to-EMI - Hot,Wealth Builder,MG Road,+91-9674907485,customer107557@example.com,7pm-9pm,0.745,43300.0,10900.0,0.0,2229000.0,19500.0,1909000.0,Ready now,0.998,"HOT LEAD. Rent Rs 10,900 (25% of income). Eligible Rs 22L at EMI Rs 19,500. Down payment already funded (Rs 19L available)."
CUST100108,P1 - Call today,Rent-to-EMI - Hot,Wealth Builder,MG Road,+91-9064765690,customer100108@example.com,7pm-9pm,0.744,37900.0,11700.0,0.0,1951000.0,17100.0,698000.0,Ready now,0.493,"HOT LEAD. Rent Rs 11,700 (31% of income). Eligible Rs 20L at EMI Rs 17,100. Down payment already funded (Rs 7L available)."
CUST100716,P1 - Call today,Home Loan - Ready,Steady Saver,Indiranagar,+91-9896435700,customer100716@example.com,1pm-4pm,0.744,117900.0,0.0,6000.0,6057000.0,53000.0,6465000.0,Ready now,0.57,"READY LEAD (no rent outflow - may be living with family). Eligible Rs 61L at EMI Rs 53,000. Down payment funded (Rs 65L). Segment: Steady Saver."
CUST101221,P1 - Call today,Rent-to-EMI - Hot,Wealth Builder,Jayanagar,+91-9191913757,customer101221@example.com,4pm-7pm,0.744,25000.0,6700.0,0.0,1287000.0,11200.0,769000.0,Ready now,0.994,"HOT LEAD. Rent Rs 6,700 (27% of income). Eligible Rs 13L at EMI Rs 11,200. Down payment already funded (Rs 8L available)."
CUST102989,P1 - Call today,Rent-to-EMI - Hot,Wealth Builder,Indiranagar,+91-9163437054,customer102989@example.com,10am-1pm,0.744,25000.0,10400.0,2600.0,990000.0,8600.0,581000.0,Ready now,1.0,"HOT LEAD. Rent Rs 10,400 (42% of income). Eligible Rs 10L at EMI Rs 8,600. Down payment already funded (Rs 6L available)."
CUST105191,P1 - Call today,Rent-to-EMI - Hot,Wealth Builder,Whitefield,+91-9808682907,customer105191@example.com,4pm-7pm,0.744,71200.0,14100.0,0.0,4072000.0,35600.0,4237000.0,Ready now,0.514,"HOT LEAD. Rent Rs 14,100 (20% of income). Eligible Rs 41L at EMI Rs 35,600. Down payment already funded (Rs 42L available)."
CUST106152,P1 - Call today,Rent-to-EMI - Hot,Banking Elsewhere,Electronic City,+91-9511159663,customer106152@example.com,10am-1pm,0.744,41200.0,6200.0,0.0,2357000.0,20600.0,809000.0,Ready now,0.011,"HOT LEAD. Rent Rs 6,200 (15% of income). Eligible Rs 24L at EMI Rs 20,600. Down payment already funded (Rs 8L available)."
CUST107599,P1 - Call today,Rent-to-EMI - Hot,Wealth Builder,Jayanagar,+91-9413681334,customer107599@example.com,4pm-7pm,0.744,63800.0,11100.0,3500.0,2884000.0,25200.0,2121000.0,Ready now,0.846,"HOT LEAD. Rent Rs 11,100 (17% of income). Eligible Rs 29L at EMI Rs 25,200. Down payment already funded (Rs 21L available)."
CUST101064,P1 - Call today,Home Loan - Ready,Steady Saver,Whitefield,+91-9130593254,customer101064@example.com,4pm-7pm,0.743,29800.0,0.0,1700.0,1340000.0,11700.0,1923000.0,Ready now,0.817,"READY LEAD (no rent outflow - may be living with family). Eligible Rs 13L at EMI Rs 11,700. Down payment funded (Rs 19L). Segment: Steady Saver."
CUST103584,P1 - Call today,Rent-to-EMI - Hot,Wealth Builder,Whitefield,+91-9167612886,customer103584@example.com,10am-1pm,0.743,58700.0,17100.0,2700.0,3049000.0,26600.0,2718000.0,Ready now,0.43,"HOT LEAD. Rent Rs 17,100 (29% of income). Eligible Rs 30L at EMI Rs 26,600. Down payment already funded (Rs 27L available)."
CUST103634,P1 - Call today,Home Loan - Ready,Steady Saver,Indiranagar,+91-9365224502,customer103634@example.com,1pm-4pm,0.743,64900.0,0.0,0.0,3341000.0,29200.0,3510000.0,Ready now,0.997,"READY LEAD (no rent outflow - may be living with family). Eligible Rs 33L at EMI Rs 29,200. Down payment funded (Rs 35L). Segment: Steady Saver."
CUST103893,P1 - Call today,Rent-to-EMI - Hot,Wealth Builder,Jayanagar,+91-9618106797,customer103893@example.com,4pm-7pm,0.743,110300.0,43700.0,11400.0,5005000.0,43800.0,5312000.0,Ready now,0.429,"HOT LEAD. Rent Rs 43,700 (40% of income). Eligible Rs 50L at EMI Rs 43,800. Down payment already funded (Rs 53L available)."
CUST105314,P1 - Call today,Rent-to-EMI - Hot,Wealth Builder,Jayanagar,+91-9315911404,customer105314@example.com,7pm-9pm,0.743,82600.0,16100.0,9000.0,3223000.0,28200.0,2497000.0,Ready now,0.998,"HOT LEAD. Rent Rs 16,100 (20% of income). Eligible Rs 32L at EMI Rs 28,200. Down payment already funded (Rs 25L available)."
CUST105561,P1 - Call today,Rent-to-EMI - Hot,Wealth Builder,Whitefield,+91-9336611154,customer105561@example.com,4pm-7pm,0.743,95200.0,25800.0,0.0,4901000.0,42800.0,1803000.0,Ready now,0.999,"HOT LEAD. Rent Rs 25,800 (27% of income). Eligible Rs 49L at EMI Rs 42,800. Down payment already funded (Rs 18L available)."
CUST101778,P1 - Call today,Home Loan - Ready,Steady Saver,Whitefield,+91-9289071678,customer101778@example.com,7pm-9pm,0.742,40000.0,0.0,0.0,2059000.0,18000.0,1542000.0,Ready now,0.996,"READY LEAD (no rent outflow - may be living with family). Eligible Rs 21L at EMI Rs 18,000. Down payment funded (Rs 15L). Segment: Steady Saver."
CUST102684,P1 - Call today,Rent-to-EMI - Hot,Wealth Builder,Indiranagar,+91-9406177090,customer102684@example.com,4pm-7pm,0.742,94900.0,33400.0,6500.0,4142000.0,36200.0,2698000.0,Ready now,1.0,"HOT LEAD. Rent Rs 33,400 (35% of income). Eligible Rs 41L at EMI Rs 36,200. Down payment already funded (Rs 27L available)."
CUST104202,P1 - Call today,Home Loan - Ready,Steady Saver,Jayanagar,+91-9444422389,customer104202@example.com,7pm-9pm,0.742,47900.0,0.0,0.0,2740000.0,24000.0,1872000.0,Ready now,0.649,"READY LEAD (no rent outflow - may be living with family). Eligible Rs 27L at EMI Rs 24,000. Down payment funded (Rs 19L). Segment: Steady Saver."
CUST104513,P1 - Call today,Rent-to-EMI - Hot,Wealth Builder,Indiranagar,+91-9113646088,customer104513@example.com,1pm-4pm,0.742,31600.0,8200.0,1300.0,1478000.0,12900.0,1547000.0,Ready now,0.45,"HOT LEAD. Rent Rs 8,200 (26% of income). Eligible Rs 15L at EMI Rs 12,900. Down payment already funded (Rs 15L available)."
CUST105218,P1 - Call today,Rent-to-EMI - Hot,Wealth Builder,MG Road,+91-9496624460,customer105218@example.com,7pm-9pm,0.742,25300.0,7300.0,1900.0,1085000.0,9500.0,745000.0,Ready now,1.0,"HOT LEAD. Rent Rs 7,300 (29% of income). Eligible Rs 11L at EMI Rs 9,500. Down payment already funded (Rs 7L available)."
CUST105453,P1 - Call today,Rent-to-EMI - Hot,Steady Saver,Electronic City,+91-9462508512,customer105453@example.com,4pm-7pm,0.742,55800.0,11100.0,0.0,2872000.0,25100.0,825000.0,Ready now,0.643,"HOT LEAD. Rent Rs 11,100 (20% of income). Eligible Rs 29L at EMI Rs 25,100. Down payment already funded (Rs 8L available)."
CUST106590,P1 - Call today,Rent-to-EMI - Hot,Wealth Builder,Electronic City,+91-9519355187,customer106590@example.com,1pm-4pm,0.742,182100.0,36200.0,7400.0,9569000.0,83600.0,7382000.0,Ready now,0.646,"HOT LEAD. Rent Rs 36,200 (20% of income). Eligible Rs 96L at EMI Rs 83,600. Down payment already funded (Rs 74L available)."
CUST107463,P1 - Call today,Rent-to-EMI - Hot,Wealth Builder,Indiranagar,+91-9113175253,customer107463@example.com,1pm-4pm,0.742,51000.0,10200.0,2600.0,1861000.0,16300.0,2390000.0,Ready now,0.994,"HOT LEAD. Rent Rs 10,200 (20% of income). Eligible Rs 19L at EMI Rs 16,300. Down payment already funded (Rs 24L available)."
CUST101853,P1 - Call today,Rent-to-EMI - Hot,Steady Saver,Indiranagar,+91-9936525305,customer101853@example.com,4pm-7pm,0.741,57700.0,8700.0,0.0,2970000.0,26000.0,1760000.0,Ready now,0.999,"HOT LEAD. Rent Rs 8,700 (15% of income). Eligible Rs 30L at EMI Rs 26,000. Down payment already funded (Rs 18L available)."
CUST103053,P1 - Call today,Rent-to-EMI - Hot,Wealth Builder,MG Road,+91-9490684510,customer103053@example.com,4pm-7pm,0.741,196200.0,63900.0,32100.0,8672000.0,75800.0,7087000.0,Ready now,1.0,"HOT LEAD. Rent Rs 63,900 (33% of income). Eligible Rs 87L at EMI Rs 75,800. Down payment already funded (Rs 71L available)."
CUST103859,P1 - Call today,Rent-to-EMI - Hot,Wealth Builder,Indiranagar,+91-9301955010,customer103859@example.com,4pm-7pm,0.741,65200.0,27300.0,5100.0,2773000.0,24200.0,3021000.0,Ready now,0.595,"HOT LEAD. Rent Rs 27,300 (42% of income). Eligible Rs 28L at EMI Rs 24,200. Down payment already funded (Rs 30L available)."
CUST105247,P1 - Call today,Rent-to-EMI - Hot,Wealth Builder,Koramangala,+91-9822734735,customer105247@example.com,7pm-9pm,0.741,146700.0,50700.0,0.0,8391000.0,73400.0,4291000.0,Ready now,1.0,"HOT LEAD. Rent Rs 50,700 (35% of income). Eligible Rs 84L at EMI Rs 73,400. Down payment already funded (Rs 43L available)."
CUST105729,P1 - Call today,Rent-to-EMI - Hot,Wealth Builder,Jayanagar,+91-9542515378,customer105729@example.com,10am-1pm,0.741,83500.0,23400.0,0.0,4298000.0,37600.0,1764000.0,Ready now,0.803,"HOT LEAD. Rent Rs 23,400 (28% of income). Eligible Rs 43L at EMI Rs 37,600. Down payment already funded (Rs 18L available)."
CUST100073,P1 - Call today,Home Loan - Ready,Steady Saver,MG Road,+91-9500196050,customer100073@example.com,7pm-9pm,0.74,67900.0,0.0,0.0,3884000.0,34000.0,2845000.0,Ready now,0.506,"READY LEAD (no rent outflow - may be living with family). Eligible Rs 39L at EMI Rs 34,000. Down payment funded (Rs 28L). Segment: Steady Saver."
CUST101912,P1 - Call today,Balance Transfer,Wealth Builder,Whitefield,+91-9723708157,customer101912@example.com,4pm-7pm,0.74,74400.0,28600.0,13900.0,2665000.0,23300.0,2006000.0,Ready now,0.995,"BT pitch: currently 9.7%, outstanding Rs 22L. Monthly saving Rs 1,546. Carry the rate sheet."
CUST102058,P1 - Call today,Rent-to-EMI - Hot,Steady Saver,Indiranagar,+91-9751099145,customer102058@example.com,10am-1pm,0.74,33200.0,4100.0,0.0,1709000.0,14900.0,791000.0,Ready now,1.0,"HOT LEAD. Rent Rs 4,100 (12% of income). Eligible Rs 17L at EMI Rs 14,900. Down payment already funded (Rs 8L available)."
CUST103818,P1 - Call today,Balance Transfer,Wealth Builder,MG Road,+91-9420481160,customer103818@example.com,7pm-9pm,0.74,123500.0,43300.0,6900.0,6981000.0,61000.0,6121000.0,Ready now,0.705,"BT pitch: currently 10.23%, outstanding Rs 58L. Monthly saving Rs 6,210. Carry the rate sheet."
CUST104836,P1 - Call today,Rent-to-EMI - Hot,Wealth Builder,Electronic City,+91-9187151978,customer104836@example.com,4pm-7pm,0.74,60500.0,17400.0,6300.0,2394000.0,20900.0,895000.0,Ready now,1.0,"HOT LEAD. Rent Rs 17,400 (29% of income). Eligible Rs 24L at EMI Rs 20,900. Down payment already funded (Rs 9L available)."
CUST105353,P1 - Call today,Rent-to-EMI - Hot,Wealth Builder,Koramangala,+91-9604816820,customer105353@example.com,10am-1pm,0.74,112000.0,35800.0,0.0,5381000.0,47000.0,4142000.0,Ready now,0.284,"HOT LEAD. Rent Rs 35,800 (32% of income). Eligible Rs 54L at EMI Rs 47,000. Down payment already funded (Rs 41L available)."
CUST106062,P1 - Call today,Rent-to-EMI - Hot,Wealth Builder,Koramangala,+91-9110530518,customer106062@example.com,10am-1pm,0.74,60100.0,20700.0,15200.0,1699000.0,14800.0,2691000.0,Ready now,1.0,"HOT LEAD. Rent Rs 20,700 (34% of income). Eligible Rs 17L at EMI Rs 14,800. Down payment already funded (Rs 27L available)."
CUST106938,P1 - Call today,Home Loan - Ready,Steady Saver,Koramangala,+91-9395467310,customer106938@example.com,7pm-9pm,0.74,103100.0,0.0,0.0,5897000.0,51600.0,4382000.0,Ready now,0.755,"READY LEAD (no rent outflow - may be living with family). Eligible Rs 59L at EMI Rs 51,600. Down payment funded (Rs 44L). Segment: Steady Saver."
CUST100544,P1 - Call today,Rent-to-EMI - Hot,Lifestyle Spender,MG Road,+91-9313555276,customer100544@example.com,7pm-9pm,0.739,97100.0,40600.0,30300.0,2088000.0,18200.0,1688000.0,Ready now,0.092,"HOT LEAD. Rent Rs 40,600 (42% of income). Eligible Rs 21L at EMI Rs 18,200. Down payment already funded (Rs 17L available)."
CUST101093,P1 - Call today,Home Loan - Ready,Steady Saver,MG Road,+91-9030554211,customer101093@example.com,7pm-9pm,0.739,60300.0,0.0,0.0,3449000.0,30200.0,2670000.0,Ready now,0.999,"READY LEAD (no rent outflow - may be living with family). Eligible Rs 34L at EMI Rs 30,200. Down payment funded (Rs 27L). Segment: Steady Saver."
CUST101603,P1 - Call today,Home Loan - Ready,Steady Saver,Electronic City,+91-9392690613,customer101603@example.com,4pm-7pm,0.739,65000.0,0.0,0.0,2751000.0,24000.0,2946000.0,Ready now,0.766,"READY LEAD (no rent outflow - may be living with family). Eligible Rs 28L at EMI Rs 24,000. Down payment funded (Rs 29L). Segment: Steady Saver."
CUST101810,P1 - Call today,Rent-to-EMI - Hot,Wealth Builder,Indiranagar,+91-9906792162,customer101810@example.com,10am-1pm,0.739,164100.0,28800.0,10300.0,8208000.0,71800.0,3712000.0,Ready now,0.996,"HOT LEAD. Rent Rs 28,800 (18% of income). Eligible Rs 82L at EMI Rs 71,800. Down payment already funded (Rs 37L available)."
CUST103483,P1 - Call today,Rent-to-EMI - Hot,Wealth Builder,Koramangala,+91-9779286502,customer103483@example.com,1pm-4pm,0.739,78500.0,22800.0,4200.0,4010000.0,35000.0,2717000.0,Ready now,0.297,"HOT LEAD. Rent Rs 22,800 (29% of income). Eligible Rs 40L at EMI Rs 35,000. Down payment already funded (Rs 27L available)."
CUST105010,P1 - Call today,Rent-to-EMI - Hot,Wealth Builder,Jayanagar,+91-9016200546,customer105010@example.com,7pm-9pm,0.739,28600.0,9300.0,0.0,1472000.0,12900.0,756000.0,Ready now,0.419,"HOT LEAD. Rent Rs 9,300 (32% of income). Eligible Rs 15L at EMI Rs 12,900. Down payment already funded (Rs 8L available)."
CUST106345,P1 - Call today,Rent-to-EMI - Hot,Wealth Builder,Jayanagar,+91-9329784185,customer106345@example.com,10am-1pm,0.739,37900.0,5600.0,5200.0,1573000.0,13800.0,1418000.0,Ready now,1.0,"HOT LEAD. Rent Rs 5,600 (15% of income). Eligible Rs 16L at EMI Rs 13,800. Down payment already funded (Rs 14L available)."
CUST106389,P1 - Call today,Rent-to-EMI - Hot,Wealth Builder,Jayanagar,+91-9553810157,customer106389@example.com,10am-1pm,0.738,60000.0,24300.0,18400.0,1327000.0,11600.0,4045000.0,Ready now,0.629,"HOT LEAD. Rent Rs 24,300 (40% of income). Eligible Rs 13L at EMI Rs 11,600. Down payment already funded (Rs 40L available)."
CUST102161,P1 - Call today,Balance Transfer,Wealth Builder,Indiranagar,+91-9925926096,customer102161@example.com,7pm-9pm,0.737,89100.0,20500.0,9700.0,3477000.0,30400.0,3717000.0,Ready now,0.47,"BT pitch: currently 10.73%, outstanding Rs 31L. Monthly saving Rs 4,376. Carry the rate sheet."
CUST102384,P1 - Call today,Home Loan - Ready,Steady Saver,Whitefield,+91-9778415739,customer102384@example.com,7pm-9pm,0.737,48000.0,0.0,4000.0,2013000.0,17600.0,1326000.0,Ready now,0.987,"READY LEAD (no rent outflow - may be living with family). Eligible Rs 20L at EMI Rs 17,600. Down payment funded (Rs 13L). Segment: Steady Saver."
CUST103380,P1 - Call today,Rent-to-EMI - Hot,Wealth Builder,Electronic City,+91-9135053588,customer103380@example.com,4pm-7pm,0.737,46300.0,17500.0,0.0,2383000.0,20800.0,1286000.0,Ready now,0.998,"HOT LEAD. Rent Rs 17,500 (38% of income). Eligible Rs 24L at EMI Rs 20,800. Down payment already funded (Rs 13L available)."
CUST104752,P1 - Call today,Home Loan - Ready,Steady Saver,MG Road,+91-9469780431,customer104752@example.com,4pm-7pm,0.737,59200.0,0.0,0.0,3047000.0,26600.0,2570000.0,Ready now,0.386,"READY LEAD (no rent outflow - may be living with family). Eligible Rs 30L at EMI Rs 26,600. Down payment funded (Rs 26L). Segment: Steady Saver."
CUST100987,P1 - Call today,Rent-to-EMI - Hot,Wealth Builder,MG Road,+91-9791572525,customer100987@example.com,10am-1pm,0.736,87100.0,23000.0,7700.0,3603000.0,31500.0,3763000.0,Ready now,0.51,"HOT LEAD. Rent Rs 23,000 (26% of income). Eligible Rs 36L at EMI Rs 31,500. Down payment already funded (Rs 38L available)."
CUST102253,P1 - Call today,Rent-to-EMI - Hot,Wealth Builder,Koramangala,+91-9218762101,customer102253@example.com,1pm-4pm,0.736,95100.0,31500.0,0.0,4896000.0,42800.0,3773000.0,Ready now,0.659,"HOT LEAD. Rent Rs 31,500 (33% of income). Eligible Rs 49L at EMI Rs 42,800. Down payment already funded (Rs 38L available)."
CUST104673,P1 - Call today,Home Loan - Ready,Steady Saver,Jayanagar,+91-9154001224,customer104673@example.com,1pm-4pm,0.736,107900.0,0.0,20400.0,2850000.0,24900.0,5560000.0,Ready now,0.482,"READY LEAD (no rent outflow - may be living with family). Eligible Rs 28L at EMI Rs 24,900. Down payment funded (Rs 56L). Segment: Steady Saver."
CUST105258,P1 - Call today,Rent-to-EMI - Hot,Lifestyle Spender,MG Road,+91-9230500260,customer105258@example.com,10am-1pm,0.736,76400.0,30700.0,0.0,4370000.0,38200.0,1326000.0,Ready now,0.094,"HOT LEAD. Rent Rs 30,700 (40% of income). Eligible Rs 44L at EMI Rs 38,200. Down payment already funded (Rs 13L available)."
CUST105382,P1 - Call today,Home Loan - Ready,Steady Saver,Indiranagar,+91-9588202861,customer105382@example.com,10am-1pm,0.736,121600.0,0.0,0.0,7651000.0,66900.0,3992000.0,Ready now,0.997,"READY LEAD (no rent outflow - may be living with family). Eligible Rs 77L at EMI Rs 66,900. Down payment funded (Rs 40L). Segment: Steady Saver."
CUST106715,P1 - Call today,Rent-to-EMI - Hot,Wealth Builder,Whitefield,+91-9325533883,customer106715@example.com,1pm-4pm,0.736,78100.0,27500.0,21100.0,1607000.0,14000.0,4076000.0,Ready now,0.432,"HOT LEAD. Rent Rs 27,500 (35% of income). Eligible Rs 16L at EMI Rs 14,000. Down payment already funded (Rs 41L available)."
CUST106795,P1 - Call today,Rent-to-EMI - Hot,Wealth Builder,MG Road,+91-9227232791,customer106795@example.com,4pm-7pm,0.736,64000.0,17500.0,0.0,3295000.0,28800.0,1957000.0,Ready now,1.0,"HOT LEAD. Rent Rs 17,500 (27% of income). Eligible Rs 33L at EMI Rs 28,800. Down payment already funded (Rs 20L available)."
CUST107805,P1 - Call today,Home Loan - Ready,Steady Saver,Whitefield,+91-9582686894,customer107805@example.com,4pm-7pm,0.736,47900.0,0.0,3200.0,2100000.0,18400.0,2007000.0,Ready now,0.538,"READY LEAD (no rent outflow - may be living with family). Eligible Rs 21L at EMI Rs 18,400. Down payment funded (Rs 20L). Segment: Steady Saver."
CUST101587,P1 - Call today,Home Loan - Ready,Steady Saver,Whitefield,+91-9106050618,customer101587@example.com,7pm-9pm,0.735,66200.0,0.0,8600.0,2424000.0,21200.0,4881000.0,Ready now,0.569,"READY LEAD (no rent outflow - may be living with family). Eligible Rs 24L at EMI Rs 21,200. Down payment funded (Rs 49L). Segment: Steady Saver."
CUST101754,P1 - Call today,Home Loan - Ready,Steady Saver,MG Road,+91-9175421944,customer101754@example.com,1pm-4pm,0.735,67900.0,0.0,4500.0,3369000.0,29400.0,1875000.0,Ready now,0.923,"READY LEAD (no rent outflow - may be living with family). Eligible Rs 34L at EMI Rs 29,400. Down payment funded (Rs 19L). Segment: Steady Saver."
CUST102140,P1 - Call today,Home Loan - Ready,Steady Saver,Indiranagar,+91-9310207250,customer102140@example.com,7pm-9pm,0.735,130000.0,0.0,0.0,8179000.0,71500.0,5413000.0,Ready now,0.574,"READY LEAD (no rent outflow - may be living with family). Eligible Rs 82L at EMI Rs 71,500. Down payment funded (Rs 54L). Segment: Steady Saver."
CUST103221,P1 - Call today,Rent-to-EMI - Hot,Lifestyle Spender,Indiranagar,+91-9083836322,customer103221@example.com,10am-1pm,0.735,49900.0,8400.0,0.0,2854000.0,25000.0,1038000.0,Ready now,0.106,"HOT LEAD. Rent Rs 8,400 (17% of income). Eligible Rs 29L at EMI Rs 25,000. Down payment already funded (Rs 10L available)."
CUST103426,P1 - Call today,Home Loan - Ready,Steady Saver,MG Road,+91-9005525435,customer103426@example.com,10am-1pm,0.735,72800.0,0.0,7000.0,3363000.0,29400.0,839000.0,Ready now,1.0,"READY LEAD (no rent outflow - may be living with family). Eligible Rs 34L at EMI Rs 29,400. Down payment funded (Rs 8L). Segment: Steady Saver."
CUST100258,P1 - Call today,Home Loan - Ready,Steady Saver,Indiranagar,+91-9193726408,customer100258@example.com,7pm-9pm,0.734,50000.0,0.0,0.0,2574000.0,22500.0,2009000.0,Ready now,0.477,"READY LEAD (no rent outflow - may be living with family). Eligible Rs 26L at EMI Rs 22,500. Down payment funded (Rs 20L). Segment: Steady Saver."
CUST100965,P1 - Call today,Rent-to-EMI - Hot,Wealth Builder,Indiranagar,+91-9986820733,customer100965@example.com,7pm-9pm,0.734,29100.0,3500.0,5000.0,926000.0,8100.0,1595000.0,Ready now,0.99,"HOT LEAD. Rent Rs 3,500 (12% of income). Eligible Rs 9L at EMI Rs 8,100. Down payment already funded (Rs 16L available)."
CUST101816,P1 - Call today,Rent-to-EMI - Hot,Wealth Builder,Electronic City,+91-9464473994,customer101816@example.com,4pm-7pm,0.734,144300.0,40700.0,0.0,8254000.0,72200.0,4127000.0,Ready now,0.323,"HOT LEAD. Rent Rs 40,700 (28% of income). Eligible Rs 83L at EMI Rs 72,200. Down payment already funded (Rs 41L available)."
CUST101996,P1 - Call today,Rent-to-EMI - Hot,Wealth Builder,Koramangala,+91-9933655981,customer101996@example.com,4pm-7pm,0.734,78200.0,30500.0,0.0,4026000.0,35200.0,3920000.0,Ready now,0.504,"HOT LEAD. Rent Rs 30,500 (39% of income). Eligible Rs 40L at EMI Rs 35,200. Down payment already funded (Rs 39L available)."
CUST102431,P1 - Call today,Rent-to-EMI - Hot,Steady Saver,Indiranagar,+91-9788240792,customer102431@example.com,4pm-7pm,0.734,56300.0,7400.0,5200.0,2625000.0,23000.0,2852000.0,Ready now,0.504,"HOT LEAD. Rent Rs 7,400 (13% of income). Eligible Rs 26L at EMI Rs 23,000. Down payment already funded (Rs 29L available)."
CUST107026,P1 - Call today,Balance Transfer,Wealth Builder,Electronic City,+91-9271128976,customer107026@example.com,10am-1pm,0.734,86300.0,27300.0,20100.0,2637000.0,23000.0,2358000.0,Ready now,1.0,"BT pitch: currently 10.01%, outstanding Rs 26L. Monthly saving Rs 2,423. Carry the rate sheet."
CUST101297,P1 - Call today,Rent-to-EMI - Hot,Wealth Builder,Koramangala,+91-9047789522,customer101297@example.com,4pm-7pm,0.733,109600.0,35700.0,17400.0,4278000.0,37400.0,2894000.0,Ready now,0.478,"HOT LEAD. Rent Rs 35,700 (33% of income). Eligible Rs 43L at EMI Rs 37,400. Down payment already funded (Rs 29L available)."
CUST101583,P1 - Call today,Home Loan - Ready,Steady Saver,Electronic City,+91-9334379944,customer101583@example.com,10am-1pm,0.733,53000.0,0.0,0.0,2728000.0,23800.0,2052000.0,Ready now,0.997,"READY LEAD (no rent outflow - may be living with family). Eligible Rs 27L at EMI Rs 23,800. Down payment funded (Rs 21L). Segment: Steady Saver."
CUST103816,P1 - Call today,Rent-to-EMI - Hot,Steady Saver,Koramangala,+91-9176144213,customer103816@example.com,10am-1pm,0.733,49500.0,6900.0,6600.0,1793000.0,15700.0,2260000.0,Ready now,0.505,"HOT LEAD. Rent Rs 6,900 (14% of income). Eligible Rs 18L at EMI Rs 15,700. Down payment already funded (Rs 23L available)."
CUST105368,P1 - Call today,Rent-to-EMI - Hot,Wealth Builder,Whitefield,+91-9594446686,customer105368@example.com,10am-1pm,0.733,105700.0,39800.0,0.0,6046000.0,52800.0,3774000.0,Ready now,0.376,"HOT LEAD. Rent Rs 39,800 (38% of income). Eligible Rs 60L at EMI Rs 52,800. Down payment already funded (Rs 38L available)."
CUST105501,P1 - Call today,Rent-to-EMI - Hot,Wealth Builder,Koramangala,+91-9222643115,customer105501@example.com,4pm-7pm,0.733,98500.0,40600.0,10400.0,3881000.0,33900.0,4488000.0,Ready now,0.747,"HOT LEAD. Rent Rs 40,600 (41% of income). Eligible Rs 39L at EMI Rs 33,900. Down payment already funded (Rs 45L available)."
CUST105520,P1 - Call today,Rent-to-EMI - Hot,Steady Saver,Jayanagar,+91-9384094824,customer105520@example.com,4pm-7pm,0.733,48300.0,9700.0,0.0,2486000.0,21700.0,2630000.0,Ready now,0.44,"HOT LEAD. Rent Rs 9,700 (20% of income). Eligible Rs 25L at EMI Rs 21,700. Down payment already funded (Rs 26L available)."
CUST105902,P1 - Call today,Rent-to-EMI - Hot,Wealth Builder,MG Road,+91-9604214623,customer105902@example.com,1pm-4pm,0.733,255000.0,81100.0,50800.0,10233000.0,89400.0,14089000.0,Ready now,0.685,"HOT LEAD. Rent Rs 81,100 (32% of income). Eligible Rs 102L at EMI Rs 89,400. Down payment already funded (Rs 141L available)."
CUST100038,P1 - Call today,Rent-to-EMI - Hot,Wealth Builder,Jayanagar,+91-9256364107,customer100038@example.com,10am-1pm,0.732,44100.0,12400.0,2600.0,1973000.0,17200.0,1249000.0,Ready now,1.0,"HOT LEAD. Rent Rs 12,400 (28% of income). Eligible Rs 20L at EMI Rs 17,200. Down payment already funded (Rs 12L available)."
CUST101977,P1 - Call today,Home Loan - Ready,Steady Saver,Koramangala,+91-9140685244,customer101977@example.com,10am-1pm,0.732,108900.0,0.0,8700.0,5234000.0,45800.0,4191000.0,Ready now,0.377,"READY LEAD (no rent outflow - may be living with family). Eligible Rs 52L at EMI Rs 45,800. Down payment funded (Rs 42L). Segment: Steady Saver."
CUST105069,P1 - Call today,Rent-to-EMI - Hot,Wealth Builder,Koramangala,+91-9869333748,customer105069@example.com,7pm-9pm,0.732,74400.0,15300.0,7800.0,2938000.0,25700.0,2528000.0,Ready now,1.0,"HOT LEAD. Rent Rs 15,300 (21% of income). Eligible Rs 29L at EMI Rs 25,700. Down payment already funded (Rs 25L available)."
CUST106118,P1 - Call today,Rent-to-EMI - Hot,Wealth Builder,Electronic City,+91-9559280407,customer106118@example.com,10am-1pm,0.732,70200.0,27800.0,3600.0,3202000.0,28000.0,1625000.0,Ready now,0.985,"HOT LEAD. Rent Rs 27,800 (40% of income). Eligible Rs 32L at EMI Rs 28,000. Down payment already funded (Rs 16L available)."
CUST106135,P1 - Call today,Home Loan - Ready,Steady Saver,Electronic City,+91-9164265098,customer106135@example.com,4pm-7pm,0.732,94800.0,0.0,0.0,4880000.0,42700.0,4133000.0,Ready now,0.533,"READY LEAD (no rent outflow - may be living with family). Eligible Rs 49L at EMI Rs 42,700. Down payment funded (Rs 41L). Segment: Steady Saver."
CUST107368,P1 - Call today,Rent-to-EMI - Hot,Wealth Builder,Whitefield,+91-9657613654,customer107368@example.com,7pm-9pm,0.732,43300.0,11600.0,4600.0,1703000.0,14900.0,2378000.0,Ready now,0.497,"HOT LEAD. Rent Rs 11,600 (27% of income). Eligible Rs 17L at EMI Rs 14,900. Down payment already funded (Rs 24L available)."
CUST100134,P1 - Call today,Rent-to-EMI - Hot,Wealth Builder,Indiranagar,+91-9385971667,customer100134@example.com,7pm-9pm,0.731,35100.0,10000.0,2400.0,1532000.0,13400.0,616000.0,Ready now,0.971,"HOT LEAD. Rent Rs 10,000 (28% of income). Eligible Rs 15L at EMI Rs 13,400. Down payment already funded (Rs 6L available)."
CUST100164,P1 - Call today,Rent-to-EMI - Hot,Banking Elsewhere,Indiranagar,+91-9825393551,customer100164@example.com,7pm-9pm,0.731,70600.0,10800.0,0.0,2988000.0,26100.0,1801000.0,Ready now,0.242,"HOT LEAD. Rent Rs 10,800 (15% of income). Eligible Rs 30L at EMI Rs 26,100. Down payment already funded (Rs 18L available)."
CUST101132,P1 - Call today,Home Loan - Ready,Steady Saver,Koramangala,+91-9101034672,customer101132@example.com,4pm-7pm,0.731,30000.0,0.0,0.0,1716000.0,15000.0,1106000.0,Ready now,0.485,"READY LEAD (no rent outflow - may be living with family). Eligible Rs 17L at EMI Rs 15,000. Down payment funded (Rs 11L). Segment: Steady Saver."
CUST102338,P1 - Call today,Rent-to-EMI - Hot,Wealth Builder,MG Road,+91-9200090962,customer102338@example.com,4pm-7pm,0.731,61500.0,18800.0,0.0,3166000.0,27700.0,4518000.0,Ready now,0.523,"HOT LEAD. Rent Rs 18,800 (31% of income). Eligible Rs 32L at EMI Rs 27,700. Down payment already funded (Rs 45L available)."
CUST104394,P1 - Call today,Home Loan - Ready,Steady Saver,MG Road,+91-9330717140,customer104394@example.com,1pm-4pm,0.731,58600.0,0.0,11200.0,1735000.0,15200.0,544000.0,Ready now,0.952,"READY LEAD (no rent outflow - may be living with family). Eligible Rs 17L at EMI Rs 15,200. Down payment funded (Rs 5L). Segment: Steady Saver."
CUST104482,P1 - Call today,Rent-to-EMI - Hot,Steady Saver,Indiranagar,+91-9956634670,customer104482@example.com,10am-1pm,0.731,41500.0,5300.0,4200.0,1893000.0,16600.0,2492000.0,Ready now,0.999,"HOT LEAD. Rent Rs 5,300 (13% of income). Eligible Rs 19L at EMI Rs 16,600. Down payment already funded (Rs 25L available)."
CUST106149,P1 - Call today,Home Loan - Ready,Steady Saver,Koramangala,+91-9777413697,customer106149@example.com,1pm-4pm,0.731,65100.0,0.0,6800.0,2573000.0,22500.0,4052000.0,Ready now,0.499,"READY LEAD (no rent outflow - may be living with family). Eligible Rs 26L at EMI Rs 22,500. Down payment funded (Rs 41L). Segment: Steady Saver."
CUST106547,P1 - Call today,Rent-to-EMI - Hot,Wealth Builder,Indiranagar,+91-9527904616,customer106547@example.com,4pm-7pm,0.731,48100.0,18600.0,0.0,2751000.0,24000.0,1486000.0,Ready now,0.744,"HOT LEAD. Rent Rs 18,600 (39% of income). Eligible Rs 28L at EMI Rs 24,000. Down payment already funded (Rs 15L available)."
CUST107069,P1 - Call today,Rent-to-EMI - Hot,Wealth Builder,Indiranagar,+91-9810568132,customer107069@example.com,4pm-7pm,0.731,45600.0,18600.0,4500.0,1415000.0,12400.0,2008000.0,Ready now,0.543,"HOT LEAD. Rent Rs 18,600 (41% of income). Eligible Rs 14L at EMI Rs 12,400. Down payment already funded (Rs 20L available)."
CUST107474,P1 - Call today,Home Loan - Ready,Steady Saver,Electronic City,+91-9671404179,customer107474@example.com,10am-1pm,0.731,102800.0,0.0,0.0,6468000.0,56500.0,3117000.0,Ready now,0.899,"READY LEAD (no rent outflow - may be living with family). Eligible Rs 65L at EMI Rs 56,500. Down payment funded (Rs 31L). Segment: Steady Saver."
CUST100655,P1 - Call today,Rent-to-EMI - Hot,Steady Saver,Koramangala,+91-9784123023,customer100655@example.com,4pm-7pm,0.73,104400.0,13200.0,7600.0,5102000.0,44600.0,2374000.0,Ready now,0.256,"HOT LEAD. Rent Rs 13,200 (13% of income). Eligible Rs 51L at EMI Rs 44,600. Down payment already funded (Rs 24L available)."
CUST106183,P1 - Call today,Rent-to-EMI - Hot,Wealth Builder,Whitefield,+91-9161676324,customer106183@example.com,10am-1pm,0.73,48000.0,17700.0,0.0,2471000.0,21600.0,2100000.0,Ready now,1.0,"HOT LEAD. Rent Rs 17,700 (37% of income). Eligible Rs 25L at EMI Rs 21,600. Down payment already funded (Rs 21L available)."
CUST106890,P1 - Call today,Rent-to-EMI - Hot,Wealth Builder,Electronic City,+91-9379771158,customer106890@example.com,4pm-7pm,0.73,97400.0,31800.0,17600.0,2109000.0,18400.0,4496000.0,Ready now,0.994,"HOT LEAD. Rent Rs 31,800 (33% of income). Eligible Rs 21L at EMI Rs 18,400. Down payment already funded (Rs 45L available)."
CUST107265,P1 - Call today,Home Loan - Ready,Steady Saver,Whitefield,+91-9807680957,customer107265@example.com,7pm-9pm,0.73,56300.0,0.0,0.0,3220000.0,28200.0,2059000.0,Ready now,0.684,"READY LEAD (no rent outflow - may be living with family). Eligible Rs 32L at EMI Rs 28,200. Down payment funded (Rs 21L). Segment: Steady Saver."
CUST107911,P1 - Call today,Rent-to-EMI - Hot,Wealth Builder,Koramangala,+91-9053483415,customer107911@example.com,7pm-9pm,0.73,161700.0,55000.0,0.0,9249000.0,80800.0,3967000.0,Ready now,0.616,"HOT LEAD. Rent Rs 55,000 (34% of income). Eligible Rs 92L at EMI Rs 80,800. Down payment already funded (Rs 40L available)."
CUST103869,P1 - Call today,Rent-to-EMI - Hot,Wealth Builder,Electronic City,+91-9167133866,customer103869@example.com,4pm-7pm,0.729,39400.0,6500.0,3400.0,1639000.0,14300.0,1195000.0,Ready now,0.498,"HOT LEAD. Rent Rs 6,500 (16% of income). Eligible Rs 16L at EMI Rs 14,300. Down payment already funded (Rs 12L available)."
CUST104123,P1 - Call today,Rent-to-EMI - Hot,Steady Saver,Indiranagar,+91-9160789420,customer104123@example.com,4pm-7pm,0.729,25600.0,4200.0,0.0,1318000.0,11500.0,1085000.0,Ready now,0.584,"HOT LEAD. Rent Rs 4,200 (16% of income). Eligible Rs 13L at EMI Rs 11,500. Down payment already funded (Rs 11L available)."
CUST105003,P1 - Call today,Rent-to-EMI - Hot,Wealth Builder,Koramangala,+91-9500212838,customer105003@example.com,1pm-4pm,0.729,43500.0,13400.0,4700.0,1702000.0,14900.0,872000.0,Ready now,0.993,"HOT LEAD. Rent Rs 13,400 (31% of income). Eligible Rs 17L at EMI Rs 14,900. Down payment already funded (Rs 9L available)."
CUST100076,P1 - Call today,Home Loan - Ready,Steady Saver,Electronic City,+91-9558775780,customer100076@example.com,1pm-4pm,0.728,42200.0,0.0,0.0,2414000.0,21100.0,1549000.0,Ready now,0.449,"READY LEAD (no rent outflow - may be living with family). Eligible Rs 24L at EMI Rs 21,100. Down payment funded (Rs 15L). Segment: Steady Saver."
CUST106923,P1 - Call today,Rent-to-EMI - Hot,Wealth Builder,Whitefield,+91-9849978192,customer106923@example.com,1pm-4pm,0.728,148200.0,29200.0,7400.0,8478000.0,74100.0,9068000.0,Ready now,0.524,"HOT LEAD. Rent Rs 29,200 (20% of income). Eligible Rs 85L at EMI Rs 74,100. Down payment already funded (Rs 91L available)."
CUST107933,P1 - Call today,Rent-to-EMI - Hot,Wealth Builder,Whitefield,+91-9928623201,customer107933@example.com,1pm-4pm,0.728,104600.0,43500.0,5900.0,4351000.0,38000.0,3534000.0,Ready now,1.0,"HOT LEAD. Rent Rs 43,500 (42% of income). Eligible Rs 44L at EMI Rs 38,000. Down payment already funded (Rs 35L available)."
CUST104717,P1 - Call today,Home Loan - Ready,Steady Saver,MG Road,+91-9083131643,customer104717@example.com,10am-1pm,0.727,31500.0,0.0,0.0,1622000.0,14200.0,1392000.0,Ready now,0.642,"READY LEAD (no rent outflow - may be living with family). Eligible Rs 16L at EMI Rs 14,200. Down payment funded (Rs 14L). Segment: Steady Saver."
CUST106055,P1 - Call today,Rent-to-EMI - Hot,Wealth Builder,MG Road,+91-9316292410,customer106055@example.com,1pm-4pm,0.727,95600.0,38600.0,19800.0,2656000.0,23200.0,2829000.0,Ready now,1.0,"HOT LEAD. Rent Rs 38,600 (40% of income). Eligible Rs 27L at EMI Rs 23,200. Down payment already funded (Rs 28L available)."
CUST106164,P1 - Call today,Rent-to-EMI - Hot,Wealth Builder,Electronic City,+91-9009835749,customer106164@example.com,10am-1pm,0.727,49600.0,8900.0,8400.0,1592000.0,13900.0,2233000.0,Ready now,0.953,"HOT LEAD. Rent Rs 8,900 (18% of income). Eligible Rs 16L at EMI Rs 13,900. Down payment already funded (Rs 22L available)."
CUST107573,P1 - Call today,Rent-to-EMI - Hot,Wealth Builder,Whitefield,+91-9951970204,customer107573@example.com,10am-1pm,0.727,60300.0,16600.0,0.0,3449000.0,30200.0,929000.0,Ready now,1.0,"HOT LEAD. Rent Rs 16,600 (28% of income). Eligible Rs 34L at EMI Rs 30,200. Down payment already funded (Rs 9L available)."
CUST100219,P1 - Call today,Home Loan - Ready,Steady Saver,Koramangala,+91-9918700871,customer100219@example.com,10am-1pm,0.726,41300.0,0.0,0.0,2126000.0,18600.0,2360000.0,Ready now,0.579,"READY LEAD (no rent outflow - may be living with family). Eligible Rs 21L at EMI Rs 18,600. Down payment funded (Rs 24L). Segment: Steady Saver."
CUST101255,P1 - Call today,Rent-to-EMI - Hot,Lifestyle Spender,Whitefield,+91-9896056779,customer101255@example.com,1pm-4pm,0.726,50300.0,20800.0,4300.0,2385000.0,20800.0,702000.0,Ready now,0.029,"HOT LEAD. Rent Rs 20,800 (41% of income). Eligible Rs 24L at EMI Rs 20,800. Down payment already funded (Rs 7L available)."
CUST105173,P1 - Call today,Home Loan - Ready,Steady Saver,Indiranagar,+91-9451706956,customer105173@example.com,10am-1pm,0.726,44700.0,0.0,0.0,2557000.0,22400.0,1009000.0,Ready now,0.993,"READY LEAD (no rent outflow - may be living with family). Eligible Rs 26L at EMI Rs 22,400. Down payment funded (Rs 10L). Segment: Steady Saver."
CUST105468,P1 - Call today,Home Loan - Ready,Steady Saver,Koramangala,+91-9013152491,customer105468@example.com,10am-1pm,0.726,48900.0,0.0,5000.0,1945000.0,17000.0,821000.0,Ready now,0.996,"READY LEAD (no rent outflow - may be living with family). Eligible Rs 19L at EMI Rs 17,000. Down payment funded (Rs 8L). Segment: Steady Saver."
CUST105579,P1 - Call today,Home Loan - Ready,Steady Saver,MG Road,+91-9544792649,customer105579@example.com,7pm-9pm,0.726,25000.0,0.0,0.0,1287000.0,11200.0,609000.0,Ready now,0.535,"READY LEAD (no rent outflow - may be living with family). Eligible Rs 13L at EMI Rs 11,200. Down payment funded (Rs 6L). Segment: Steady Saver."
CUST105761,P1 - Call today,Home Loan - Ready,Steady Saver,Indiranagar,+91-9988208691,customer105761@example.com,4pm-7pm,0.726,89200.0,0.0,6100.0,3894000.0,34000.0,4349000.0,Ready now,0.642,"READY LEAD (no rent outflow - may be living with family). Eligible Rs 39L at EMI Rs 34,000. Down payment funded (Rs 43L). Segment: Steady Saver."
CUST105973,P1 - Call today,Rent-to-EMI - Hot,Wealth Builder,Indiranagar,+91-9505615383,customer105973@example.com,1pm-4pm,0.726,70300.0,29400.0,7300.0,2784000.0,24300.0,2092000.0,Ready now,0.484,"HOT LEAD. Rent Rs 29,400 (42% of income). Eligible Rs 28L at EMI Rs 24,300. Down payment already funded (Rs 21L available)."
CUST107817,P1 - Call today,Rent-to-EMI - Hot,Steady Saver,Whitefield,+91-9329846708,customer107817@example.com,10am-1pm,0.726,45100.0,8300.0,0.0,2580000.0,22600.0,2957000.0,Ready now,0.793,"HOT LEAD. Rent Rs 8,300 (18% of income). Eligible Rs 26L at EMI Rs 22,600. Down payment already funded (Rs 30L available)."
CUST100812,P1 - Call today,Rent-to-EMI - Hot,Wealth Builder,Electronic City,+91-9631058640,customer100812@example.com,7pm-9pm,0.725,79600.0,26000.0,22800.0,761000.0,6700.0,4026000.0,Ready now,0.994,"HOT LEAD. Rent Rs 26,000 (33% of income). Eligible Rs 8L at EMI Rs 6,700. Down payment already funded (Rs 40L available)."
CUST103107,P1 - Call today,Home Loan - Ready,Steady Saver,MG Road,+91-9049965598,customer103107@example.com,10am-1pm,0.725,28100.0,0.0,0.0,1447000.0,12600.0,1374000.0,Ready now,0.416,"READY LEAD (no rent outflow - may be living with family). Eligible Rs 14L at EMI Rs 12,600. Down payment funded (Rs 14L). Segment: Steady Saver."
CUST104975,P1 - Call today,Balance Transfer,Wealth Builder,MG Road,+91-9805338877,customer104975@example.com,7pm-9pm,0.725,90200.0,19300.0,9200.0,4107000.0,35900.0,3950000.0,Ready now,0.507,"BT pitch: currently 10.04%, outstanding Rs 23L. Monthly saving Rs 2,172. Carry the rate sheet."
CUST105262,P1 - Call today,Home Loan - Ready,Steady Saver,Electronic City,+91-9383641521,customer105262@example.com,1pm-4pm,0.725,266700.0,0.0,25300.0,12360000.0,108000.0,12409000.0,Ready now,0.597,"READY LEAD (no rent outflow - may be living with family). Eligible Rs 124L at EMI Rs 108,000. Down payment funded (Rs 124L). Segment: Steady Saver."
CUST107207,P1 - Call today,Rent-to-EMI - Hot,Wealth Builder,Electronic City,+91-9895676686,customer107207@example.com,10am-1pm,0.725,36700.0,13000.0,1900.0,1672000.0,14600.0,745000.0,Ready now,0.961,"HOT LEAD. Rent Rs 13,000 (35% of income). Eligible Rs 17L at EMI Rs 14,600. Down payment already funded (Rs 7L available)."
CUST107266,P1 - Call today,Rent-to-EMI - Hot,Wealth Builder,Indiranagar,+91-9404248257,customer107266@example.com,7pm-9pm,0.725,91300.0,31100.0,3800.0,4265000.0,37300.0,3095000.0,Ready now,0.468,"HOT LEAD. Rent Rs 31,100 (34% of income). Eligible Rs 43L at EMI Rs 37,300. Down payment already funded (Rs 31L available)."
CUST107982,P1 - Call today,Home Loan - Ready,Steady Saver,Koramangala,+91-9135302466,customer107982@example.com,4pm-7pm,0.725,36800.0,0.0,2100.0,1865000.0,16300.0,898000.0,Ready now,0.969,"READY LEAD (no rent outflow - may be living with family). Eligible Rs 19L at EMI Rs 16,300. Down payment funded (Rs 9L). Segment: Steady Saver."
CUST100336,P1 - Call today,Balance Transfer,Wealth Builder,Whitefield,+91-9181873428,customer100336@example.com,4pm-7pm,0.724,74200.0,29800.0,8000.0,2904000.0,25400.0,1146000.0,Ready now,1.0,"BT pitch: currently 10.37%, outstanding Rs 18L. Monthly saving Rs 2,071. Carry the rate sheet."
CUST105613,P1 - Call today,Home Loan - Ready,Steady Saver,Whitefield,+91-9623794532,customer105613@example.com,10am-1pm,0.724,27700.0,0.0,0.0,1426000.0,12500.0,661000.0,Ready now,1.0,"READY LEAD (no rent outflow - may be living with family). Eligible Rs 14L at EMI Rs 12,500. Down payment funded (Rs 7L). Segment: Steady Saver."
CUST105960,P1 - Call today,Balance Transfer,Wealth Builder,Electronic City,+91-9746443008,customer105960@example.com,4pm-7pm,0.724,52600.0,11900.0,4300.0,2216000.0,19400.0,2363000.0,Ready now,0.594,"BT pitch: currently 9.89%, outstanding Rs 24L. Monthly saving Rs 1,979. Carry the rate sheet."
CUST100237,P1 - Call today,Rent-to-EMI - Hot,Wealth Builder,Whitefield,+91-9088016450,customer100237@example.com,1pm-4pm,0.723,182400.0,55000.0,13300.0,8911000.0,77900.0,7922000.0,Ready now,0.358,"HOT LEAD. Rent Rs 55,000 (30% of income). Eligible Rs 89L at EMI Rs 77,900. Down payment already funded (Rs 79L available)."
CUST100603,P1 - Call today,Rent-to-EMI - Hot,Steady Saver,Electronic City,+91-9447684931,customer100603@example.com,4pm-7pm,0.723,27500.0,5000.0,2300.0,1153000.0,10100.0,1534000.0,Ready now,0.473,"HOT LEAD. Rent Rs 5,000 (18% of income). Eligible Rs 12L at EMI Rs 10,100. Down payment already funded (Rs 15L available)."
CUST105631,P1 - Call today,Rent-to-EMI - Hot,Wealth Builder,Whitefield,+91-9128681820,customer105631@example.com,10am-1pm,0.723,60200.0,19000.0,7800.0,2207000.0,19300.0,1409000.0,Ready now,0.428,"HOT LEAD. Rent Rs 19,000 (32% of income). Eligible Rs 22L at EMI Rs 19,300. Down payment already funded (Rs 14L available)."
CUST105854,P1 - Call today,Home Loan - Ready,Steady Saver,Whitefield,+91-9337215695,customer105854@example.com,4pm-7pm,0.723,61700.0,0.0,0.0,3176000.0,27800.0,2125000.0,Ready now,0.997,"READY LEAD (no rent outflow - may be living with family). Eligible Rs 32L at EMI Rs 27,800. Down payment funded (Rs 21L). Segment: Steady Saver."
CUST106796,P1 - Call today,Home Loan - Ready,Steady Saver,Jayanagar,+91-9731835843,customer106796@example.com,4pm-7pm,0.723,48600.0,0.0,6700.0,1735000.0,15200.0,1766000.0,Ready now,0.721,"READY LEAD (no rent outflow - may be living with family). Eligible Rs 17L at EMI Rs 15,200. Down payment funded (Rs 18L). Segment: Steady Saver."
CUST107996,P1 - Call today,Rent-to-EMI - Hot,Steady Saver,Indiranagar,+91-9603357560,customer107996@example.com,7pm-9pm,0.723,105400.0,17400.0,10400.0,3874000.0,33900.0,3846000.0,Ready now,1.0,"HOT LEAD. Rent Rs 17,400 (16% of income). Eligible Rs 39L at EMI Rs 33,900. Down payment already funded (Rs 38L available)."
CUST102800,P1 - Call today,Rent-to-EMI - Hot,Wealth Builder,Whitefield,+91-9376997379,customer102800@example.com,10am-1pm,0.722,84000.0,32100.0,0.0,4805000.0,42000.0,2449000.0,Ready now,0.652,"HOT LEAD. Rent Rs 32,100 (38% of income). Eligible Rs 48L at EMI Rs 42,000. Down payment already funded (Rs 24L available)."
CUST102931,P1 - Call today,Balance Transfer,Wealth Builder,Whitefield,+91-9914581184,customer102931@example.com,1pm-4pm,0.722,111800.0,40600.0,10400.0,5205000.0,45500.0,5191000.0,Ready now,0.47,"BT pitch: currently 10.84%, outstanding Rs 51L. Monthly saving Rs 7,560. Carry the rate sheet."
CUST103608,P1 - Call today,Rent-to-EMI - Hot,Wealth Builder,Whitefield,+91-9261703191,customer103608@example.com,4pm-7pm,0.722,49700.0,20600.0,10800.0,1607000.0,14000.0,1642000.0,Ready now,0.285,"HOT LEAD. Rent Rs 20,600 (41% of income). Eligible Rs 16L at EMI Rs 14,000. Down payment already funded (Rs 16L available)."
CUST104613,P1 - Call today,Home Loan - Ready,Steady Saver,Indiranagar,+91-9463648568,customer104613@example.com,4pm-7pm,0.722,64200.0,0.0,0.0,3305000.0,28900.0,3362000.0,Ready now,1.0,"READY LEAD (no rent outflow - may be living with family). Eligible Rs 33L at EMI Rs 28,900. Down payment funded (Rs 34L). Segment: Steady Saver."
CUST105939,P1 - Call today,Home Loan - Ready,Steady Saver,Koramangala,+91-9149347587,customer105939@example.com,1pm-4pm,0.722,34500.0,0.0,1600.0,1593000.0,13900.0,1929000.0,Ready now,0.524,"READY LEAD (no rent outflow - may be living with family). Eligible Rs 16L at EMI Rs 13,900. Down payment funded (Rs 19L). Segment: Steady Saver."
CUST106295,P1 - Call today,Home Loan - Ready,Steady Saver,Indiranagar,+91-9251575384,customer106295@example.com,10am-1pm,0.722,105900.0,0.0,7600.0,5188000.0,45400.0,4559000.0,Ready now,0.555,"READY LEAD (no rent outflow - may be living with family). Eligible Rs 52L at EMI Rs 45,400. Down payment funded (Rs 46L). Segment: Steady Saver."
CUST100908,P1 - Call today,Rent-to-EMI - Hot,Steady Saver,Whitefield,+91-9168686520,customer100908@example.com,10am-1pm,0.721,94700.0,11600.0,8000.0,3960000.0,34600.0,5854000.0,Ready now,0.645,"HOT LEAD. Rent Rs 11,600 (12% of income). Eligible Rs 40L at EMI Rs 34,600. Down payment already funded (Rs 59L available)."
CUST102241,P1 - Call today,Rent-to-EMI - Hot,Lifestyle Spender,Whitefield,+91-9133455021,customer102241@example.com,4pm-7pm,0.721,108200.0,40300.0,0.0,6189000.0,54100.0,1744000.0,Ready now,0.127,"HOT LEAD. Rent Rs 40,300 (37% of income). Eligible Rs 62L at EMI Rs 54,100. Down payment already funded (Rs 17L available)."
CUST102470,P1 - Call today,Rent-to-EMI - Hot,Wealth Builder,Koramangala,+91-9835279559,customer102470@example.com,10am-1pm,0.721,111900.0,45100.0,9300.0,5337000.0,46600.0,3171000.0,Ready now,1.0,"HOT LEAD. Rent Rs 45,100 (40% of income). Eligible Rs 53L at EMI Rs 46,600. Down payment already funded (Rs 32L available)."
CUST103652,P1 - Call today,Rent-to-EMI - Hot,Wealth Builder,Koramangala,+91-9890328462,customer103652@example.com,10am-1pm,0.721,105000.0,33200.0,0.0,6006000.0,52500.0,3124000.0,Ready now,0.337,"HOT LEAD. Rent Rs 33,200 (32% of income). Eligible Rs 60L at EMI Rs 52,500. Down payment already funded (Rs 31L available)."
CUST104638,P1 - Call today,Rent-to-EMI - Hot,Wealth Builder,Koramangala,+91-9137900174,customer104638@example.com,1pm-4pm,0.721,28500.0,11500.0,0.0,1206000.0,10500.0,1009000.0,Ready now,0.287,"HOT LEAD. Rent Rs 11,500 (40% of income). Eligible Rs 12L at EMI Rs 10,500. Down payment already funded (Rs 10L available)."
CUST105826,P1 - Call today,Rent-to-EMI - Hot,Wealth Builder,Indiranagar,+91-9460354500,customer105826@example.com,7pm-9pm,0.721,90000.0,20600.0,4500.0,3295000.0,28800.0,4961000.0,Ready now,0.553,"HOT LEAD. Rent Rs 20,600 (23% of income). Eligible Rs 33L at EMI Rs 28,800. Down payment already funded (Rs 50L available)."
CUST103264,P1 - Call today,Balance Transfer,Steady Saver,Whitefield,+91-9101456336,customer103264@example.com,10am-1pm,0.72,88700.0,0.0,6100.0,4376000.0,38200.0,1887000.0,Ready now,0.754,"BT pitch: currently 10.68%, outstanding Rs 44L. Monthly saving Rs 6,038. Carry the rate sheet."
CUST104124,P1 - Call today,Rent-to-EMI - Hot,Wealth Builder,MG Road,+91-9946570942,customer104124@example.com,7pm-9pm,0.72,33300.0,8600.0,0.0,1714000.0,15000.0,913000.0,Ready now,1.0,"HOT LEAD. Rent Rs 8,600 (26% of income). Eligible Rs 17L at EMI Rs 15,000. Down payment already funded (Rs 9L available)."
CUST105423,P1 - Call today,Home Loan - Ready,Steady Saver,Indiranagar,+91-9690968767,customer105423@example.com,10am-1pm,0.72,64700.0,0.0,0.0,3331000.0,29100.0,2840000.0,Ready now,1.0,"READY LEAD (no rent outflow - may be living with family). Eligible Rs 33L at EMI Rs 29,100. Down payment funded (Rs 28L). Segment: Steady Saver."
CUST107168,P1 - Call today,Rent-to-EMI - Hot,Steady Saver,Whitefield,+91-9544829577,customer107168@example.com,7pm-9pm,0.72,60700.0,7300.0,0.0,2569000.0,22500.0,1737000.0,Ready now,0.657,"HOT LEAD. Rent Rs 7,300 (12% of income). Eligible Rs 26L at EMI Rs 22,500. Down payment already funded (Rs 17L available)."
CUST107467,P1 - Call today,Home Loan - Ready,Steady Saver,Indiranagar,+91-9508889302,customer107467@example.com,1pm-4pm,0.72,93400.0,0.0,0.0,3953000.0,34600.0,5309000.0,Ready now,0.451,"READY LEAD (no rent outflow - may be living with family). Eligible Rs 40L at EMI Rs 34,600. Down payment funded (Rs 53L). Segment: Steady Saver."
CUST102308,P1 - Call today,Balance Transfer,Lifestyle Spender,Jayanagar,+91-9160744055,customer102308@example.com,1pm-4pm,0.719,69200.0,24800.0,10400.0,2768000.0,24200.0,194000.0,Not on track,1.0,"BT pitch: currently 9.22%, outstanding Rs 38L. Monthly saving Rs 1,530. Carry the rate sheet."
CUST103853,P1 - Call today,Rent-to-EMI - Hot,Wealth Builder,Koramangala,+91-9475447007,customer103853@example.com,1pm-4pm,0.719,39500.0,7500.0,0.0,2033000.0,17800.0,1397000.0,Ready now,0.721,"HOT LEAD. Rent Rs 7,500 (19% of income). Eligible Rs 20L at EMI Rs 17,800. Down payment already funded (Rs 14L available)."
CUST104761,P1 - Call today,Rent-to-EMI - Hot,Wealth Builder,Whitefield,+91-9298401569,customer104761@example.com,1pm-4pm,0.719,62800.0,24400.0,4200.0,2752000.0,24100.0,1702000.0,Ready now,0.999,"HOT LEAD. Rent Rs 24,400 (39% of income). Eligible Rs 28L at EMI Rs 24,100. Down payment already funded (Rs 17L available)."
CUST105541,P1 - Call today,Rent-to-EMI - Hot,Lifestyle Spender,MG Road,+91-9565627256,customer105541@example.com,7pm-9pm,0.719,69200.0,21400.0,6400.0,3226000.0,28200.0,1458000.0,Ready now,0.071,"HOT LEAD. Rent Rs 21,400 (31% of income). Eligible Rs 32L at EMI Rs 28,200. Down payment already funded (Rs 15L available)."
CUST106864,P1 - Call today,Home Loan - Ready,Steady Saver,Whitefield,+91-9293706916,customer106864@example.com,10am-1pm,0.719,68200.0,0.0,3000.0,3558000.0,31100.0,1376000.0,Ready now,0.35,"READY LEAD (no rent outflow - may be living with family). Eligible Rs 36L at EMI Rs 31,100. Down payment funded (Rs 14L). Segment: Steady Saver."
CUST106996,P1 - Call today,Balance Transfer,Wealth Builder,Indiranagar,+91-9883863716,customer106996@example.com,4pm-7pm,0.719,88800.0,36500.0,0.0,4571000.0,40000.0,2920000.0,Ready now,1.0,"BT pitch: currently 10.01%, outstanding Rs 19L. Monthly saving Rs 1,753. Carry the rate sheet."
CUST107114,P1 - Call today,Rent-to-EMI - Hot,Lifestyle Spender,Koramangala,+91-9129057476,customer107114@example.com,4pm-7pm,0.719,75400.0,22900.0,0.0,4313000.0,37700.0,1831000.0,Ready now,0.091,"HOT LEAD. Rent Rs 22,900 (30% of income). Eligible Rs 43L at EMI Rs 37,700. Down payment already funded (Rs 18L available)."
CUST107544,P1 - Call today,Rent-to-EMI - Hot,Wealth Builder,Electronic City,+91-9668968092,customer107544@example.com,10am-1pm,0.719,122600.0,41800.0,0.0,7714000.0,67400.0,1964000.0,Ready now,0.434,"HOT LEAD. Rent Rs 41,800 (34% of income). Eligible Rs 77L at EMI Rs 67,400. Down payment already funded (Rs 20L available)."
CUST100213,P1 - Call today,Home Loan - Ready,Steady Saver,Indiranagar,+91-9099645054,customer100213@example.com,7pm-9pm,0.718,77800.0,0.0,8200.0,3067000.0,26800.0,3520000.0,Ready now,0.52,"READY LEAD (no rent outflow - may be living with family). Eligible Rs 31L at EMI Rs 26,800. Down payment funded (Rs 35L). Segment: Steady Saver."
CUST100846,P1 - Call today,Home Loan - Ready,Steady Saver,Whitefield,+91-9858152011,customer100846@example.com,10am-1pm,0.718,100500.0,0.0,0.0,5748000.0,50200.0,3374000.0,Ready now,0.389,"READY LEAD (no rent outflow - may be living with family). Eligible Rs 57L at EMI Rs 50,200. Down payment funded (Rs 34L). Segment: Steady Saver."
CUST100998,P1 - Call today,Rent-to-EMI - Hot,Wealth Builder,Jayanagar,+91-9695533532,customer100998@example.com,10am-1pm,0.718,56800.0,15200.0,0.0,2924000.0,25600.0,2238000.0,Ready now,0.764,"HOT LEAD. Rent Rs 15,200 (27% of income). Eligible Rs 29L at EMI Rs 25,600. Down payment already funded (Rs 22L available)."
CUST102513,P1 - Call today,Rent-to-EMI - Hot,Wealth Builder,MG Road,+91-9441093824,customer102513@example.com,7pm-9pm,0.718,64400.0,20400.0,0.0,3315000.0,29000.0,3067000.0,Ready now,0.707,"HOT LEAD. Rent Rs 20,400 (32% of income). Eligible Rs 33L at EMI Rs 29,000. Down payment already funded (Rs 31L available)."
CUST103344,P1 - Call today,Home Loan - Ready,Steady Saver,MG Road,+91-9374230091,customer103344@example.com,4pm-7pm,0.718,65400.0,0.0,12600.0,1327000.0,11600.0,2061000.0,Ready now,0.999,"READY LEAD (no rent outflow - may be living with family). Eligible Rs 13L at EMI Rs 11,600. Down payment funded (Rs 21L). Segment: Steady Saver."
CUST103524,P1 - Call today,Rent-to-EMI - Hot,Wealth Builder,Whitefield,+91-9399659386,customer103524@example.com,10am-1pm,0.718,67200.0,13300.0,5100.0,2261000.0,19800.0,3250000.0,Ready now,1.0,"HOT LEAD. Rent Rs 13,300 (20% of income). Eligible Rs 23L at EMI Rs 19,800. Down payment already funded (Rs 32L available)."
CUST104408,P1 - Call today,Home Loan - Ready,Steady Saver,Indiranagar,+91-9215081704,customer104408@example.com,10am-1pm,0.718,58100.0,0.0,6900.0,2202000.0,19200.0,1752000.0,Ready now,1.0,"READY LEAD (no rent outflow - may be living with family). Eligible Rs 22L at EMI Rs 19,200. Down payment funded (Rs 18L). Segment: Steady Saver."
CUST104743,P1 - Call today,Home Loan - Ready,Steady Saver,Koramangala,+91-9315216652,customer104743@example.com,7pm-9pm,0.718,74500.0,0.0,9600.0,2737000.0,23900.0,2430000.0,Ready now,1.0,"READY LEAD (no rent outflow - may be living with family). Eligible Rs 27L at EMI Rs 23,900. Down payment funded (Rs 24L). Segment: Steady Saver."
CUST105284,P1 - Call today,Home Loan - Ready,Steady Saver,Electronic City,+91-9007668696,customer105284@example.com,4pm-7pm,0.718,160300.0,0.0,13200.0,8576000.0,75000.0,8805000.0,Ready now,0.957,"READY LEAD (no rent outflow - may be living with family). Eligible Rs 86L at EMI Rs 75,000. Down payment funded (Rs 88L). Segment: Steady Saver."
CUST105442,P1 - Call today,Home Loan - Ready,Steady Saver,Koramangala,+91-9110407838,customer105442@example.com,10am-1pm,0.718,220500.0,0.0,45900.0,7361000.0,64400.0,8184000.0,Ready now,1.0,"READY LEAD (no rent outflow - may be living with family). Eligible Rs 74L at EMI Rs 64,400. Down payment funded (Rs 82L). Segment: Steady Saver."
CUST102660,P1 - Call today,Rent-to-EMI - Hot,Wealth Builder,Whitefield,+91-9810787455,customer102660@example.com,10am-1pm,0.717,85400.0,25200.0,17700.0,2371000.0,20700.0,2931000.0,Ready now,0.822,"HOT LEAD. Rent Rs 25,200 (30% of income). Eligible Rs 24L at EMI Rs 20,700. Down payment already funded (Rs 29L available)."
CUST106675,P1 - Call today,Rent-to-EMI - Hot,Wealth Builder,MG Road,+91-9540769811,customer106675@example.com,7pm-9pm,0.717,49700.0,11400.0,14500.0,900000.0,7900.0,904000.0,Ready now,0.998,"HOT LEAD. Rent Rs 11,400 (23% of income). Eligible Rs 9L at EMI Rs 7,900. Down payment already funded (Rs 9L available)."
CUST106782,P1 - Call today,Rent-to-EMI - Hot,Steady Saver,Jayanagar,+91-9080793793,customer106782@example.com,10am-1pm,0.717,47700.0,6600.0,3000.0,1676000.0,14600.0,1406000.0,Ready now,0.427,"HOT LEAD. Rent Rs 6,600 (14% of income). Eligible Rs 17L at EMI Rs 14,600. Down payment already funded (Rs 14L available)."
CUST107040,P1 - Call today,Balance Transfer,Wealth Builder,Whitefield,+91-9000472358,customer107040@example.com,4pm-7pm,0.717,110700.0,33800.0,0.0,6965000.0,60900.0,2940000.0,Ready now,0.388,"BT pitch: currently 10.83%, outstanding Rs 30L. Monthly saving Rs 4,405. Carry the rate sheet."
CUST100478,P1 - Call today,Rent-to-EMI - Hot,Wealth Builder,Koramangala,+91-9591663296,customer100478@example.com,7pm-9pm,0.716,30600.0,8300.0,0.0,1575000.0,13800.0,1702000.0,Ready now,0.764,"HOT LEAD. Rent Rs 8,300 (27% of income). Eligible Rs 16L at EMI Rs 13,800. Down payment already funded (Rs 17L available)."
CUST105103,P1 - Call today,Rent-to-EMI - Hot,Wealth Builder,Whitefield,+91-9285188555,customer105103@example.com,1pm-4pm,0.716,121700.0,46000.0,0.0,6961000.0,60800.0,3039000.0,Ready now,0.215,"HOT LEAD. Rent Rs 46,000 (38% of income). Eligible Rs 70L at EMI Rs 60,800. Down payment already funded (Rs 30L available)."
CUST105373,P1 - Call today,Rent-to-EMI - Hot,Wealth Builder,Jayanagar,+91-9225885285,customer105373@example.com,7pm-9pm,0.716,58200.0,20500.0,0.0,2996000.0,26200.0,1184000.0,Ready now,0.988,"HOT LEAD. Rent Rs 20,500 (35% of income). Eligible Rs 30L at EMI Rs 26,200. Down payment already funded (Rs 12L available)."
CUST107458,P1 - Call today,Rent-to-EMI - Hot,Wealth Builder,Electronic City,+91-9262884386,customer107458@example.com,1pm-4pm,0.716,115700.0,20000.0,0.0,7280000.0,63600.0,2427000.0,Ready now,1.0,"HOT LEAD. Rent Rs 20,000 (17% of income). Eligible Rs 73L at EMI Rs 63,600. Down payment already funded (Rs 24L available)."
CUST107859,P1 - Call today,Rent-to-EMI - Hot,Steady Saver,Electronic City,+91-9050600981,customer107859@example.com,1pm-4pm,0.716,50100.0,11000.0,2100.0,2339000.0,20400.0,1552000.0,Ready now,0.935,"HOT LEAD. Rent Rs 11,000 (22% of income). Eligible Rs 23L at EMI Rs 20,400. Down payment already funded (Rs 16L available)."
CUST101377,P1 - Call today,Rent-to-EMI - Hot,Steady Saver,Jayanagar,+91-9731214734,customer101377@example.com,7pm-9pm,0.715,49800.0,9600.0,0.0,2564000.0,22400.0,1946000.0,Ready now,0.976,"HOT LEAD. Rent Rs 9,600 (19% of income). Eligible Rs 26L at EMI Rs 22,400. Down payment already funded (Rs 19L available)."
CUST101891,P1 - Call today,Rent-to-EMI - Hot,Wealth Builder,Jayanagar,+91-9935241593,customer101891@example.com,10am-1pm,0.715,90100.0,28600.0,8400.0,3677000.0,32100.0,3932000.0,Ready now,0.442,"HOT LEAD. Rent Rs 28,600 (32% of income). Eligible Rs 37L at EMI Rs 32,100. Down payment already funded (Rs 39L available)."
CUST103215,P1 - Call today,Home Loan - Ready,Steady Saver,Jayanagar,+91-9420952178,customer103215@example.com,10am-1pm,0.715,68000.0,0.0,6100.0,2803000.0,24500.0,2875000.0,Ready now,0.572,"READY LEAD (no rent outflow - may be living with family). Eligible Rs 28L at EMI Rs 24,500. Down payment funded (Rs 29L). Segment: Steady Saver."
CUST103610,P1 - Call today,Rent-to-EMI - Hot,Steady Saver,Indiranagar,+91-9464121472,customer103610@example.com,10am-1pm,0.715,34900.0,4300.0,2600.0,1499000.0,13100.0,1488000.0,Ready now,0.588,"HOT LEAD. Rent Rs 4,300 (12% of income). Eligible Rs 15L at EMI Rs 13,100. Down payment already funded (Rs 15L available)."
CUST105159,P1 - Call today,Balance Transfer,Steady Saver,Indiranagar,+91-9982585853,customer105159@example.com,4pm-7pm,0.715,80500.0,0.0,17800.0,2108000.0,18400.0,5745000.0,Ready now,0.555,"BT pitch: currently 10.77%, outstanding Rs 22L. Monthly saving Rs 3,189. Carry the rate sheet."
CUST105883,P1 - Call today,Home Loan - Ready,Steady Saver,Whitefield,+91-9872533242,customer105883@example.com,4pm-7pm,0.715,84400.0,0.0,4000.0,4370000.0,38200.0,3954000.0,Ready now,0.452,"READY LEAD (no rent outflow - may be living with family). Eligible Rs 44L at EMI Rs 38,200. Down payment funded (Rs 40L). Segment: Steady Saver."
CUST105965,P1 - Call today,Rent-to-EMI - Hot,Wealth Builder,Jayanagar,+91-9934048898,customer105965@example.com,10am-1pm,0.715,117200.0,27300.0,14900.0,4999000.0,43700.0,3827000.0,Ready now,0.568,"HOT LEAD. Rent Rs 27,300 (23% of income). Eligible Rs 50L at EMI Rs 43,700. Down payment already funded (Rs 38L available)."
CUST105993,P1 - Call today,Rent-to-EMI - Hot,Wealth Builder,MG Road,+91-9316632928,customer105993@example.com,4pm-7pm,0.715,67400.0,14600.0,0.0,3470000.0,30300.0,1796000.0,Ready now,0.996,"HOT LEAD. Rent Rs 14,600 (22% of income). Eligible Rs 35L at EMI Rs 30,300. Down payment already funded (Rs 18L available)."
CUST100147,P1 - Call today,Home Loan - Ready,Steady Saver,Koramangala,+91-9477637125,customer100147@example.com,7pm-9pm,0.714,167600.0,0.0,21400.0,7138000.0,62400.0,5462000.0,Ready now,0.995,"READY LEAD (no rent outflow - may be living with family). Eligible Rs 71L at EMI Rs 62,400. Down payment funded (Rs 55L). Segment: Steady Saver."
CUST100539,P1 - Call today,Rent-to-EMI - Hot,Steady Saver,Jayanagar,+91-9289663562,customer100539@example.com,1pm-4pm,0.714,51700.0,7100.0,4100.0,2488000.0,21800.0,1682000.0,Ready now,1.0,"HOT LEAD. Rent Rs 7,100 (14% of income). Eligible Rs 25L at EMI Rs 21,800. Down payment already funded (Rs 17L available)."
CUST101737,P1 - Call today,Rent-to-EMI - Hot,Wealth Builder,Jayanagar,+91-9561548126,customer101737@example.com,1pm-4pm,0.714,41100.0,12500.0,0.0,1740000.0,15200.0,2323000.0,Ready now,1.0,"HOT LEAD. Rent Rs 12,500 (30% of income). Eligible Rs 17L at EMI Rs 15,200. Down payment already funded (Rs 23L available)."
CUST104702,P1 - Call today,Balance Transfer,Wealth Builder,Whitefield,+91-9585041409,customer104702@example.com,4pm-7pm,0.714,70100.0,29400.0,0.0,3609000.0,31500.0,2308000.0,Ready now,0.396,"BT pitch: currently 10.9%, outstanding Rs 25L. Monthly saving Rs 3,753. Carry the rate sheet."
CUST100514,P1 - Call today,Rent-to-EMI - Hot,Wealth Builder,Jayanagar,+91-9576458758,customer100514@example.com,4pm-7pm,0.713,45900.0,19100.0,0.0,2363000.0,20700.0,2208000.0,Ready now,0.417,"HOT LEAD. Rent Rs 19,100 (42% of income). Eligible Rs 24L at EMI Rs 20,700. Down payment already funded (Rs 22L available)."
CUST100905,P1 - Call today,Rent-to-EMI - Hot,Wealth Builder,Koramangala,+91-9751181982,customer100905@example.com,10am-1pm,0.713,44000.0,18000.0,3500.0,2116000.0,18500.0,1330000.0,Ready now,0.494,"HOT LEAD. Rent Rs 18,000 (41% of income). Eligible Rs 21L at EMI Rs 18,500. Down payment already funded (Rs 13L available)."
CUST101798,P1 - Call today,Rent-to-EMI - Hot,Wealth Builder,MG Road,+91-9125057402,customer101798@example.com,10am-1pm,0.713,115800.0,27100.0,0.0,6623000.0,57900.0,3010000.0,Ready now,0.999,"HOT LEAD. Rent Rs 27,100 (23% of income). Eligible Rs 66L at EMI Rs 57,900. Down payment already funded (Rs 30L available)."
CUST102388,P1 - Call today,Rent-to-EMI - Hot,Steady Saver,MG Road,+91-9201469690,customer102388@example.com,4pm-7pm,0.713,42500.0,8300.0,3500.0,1787000.0,15600.0,1412000.0,Ready now,0.31,"HOT LEAD. Rent Rs 8,300 (20% of income). Eligible Rs 18L at EMI Rs 15,600. Down payment already funded (Rs 14L available)."
CUST106105,P1 - Call today,Balance Transfer,Wealth Builder,Jayanagar,+91-9364326445,customer106105@example.com,4pm-7pm,0.713,81900.0,15400.0,9200.0,3164000.0,27700.0,2428000.0,Ready now,0.995,"BT pitch: currently 10.14%, outstanding Rs 27L. Monthly saving Rs 2,657. Carry the rate sheet."
CUST106350,P1 - Call today,Home Loan - Ready,Steady Saver,Koramangala,+91-9207066725,customer106350@example.com,1pm-4pm,0.713,56800.0,0.0,0.0,3249000.0,28400.0,1479000.0,Ready now,1.0,"READY LEAD (no rent outflow - may be living with family). Eligible Rs 32L at EMI Rs 28,400. Down payment funded (Rs 15L). Segment: Steady Saver."
CUST107570,P1 - Call today,Rent-to-EMI - Hot,Wealth Builder,Koramangala,+91-9291727623,customer107570@example.com,7pm-9pm,0.713,205200.0,32900.0,18900.0,9575000.0,83700.0,6522000.0,Ready now,1.0,"HOT LEAD. Rent Rs 32,900 (16% of income). Eligible Rs 96L at EMI Rs 83,700. Down payment already funded (Rs 65L available)."
CUST107802,P1 - Call today,Rent-to-EMI - Hot,Wealth Builder,Indiranagar,+91-9457969941,customer107802@example.com,1pm-4pm,0.713,122400.0,42500.0,0.0,7001000.0,61200.0,4996000.0,Ready now,0.999,"HOT LEAD. Rent Rs 42,500 (35% of income). Eligible Rs 70L at EMI Rs 61,200. Down payment already funded (Rs 50L available)."
CUST103137,P1 - Call today,Rent-to-EMI - Hot,Wealth Builder,Electronic City,+91-9582141620,customer103137@example.com,4pm-7pm,0.712,79400.0,20200.0,0.0,4087000.0,35700.0,4775000.0,Ready now,0.721,"HOT LEAD. Rent Rs 20,200 (25% of income). Eligible Rs 41L at EMI Rs 35,700. Down payment already funded (Rs 48L available)."
CUST103753,P1 - Call today,Balance Transfer,Steady Saver,Jayanagar,+91-9089364564,customer103753@example.com,4pm-7pm,0.712,82500.0,0.0,7100.0,3435000.0,30000.0,5699000.0,Ready now,0.731,"BT pitch: currently 10.08%, outstanding Rs 28L. Monthly saving Rs 2,739. Carry the rate sheet."
CUST104230,P1 - Call today,Rent-to-EMI - Hot,Wealth Builder,Electronic City,+91-9542876506,customer104230@example.com,4pm-7pm,0.712,96800.0,28400.0,0.0,5537000.0,48400.0,1570000.0,Ready now,1.0,"HOT LEAD. Rent Rs 28,400 (29% of income). Eligible Rs 55L at EMI Rs 48,400. Down payment already funded (Rs 16L available)."
CUST105664,P1 - Call today,Rent-to-EMI - Hot,Wealth Builder,Whitefield,+91-9935311897,customer105664@example.com,10am-1pm,0.712,30400.0,11700.0,7000.0,486000.0,4200.0,1218000.0,Ready now,0.271,"HOT LEAD. Rent Rs 11,700 (38% of income). Eligible Rs 5L at EMI Rs 4,200. Down payment already funded (Rs 12L available)."
CUST106945,P1 - Call today,Home Loan - Ready,Steady Saver,Koramangala,+91-9616337720,customer106945@example.com,10am-1pm,0.712,58100.0,0.0,4400.0,2820000.0,24600.0,1950000.0,Ready now,0.999,"READY LEAD (no rent outflow - may be living with family). Eligible Rs 28L at EMI Rs 24,600. Down payment funded (Rs 20L). Segment: Steady Saver."
CUST107342,P1 - Call today,Rent-to-EMI - Hot,Wealth Builder,Whitefield,+91-9994466716,customer107342@example.com,4pm-7pm,0.712,34900.0,9700.0,0.0,1477000.0,12900.0,1013000.0,Ready now,1.0,"HOT LEAD. Rent Rs 9,700 (28% of income). Eligible Rs 15L at EMI Rs 12,900. Down payment already funded (Rs 10L available)."
CUST107656,P1 - Call today,Rent-to-EMI - Hot,Wealth Builder,Whitefield,+91-9153427581,customer107656@example.com,7pm-9pm,0.712,191500.0,62500.0,18100.0,9978000.0,87200.0,3087000.0,Ready now,0.99,"HOT LEAD. Rent Rs 62,500 (33% of income). Eligible Rs 100L at EMI Rs 87,200. Down payment already funded (Rs 31L available)."
CUST100220,P1 - Call today,Home Loan - Ready,Steady Saver,MG Road,+91-9178384528,customer100220@example.com,1pm-4pm,0.711,54800.0,0.0,7800.0,1929000.0,16900.0,3008000.0,Ready now,0.822,"READY LEAD (no rent outflow - may be living with family). Eligible Rs 19L at EMI Rs 16,900. Down payment funded (Rs 30L). Segment: Steady Saver."
CUST100253,P1 - Call today,Balance Transfer,Steady Saver,Electronic City,+91-9604248532,customer100253@example.com,4pm-7pm,0.711,103800.0,0.0,8300.0,4988000.0,43600.0,4688000.0,Ready now,0.664,"BT pitch: currently 9.38%, outstanding Rs 47L. Monthly saving Rs 2,369. Carry the rate sheet."
CUST102731,P1 - Call today,Rent-to-EMI - Hot,Wealth Builder,Koramangala,+91-9686612921,customer102731@example.com,1pm-4pm,0.711,50000.0,12600.0,6900.0,1785000.0,15600.0,2070000.0,Ready now,0.371,"HOT LEAD. Rent Rs 12,600 (25% of income). Eligible Rs 18L at EMI Rs 15,600. Down payment already funded (Rs 21L available)."
CUST103315,P1 - Call today,Rent-to-EMI - Hot,Steady Saver,Electronic City,+91-9569377265,customer103315@example.com,1pm-4pm,0.711,47200.0,8100.0,0.0,1998000.0,17500.0,1690000.0,Ready now,0.995,"HOT LEAD. Rent Rs 8,100 (17% of income). Eligible Rs 20L at EMI Rs 17,500. Down payment already funded (Rs 17L available)."
CUST103716,P1 - Call today,Rent-to-EMI - Hot,Wealth Builder,Electronic City,+91-9608255570,customer103716@example.com,10am-1pm,0.711,53600.0,9400.0,4100.0,2290000.0,20000.0,1959000.0,Ready now,0.587,"HOT LEAD. Rent Rs 9,400 (18% of income). Eligible Rs 23L at EMI Rs 20,000. Down payment already funded (Rs 20L available)."
CUST101927,P1 - Call today,Rent-to-EMI - Hot,Wealth Builder,Whitefield,+91-9638842134,customer101927@example.com,4pm-7pm,0.71,67900.0,19200.0,0.0,2874000.0,25100.0,2367000.0,Ready now,0.417,"HOT LEAD. Rent Rs 19,200 (28% of income). Eligible Rs 29L at EMI Rs 25,100. Down payment already funded (Rs 24L available)."
CUST106111,P1 - Call today,Rent-to-EMI - Hot,Lifestyle Spender,Whitefield,+91-9832631889,customer106111@example.com,1pm-4pm,0.71,50500.0,20200.0,0.0,2888000.0,25200.0,1048000.0,Ready now,0.111,"HOT LEAD. Rent Rs 20,200 (40% of income). Eligible Rs 29L at EMI Rs 25,200. Down payment already funded (Rs 10L available)."
CUST106122,P1 - Call today,Rent-to-EMI - Hot,Wealth Builder,Indiranagar,+91-9381606501,customer106122@example.com,10am-1pm,0.71,112300.0,36500.0,9400.0,5348000.0,46800.0,5503000.0,Ready now,0.42,"HOT LEAD. Rent Rs 36,500 (32% of income). Eligible Rs 53L at EMI Rs 46,800. Down payment already funded (Rs 55L available)."
CUST107577,P1 - Call today,Home Loan - Ready,Steady Saver,Whitefield,+91-9750212660,customer107577@example.com,1pm-4pm,0.71,100700.0,0.0,0.0,5760000.0,50400.0,3357000.0,Ready now,0.722,"READY LEAD (no rent outflow - may be living with family). Eligible Rs 58L at EMI Rs 50,400. Down payment funded (Rs 34L). Segment: Steady Saver."
CUST100452,P1 - Call today,Rent-to-EMI - Hot,Steady Saver,Whitefield,+91-9204201616,customer100452@example.com,10am-1pm,0.709,74800.0,12800.0,0.0,3851000.0,33700.0,1259000.0,Ready now,0.998,"HOT LEAD. Rent Rs 12,800 (17% of income). Eligible Rs 39L at EMI Rs 33,700. Down payment already funded (Rs 13L available)."
CUST100755,P1 - Call today,Rent-to-EMI - Hot,Steady Saver,Indiranagar,+91-9560300000,customer100755@example.com,4pm-7pm,0.709,68400.0,14100.0,0.0,3912000.0,34200.0,3257000.0,Ready now,0.502,"HOT LEAD. Rent Rs 14,100 (21% of income). Eligible Rs 39L at EMI Rs 34,200. Down payment already funded (Rs 33L available)."
CUST102559,P1 - Call today,Rent-to-EMI - Hot,Wealth Builder,Whitefield,+91-9002045871,customer102559@example.com,1pm-4pm,0.709,53100.0,18600.0,8000.0,1818000.0,15900.0,2536000.0,Ready now,0.747,"HOT LEAD. Rent Rs 18,600 (35% of income). Eligible Rs 18L at EMI Rs 15,900. Down payment already funded (Rs 25L available)."
CUST105918,P1 - Call today,Rent-to-EMI - Hot,Wealth Builder,Koramangala,+91-9511269921,customer105918@example.com,7pm-9pm,0.709,97500.0,28700.0,0.0,5019000.0,43900.0,2172000.0,Ready now,1.0,"HOT LEAD. Rent Rs 28,700 (29% of income). Eligible Rs 50L at EMI Rs 43,900. Down payment already funded (Rs 22L available)."
CUST101284,P1 - Call today,Rent-to-EMI - Hot,Wealth Builder,Jayanagar,+91-9132334563,customer101284@example.com,10am-1pm,0.708,48400.0,13500.0,0.0,2492000.0,21800.0,1827000.0,Ready now,0.636,"HOT LEAD. Rent Rs 13,500 (28% of income). Eligible Rs 25L at EMI Rs 21,800. Down payment already funded (Rs 18L available)."
CUST105411,P1 - Call today,Home Loan - Ready,Steady Saver,Electronic City,+91-9801046703,customer105411@example.com,4pm-7pm,0.708,46600.0,0.0,0.0,2399000.0,21000.0,1129000.0,Ready now,0.828,"READY LEAD (no rent outflow - may be living with family). Eligible Rs 24L at EMI Rs 21,000. Down payment funded (Rs 11L). Segment: Steady Saver."
CUST105296,P1 - Call today,Home Loan - Ready,Steady Saver,MG Road,+91-9915814943,customer105296@example.com,7pm-9pm,0.707,75500.0,0.0,0.0,3196000.0,27900.0,3717000.0,Ready now,1.0,"READY LEAD (no rent outflow - may be living with family). Eligible Rs 32L at EMI Rs 27,900. Down payment funded (Rs 37L). Segment: Steady Saver."
CUST106478,P1 - Call today,Balance Transfer,Wealth Builder,Electronic City,+91-9681675197,customer106478@example.com,4pm-7pm,0.707,63600.0,8300.0,7600.0,2768000.0,24200.0,3498000.0,Ready now,1.0,"BT pitch: currently 10.44%, outstanding Rs 25L. Monthly saving Rs 2,952. Carry the rate sheet."
CUST107542,P1 - Call today,Home Loan - Ready,Steady Saver,Koramangala,+91-9558761481,customer107542@example.com,4pm-7pm,0.707,88300.0,0.0,6000.0,3051000.0,26700.0,4849000.0,Ready now,1.0,"READY LEAD (no rent outflow - may be living with family). Eligible Rs 31L at EMI Rs 26,700. Down payment funded (Rs 48L). Segment: Steady Saver."
CUST107787,P1 - Call today,Rent-to-EMI - Hot,Wealth Builder,Jayanagar,+91-9441126438,customer107787@example.com,10am-1pm,0.707,103500.0,38700.0,0.0,6512000.0,56900.0,2567000.0,Ready now,0.996,"HOT LEAD. Rent Rs 38,700 (37% of income). Eligible Rs 65L at EMI Rs 56,900. Down payment already funded (Rs 26L available)."
CUST106743,P1 - Call today,Home Loan - Ready,Steady Saver,Electronic City,+91-9074239821,customer106743@example.com,4pm-7pm,0.706,52400.0,0.0,0.0,2697000.0,23600.0,1405000.0,Ready now,1.0,"READY LEAD (no rent outflow - may be living with family). Eligible Rs 27L at EMI Rs 23,600. Down payment funded (Rs 14L). Segment: Steady Saver."
CUST107462,P1 - Call today,Rent-to-EMI - Hot,Wealth Builder,Whitefield,+91-9253904941,customer107462@example.com,10am-1pm,0.706,128000.0,53300.0,0.0,7321000.0,64000.0,2555000.0,Ready now,1.0,"HOT LEAD. Rent Rs 53,300 (42% of income). Eligible Rs 73L at EMI Rs 64,000. Down payment already funded (Rs 26L available)."
CUST100375,P1 - Call today,Rent-to-EMI - Hot,Wealth Builder,Koramangala,+91-9473106017,customer100375@example.com,10am-1pm,0.705,47200.0,15700.0,0.0,2430000.0,21200.0,1178000.0,Ready now,0.519,"HOT LEAD. Rent Rs 15,700 (33% of income). Eligible Rs 24L at EMI Rs 21,200. Down payment already funded (Rs 12L available)."
CUST100981,P1 - Call today,Rent-to-EMI - Hot,Lifestyle Spender,Electronic City,+91-9778251310,customer100981@example.com,7pm-9pm,0.705,56700.0,23500.0,0.0,2919000.0,25500.0,908000.0,Ready now,0.118,"HOT LEAD. Rent Rs 23,500 (41% of income). Eligible Rs 29L at EMI Rs 25,500. Down payment already funded (Rs 9L available)."
CUST101436,P1 - Call today,Home Loan - Ready,Steady Saver,Electronic City,+91-9975785166,customer101436@example.com,10am-1pm,0.705,95200.0,0.0,0.0,5445000.0,47600.0,2827000.0,Ready now,0.357,"READY LEAD (no rent outflow - may be living with family). Eligible Rs 54L at EMI Rs 47,600. Down payment funded (Rs 28L). Segment: Steady Saver."
CUST101691,P1 - Call today,Rent-to-EMI - Hot,Wealth Builder,Electronic City,+91-9988970695,customer101691@example.com,7pm-9pm,0.705,172400.0,68300.0,41100.0,3581000.0,31300.0,3869000.0,Ready now,0.994,"HOT LEAD. Rent Rs 68,300 (40% of income). Eligible Rs 36L at EMI Rs 31,300. Down payment already funded (Rs 39L available)."
CUST103047,P1 - Call today,Home Loan - Ready,Steady Saver,Indiranagar,+91-9562673590,customer103047@example.com,7pm-9pm,0.705,72100.0,0.0,0.0,4124000.0,36000.0,1888000.0,Ready now,0.988,"READY LEAD (no rent outflow - may be living with family). Eligible Rs 41L at EMI Rs 36,000. Down payment funded (Rs 19L). Segment: Steady Saver."
CUST106386,P1 - Call today,Rent-to-EMI - Hot,Steady Saver,Whitefield,+91-9625734281,customer106386@example.com,4pm-7pm,0.705,40200.0,6100.0,0.0,2299000.0,20100.0,979000.0,Ready now,0.98,"HOT LEAD. Rent Rs 6,100 (15% of income). Eligible Rs 23L at EMI Rs 20,100. Down payment already funded (Rs 10L available)."
CUST100332,P1 - Call today,Rent-to-EMI - Hot,Wealth Builder,Indiranagar,+91-9055598560,customer100332@example.com,10am-1pm,0.704,44600.0,14900.0,0.0,2296000.0,20100.0,1461000.0,Ready now,1.0,"HOT LEAD. Rent Rs 14,900 (33% of income). Eligible Rs 23L at EMI Rs 20,100. Down payment already funded (Rs 15L available)."
CUST101572,P1 - Call today,Home Loan - Ready,Steady Saver,Jayanagar,+91-9428492012,customer101572@example.com,1pm-4pm,0.704,112500.0,0.0,8200.0,5497000.0,48000.0,6434000.0,Ready now,0.555,"READY LEAD (no rent outflow - may be living with family). Eligible Rs 55L at EMI Rs 48,000. Down payment funded (Rs 64L). Segment: Steady Saver."
CUST103528,P1 - Call today,Rent-to-EMI - Hot,Wealth Builder,MG Road,+91-9044653268,customer103528@example.com,7pm-9pm,0.704,113900.0,23600.0,10100.0,5359000.0,46800.0,3660000.0,Ready now,1.0,"HOT LEAD. Rent Rs 23,600 (21% of income). Eligible Rs 54L at EMI Rs 46,800. Down payment already funded (Rs 37L available)."
CUST103871,P1 - Call today,Rent-to-EMI - Hot,Wealth Builder,MG Road,+91-9583780221,customer103871@example.com,7pm-9pm,0.704,65400.0,20600.0,0.0,3367000.0,29400.0,2939000.0,Ready now,0.37,"HOT LEAD. Rent Rs 20,600 (32% of income). Eligible Rs 34L at EMI Rs 29,400. Down payment already funded (Rs 29L available)."
CUST104058,P1 - Call today,Rent-to-EMI - Hot,Wealth Builder,Whitefield,+91-9058469024,customer104058@example.com,1pm-4pm,0.704,30000.0,10100.0,0.0,1270000.0,11100.0,632000.0,Ready now,0.354,"HOT LEAD. Rent Rs 10,100 (34% of income). Eligible Rs 13L at EMI Rs 11,100. Down payment already funded (Rs 6L available)."
CUST104333,P1 - Call today,Rent-to-EMI - Hot,Wealth Builder,Indiranagar,+91-9108977829,customer104333@example.com,7pm-9pm,0.704,63700.0,18700.0,0.0,3279000.0,28700.0,3585000.0,Ready now,1.0,"HOT LEAD. Rent Rs 18,700 (29% of income). Eligible Rs 33L at EMI Rs 28,700. Down payment already funded (Rs 36L available)."
CUST104523,P1 - Call today,Rent-to-EMI - Hot,Wealth Builder,Electronic City,+91-9798192937,customer104523@example.com,4pm-7pm,0.704,149200.0,27200.0,13800.0,7809000.0,68300.0,9876000.0,Ready now,0.61,"HOT LEAD. Rent Rs 27,200 (18% of income). Eligible Rs 78L at EMI Rs 68,300. Down payment already funded (Rs 99L available)."
CUST105979,P1 - Call today,Rent-to-EMI - Hot,Lifestyle Spender,Koramangala,+91-9906817374,customer105979@example.com,10am-1pm,0.704,108500.0,43600.0,11300.0,5534000.0,48400.0,2076000.0,Ready now,0.079,"HOT LEAD. Rent Rs 43,600 (40% of income). Eligible Rs 55L at EMI Rs 48,400. Down payment already funded (Rs 21L available)."
CUST106981,P1 - Call today,Home Loan - Ready,Steady Saver,Electronic City,+91-9451779984,customer106981@example.com,4pm-7pm,0.704,128800.0,0.0,6300.0,7383000.0,64500.0,2592000.0,Ready now,0.998,"READY LEAD (no rent outflow - may be living with family). Eligible Rs 74L at EMI Rs 64,500. Down payment funded (Rs 26L). Segment: Steady Saver."
CUST107770,P1 - Call today,Home Loan - Ready,Steady Saver,Koramangala,+91-9569815032,customer107770@example.com,1pm-4pm,0.704,72400.0,0.0,4000.0,3269000.0,28600.0,1518000.0,Ready now,1.0,"READY LEAD (no rent outflow - may be living with family). Eligible Rs 33L at EMI Rs 28,600. Down payment funded (Rs 15L). Segment: Steady Saver."
CUST107912,P1 - Call today,Rent-to-EMI - Hot,Steady Saver,MG Road,+91-9155498914,customer107912@example.com,10am-1pm,0.704,83900.0,10300.0,0.0,4319000.0,37800.0,2686000.0,Ready now,1.0,"HOT LEAD. Rent Rs 10,300 (12% of income). Eligible Rs 43L at EMI Rs 37,800. Down payment already funded (Rs 27L available)."
CUST100415,P1 - Call today,Home Loan - Ready,Steady Saver,Koramangala,+91-9880191800,customer100415@example.com,4pm-7pm,0.703,91700.0,0.0,6600.0,4490000.0,39200.0,2981000.0,Ready now,0.629,"READY LEAD (no rent outflow - may be living with family). Eligible Rs 45L at EMI Rs 39,200. Down payment funded (Rs 30L). Segment: Steady Saver."
CUST102076,P1 - Call today,Balance Transfer,Steady Saver,MG Road,+91-9896911300,customer102076@example.com,7pm-9pm,0.703,46100.0,6800.0,2000.0,2408000.0,21000.0,1784000.0,Ready now,0.994,"BT pitch: currently 10.09%, outstanding Rs 17L. Monthly saving Rs 1,651. Carry the rate sheet."
CUST102279,P1 - Call today,Rent-to-EMI - Hot,Banking Elsewhere,Indiranagar,+91-9089405655,customer102279@example.com,10am-1pm,0.703,96800.0,12900.0,0.0,5537000.0,48400.0,1784000.0,Ready now,0.128,"HOT LEAD. Rent Rs 12,900 (13% of income). Eligible Rs 55L at EMI Rs 48,400. Down payment already funded (Rs 18L available)."
CUST105660,P1 - Call today,Home Loan - Ready,Steady Saver,Indiranagar,+91-9696628152,customer105660@example.com,10am-1pm,0.703,31600.0,0.0,0.0,1627000.0,14200.0,914000.0,Ready now,1.0,"READY LEAD (no rent outflow - may be living with family). Eligible Rs 16L at EMI Rs 14,200. Down payment funded (Rs 9L). Segment: Steady Saver."
CUST101748,P1 - Call today,Rent-to-EMI - Hot,Wealth Builder,MG Road,+91-9428718231,customer101748@example.com,4pm-7pm,0.702,51800.0,12800.0,0.0,2667000.0,23300.0,2367000.0,Ready now,0.808,"HOT LEAD. Rent Rs 12,800 (25% of income). Eligible Rs 27L at EMI Rs 23,300. Down payment already funded (Rs 24L available)."
CUST103861,P1 - Call today,Rent-to-EMI - Hot,Wealth Builder,Indiranagar,+91-9518991908,customer103861@example.com,1pm-4pm,0.702,91600.0,35800.0,4600.0,4713000.0,41200.0,2340000.0,Ready now,0.189,"HOT LEAD. Rent Rs 35,800 (39% of income). Eligible Rs 47L at EMI Rs 41,200. Down payment already funded (Rs 23L available)."
CUST104546,P1 - Call today,Rent-to-EMI - Hot,Wealth Builder,Electronic City,+91-9057477637,customer104546@example.com,7pm-9pm,0.702,40200.0,11500.0,0.0,2069000.0,18100.0,1485000.0,Ready now,0.282,"HOT LEAD. Rent Rs 11,500 (29% of income). Eligible Rs 21L at EMI Rs 18,100. Down payment already funded (Rs 15L available)."
CUST104886,P1 - Call today,Home Loan - Ready,Steady Saver,MG Road,+91-9937212434,customer104886@example.com,10am-1pm,0.702,78400.0,0.0,0.0,4484000.0,39200.0,3822000.0,Ready now,0.426,"READY LEAD (no rent outflow - may be living with family). Eligible Rs 45L at EMI Rs 39,200. Down payment funded (Rs 38L). Segment: Steady Saver."
CUST107303,P1 - Call today,Home Loan - Ready,Steady Saver,Indiranagar,+91-9084858888,customer107303@example.com,10am-1pm,0.702,27800.0,0.0,0.0,1431000.0,12500.0,813000.0,Ready now,1.0,"READY LEAD (no rent outflow - may be living with family). Eligible Rs 14L at EMI Rs 12,500. Down payment funded (Rs 8L). Segment: Steady Saver."
CUST100824,P1 - Call today,Rent-to-EMI - Hot,Wealth Builder,Electronic City,+91-9481453001,customer100824@example.com,4pm-7pm,0.701,67700.0,24900.0,0.0,3872000.0,33800.0,2087000.0,Ready now,0.275,"HOT LEAD. Rent Rs 24,900 (37% of income). Eligible Rs 39L at EMI Rs 33,800. Down payment already funded (Rs 21L available)."
CUST102284,P1 - Call today,Home Loan - Ready,Steady Saver,MG Road,+91-9851475313,customer102284@example.com,7pm-9pm,0.701,112200.0,0.0,7600.0,5548000.0,48500.0,3037000.0,Ready now,0.373,"READY LEAD (no rent outflow - may be living with family). Eligible Rs 55L at EMI Rs 48,500. Down payment funded (Rs 30L). Segment: Steady Saver."
CUST103332,P1 - Call today,Rent-to-EMI - Hot,Wealth Builder,Jayanagar,+91-9829537370,customer103332@example.com,4pm-7pm,0.701,75100.0,29800.0,0.0,3179000.0,27800.0,3247000.0,Ready now,0.555,"HOT LEAD. Rent Rs 29,800 (40% of income). Eligible Rs 32L at EMI Rs 27,800. Down payment already funded (Rs 32L available)."
CUST100682,P1 - Call today,Rent-to-EMI - Hot,Lifestyle Spender,Electronic City,+91-9578602636,customer100682@example.com,7pm-9pm,0.7,40700.0,15100.0,0.0,2095000.0,18300.0,870000.0,Ready now,0.283,"HOT LEAD. Rent Rs 15,100 (37% of income). Eligible Rs 21L at EMI Rs 18,300. Down payment already funded (Rs 9L available)."
CUST101133,P1 - Call today,Rent-to-EMI - Hot,Wealth Builder,Whitefield,+91-9291282354,customer101133@example.com,7pm-9pm,0.7,112900.0,44100.0,0.0,6458000.0,56400.0,4282000.0,Ready now,0.43,"HOT LEAD. Rent Rs 44,100 (39% of income). Eligible Rs 65L at EMI Rs 56,400. Down payment already funded (Rs 43L available)."
CUST102485,P1 - Call today,Rent-to-EMI - Hot,Wealth Builder,Jayanagar,+91-9018185137,customer102485@example.com,4pm-7pm,0.7,53000.0,10400.0,9300.0,1664000.0,14600.0,2670000.0,Ready now,0.997,"HOT LEAD. Rent Rs 10,400 (20% of income). Eligible Rs 17L at EMI Rs 14,600. Down payment already funded (Rs 27L available)."
CUST103756,P1 - Call today,Balance Transfer,Wealth Builder,Whitefield,+91-9673172209,customer103756@example.com,10am-1pm,0.7,114600.0,41700.0,0.0,6555000.0,57300.0,2286000.0,Ready now,0.99,"BT pitch: currently 9.72%, outstanding Rs 61L. Monthly saving Rs 4,449. Carry the rate sheet."
CUST107352,P1 - Call today,Rent-to-EMI - Hot,Wealth Builder,Electronic City,+91-9317397050,customer107352@example.com,1pm-4pm,0.7,47500.0,16500.0,2000.0,2216000.0,19400.0,778000.0,Ready now,1.0,"HOT LEAD. Rent Rs 16,500 (35% of income). Eligible Rs 22L at EMI Rs 19,400. Down payment already funded (Rs 8L available)."
CUST100779,P2 - Call this week,Rent-to-EMI - Hot,Lifestyle Spender,Jayanagar,+91-9501849532,customer100779@example.com,7pm-9pm,0.699,26600.0,8300.0,2200.0,1270000.0,11100.0,591000.0,Ready now,0.123,"HOT LEAD. Rent Rs 8,300 (31% of income). Eligible Rs 13L at EMI Rs 11,100. Down payment already funded (Rs 6L available)."
CUST102290,P2 - Call this week,Home Loan - Ready,Steady Saver,Koramangala,+91-9025763173,customer102290@example.com,1pm-4pm,0.699,32600.0,0.0,0.0,1865000.0,16300.0,983000.0,Ready now,0.457,"READY LEAD (no rent outflow - may be living with family). Eligible Rs 19L at EMI Rs 16,300. Down payment funded (Rs 10L). Segment: Steady Saver."
CUST102904,P2 - Call this week,Rent-to-EMI - Hot,Steady Saver,Electronic City,+91-9343344403,customer102904@example.com,1pm-4pm,0.699,68800.0,8700.0,0.0,3542000.0,31000.0,1318000.0,Ready now,0.924,"HOT LEAD. Rent Rs 8,700 (13% of income). Eligible Rs 35L at EMI Rs 31,000. Down payment already funded (Rs 13L available)."
CUST105186,P2 - Call this week,Rent-to-EMI - Hot,Steady Saver,Jayanagar,+91-9550108681,customer105186@example.com,4pm-7pm,0.699,125200.0,26300.0,0.0,7161000.0,62600.0,4062000.0,Ready now,0.721,"HOT LEAD. Rent Rs 26,300 (21% of income). Eligible Rs 72L at EMI Rs 62,600. Down payment already funded (Rs 41L available)."
CUST105359,P2 - Call this week,Rent-to-EMI - Hot,Wealth Builder,Koramangala,+91-9039181876,customer105359@example.com,10am-1pm,0.699,26000.0,7300.0,0.0,1338000.0,11700.0,831000.0,Ready now,0.242,"HOT LEAD. Rent Rs 7,300 (28% of income). Eligible Rs 13L at EMI Rs 11,700. Down payment already funded (Rs 8L available)."
CUST106933,P2 - Call this week,Rent-to-EMI - Hot,Steady Saver,Indiranagar,+91-9398626088,customer106933@example.com,1pm-4pm,0.699,87900.0,24500.0,0.0,3720000.0,32500.0,3498000.0,Ready now,0.8,"HOT LEAD. Rent Rs 24,500 (28% of income). Eligible Rs 37L at EMI Rs 32,500. Down payment already funded (Rs 35L available)."
CUST107084,P2 - Call this week,Balance Transfer,Wealth Builder,Indiranagar,+91-9264205260,customer107084@example.com,4pm-7pm,0.699,111700.0,31300.0,0.0,6389000.0,55800.0,5659000.0,Ready now,0.654,"BT pitch: currently 10.83%, outstanding Rs 30L. Monthly saving Rs 4,374. Carry the rate sheet."
CUST107935,P2 - Call this week,Rent-to-EMI - Hot,Wealth Builder,MG Road,+91-9747067914,customer107935@example.com,4pm-7pm,0.699,110100.0,16000.0,0.0,6297000.0,55000.0,5884000.0,Ready now,0.538,"HOT LEAD. Rent Rs 16,000 (14% of income). Eligible Rs 63L at EMI Rs 55,000. Down payment already funded (Rs 59L available)."
CUST101969,P2 - Call this week,Rent-to-EMI - Hot,Steady Saver,Whitefield,+91-9965064769,customer101969@example.com,10am-1pm,0.698,52300.0,8700.0,4300.0,2200000.0,19200.0,2758000.0,Ready now,0.58,"HOT LEAD. Rent Rs 8,700 (17% of income). Eligible Rs 22L at EMI Rs 19,200. Down payment already funded (Rs 28L available)."
CUST107292,P2 - Call this week,Home Loan - Ready,Steady Saver,MG Road,+91-9110582468,customer107292@example.com,7pm-9pm,0.698,50000.0,0.0,0.0,2574000.0,22500.0,1494000.0,Ready now,1.0,"READY LEAD (no rent outflow - may be living with family). Eligible Rs 26L at EMI Rs 22,500. Down payment funded (Rs 15L). Segment: Steady Saver."
CUST107653,P2 - Call this week,Home Loan - Ready,Steady Saver,Jayanagar,+91-9825630969,customer107653@example.com,1pm-4pm,0.698,64400.0,0.0,3600.0,3272000.0,28600.0,1852000.0,Ready now,0.999,"READY LEAD (no rent outflow - may be living with family). Eligible Rs 33L at EMI Rs 28,600. Down payment funded (Rs 19L). Segment: Steady Saver."
CUST104703,P2 - Call this week,Home Loan - Ready,Steady Saver,Indiranagar,+91-9976942069,customer104703@example.com,10am-1pm,0.697,63500.0,0.0,7100.0,2820000.0,24600.0,1432000.0,Ready now,1.0,"READY LEAD (no rent outflow - may be living with family). Eligible Rs 28L at EMI Rs 24,600. Down payment funded (Rs 14L). Segment: Steady Saver."
CUST105250,P2 - Call this week,Home Loan - Ready,Steady Saver,Indiranagar,+91-9807357576,customer105250@example.com,7pm-9pm,0.697,133700.0,0.0,0.0,7647000.0,66800.0,4771000.0,Ready now,0.993,"READY LEAD (no rent outflow - may be living with family). Eligible Rs 76L at EMI Rs 66,800. Down payment funded (Rs 48L). Segment: Steady Saver."
CUST105813,P2 - Call this week,Rent-to-EMI - Hot,Steady Saver,Indiranagar,+91-9501343147,customer105813@example.com,4pm-7pm,0.696,72900.0,9400.0,0.0,3753000.0,32800.0,2396000.0,Ready now,0.569,"HOT LEAD. Rent Rs 9,400 (13% of income). Eligible Rs 38L at EMI Rs 32,800. Down payment already funded (Rs 24L available)."
CUST105889,P2 - Call this week,Rent-to-EMI - Hot,Wealth Builder,Indiranagar,+91-9780064970,customer105889@example.com,4pm-7pm,0.696,89000.0,18500.0,0.0,4582000.0,40000.0,2001000.0,Ready now,1.0,"HOT LEAD. Rent Rs 18,500 (21% of income). Eligible Rs 46L at EMI Rs 40,000. Down payment already funded (Rs 20L available)."
CUST106407,P2 - Call this week,Home Loan - Ready,Steady Saver,Electronic City,+91-9405689986,customer106407@example.com,4pm-7pm,0.696,70500.0,0.0,20800.0,1250000.0,10900.0,3020000.0,Ready now,0.53,"READY LEAD (no rent outflow - may be living with family). Eligible Rs 12L at EMI Rs 10,900. Down payment funded (Rs 30L). Segment: Steady Saver."
CUST107995,P2 - Call this week,Rent-to-EMI - Hot,Wealth Builder,Jayanagar,+91-9443390872,customer107995@example.com,4pm-7pm,0.696,39400.0,13900.0,6400.0,1296000.0,11300.0,1121000.0,Ready now,0.931,"HOT LEAD. Rent Rs 13,900 (35% of income). Eligible Rs 13L at EMI Rs 11,300. Down payment already funded (Rs 11L available)."
CUST102067,P2 - Call this week,Rent-to-EMI - Hot,Wealth Builder,MG Road,+91-9180189141,customer102067@example.com,4pm-7pm,0.695,63800.0,9500.0,6500.0,2541000.0,22200.0,2615000.0,Ready now,0.602,"HOT LEAD. Rent Rs 9,500 (15% of income). Eligible Rs 25L at EMI Rs 22,200. Down payment already funded (Rs 26L available)."
CUST102255,P2 - Call this week,Home Loan - Ready,Steady Saver,MG Road,+91-9747131054,customer102255@example.com,7pm-9pm,0.695,66400.0,0.0,0.0,3798000.0,33200.0,2353000.0,Ready now,0.445,"READY LEAD (no rent outflow - may be living with family). Eligible Rs 38L at EMI Rs 33,200. Down payment funded (Rs 24L). Segment: Steady Saver."
CUST104367,P2 - Call this week,Rent-to-EMI - Hot,Wealth Builder,Whitefield,+91-9176701190,customer104367@example.com,10am-1pm,0.695,125600.0,33400.0,10100.0,6747000.0,59000.0,4052000.0,Ready now,0.371,"HOT LEAD. Rent Rs 33,400 (27% of income). Eligible Rs 67L at EMI Rs 59,000. Down payment already funded (Rs 41L available)."
CUST107318,P2 - Call this week,Home Loan - Ready,Steady Saver,Electronic City,+91-9347545473,customer107318@example.com,10am-1pm,0.695,47300.0,0.0,3500.0,2035000.0,17800.0,1798000.0,Ready now,0.997,"READY LEAD (no rent outflow - may be living with family). Eligible Rs 20L at EMI Rs 17,800. Down payment funded (Rs 18L). Segment: Steady Saver."
CUST107985,P2 - Call this week,Rent-to-EMI - Hot,Wealth Builder,MG Road,+91-9865797782,customer107985@example.com,4pm-7pm,0.695,102000.0,37300.0,0.0,5834000.0,51000.0,1584000.0,Ready now,1.0,"HOT LEAD. Rent Rs 37,300 (37% of income). Eligible Rs 58L at EMI Rs 51,000. Down payment already funded (Rs 16L available)."
CUST103459,P2 - Call this week,Home Loan - Ready,Steady Saver,MG Road,+91-9149734459,customer103459@example.com,7pm-9pm,0.694,88000.0,0.0,0.0,4530000.0,39600.0,1601000.0,Ready now,0.985,"READY LEAD (no rent outflow - may be living with family). Eligible Rs 45L at EMI Rs 39,600. Down payment funded (Rs 16L). Segment: Steady Saver."
CUST103475,P2 - Call this week,Rent-to-EMI - Hot,Steady Saver,Koramangala,+91-9342892423,customer103475@example.com,7pm-9pm,0.694,91200.0,17100.0,4200.0,3380000.0,29500.0,3209000.0,Ready now,0.999,"HOT LEAD. Rent Rs 17,100 (19% of income). Eligible Rs 34L at EMI Rs 29,500. Down payment already funded (Rs 32L available)."
CUST105385,P2 - Call this week,Rent-to-EMI - Hot,Wealth Builder,Electronic City,+91-9938410435,customer105385@example.com,10am-1pm,0.694,30000.0,8500.0,2200.0,1293000.0,11300.0,688000.0,Ready now,1.0,"HOT LEAD. Rent Rs 8,500 (28% of income). Eligible Rs 13L at EMI Rs 11,300. Down payment already funded (Rs 7L available)."
CUST106028,P2 - Call this week,Rent-to-EMI - Hot,Wealth Builder,Electronic City,+91-9028231580,customer106028@example.com,1pm-4pm,0.694,98700.0,38700.0,0.0,5081000.0,44400.0,3013000.0,Ready now,0.346,"HOT LEAD. Rent Rs 38,700 (39% of income). Eligible Rs 51L at EMI Rs 44,400. Down payment already funded (Rs 30L available)."
CUST100441,P2 - Call this week,Home Loan - Ready,Steady Saver,MG Road,+91-9930869406,customer100441@example.com,7pm-9pm,0.693,42900.0,0.0,0.0,2208000.0,19300.0,2168000.0,Ready now,0.709,"READY LEAD (no rent outflow - may be living with family). Eligible Rs 22L at EMI Rs 19,300. Down payment funded (Rs 22L). Segment: Steady Saver."
CUST101582,P2 - Call this week,Rent-to-EMI - Hot,Wealth Builder,Whitefield,+91-9537189614,customer101582@example.com,1pm-4pm,0.693,45100.0,12100.0,3200.0,1543000.0,13500.0,1954000.0,Ready now,0.756,"HOT LEAD. Rent Rs 12,100 (27% of income). Eligible Rs 15L at EMI Rs 13,500. Down payment already funded (Rs 20L available)."
CUST102546,P2 - Call this week,Rent-to-EMI - Hot,Wealth Builder,Electronic City,+91-9006930086,customer102546@example.com,4pm-7pm,0.693,30300.0,8400.0,0.0,1733000.0,15200.0,620000.0,Ready now,0.979,"HOT LEAD. Rent Rs 8,400 (28% of income). Eligible Rs 17L at EMI Rs 15,200. Down payment already funded (Rs 6L available)."
CUST102587,P2 - Call this week,Home Loan - Ready,Steady Saver,Koramangala,+91-9902793769,customer102587@example.com,1pm-4pm,0.693,38500.0,0.0,0.0,2202000.0,19200.0,1943000.0,Ready now,0.553,"READY LEAD (no rent outflow - may be living with family). Eligible Rs 22L at EMI Rs 19,200. Down payment funded (Rs 19L). Segment: Steady Saver."
CUST104122,P2 - Call this week,Rent-to-EMI - Hot,Wealth Builder,Indiranagar,+91-9017489872,customer104122@example.com,7pm-9pm,0.693,99900.0,38200.0,5800.0,4479000.0,39200.0,3199000.0,Ready now,0.286,"HOT LEAD. Rent Rs 38,200 (38% of income). Eligible Rs 45L at EMI Rs 39,200. Down payment already funded (Rs 32L available)."
CUST106311,P2 - Call this week,Rent-to-EMI - Hot,Wealth Builder,Whitefield,+91-9886930886,customer106311@example.com,10am-1pm,0.693,50900.0,16600.0,5400.0,2002000.0,17500.0,2883000.0,Ready now,0.549,"HOT LEAD. Rent Rs 16,600 (33% of income). Eligible Rs 20L at EMI Rs 17,500. Down payment already funded (Rs 29L available)."
CUST106517,P2 - Call this week,Home Loan - Ready,Steady Saver,Whitefield,+91-9339567521,customer106517@example.com,4pm-7pm,0.693,105500.0,0.0,16900.0,4705000.0,41100.0,6958000.0,Ready now,0.619,"READY LEAD (no rent outflow - may be living with family). Eligible Rs 47L at EMI Rs 41,100. Down payment funded (Rs 70L). Segment: Steady Saver."
CUST107551,P2 - Call this week,Rent-to-EMI - Hot,Wealth Builder,Koramangala,+91-9725319411,customer107551@example.com,4pm-7pm,0.693,100500.0,36400.0,0.0,5748000.0,50200.0,4583000.0,Ready now,0.504,"HOT LEAD. Rent Rs 36,400 (36% of income). Eligible Rs 57L at EMI Rs 50,200. Down payment already funded (Rs 46L available)."
CUST104780,P2 - Call this week,Rent-to-EMI - Hot,Wealth Builder,Indiranagar,+91-9044685765,customer104780@example.com,4pm-7pm,0.692,63500.0,26200.0,6600.0,2514000.0,22000.0,2034000.0,Ready now,0.554,"HOT LEAD. Rent Rs 26,200 (41% of income). Eligible Rs 25L at EMI Rs 22,000. Down payment already funded (Rs 20L available)."
CUST105278,P2 - Call this week,Rent-to-EMI - Hot,Lifestyle Spender,MG Road,+91-9118014246,customer105278@example.com,1pm-4pm,0.692,34400.0,13700.0,0.0,1771000.0,15500.0,522000.0,Ready now,0.15,"HOT LEAD. Rent Rs 13,700 (40% of income). Eligible Rs 18L at EMI Rs 15,500. Down payment already funded (Rs 5L available)."
CUST105290,P2 - Call this week,Rent-to-EMI - Hot,Wealth Builder,Whitefield,+91-9752418133,customer105290@example.com,7pm-9pm,0.692,113100.0,31000.0,24300.0,3689000.0,32200.0,4480000.0,Ready now,0.999,"HOT LEAD. Rent Rs 31,000 (27% of income). Eligible Rs 37L at EMI Rs 32,200. Down payment already funded (Rs 45L available)."
CUST105392,P2 - Call this week,Rent-to-EMI - Hot,Wealth Builder,Jayanagar,+91-9033287227,customer105392@example.com,10am-1pm,0.692,33200.0,12500.0,4300.0,1217000.0,10600.0,799000.0,Ready now,0.956,"HOT LEAD. Rent Rs 12,500 (38% of income). Eligible Rs 12L at EMI Rs 10,600. Down payment already funded (Rs 8L available)."
CUST105525,P2 - Call this week,Home Loan - Ready,Steady Saver,Jayanagar,+91-9519401791,customer105525@example.com,7pm-9pm,0.692,156200.0,0.0,12800.0,8363000.0,73100.0,6670000.0,Ready now,0.425,"READY LEAD (no rent outflow - may be living with family). Eligible Rs 84L at EMI Rs 73,100. Down payment funded (Rs 67L). Segment: Steady Saver."
CUST106991,P2 - Call this week,Rent-to-EMI - Hot,Wealth Builder,Whitefield,+91-9407392195,customer106991@example.com,10am-1pm,0.692,71300.0,19200.0,0.0,4078000.0,35600.0,1720000.0,Ready now,1.0,"HOT LEAD. Rent Rs 19,200 (27% of income). Eligible Rs 41L at EMI Rs 35,600. Down payment already funded (Rs 17L available)."
CUST104150,P2 - Call this week,Home Loan - Ready,Steady Saver,Electronic City,+91-9271320773,customer104150@example.com,10am-1pm,0.691,70700.0,0.0,0.0,4044000.0,35400.0,1444000.0,Ready now,0.807,"READY LEAD (no rent outflow - may be living with family). Eligible Rs 40L at EMI Rs 35,400. Down payment funded (Rs 14L). Segment: Steady Saver."
CUST107372,P2 - Call this week,Rent-to-EMI - Hot,Steady Saver,Electronic City,+91-9690402781,customer107372@example.com,1pm-4pm,0.691,79400.0,9700.0,7700.0,3206000.0,28000.0,2905000.0,Ready now,0.378,"HOT LEAD. Rent Rs 9,700 (12% of income). Eligible Rs 32L at EMI Rs 28,000. Down payment already funded (Rs 29L available)."
CUST100785,P2 - Call this week,Balance Transfer,Steady Saver,Electronic City,+91-9845960149,customer100785@example.com,7pm-9pm,0.69,111400.0,0.0,0.0,5352000.0,46800.0,4659000.0,Ready now,0.998,"BT pitch: currently 9.24%, outstanding Rs 62L. Monthly saving Rs 2,541. Carry the rate sheet."
CUST102718,P2 - Call this week,Rent-to-EMI - Hot,Wealth Builder,Electronic City,+91-9891525434,customer102718@example.com,7pm-9pm,0.69,78100.0,15300.0,14600.0,2797000.0,24400.0,2618000.0,Ready now,1.0,"HOT LEAD. Rent Rs 15,300 (20% of income). Eligible Rs 28L at EMI Rs 24,400. Down payment already funded (Rs 26L available)."
CUST103830,P2 - Call this week,Rent-to-EMI - Hot,Steady Saver,Electronic City,+91-9546920931,customer103830@example.com,4pm-7pm,0.69,129400.0,19800.0,0.0,8142000.0,71200.0,4248000.0,Ready now,0.333,"HOT LEAD. Rent Rs 19,800 (15% of income). Eligible Rs 81L at EMI Rs 71,200. Down payment already funded (Rs 42L available)."
CUST105600,P2 - Call this week,Home Loan - Ready,Steady Saver,Whitefield,+91-9877591235,customer105600@example.com,7pm-9pm,0.69,57200.0,0.0,15900.0,1126000.0,9800.0,1824000.0,Ready now,0.989,"READY LEAD (no rent outflow - may be living with family). Eligible Rs 11L at EMI Rs 9,800. Down payment funded (Rs 18L). Segment: Steady Saver."
CUST106786,P2 - Call this week,Rent-to-EMI - Hot,Wealth Builder,Whitefield,+91-9493858034,customer106786@example.com,4pm-7pm,0.69,45700.0,15100.0,3600.0,1941000.0,17000.0,1589000.0,Ready now,0.765,"HOT LEAD. Rent Rs 15,100 (33% of income). Eligible Rs 19L at EMI Rs 17,000. Down payment already funded (Rs 16L available)."
CUST107267,P2 - Call this week,Rent-to-EMI - Hot,Steady Saver,Electronic City,+91-9180061937,customer107267@example.com,4pm-7pm,0.69,52800.0,9900.0,0.0,2718000.0,23800.0,1554000.0,Ready now,0.471,"HOT LEAD. Rent Rs 9,900 (19% of income). Eligible Rs 27L at EMI Rs 23,800. Down payment already funded (Rs 16L available)."
CUST100181,P2 - Call this week,Rent-to-EMI - Hot,Wealth Builder,Koramangala,+91-9433571038,customer100181@example.com,10am-1pm,0.689,61100.0,12500.0,5200.0,2550000.0,22300.0,1456000.0,Ready now,1.0,"HOT LEAD. Rent Rs 12,500 (20% of income). Eligible Rs 26L at EMI Rs 22,300. Down payment already funded (Rs 15L available)."
CUST101382,P2 - Call this week,Home Loan - Ready,Steady Saver,MG Road,+91-9928808119,customer101382@example.com,10am-1pm,0.689,55200.0,0.0,11700.0,1503000.0,13100.0,2053000.0,Ready now,0.351,"READY LEAD (no rent outflow - may be living with family). Eligible Rs 15L at EMI Rs 13,100. Down payment funded (Rs 21L). Segment: Steady Saver."
CUST101408,P2 - Call this week,Rent-to-EMI - Hot,Wealth Builder,MG Road,+91-9052643565,customer101408@example.com,10am-1pm,0.689,51500.0,17500.0,0.0,2651000.0,23200.0,2446000.0,Ready now,1.0,"HOT LEAD. Rent Rs 17,500 (34% of income). Eligible Rs 27L at EMI Rs 23,200. Down payment already funded (Rs 24L available)."
CUST105165,P2 - Call this week,Rent-to-EMI - Hot,Steady Saver,Whitefield,+91-9803873920,customer105165@example.com,10am-1pm,0.689,50600.0,9000.0,0.0,2605000.0,22800.0,1436000.0,Ready now,0.551,"HOT LEAD. Rent Rs 9,000 (18% of income). Eligible Rs 26L at EMI Rs 22,800. Down payment already funded (Rs 14L available)."
CUST107146,P2 - Call this week,Rent-to-EMI - Hot,Wealth Builder,Koramangala,+91-9248866085,customer107146@example.com,1pm-4pm,0.689,25000.0,6800.0,2300.0,1024000.0,9000.0,552000.0,Ready now,1.0,"HOT LEAD. Rent Rs 6,800 (27% of income). Eligible Rs 10L at EMI Rs 9,000. Down payment already funded (Rs 6L available)."
CUST100973,P2 - Call this week,Rent-to-EMI - Hot,Wealth Builder,Indiranagar,+91-9273362412,customer100973@example.com,4pm-7pm,0.688,86000.0,31100.0,13600.0,2871000.0,25100.0,2602000.0,Ready now,1.0,"HOT LEAD. Rent Rs 31,100 (36% of income). Eligible Rs 29L at EMI Rs 25,100. Down payment already funded (Rs 26L available)."
CUST101882,P2 - Call this week,Home Loan - Ready,Steady Saver,Jayanagar,+91-9605089227,customer101882@example.com,4pm-7pm,0.688,61500.0,0.0,6600.0,2411000.0,21100.0,2590000.0,Ready now,0.359,"READY LEAD (no rent outflow - may be living with family). Eligible Rs 24L at EMI Rs 21,100. Down payment funded (Rs 26L). Segment: Steady Saver."
CUST103866,P2 - Call this week,Rent-to-EMI - Hot,Steady Saver,Koramangala,+91-9370416333,customer103866@example.com,4pm-7pm,0.688,242300.0,41700.0,0.0,13859000.0,121200.0,3821000.0,Ready now,1.0,"HOT LEAD. Rent Rs 41,700 (17% of income). Eligible Rs 139L at EMI Rs 121,200. Down payment already funded (Rs 38L available)."
CUST105522,P2 - Call this week,Rent-to-EMI - Hot,Wealth Builder,MG Road,+91-9164367006,customer105522@example.com,7pm-9pm,0.688,39600.0,10200.0,6600.0,1284000.0,11200.0,492000.0,Ready now,1.0,"HOT LEAD. Rent Rs 10,200 (26% of income). Eligible Rs 13L at EMI Rs 11,200. Down payment already funded (Rs 5L available)."
CUST105942,P2 - Call this week,Rent-to-EMI - Hot,Wealth Builder,Koramangala,+91-9002994040,customer105942@example.com,7pm-9pm,0.688,94800.0,17300.0,10000.0,2869000.0,25100.0,2116000.0,Ready now,0.995,"HOT LEAD. Rent Rs 17,300 (18% of income). Eligible Rs 29L at EMI Rs 25,100. Down payment already funded (Rs 21L available)."
CUST106413,P2 - Call this week,Rent-to-EMI - Hot,Wealth Builder,Whitefield,+91-9614061586,customer106413@example.com,7pm-9pm,0.688,34700.0,5500.0,3600.0,1057000.0,9200.0,1162000.0,Ready now,0.419,"HOT LEAD. Rent Rs 5,500 (16% of income). Eligible Rs 11L at EMI Rs 9,200. Down payment already funded (Rs 12L available)."
CUST106728,P2 - Call this week,Rent-to-EMI - Hot,Wealth Builder,Electronic City,+91-9757650440,customer106728@example.com,4pm-7pm,0.688,92500.0,14400.0,7500.0,3904000.0,34100.0,1914000.0,Ready now,1.0,"HOT LEAD. Rent Rs 14,400 (16% of income). Eligible Rs 39L at EMI Rs 34,100. Down payment already funded (Rs 19L available)."
CUST101322,P2 - Call this week,Rent-to-EMI - Hot,Wealth Builder,Indiranagar,+91-9854103785,customer101322@example.com,10am-1pm,0.687,174100.0,63900.0,0.0,10954000.0,95800.0,11621000.0,Ready now,0.884,"HOT LEAD. Rent Rs 63,900 (37% of income). Eligible Rs 110L at EMI Rs 95,800. Down payment already funded (Rs 116L available)."
CUST103470,P2 - Call this week,Rent-to-EMI - Hot,Lifestyle Spender,MG Road,+91-9012050694,customer103470@example.com,10am-1pm,0.687,54600.0,17100.0,2800.0,2803000.0,24500.0,802000.0,Ready now,0.183,"HOT LEAD. Rent Rs 17,100 (31% of income). Eligible Rs 28L at EMI Rs 24,500. Down payment already funded (Rs 8L available)."
CUST103800,P2 - Call this week,Rent-to-EMI - Hot,Wealth Builder,MG Road,+91-9820267719,customer103800@example.com,7pm-9pm,0.687,103200.0,41500.0,8200.0,4965000.0,43400.0,1757000.0,Ready now,1.0,"HOT LEAD. Rent Rs 41,500 (40% of income). Eligible Rs 50L at EMI Rs 43,400. Down payment already funded (Rs 18L available)."
CUST105448,P2 - Call this week,Rent-to-EMI - Hot,Banking Elsewhere,Electronic City,+91-9026469678,customer105448@example.com,10am-1pm,0.687,42600.0,7100.0,0.0,2437000.0,21300.0,713000.0,Ready now,0.023,"HOT LEAD. Rent Rs 7,100 (17% of income). Eligible Rs 24L at EMI Rs 21,300. Down payment already funded (Rs 7L available)."
CUST100530,P2 - Call this week,Home Loan - Ready,Steady Saver,Electronic City,+91-9415083064,customer100530@example.com,1pm-4pm,0.686,48800.0,0.0,3200.0,2146000.0,18800.0,1778000.0,Ready now,0.434,"READY LEAD (no rent outflow - may be living with family). Eligible Rs 21L at EMI Rs 18,800. Down payment funded (Rs 18L). Segment: Steady Saver."
CUST101331,P2 - Call this week,Balance Transfer,Wealth Builder,MG Road,+91-9526920962,customer101331@example.com,1pm-4pm,0.686,57700.0,21600.0,6900.0,2181000.0,19100.0,1760000.0,Ready now,0.999,"BT pitch: currently 10.8%, outstanding Rs 25L. Monthly saving Rs 3,592. Carry the rate sheet."
CUST102465,P2 - Call this week,Balance Transfer,Steady Saver,Indiranagar,+91-9412930244,customer102465@example.com,7pm-9pm,0.686,71300.0,0.0,9300.0,2606000.0,22800.0,2598000.0,Ready now,0.731,"BT pitch: currently 10.11%, outstanding Rs 41L. Monthly saving Rs 4,047. Carry the rate sheet."
CUST107197,P2 - Call this week,Rent-to-EMI - Hot,Wealth Builder,Whitefield,+91-9481863864,customer107197@example.com,1pm-4pm,0.686,86800.0,26300.0,0.0,4965000.0,43400.0,3083000.0,Ready now,0.391,"HOT LEAD. Rent Rs 26,300 (30% of income). Eligible Rs 50L at EMI Rs 43,400. Down payment already funded (Rs 31L available)."
CUST107510,P2 - Call this week,Rent-to-EMI - Hot,Steady Saver,Electronic City,+91-9562597818,customer107510@example.com,4pm-7pm,0.686,38600.0,6100.0,0.0,1634000.0,14300.0,1570000.0,Ready now,0.29,"HOT LEAD. Rent Rs 6,100 (16% of income). Eligible Rs 16L at EMI Rs 14,300. Down payment already funded (Rs 16L available)."
CUST100176,P2 - Call this week,Rent-to-EMI - Hot,Wealth Builder,Jayanagar,+91-9680321065,customer100176@example.com,4pm-7pm,0.685,73600.0,18200.0,0.0,3115000.0,27200.0,2274000.0,Ready now,0.999,"HOT LEAD. Rent Rs 18,200 (25% of income). Eligible Rs 31L at EMI Rs 27,200. Down payment already funded (Rs 23L available)."
CUST100789,P2 - Call this week,Home Loan - Ready,Steady Saver,Whitefield,+91-9732147182,customer100789@example.com,7pm-9pm,0.685,138500.0,0.0,0.0,7922000.0,69200.0,4074000.0,Ready now,0.485,"READY LEAD (no rent outflow - may be living with family). Eligible Rs 79L at EMI Rs 69,200. Down payment funded (Rs 41L). Segment: Steady Saver."
CUST100960,P2 - Call this week,Home Loan - Ready,Steady Saver,Koramangala,+91-9738064949,customer100960@example.com,4pm-7pm,0.685,81800.0,0.0,9100.0,3170000.0,27700.0,1608000.0,Ready now,1.0,"READY LEAD (no rent outflow - may be living with family). Eligible Rs 32L at EMI Rs 27,700. Down payment funded (Rs 16L). Segment: Steady Saver."
CUST101257,P2 - Call this week,Balance Transfer,Wealth Builder,Indiranagar,+91-9329166584,customer101257@example.com,10am-1pm,0.685,122500.0,41800.0,19500.0,5477000.0,47900.0,6555000.0,Ready now,0.636,"BT pitch: currently 9.57%, outstanding Rs 54L. Monthly saving Rs 3,401. Carry the rate sheet."
CUST102947,P2 - Call this week,Rent-to-EMI - Hot,Wealth Builder,Whitefield,+91-9052217822,customer102947@example.com,7pm-9pm,0.685,44100.0,10400.0,0.0,2270000.0,19800.0,1047000.0,Ready now,0.444,"HOT LEAD. Rent Rs 10,400 (24% of income). Eligible Rs 23L at EMI Rs 19,800. Down payment already funded (Rs 10L available)."
CUST103040,P2 - Call this week,Rent-to-EMI - Hot,Wealth Builder,Whitefield,+91-9175266235,customer103040@example.com,10am-1pm,0.685,100200.0,23900.0,0.0,6304000.0,55100.0,3826000.0,Ready now,0.351,"HOT LEAD. Rent Rs 23,900 (24% of income). Eligible Rs 63L at EMI Rs 55,100. Down payment already funded (Rs 38L available)."
CUST103131,P2 - Call this week,Home Loan - Ready,Steady Saver,Jayanagar,+91-9028895197,customer103131@example.com,1pm-4pm,0.685,70000.0,0.0,0.0,3603000.0,31500.0,2935000.0,Ready now,0.483,"READY LEAD (no rent outflow - may be living with family). Eligible Rs 36L at EMI Rs 31,500. Down payment funded (Rs 29L). Segment: Steady Saver."
CUST103348,P2 - Call this week,Rent-to-EMI - Hot,Wealth Builder,Indiranagar,+91-9672363346,customer103348@example.com,1pm-4pm,0.685,86400.0,29200.0,8800.0,3441000.0,30100.0,5256000.0,Ready now,0.521,"HOT LEAD. Rent Rs 29,200 (34% of income). Eligible Rs 34L at EMI Rs 30,100. Down payment already funded (Rs 53L available)."
CUST103450,P2 - Call this week,Home Loan - Ready,Steady Saver,Whitefield,+91-9736095273,customer103450@example.com,1pm-4pm,0.685,177900.0,0.0,7200.0,9352000.0,81800.0,6822000.0,Ready now,0.933,"READY LEAD (no rent outflow - may be living with family). Eligible Rs 94L at EMI Rs 81,800. Down payment funded (Rs 68L). Segment: Steady Saver."
CUST103894,P2 - Call this week,Home Loan - Ready,Steady Saver,Indiranagar,+91-9906279860,customer103894@example.com,4pm-7pm,0.685,110600.0,0.0,0.0,6959000.0,60800.0,2974000.0,Ready now,0.58,"READY LEAD (no rent outflow - may be living with family). Eligible Rs 70L at EMI Rs 60,800. Down payment funded (Rs 30L). Segment: Steady Saver."
CUST105050,P2 - Call this week,Rent-to-EMI - Hot,Lifestyle Spender,MG Road,+91-9243158855,customer105050@example.com,1pm-4pm,0.685,123100.0,46000.0,8200.0,6807000.0,59500.0,2392000.0,Ready now,0.045,"HOT LEAD. Rent Rs 46,000 (37% of income). Eligible Rs 68L at EMI Rs 59,500. Down payment already funded (Rs 24L available)."
CUST106252,P2 - Call this week,Home Loan - Ready,Steady Saver,Jayanagar,+91-9008159425,customer106252@example.com,7pm-9pm,0.685,36900.0,0.0,7800.0,1007000.0,8800.0,1079000.0,Ready now,0.983,"READY LEAD (no rent outflow - may be living with family). Eligible Rs 10L at EMI Rs 8,800. Down payment funded (Rs 11L). Segment: Steady Saver."
CUST101600,P2 - Call this week,Rent-to-EMI - Hot,Wealth Builder,Indiranagar,+91-9328881825,customer101600@example.com,1pm-4pm,0.684,114600.0,27000.0,0.0,6555000.0,57300.0,3925000.0,Ready now,0.868,"HOT LEAD. Rent Rs 27,000 (24% of income). Eligible Rs 66L at EMI Rs 57,300. Down payment already funded (Rs 39L available)."
CUST102262,P2 - Call this week,Rent-to-EMI - Hot,Wealth Builder,Whitefield,+91-9893613417,customer102262@example.com,10am-1pm,0.684,55900.0,20900.0,16400.0,490000.0,4300.0,1543000.0,Ready now,0.979,"HOT LEAD. Rent Rs 20,900 (37% of income). Eligible Rs 5L at EMI Rs 4,300. Down payment already funded (Rs 15L available)."
CUST103154,P2 - Call this week,Home Loan - Ready,Steady Saver,Electronic City,+91-9864420788,customer103154@example.com,4pm-7pm,0.684,125400.0,0.0,27500.0,4027000.0,35200.0,1369000.0,Ready now,1.0,"READY LEAD (no rent outflow - may be living with family). Eligible Rs 40L at EMI Rs 35,200. Down payment funded (Rs 14L). Segment: Steady Saver."
CUST105082,P2 - Call this week,Home Loan - Ready,Steady Saver,Electronic City,+91-9411380565,customer105082@example.com,4pm-7pm,0.684,30000.0,0.0,2800.0,1224000.0,10700.0,955000.0,Ready now,0.984,"READY LEAD (no rent outflow - may be living with family). Eligible Rs 12L at EMI Rs 10,700. Down payment funded (Rs 10L). Segment: Steady Saver."
CUST105414,P2 - Call this week,Home Loan - Ready,Steady Saver,Whitefield,+91-9803238458,customer105414@example.com,1pm-4pm,0.684,78500.0,0.0,7100.0,3229000.0,28200.0,2994000.0,Ready now,0.434,"READY LEAD (no rent outflow - may be living with family). Eligible Rs 32L at EMI Rs 28,200. Down payment funded (Rs 30L). Segment: Steady Saver."
CUST106156,P2 - Call this week,Rent-to-EMI - Hot,Wealth Builder,Whitefield,+91-9563590705,customer106156@example.com,10am-1pm,0.684,72900.0,23400.0,22100.0,1225000.0,10700.0,1689000.0,Ready now,0.989,"HOT LEAD. Rent Rs 23,400 (32% of income). Eligible Rs 12L at EMI Rs 10,700. Down payment already funded (Rs 17L available)."
CUST100009,P2 - Call this week,Home Loan - Ready,Steady Saver,Indiranagar,+91-9950394213,customer100009@example.com,10am-1pm,0.683,115400.0,0.0,7900.0,5697000.0,49800.0,2906000.0,Ready now,0.374,"READY LEAD (no rent outflow - may be living with family). Eligible Rs 57L at EMI Rs 49,800. Down payment funded (Rs 29L). Segment: Steady Saver."
CUST101339,P2 - Call this week,Home Loan - Ready,Steady Saver,Electronic City,+91-9713693899,customer101339@example.com,10am-1pm,0.683,106900.0,0.0,10000.0,4970000.0,43400.0,6530000.0,Ready now,0.546,"READY LEAD (no rent outflow - may be living with family). Eligible Rs 50L at EMI Rs 43,400. Down payment funded (Rs 65L). Segment: Steady Saver."
CUST104174,P2 - Call this week,Rent-to-EMI - Hot,Wealth Builder,Koramangala,+91-9035568847,customer104174@example.com,10am-1pm,0.683,68700.0,19800.0,6100.0,3232000.0,28200.0,2999000.0,Ready now,0.58,"HOT LEAD. Rent Rs 19,800 (29% of income). Eligible Rs 32L at EMI Rs 28,200. Down payment already funded (Rs 30L available)."
CUST101985,P2 - Call this week,Rent-to-EMI - Hot,Steady Saver,Whitefield,+91-9839196987,customer101985@example.com,7pm-9pm,0.682,38800.0,7500.0,0.0,1997000.0,17500.0,752000.0,Ready now,1.0,"HOT LEAD. Rent Rs 7,500 (19% of income). Eligible Rs 20L at EMI Rs 17,500. Down payment already funded (Rs 8L available)."
CUST102675,P2 - Call this week,Home Loan - Ready,Steady Saver,Indiranagar,+91-9342339634,customer102675@example.com,4pm-7pm,0.682,68900.0,0.0,0.0,3941000.0,34400.0,1408000.0,Ready now,1.0,"READY LEAD (no rent outflow - may be living with family). Eligible Rs 39L at EMI Rs 34,400. Down payment funded (Rs 14L). Segment: Steady Saver."
CUST106840,P2 - Call this week,Balance Transfer,Wealth Builder,Whitefield,+91-9095110742,customer106840@example.com,7pm-9pm,0.682,62700.0,20800.0,4900.0,3026000.0,26400.0,2117000.0,Ready now,0.322,"BT pitch: currently 9.84%, outstanding Rs 23L. Monthly saving Rs 1,842. Carry the rate sheet."
CUST106939,P2 - Call this week,Home Loan - Ready,Steady Saver,Electronic City,+91-9617455669,customer106939@example.com,1pm-4pm,0.682,30100.0,0.0,2900.0,1218000.0,10600.0,1078000.0,Ready now,0.623,"READY LEAD (no rent outflow - may be living with family). Eligible Rs 12L at EMI Rs 10,600. Down payment funded (Rs 11L). Segment: Steady Saver."
CUST107130,P2 - Call this week,Home Loan - Ready,Steady Saver,Koramangala,+91-9680464736,customer107130@example.com,10am-1pm,0.682,92500.0,0.0,17700.0,2737000.0,23900.0,2512000.0,Ready now,0.884,"READY LEAD (no rent outflow - may be living with family). Eligible Rs 27L at EMI Rs 23,900. Down payment funded (Rs 25L). Segment: Steady Saver."
CUST100841,P2 - Call this week,Home Loan - Ready,Steady Saver,MG Road,+91-9242542719,customer100841@example.com,1pm-4pm,0.681,38900.0,0.0,0.0,2002000.0,17500.0,1383000.0,Ready now,0.576,"READY LEAD (no rent outflow - may be living with family). Eligible Rs 20L at EMI Rs 17,500. Down payment funded (Rs 14L). Segment: Steady Saver."
CUST102972,P2 - Call this week,Rent-to-EMI - Hot,Steady Saver,Whitefield,+91-9846439465,customer102972@example.com,4pm-7pm,0.681,71800.0,10900.0,0.0,3039000.0,26600.0,4311000.0,Ready now,0.643,"HOT LEAD. Rent Rs 10,900 (15% of income). Eligible Rs 30L at EMI Rs 26,600. Down payment already funded (Rs 43L available)."
CUST105930,P2 - Call this week,Rent-to-EMI - Hot,Wealth Builder,Jayanagar,+91-9735817701,customer105930@example.com,10am-1pm,0.681,147100.0,49500.0,0.0,8414000.0,73600.0,6015000.0,Ready now,0.401,"HOT LEAD. Rent Rs 49,500 (34% of income). Eligible Rs 84L at EMI Rs 73,600. Down payment already funded (Rs 60L available)."
CUST107913,P2 - Call this week,Rent-to-EMI - Hot,Wealth Builder,Whitefield,+91-9765894792,customer107913@example.com,4pm-7pm,0.681,66000.0,23800.0,0.0,3398000.0,29700.0,2640000.0,Ready now,0.777,"HOT LEAD. Rent Rs 23,800 (36% of income). Eligible Rs 34L at EMI Rs 29,700. Down payment already funded (Rs 26L available)."
CUST100763,P2 - Call this week,Home Loan - Ready,Steady Saver,Electronic City,+91-9715468448,customer100763@example.com,10am-1pm,0.68,39400.0,0.0,3700.0,1605000.0,14000.0,2236000.0,Ready now,0.421,"READY LEAD (no rent outflow - may be living with family). Eligible Rs 16L at EMI Rs 14,000. Down payment funded (Rs 22L). Segment: Steady Saver."
CUST101997,P2 - Call this week,Rent-to-EMI - Hot,Wealth Builder,MG Road,+91-9422542863,customer101997@example.com,7pm-9pm,0.68,97700.0,39800.0,0.0,4135000.0,36100.0,3251000.0,Ready now,1.0,"HOT LEAD. Rent Rs 39,800 (41% of income). Eligible Rs 41L at EMI Rs 36,100. Down payment already funded (Rs 33L available)."
CUST102842,P2 - Call this week,Rent-to-EMI - Hot,Lifestyle Spender,MG Road,+91-9768184974,customer102842@example.com,1pm-4pm,0.68,27600.0,5900.0,0.0,1579000.0,13800.0,572000.0,Ready now,0.078,"HOT LEAD. Rent Rs 5,900 (21% of income). Eligible Rs 16L at EMI Rs 13,800. Down payment already funded (Rs 6L available)."
CUST106405,P2 - Call this week,Rent-to-EMI - Hot,Lifestyle Spender,Koramangala,+91-9762531319,customer106405@example.com,4pm-7pm,0.68,87500.0,18600.0,0.0,5005000.0,43800.0,2744000.0,Ready now,0.179,"HOT LEAD. Rent Rs 18,600 (21% of income). Eligible Rs 50L at EMI Rs 43,800. Down payment already funded (Rs 27L available)."
CUST101040,P2 - Call this week,Rent-to-EMI - Hot,Wealth Builder,MG Road,+91-9269512591,customer101040@example.com,4pm-7pm,0.679,44900.0,12800.0,6400.0,1836000.0,16000.0,1933000.0,Ready now,0.347,"HOT LEAD. Rent Rs 12,800 (28% of income). Eligible Rs 18L at EMI Rs 16,000. Down payment already funded (Rs 19L available)."
CUST101394,P2 - Call this week,Rent-to-EMI - Hot,Wealth Builder,Indiranagar,+91-9702831675,customer101394@example.com,4pm-7pm,0.679,31500.0,6700.0,3700.0,1198000.0,10500.0,1037000.0,Ready now,1.0,"HOT LEAD. Rent Rs 6,700 (21% of income). Eligible Rs 12L at EMI Rs 10,500. Down payment already funded (Rs 10L available)."
CUST101591,P2 - Call this week,Rent-to-EMI - Hot,Wealth Builder,Jayanagar,+91-9663555697,customer101591@example.com,1pm-4pm,0.679,52700.0,15200.0,4400.0,2210000.0,19300.0,1696000.0,Ready now,0.995,"HOT LEAD. Rent Rs 15,200 (29% of income). Eligible Rs 22L at EMI Rs 19,300. Down payment already funded (Rs 17L available)."
CUST101786,P2 - Call this week,Home Loan - Ready,Steady Saver,Whitefield,+91-9024960637,customer101786@example.com,10am-1pm,0.679,122000.0,0.0,5200.0,6383000.0,55800.0,5713000.0,Ready now,0.464,"READY LEAD (no rent outflow - may be living with family). Eligible Rs 64L at EMI Rs 55,800. Down payment funded (Rs 57L). Segment: Steady Saver."
CUST105839,P2 - Call this week,Rent-to-EMI - Hot,Wealth Builder,Koramangala,+91-9742107899,customer105839@example.com,1pm-4pm,0.679,130400.0,51500.0,0.0,7459000.0,65200.0,4263000.0,Ready now,0.342,"HOT LEAD. Rent Rs 51,500 (40% of income). Eligible Rs 75L at EMI Rs 65,200. Down payment already funded (Rs 43L available)."
CUST103546,P2 - Call this week,Rent-to-EMI - Hot,Wealth Builder,Electronic City,+91-9628495788,customer103546@example.com,10am-1pm,0.678,60300.0,13600.0,0.0,3449000.0,30200.0,2396000.0,Ready now,0.401,"HOT LEAD. Rent Rs 13,600 (23% of income). Eligible Rs 34L at EMI Rs 30,200. Down payment already funded (Rs 24L available)."
CUST105596,P2 - Call this week,Home Loan - Ready,Steady Saver,Whitefield,+91-9236381476,customer105596@example.com,7pm-9pm,0.678,155400.0,0.0,0.0,9777000.0,85500.0,6449000.0,Ready now,0.996,"READY LEAD (no rent outflow - may be living with family). Eligible Rs 98L at EMI Rs 85,500. Down payment funded (Rs 64L). Segment: Steady Saver."
CUST106299,P2 - Call this week,Rent-to-EMI - Hot,Wealth Builder,Whitefield,+91-9383993784,customer106299@example.com,1pm-4pm,0.678,152300.0,54400.0,0.0,8711000.0,76200.0,2358000.0,Ready now,1.0,"HOT LEAD. Rent Rs 54,400 (36% of income). Eligible Rs 87L at EMI Rs 76,200. Down payment already funded (Rs 24L available)."
CUST106485,P2 - Call this week,Home Loan - Ready,Steady Saver,Jayanagar,+91-9869741415,customer106485@example.com,7pm-9pm,0.678,39000.0,0.0,4400.0,1504000.0,13200.0,1772000.0,Ready now,0.816,"READY LEAD (no rent outflow - may be living with family). Eligible Rs 15L at EMI Rs 13,200. Down payment funded (Rs 18L). Segment: Steady Saver."
CUST100286,P2 - Call this week,Rent-to-EMI - Hot,Steady Saver,Jayanagar,+91-9679721730,customer100286@example.com,4pm-7pm,0.677,43600.0,5400.0,4000.0,1787000.0,15600.0,1287000.0,Ready now,0.843,"HOT LEAD. Rent Rs 5,400 (12% of income). Eligible Rs 18L at EMI Rs 15,600. Down payment already funded (Rs 13L available)."
CUST100411,P2 - Call this week,Home Loan - Ready,Steady Saver,Whitefield,+91-9782213374,customer100411@example.com,10am-1pm,0.677,25000.0,0.0,1700.0,1092000.0,9600.0,1191000.0,Ready now,0.651,"READY LEAD (no rent outflow - may be living with family). Eligible Rs 11L at EMI Rs 9,600. Down payment funded (Rs 12L). Segment: Steady Saver."
CUST104724,P2 - Call this week,Rent-to-EMI - Hot,Lifestyle Spender,Whitefield,+91-9229343705,customer104724@example.com,7pm-9pm,0.677,72500.0,14700.0,4600.0,3621000.0,31600.0,1787000.0,Ready now,0.239,"HOT LEAD. Rent Rs 14,700 (20% of income). Eligible Rs 36L at EMI Rs 31,600. Down payment already funded (Rs 18L available)."
CUST105499,P2 - Call this week,Rent-to-EMI - Hot,Wealth Builder,Whitefield,+91-9831802934,customer105499@example.com,1pm-4pm,0.677,60800.0,20000.0,0.0,3130000.0,27400.0,892000.0,Ready now,0.993,"HOT LEAD. Rent Rs 20,000 (33% of income). Eligible Rs 31L at EMI Rs 27,400. Down payment already funded (Rs 9L available)."
CUST102196,P2 - Call this week,Balance Transfer,Stretched Borrower,Electronic City,+91-9768320905,customer102196@example.com,7pm-9pm,0.676,101300.0,16800.0,8200.0,5435000.0,47500.0,2564000.0,Ready now,0.203,"BT pitch: currently 10.68%, outstanding Rs 36L. Monthly saving Rs 4,897. Carry the rate sheet."
CUST100365,P2 - Call this week,Rent-to-EMI - Hot,Wealth Builder,Whitefield,+91-9558210816,customer100365@example.com,4pm-7pm,0.675,34300.0,6700.0,0.0,1962000.0,17200.0,1704000.0,Ready now,0.631,"HOT LEAD. Rent Rs 6,700 (20% of income). Eligible Rs 20L at EMI Rs 17,200. Down payment already funded (Rs 17L available)."
CUST101534,P2 - Call this week,Rent-to-EMI - Hot,Steady Saver,Whitefield,+91-9192898979,customer101534@example.com,7pm-9pm,0.675,40500.0,6400.0,5600.0,1444000.0,12600.0,2016000.0,Ready now,0.484,"HOT LEAD. Rent Rs 6,400 (16% of income). Eligible Rs 14L at EMI Rs 12,600. Down payment already funded (Rs 20L available)."
CUST101549,P2 - Call this week,Rent-to-EMI - Hot,Wealth Builder,MG Road,+91-9428237939,customer101549@example.com,4pm-7pm,0.675,111500.0,28700.0,5500.0,6386000.0,55800.0,3603000.0,Ready now,0.416,"HOT LEAD. Rent Rs 28,700 (26% of income). Eligible Rs 64L at EMI Rs 55,800. Down payment already funded (Rs 36L available)."
CUST103109,P2 - Call this week,Home Loan - Ready,Steady Saver,Whitefield,+91-9152213859,customer103109@example.com,10am-1pm,0.675,54000.0,0.0,4300.0,2597000.0,22700.0,2350000.0,Ready now,0.903,"READY LEAD (no rent outflow - may be living with family). Eligible Rs 26L at EMI Rs 22,700. Down payment funded (Rs 24L). Segment: Steady Saver."
CUST105878,P2 - Call this week,Home Loan - Ready,Steady Saver,Indiranagar,+91-9998671569,customer105878@example.com,10am-1pm,0.675,30200.0,0.0,2900.0,1223000.0,10700.0,1142000.0,Ready now,0.599,"READY LEAD (no rent outflow - may be living with family). Eligible Rs 12L at EMI Rs 10,700. Down payment funded (Rs 11L). Segment: Steady Saver."
CUST106096,P2 - Call this week,Rent-to-EMI - Hot,Wealth Builder,Electronic City,+91-9788699731,customer106096@example.com,4pm-7pm,0.675,94100.0,28300.0,0.0,5382000.0,47000.0,1586000.0,Ready now,0.484,"HOT LEAD. Rent Rs 28,300 (30% of income). Eligible Rs 54L at EMI Rs 47,000. Down payment already funded (Rs 16L available)."
CUST107517,P2 - Call this week,Rent-to-EMI - Hot,Wealth Builder,Whitefield,+91-9272660285,customer107517@example.com,7pm-9pm,0.675,69000.0,20700.0,0.0,3947000.0,34500.0,2202000.0,Ready now,0.605,"HOT LEAD. Rent Rs 20,700 (30% of income). Eligible Rs 39L at EMI Rs 34,500. Down payment already funded (Rs 22L available)."
CUST107988,P2 - Call this week,Rent-to-EMI - Hot,Wealth Builder,Indiranagar,+91-9111160209,customer107988@example.com,10am-1pm,0.675,70600.0,19500.0,5100.0,3051000.0,26700.0,1254000.0,Ready now,1.0,"HOT LEAD. Rent Rs 19,500 (28% of income). Eligible Rs 31L at EMI Rs 26,700. Down payment already funded (Rs 13L available)."
CUST105100,P2 - Call this week,Rent-to-EMI - Hot,Wealth Builder,Electronic City,+91-9708228072,customer105100@example.com,10am-1pm,0.674,84000.0,21200.0,12600.0,2883000.0,25200.0,2906000.0,Ready now,0.441,"HOT LEAD. Rent Rs 21,200 (25% of income). Eligible Rs 29L at EMI Rs 25,200. Down payment already funded (Rs 29L available)."
CUST105212,P2 - Call this week,Home Loan - Ready,Steady Saver,Electronic City,+91-9093550339,customer105212@example.com,4pm-7pm,0.674,75200.0,0.0,0.0,4301000.0,37600.0,2444000.0,Ready now,0.989,"READY LEAD (no rent outflow - may be living with family). Eligible Rs 43L at EMI Rs 37,600. Down payment funded (Rs 24L). Segment: Steady Saver."
CUST107058,P2 - Call this week,Rent-to-EMI - Hot,Wealth Builder,Electronic City,+91-9265992063,customer107058@example.com,7pm-9pm,0.674,43300.0,15400.0,3900.0,1783000.0,15600.0,596000.0,Ready now,0.974,"HOT LEAD. Rent Rs 15,400 (36% of income). Eligible Rs 18L at EMI Rs 15,600. Down payment already funded (Rs 6L available)."
CUST107894,P2 - Call this week,Home Loan - Ready,Steady Saver,Electronic City,+91-9073800451,customer107894@example.com,7pm-9pm,0.674,90300.0,0.0,10300.0,3470000.0,30300.0,2927000.0,Ready now,1.0,"READY LEAD (no rent outflow - may be living with family). Eligible Rs 35L at EMI Rs 30,300. Down payment funded (Rs 29L). Segment: Steady Saver."
CUST103387,P2 - Call this week,Rent-to-EMI - Hot,Wealth Builder,Whitefield,+91-9108084913,customer103387@example.com,10am-1pm,0.673,116000.0,33900.0,12000.0,5926000.0,51800.0,4194000.0,Ready now,0.564,"HOT LEAD. Rent Rs 33,900 (29% of income). Eligible Rs 59L at EMI Rs 51,800. Down payment already funded (Rs 42L available)."
CUST104420,P2 - Call this week,Rent-to-EMI - Hot,Wealth Builder,Indiranagar,+91-9807740809,customer104420@example.com,7pm-9pm,0.673,36400.0,10600.0,0.0,2082000.0,18200.0,1636000.0,Ready now,0.645,"HOT LEAD. Rent Rs 10,600 (29% of income). Eligible Rs 21L at EMI Rs 18,200. Down payment already funded (Rs 16L available)."
CUST106244,P2 - Call this week,Home Loan - Ready,Steady Saver,Indiranagar,+91-9187159943,customer106244@example.com,7pm-9pm,0.673,187200.0,0.0,0.0,10707000.0,93600.0,8127000.0,Ready now,0.619,"READY LEAD (no rent outflow - may be living with family). Eligible Rs 107L at EMI Rs 93,600. Down payment funded (Rs 81L). Segment: Steady Saver."
CUST100261,P2 - Call this week,Rent-to-EMI - Hot,Steady Saver,Electronic City,+91-9320285044,customer100261@example.com,1pm-4pm,0.672,43000.0,8700.0,0.0,2214000.0,19400.0,1080000.0,Ready now,0.241,"HOT LEAD. Rent Rs 8,700 (20% of income). Eligible Rs 22L at EMI Rs 19,400. Down payment already funded (Rs 11L available)."
CUST100813,P2 - Call this week,Home Loan - Ready,Steady Saver,Electronic City,+91-9559677212,customer100813@example.com,4pm-7pm,0.672,51200.0,0.0,3200.0,2270000.0,19800.0,1769000.0,Ready now,1.0,"READY LEAD (no rent outflow - may be living with family). Eligible Rs 23L at EMI Rs 19,800. Down payment funded (Rs 18L). Segment: Steady Saver."
CUST101121,P2 - Call this week,Rent-to-EMI - Hot,Wealth Builder,MG Road,+91-9951266820,customer101121@example.com,7pm-9pm,0.672,68300.0,21700.0,13500.0,1972000.0,17200.0,1991000.0,Ready now,0.312,"HOT LEAD. Rent Rs 21,700 (32% of income). Eligible Rs 20L at EMI Rs 17,200. Down payment already funded (Rs 20L available)."
CUST101148,P2 - Call this week,Rent-to-EMI - Hot,Wealth Builder,Jayanagar,+91-9748303573,customer101148@example.com,10am-1pm,0.672,136000.0,32200.0,32900.0,4015000.0,35100.0,5930000.0,Ready now,1.0,"HOT LEAD. Rent Rs 32,200 (24% of income). Eligible Rs 40L at EMI Rs 35,100. Down payment already funded (Rs 59L available)."
CUST102074,P2 - Call this week,Rent-to-EMI - Hot,Wealth Builder,Koramangala,+91-9991744693,customer102074@example.com,10am-1pm,0.672,59100.0,20100.0,0.0,3042000.0,26600.0,3760000.0,Ready now,0.992,"HOT LEAD. Rent Rs 20,100 (34% of income). Eligible Rs 30L at EMI Rs 26,600. Down payment already funded (Rs 38L available)."
CUST102154,P2 - Call this week,Rent-to-EMI - Hot,Wealth Builder,Whitefield,+91-9692146256,customer102154@example.com,4pm-7pm,0.672,74800.0,16300.0,13400.0,2318000.0,20300.0,1304000.0,Ready now,0.841,"HOT LEAD. Rent Rs 16,300 (22% of income). Eligible Rs 23L at EMI Rs 20,300. Down payment already funded (Rs 13L available)."
CUST102300,P2 - Call this week,Home Loan - Ready,Steady Saver,Koramangala,+91-9406121074,customer102300@example.com,10am-1pm,0.672,153700.0,0.0,22700.0,6194000.0,54200.0,2596000.0,Ready now,1.0,"READY LEAD (no rent outflow - may be living with family). Eligible Rs 62L at EMI Rs 54,200. Down payment funded (Rs 26L). Segment: Steady Saver."
CUST100467,P2 - Call this week,Home Loan - Ready,Steady Saver,Whitefield,+91-9115644623,customer100467@example.com,10am-1pm,0.671,38300.0,0.0,0.0,1972000.0,17200.0,1580000.0,Ready now,0.635,"READY LEAD (no rent outflow - may be living with family). Eligible Rs 20L at EMI Rs 17,200. Down payment funded (Rs 16L). Segment: Steady Saver."
CUST100491,P2 - Call this week,Home Loan - Ready,Steady Saver,MG Road,+91-9702764801,customer100491@example.com,7pm-9pm,0.671,38800.0,0.0,2600.0,1700000.0,14900.0,1212000.0,Ready now,0.695,"READY LEAD (no rent outflow - may be living with family). Eligible Rs 17L at EMI Rs 14,900. Down payment funded (Rs 12L). Segment: Steady Saver."
CUST103750,P2 - Call this week,Rent-to-EMI - Hot,Wealth Builder,Electronic City,+91-9125507236,customer103750@example.com,10am-1pm,0.671,81200.0,18900.0,8000.0,3265000.0,28500.0,5251000.0,Ready now,0.891,"HOT LEAD. Rent Rs 18,900 (23% of income). Eligible Rs 33L at EMI Rs 28,500. Down payment already funded (Rs 53L available)."
CUST106245,P2 - Call this week,Rent-to-EMI - Hot,Wealth Builder,Whitefield,+91-9028682279,customer106245@example.com,1pm-4pm,0.671,148800.0,47500.0,0.0,9362000.0,81800.0,2434000.0,Ready now,0.991,"HOT LEAD. Rent Rs 47,500 (32% of income). Eligible Rs 94L at EMI Rs 81,800. Down payment already funded (Rs 24L available)."
CUST107688,P2 - Call this week,Rent-to-EMI - Hot,Wealth Builder,Electronic City,+91-9224859355,customer107688@example.com,1pm-4pm,0.671,58600.0,16100.0,0.0,3017000.0,26400.0,1844000.0,Ready now,0.338,"HOT LEAD. Rent Rs 16,100 (28% of income). Eligible Rs 30L at EMI Rs 26,400. Down payment already funded (Rs 18L available)."
CUST100753,P2 - Call this week,Rent-to-EMI - Hot,Wealth Builder,Electronic City,+91-9403528104,customer100753@example.com,4pm-7pm,0.67,85000.0,15300.0,11100.0,3106000.0,27200.0,1712000.0,Ready now,0.768,"HOT LEAD. Rent Rs 15,300 (18% of income). Eligible Rs 31L at EMI Rs 27,200. Down payment already funded (Rs 17L available)."
CUST100881,P2 - Call this week,Rent-to-EMI - Hot,Steady Saver,Electronic City,+91-9078084037,customer100881@example.com,4pm-7pm,0.67,74400.0,10100.0,15800.0,2023000.0,17700.0,2215000.0,Ready now,1.0,"HOT LEAD. Rent Rs 10,100 (14% of income). Eligible Rs 20L at EMI Rs 17,700. Down payment already funded (Rs 22L available)."
CUST102980,P2 - Call this week,Rent-to-EMI - Hot,Wealth Builder,Jayanagar,+91-9329657352,customer102980@example.com,1pm-4pm,0.67,116100.0,38600.0,12200.0,4183000.0,36600.0,4918000.0,Ready now,0.368,"HOT LEAD. Rent Rs 38,600 (33% of income). Eligible Rs 42L at EMI Rs 36,600. Down payment already funded (Rs 49L available)."
CUST105605,P2 - Call this week,Rent-to-EMI - Hot,Wealth Builder,Electronic City,+91-9712225484,customer105605@example.com,7pm-9pm,0.67,38800.0,14400.0,4100.0,1173000.0,10300.0,991000.0,Ready now,1.0,"HOT LEAD. Rent Rs 14,400 (37% of income). Eligible Rs 12L at EMI Rs 10,300. Down payment already funded (Rs 10L available)."
CUST106607,P2 - Call this week,Rent-to-EMI - Hot,Wealth Builder,Jayanagar,+91-9179753907,customer106607@example.com,7pm-9pm,0.67,87300.0,27200.0,6300.0,3773000.0,33000.0,4247000.0,Ready now,0.528,"HOT LEAD. Rent Rs 27,200 (31% of income). Eligible Rs 38L at EMI Rs 33,000. Down payment already funded (Rs 42L available)."
CUST107624,P2 - Call this week,Rent-to-EMI - Hot,Wealth Builder,Jayanagar,+91-9756201655,customer107624@example.com,4pm-7pm,0.67,146200.0,45100.0,6700.0,7596000.0,66400.0,2981000.0,Ready now,0.987,"HOT LEAD. Rent Rs 45,100 (31% of income). Eligible Rs 76L at EMI Rs 66,400. Down payment already funded (Rs 30L available)."
CUST100297,P2 - Call this week,Rent-to-EMI - Hot,Lifestyle Spender,Electronic City,+91-9510722082,customer100297@example.com,4pm-7pm,0.669,85300.0,15700.0,0.0,4879000.0,42600.0,1333000.0,Ready now,0.148,"HOT LEAD. Rent Rs 15,700 (18% of income). Eligible Rs 49L at EMI Rs 42,600. Down payment already funded (Rs 13L available)."
CUST101855,P2 - Call this week,Home Loan - Ready,Steady Saver,Whitefield,+91-9019451640,customer101855@example.com,1pm-4pm,0.669,138100.0,0.0,0.0,7899000.0,69000.0,4474000.0,Ready now,1.0,"READY LEAD (no rent outflow - may be living with family). Eligible Rs 79L at EMI Rs 69,000. Down payment funded (Rs 45L). Segment: Steady Saver."
CUST102535,P2 - Call this week,Rent-to-EMI - Hot,Lifestyle Spender,Koramangala,+91-9455009683,customer102535@example.com,7pm-9pm,0.669,63600.0,15300.0,4500.0,2759000.0,24100.0,951000.0,Ready now,0.077,"HOT LEAD. Rent Rs 15,300 (24% of income). Eligible Rs 28L at EMI Rs 24,100. Down payment already funded (Rs 10L available)."
CUST104129,P2 - Call this week,Home Loan - Ready,Steady Saver,Electronic City,+91-9173987576,customer104129@example.com,1pm-4pm,0.669,41700.0,0.0,8300.0,1197000.0,10500.0,1754000.0,Ready now,0.869,"READY LEAD (no rent outflow - may be living with family). Eligible Rs 12L at EMI Rs 10,500. Down payment funded (Rs 18L). Segment: Steady Saver."
CUST106081,P2 - Call this week,Home Loan - Ready,Steady Saver,Whitefield,+91-9122566653,customer106081@example.com,10am-1pm,0.669,47500.0,0.0,4500.0,2202000.0,19200.0,1285000.0,Ready now,0.991,"READY LEAD (no rent outflow - may be living with family). Eligible Rs 22L at EMI Rs 19,200. Down payment funded (Rs 13L). Segment: Steady Saver."
CUST106114,P2 - Call this week,Rent-to-EMI - Hot,Wealth Builder,Whitefield,+91-9546918510,customer106114@example.com,4pm-7pm,0.669,29400.0,7200.0,2500.0,1227000.0,10700.0,513000.0,Ready now,0.967,"HOT LEAD. Rent Rs 7,200 (24% of income). Eligible Rs 12L at EMI Rs 10,700. Down payment already funded (Rs 5L available)."
CUST100285,P2 - Call this week,Rent-to-EMI - Hot,Wealth Builder,Whitefield,+91-9474391641,customer100285@example.com,10am-1pm,0.668,59000.0,12400.0,6400.0,2643000.0,23100.0,2454000.0,Ready now,1.0,"HOT LEAD. Rent Rs 12,400 (21% of income). Eligible Rs 26L at EMI Rs 23,100. Down payment already funded (Rs 25L available)."
CUST100302,P2 - Call this week,Rent-to-EMI - Hot,Lifestyle Spender,Indiranagar,+91-9975566736,customer100302@example.com,1pm-4pm,0.668,43700.0,10200.0,6500.0,1506000.0,13200.0,586000.0,Ready now,0.331,"HOT LEAD. Rent Rs 10,200 (23% of income). Eligible Rs 15L at EMI Rs 13,200. Down payment already funded (Rs 6L available)."
CUST101438,P2 - Call this week,Rent-to-EMI - Hot,Lifestyle Spender,Indiranagar,+91-9971291621,customer101438@example.com,1pm-4pm,0.668,124200.0,41700.0,0.0,7104000.0,62100.0,2637000.0,Ready now,0.075,"HOT LEAD. Rent Rs 41,700 (34% of income). Eligible Rs 71L at EMI Rs 62,100. Down payment already funded (Rs 26L available)."
CUST101516,P2 - Call this week,Rent-to-EMI - Hot,Wealth Builder,MG Road,+91-9334558917,customer101516@example.com,10am-1pm,0.668,69400.0,26400.0,5900.0,2898000.0,25300.0,2022000.0,Ready now,1.0,"HOT LEAD. Rent Rs 26,400 (38% of income). Eligible Rs 29L at EMI Rs 25,300. Down payment already funded (Rs 20L available)."
CUST106930,P2 - Call this week,Rent-to-EMI - Hot,Wealth Builder,Indiranagar,+91-9415721051,customer106930@example.com,7pm-9pm,0.668,118600.0,29100.0,6100.0,5000000.0,43700.0,3921000.0,Ready now,1.0,"HOT LEAD. Rent Rs 29,100 (24% of income). Eligible Rs 50L at EMI Rs 43,700. Down payment already funded (Rs 39L available)."
CUST102267,P2 - Call this week,Home Loan - Ready,Steady Saver,Koramangala,+91-9429771443,customer102267@example.com,1pm-4pm,0.667,50300.0,0.0,9000.0,1847000.0,16200.0,847000.0,Ready now,1.0,"READY LEAD (no rent outflow - may be living with family). Eligible Rs 18L at EMI Rs 16,200. Down payment funded (Rs 8L). Segment: Steady Saver."
CUST105720,P2 - Call this week,Rent-to-EMI - Hot,Wealth Builder,Jayanagar,+91-9431962395,customer105720@example.com,4pm-7pm,0.667,268700.0,105500.0,28800.0,13611000.0,119000.0,9986000.0,Ready now,0.988,"HOT LEAD. Rent Rs 105,500 (39% of income). Eligible Rs 136L at EMI Rs 119,000. Down payment already funded (Rs 100L available)."
CUST107791,P2 - Call this week,Home Loan - Ready,Steady Saver,Whitefield,+91-9834589177,customer107791@example.com,10am-1pm,0.667,87200.0,0.0,0.0,4489000.0,39200.0,3928000.0,Ready now,0.514,"READY LEAD (no rent outflow - may be living with family). Eligible Rs 45L at EMI Rs 39,200. Down payment funded (Rs 39L). Segment: Steady Saver."
CUST100894,P2 - Call this week,Balance Transfer,Wealth Builder,MG Road,+91-9991136030,customer100894@example.com,4pm-7pm,0.666,80400.0,29200.0,9200.0,3086000.0,27000.0,2386000.0,Ready now,1.0,"BT pitch: currently 10.29%, outstanding Rs 48L. Monthly saving Rs 5,266. Carry the rate sheet."
CUST101533,P2 - Call this week,Rent-to-EMI - Hot,Lifestyle Spender,Indiranagar,+91-9608690817,customer101533@example.com,4pm-7pm,0.666,148300.0,33900.0,0.0,8482000.0,74200.0,2256000.0,Ready now,0.055,"HOT LEAD. Rent Rs 33,900 (23% of income). Eligible Rs 85L at EMI Rs 74,200. Down payment already funded (Rs 23L available)."
CUST101547,P2 - Call this week,Rent-to-EMI - Hot,Wealth Builder,Indiranagar,+91-9391065142,customer101547@example.com,10am-1pm,0.666,58700.0,9100.0,0.0,3022000.0,26400.0,2142000.0,Ready now,0.332,"HOT LEAD. Rent Rs 9,100 (16% of income). Eligible Rs 30L at EMI Rs 26,400. Down payment already funded (Rs 21L available)."
CUST103510,P2 - Call this week,Rent-to-EMI - Hot,Wealth Builder,Whitefield,+91-9416576343,customer103510@example.com,4pm-7pm,0.666,75400.0,30100.0,9100.0,2840000.0,24800.0,3447000.0,Ready now,1.0,"HOT LEAD. Rent Rs 30,100 (40% of income). Eligible Rs 28L at EMI Rs 24,800. Down payment already funded (Rs 34L available)."
CUST104116,P2 - Call this week,Rent-to-EMI - Hot,Steady Saver,Whitefield,+91-9612339151,customer104116@example.com,1pm-4pm,0.666,29700.0,6500.0,0.0,1529000.0,13400.0,1034000.0,Ready now,0.281,"HOT LEAD. Rent Rs 6,500 (22% of income). Eligible Rs 15L at EMI Rs 13,400. Down payment already funded (Rs 10L available)."
CUST104405,P2 - Call this week,Rent-to-EMI - Hot,Wealth Builder,Indiranagar,+91-9714119399,customer104405@example.com,10am-1pm,0.666,46900.0,16900.0,5000.0,2111000.0,18400.0,830000.0,Ready now,0.354,"HOT LEAD. Rent Rs 16,900 (36% of income). Eligible Rs 21L at EMI Rs 18,400. Down payment already funded (Rs 8L available)."
CUST105927,P2 - Call this week,Rent-to-EMI - Hot,Wealth Builder,Electronic City,+91-9581398226,customer105927@example.com,7pm-9pm,0.666,37700.0,11800.0,2600.0,1643000.0,14400.0,1404000.0,Ready now,0.996,"HOT LEAD. Rent Rs 11,800 (31% of income). Eligible Rs 16L at EMI Rs 14,400. Down payment already funded (Rs 14L available)."
CUST105969,P2 - Call this week,Rent-to-EMI - Hot,Wealth Builder,Jayanagar,+91-9636960046,customer105969@example.com,10am-1pm,0.666,77900.0,18000.0,9900.0,2878000.0,25200.0,3274000.0,Ready now,0.381,"HOT LEAD. Rent Rs 18,000 (23% of income). Eligible Rs 29L at EMI Rs 25,200. Down payment already funded (Rs 33L available)."
CUST106600,P2 - Call this week,Home Loan - Ready,Steady Saver,MG Road,+91-9935556105,customer106600@example.com,4pm-7pm,0.666,81800.0,0.0,0.0,4211000.0,36800.0,1817000.0,Ready now,0.902,"READY LEAD (no rent outflow - may be living with family). Eligible Rs 42L at EMI Rs 36,800. Down payment funded (Rs 18L). Segment: Steady Saver."
CUST106676,P2 - Call this week,Rent-to-EMI - Hot,Wealth Builder,Koramangala,+91-9769707709,customer106676@example.com,7pm-9pm,0.666,47600.0,15900.0,4200.0,1970000.0,17200.0,1624000.0,Ready now,0.987,"HOT LEAD. Rent Rs 15,900 (33% of income). Eligible Rs 20L at EMI Rs 17,200. Down payment already funded (Rs 16L available)."
CUST107701,P2 - Call this week,Rent-to-EMI - Hot,Wealth Builder,MG Road,+91-9367586105,customer107701@example.com,1pm-4pm,0.666,140700.0,49900.0,0.0,6760000.0,59100.0,8184000.0,Ready now,0.55,"HOT LEAD. Rent Rs 49,900 (36% of income). Eligible Rs 68L at EMI Rs 59,100. Down payment already funded (Rs 82L available)."
CUST101232,P2 - Call this week,Rent-to-EMI - Hot,Wealth Builder,Indiranagar,+91-9338197536,customer101232@example.com,1pm-4pm,0.665,73400.0,19200.0,0.0,3778000.0,33000.0,1925000.0,Ready now,0.658,"HOT LEAD. Rent Rs 19,200 (26% of income). Eligible Rs 38L at EMI Rs 33,000. Down payment already funded (Rs 19L available)."
CUST103895,P2 - Call this week,Rent-to-EMI - Hot,Wealth Builder,Electronic City,+91-9254785821,customer103895@example.com,1pm-4pm,0.665,95200.0,30100.0,0.0,4901000.0,42800.0,3330000.0,Ready now,0.997,"HOT LEAD. Rent Rs 30,100 (32% of income). Eligible Rs 49L at EMI Rs 42,800. Down payment already funded (Rs 33L available)."
CUST104351,P2 - Call this week,Rent-to-EMI - Hot,Lifestyle Spender,Electronic City,+91-9717864024,customer104351@example.com,7pm-9pm,0.665,65300.0,13900.0,0.0,3362000.0,29400.0,1623000.0,Ready now,0.174,"HOT LEAD. Rent Rs 13,900 (21% of income). Eligible Rs 34L at EMI Rs 29,400. Down payment already funded (Rs 16L available)."
CUST105227,P2 - Call this week,Home Loan - Ready,Steady Saver,MG Road,+91-9256858601,customer105227@example.com,1pm-4pm,0.665,37000.0,0.0,0.0,1905000.0,16600.0,1291000.0,Ready now,0.999,"READY LEAD (no rent outflow - may be living with family). Eligible Rs 19L at EMI Rs 16,600. Down payment funded (Rs 13L). Segment: Steady Saver."
CUST107915,P2 - Call this week,Rent-to-EMI - Hot,Wealth Builder,Indiranagar,+91-9034910865,customer107915@example.com,7pm-9pm,0.665,122900.0,49600.0,10500.0,5828000.0,51000.0,5591000.0,Ready now,0.431,"HOT LEAD. Rent Rs 49,600 (40% of income). Eligible Rs 58L at EMI Rs 51,000. Down payment already funded (Rs 56L available)."
CUST101635,P2 - Call this week,Rent-to-EMI - Hot,Wealth Builder,Indiranagar,+91-9440944174,customer101635@example.com,1pm-4pm,0.664,51400.0,14100.0,0.0,2646000.0,23100.0,981000.0,Ready now,0.996,"HOT LEAD. Rent Rs 14,100 (27% of income). Eligible Rs 26L at EMI Rs 23,100. Down payment already funded (Rs 10L available)."
CUST104032,P2 - Call this week,Rent-to-EMI - Hot,Wealth Builder,Whitefield,+91-9004891172,customer104032@example.com,4pm-7pm,0.664,80200.0,22000.0,0.0,4129000.0,36100.0,2143000.0,Ready now,0.325,"HOT LEAD. Rent Rs 22,000 (27% of income). Eligible Rs 41L at EMI Rs 36,100. Down payment already funded (Rs 21L available)."
CUST104868,P2 - Call this week,Rent-to-EMI - Hot,Steady Saver,Electronic City,+91-9337455096,customer104868@example.com,1pm-4pm,0.664,74200.0,15500.0,4400.0,3316000.0,29000.0,1160000.0,Ready now,1.0,"HOT LEAD. Rent Rs 15,500 (21% of income). Eligible Rs 33L at EMI Rs 29,000. Down payment already funded (Rs 12L available)."
CUST105759,P2 - Call this week,Rent-to-EMI - Hot,Wealth Builder,Indiranagar,+91-9668856241,customer105759@example.com,1pm-4pm,0.664,78900.0,18500.0,3500.0,3661000.0,32000.0,1352000.0,Ready now,1.0,"HOT LEAD. Rent Rs 18,500 (23% of income). Eligible Rs 37L at EMI Rs 32,000. Down payment already funded (Rs 14L available)."
CUST107298,P2 - Call this week,Rent-to-EMI - Hot,Wealth Builder,Indiranagar,+91-9189086983,customer107298@example.com,4pm-7pm,0.664,143300.0,44900.0,10200.0,7030000.0,61400.0,3910000.0,Ready now,0.997,"HOT LEAD. Rent Rs 44,900 (31% of income). Eligible Rs 70L at EMI Rs 61,400. Down payment already funded (Rs 39L available)."
CUST100090,P2 - Call this week,Rent-to-EMI - Hot,Wealth Builder,Indiranagar,+91-9660420374,customer100090@example.com,7pm-9pm,0.663,52900.0,21200.0,2600.0,1942000.0,17000.0,1072000.0,Ready now,0.993,"HOT LEAD. Rent Rs 21,200 (40% of income). Eligible Rs 19L at EMI Rs 17,000. Down payment already funded (Rs 11L available)."
CUST100122,P2 - Call this week,Home Loan - Ready,Steady Saver,Koramangala,+91-9099079168,customer100122@example.com,4pm-7pm,0.663,74600.0,0.0,8100.0,3340000.0,29200.0,861000.0,Ready now,1.0,"READY LEAD (no rent outflow - may be living with family). Eligible Rs 33L at EMI Rs 29,200. Down payment funded (Rs 9L). Segment: Steady Saver."
CUST101707,P2 - Call this week,Rent-to-EMI - Hot,Steady Saver,Indiranagar,+91-9966614776,customer101707@example.com,1pm-4pm,0.663,73200.0,16300.0,0.0,4187000.0,36600.0,1814000.0,Ready now,0.698,"HOT LEAD. Rent Rs 16,300 (22% of income). Eligible Rs 42L at EMI Rs 36,600. Down payment already funded (Rs 18L available)."
CUST104151,P2 - Call this week,Home Loan - Ready,Steady Saver,Electronic City,+91-9255366521,customer104151@example.com,10am-1pm,0.663,139400.0,0.0,15000.0,6257000.0,54700.0,6355000.0,Ready now,0.592,"READY LEAD (no rent outflow - may be living with family). Eligible Rs 63L at EMI Rs 54,700. Down payment funded (Rs 64L). Segment: Steady Saver."
CUST105175,P2 - Call this week,Rent-to-EMI - Hot,Wealth Builder,Indiranagar,+91-9321002495,customer105175@example.com,1pm-4pm,0.663,51900.0,13500.0,4300.0,1705000.0,14900.0,1424000.0,Ready now,0.656,"HOT LEAD. Rent Rs 13,500 (26% of income). Eligible Rs 17L at EMI Rs 14,900. Down payment already funded (Rs 14L available)."
CUST106632,P2 - Call this week,Rent-to-EMI - Hot,Wealth Builder,Whitefield,+91-9235562229,customer106632@example.com,4pm-7pm,0.663,50100.0,18200.0,4400.0,2076000.0,18100.0,1881000.0,Ready now,0.343,"HOT LEAD. Rent Rs 18,200 (36% of income). Eligible Rs 21L at EMI Rs 18,100. Down payment already funded (Rs 19L available)."
CUST100744,P2 - Call this week,Home Loan - Ready,Steady Saver,MG Road,+91-9539089151,customer100744@example.com,1pm-4pm,0.662,101600.0,0.0,14500.0,4153000.0,36300.0,4749000.0,Ready now,0.45,"READY LEAD (no rent outflow - may be living with family). Eligible Rs 42L at EMI Rs 36,300. Down payment funded (Rs 47L). Segment: Steady Saver."
CUST102302,P2 - Call this week,Rent-to-EMI - Hot,Wealth Builder,Jayanagar,+91-9188857432,customer102302@example.com,4pm-7pm,0.662,36500.0,8200.0,3700.0,1664000.0,14600.0,758000.0,Ready now,0.517,"HOT LEAD. Rent Rs 8,200 (22% of income). Eligible Rs 17L at EMI Rs 14,600. Down payment already funded (Rs 8L available)."
CUST103624,P2 - Call this week,Rent-to-EMI - Hot,Wealth Builder,Indiranagar,+91-9329578666,customer103624@example.com,10am-1pm,0.662,49700.0,10700.0,5300.0,1952000.0,17100.0,576000.0,Ready now,0.991,"HOT LEAD. Rent Rs 10,700 (22% of income). Eligible Rs 20L at EMI Rs 17,100. Down payment already funded (Rs 6L available)."
CUST104723,P2 - Call this week,Rent-to-EMI - Hot,Lifestyle Spender,Electronic City,+91-9082797775,customer104723@example.com,7pm-9pm,0.662,77200.0,31200.0,0.0,4416000.0,38600.0,1109000.0,Ready now,0.043,"HOT LEAD. Rent Rs 31,200 (40% of income). Eligible Rs 44L at EMI Rs 38,600. Down payment already funded (Rs 11L available)."
CUST104909,P2 - Call this week,Rent-to-EMI - Hot,Wealth Builder,Koramangala,+91-9392757611,customer104909@example.com,1pm-4pm,0.662,197100.0,75100.0,21000.0,9999000.0,87400.0,13180000.0,Ready now,0.773,"HOT LEAD. Rent Rs 75,100 (38% of income). Eligible Rs 100L at EMI Rs 87,400. Down payment already funded (Rs 132L available)."
CUST105454,P2 - Call this week,Rent-to-EMI - Hot,Wealth Builder,Koramangala,+91-9452739849,customer105454@example.com,4pm-7pm,0.662,61500.0,12200.0,0.0,3166000.0,27700.0,1146000.0,Ready now,1.0,"HOT LEAD. Rent Rs 12,200 (20% of income). Eligible Rs 32L at EMI Rs 27,700. Down payment already funded (Rs 11L available)."
CUST106625,P2 - Call this week,Rent-to-EMI - Hot,Wealth Builder,Indiranagar,+91-9983142833,customer106625@example.com,4pm-7pm,0.662,95500.0,29900.0,0.0,4916000.0,43000.0,1683000.0,Ready now,0.999,"HOT LEAD. Rent Rs 29,900 (31% of income). Eligible Rs 49L at EMI Rs 43,000. Down payment already funded (Rs 17L available)."
CUST107233,P2 - Call this week,Rent-to-EMI - Hot,Steady Saver,MG Road,+91-9670288787,customer107233@example.com,4pm-7pm,0.662,59700.0,8300.0,3000.0,3072000.0,26800.0,1251000.0,Ready now,0.881,"HOT LEAD. Rent Rs 8,300 (14% of income). Eligible Rs 31L at EMI Rs 26,800. Down payment already funded (Rs 13L available)."
CUST107519,P2 - Call this week,Home Loan - Ready,Steady Saver,Jayanagar,+91-9347092402,customer107519@example.com,1pm-4pm,0.662,35200.0,0.0,5300.0,1206000.0,10500.0,2088000.0,Ready now,0.505,"READY LEAD (no rent outflow - may be living with family). Eligible Rs 12L at EMI Rs 10,500. Down payment funded (Rs 21L). Segment: Steady Saver."
CUST101204,P2 - Call this week,Rent-to-EMI - Hot,Wealth Builder,Whitefield,+91-9144792864,customer101204@example.com,1pm-4pm,0.661,48500.0,10500.0,6000.0,1366000.0,11900.0,2257000.0,Ready now,0.379,"HOT LEAD. Rent Rs 10,500 (22% of income). Eligible Rs 14L at EMI Rs 11,900. Down payment already funded (Rs 23L available)."
CUST102301,P2 - Call this week,Home Loan - Ready,Steady Saver,Whitefield,+91-9930568877,customer102301@example.com,10am-1pm,0.661,39800.0,0.0,0.0,2276000.0,19900.0,821000.0,Ready now,0.975,"READY LEAD (no rent outflow - may be living with family). Eligible Rs 23L at EMI Rs 19,900. Down payment funded (Rs 8L). Segment: Steady Saver."
CUST105028,P2 - Call this week,Home Loan - Ready,Steady Saver,Jayanagar,+91-9037361857,customer105028@example.com,7pm-9pm,0.661,75800.0,0.0,0.0,3902000.0,34100.0,3362000.0,Ready now,0.478,"READY LEAD (no rent outflow - may be living with family). Eligible Rs 39L at EMI Rs 34,100. Down payment funded (Rs 34L). Segment: Steady Saver."
CUST105779,P2 - Call this week,Home Loan - Ready,Steady Saver,Whitefield,+91-9581681388,customer105779@example.com,4pm-7pm,0.661,143100.0,0.0,0.0,8185000.0,71600.0,5354000.0,Ready now,0.674,"READY LEAD (no rent outflow - may be living with family). Eligible Rs 82L at EMI Rs 71,600. Down payment funded (Rs 54L). Segment: Steady Saver."
CUST106925,P2 - Call this week,Home Loan - Ready,Steady Saver,Koramangala,+91-9827606638,customer106925@example.com,10am-1pm,0.661,32600.0,0.0,3000.0,1335000.0,11700.0,1391000.0,Ready now,0.491,"READY LEAD (no rent outflow - may be living with family). Eligible Rs 13L at EMI Rs 11,700. Down payment funded (Rs 14L). Segment: Steady Saver."
CUST107753,P2 - Call this week,Rent-to-EMI - Hot,Steady Saver,Koramangala,+91-9616215111,customer107753@example.com,1pm-4pm,0.661,125500.0,21600.0,0.0,7896000.0,69000.0,5968000.0,Ready now,0.538,"HOT LEAD. Rent Rs 21,600 (17% of income). Eligible Rs 79L at EMI Rs 69,000. Down payment already funded (Rs 60L available)."
CUST100717,P2 - Call this week,Home Loan - Ready,Steady Saver,MG Road,+91-9896733239,customer100717@example.com,10am-1pm,0.66,34200.0,0.0,6600.0,1201000.0,10500.0,1098000.0,Ready now,0.916,"READY LEAD (no rent outflow - may be living with family). Eligible Rs 12L at EMI Rs 10,500. Down payment funded (Rs 11L). Segment: Steady Saver."
CUST101488,P2 - Call this week,Rent-to-EMI - Hot,Steady Saver,Indiranagar,+91-9649993434,customer101488@example.com,1pm-4pm,0.66,91200.0,13400.0,0.0,4695000.0,41000.0,3247000.0,Ready now,0.607,"HOT LEAD. Rent Rs 13,400 (15% of income). Eligible Rs 47L at EMI Rs 41,000. Down payment already funded (Rs 32L available)."
CUST103234,P2 - Call this week,Rent-to-EMI - Hot,Wealth Builder,MG Road,+91-9378022364,customer103234@example.com,7pm-9pm,0.66,99200.0,18400.0,9100.0,3158000.0,27600.0,2896000.0,Ready now,0.997,"HOT LEAD. Rent Rs 18,400 (18% of income). Eligible Rs 32L at EMI Rs 27,600. Down payment already funded (Rs 29L available)."
CUST106481,P2 - Call this week,Home Loan - Ready,Steady Saver,Whitefield,+91-9457110472,customer106481@example.com,10am-1pm,0.66,168900.0,0.0,0.0,10627000.0,92900.0,6021000.0,Ready now,0.447,"READY LEAD (no rent outflow - may be living with family). Eligible Rs 106L at EMI Rs 92,900. Down payment funded (Rs 60L). Segment: Steady Saver."
CUST100601,P2 - Call this week,Rent-to-EMI - Hot,Wealth Builder,Electronic City,+91-9685425195,customer100601@example.com,4pm-7pm,0.659,134000.0,18200.0,0.0,7664000.0,67000.0,8174000.0,Ready now,0.501,"HOT LEAD. Rent Rs 18,200 (14% of income). Eligible Rs 77L at EMI Rs 67,000. Down payment already funded (Rs 82L available)."
CUST101674,P2 - Call this week,Rent-to-EMI - Hot,Wealth Builder,MG Road,+91-9346221237,customer101674@example.com,7pm-9pm,0.659,66000.0,11700.0,0.0,3775000.0,33000.0,1439000.0,Ready now,0.97,"HOT LEAD. Rent Rs 11,700 (18% of income). Eligible Rs 38L at EMI Rs 33,000. Down payment already funded (Rs 14L available)."
CUST103360,P2 - Call this week,Rent-to-EMI - Hot,Wealth Builder,Whitefield,+91-9057062384,customer103360@example.com,4pm-7pm,0.659,49200.0,11400.0,4400.0,2029000.0,17700.0,1179000.0,Ready now,0.681,"HOT LEAD. Rent Rs 11,400 (23% of income). Eligible Rs 20L at EMI Rs 17,700. Down payment already funded (Rs 12L available)."
CUST106046,P2 - Call this week,Rent-to-EMI - Hot,Wealth Builder,Jayanagar,+91-9997893410,customer106046@example.com,10am-1pm,0.659,25000.0,8900.0,2400.0,1012000.0,8800.0,749000.0,Ready now,0.809,"HOT LEAD. Rent Rs 8,900 (36% of income). Eligible Rs 10L at EMI Rs 8,800. Down payment already funded (Rs 7L available)."
CUST106410,P2 - Call this week,Rent-to-EMI - Hot,Wealth Builder,Whitefield,+91-9156993496,customer106410@example.com,4pm-7pm,0.659,143400.0,49400.0,12200.0,7627000.0,66700.0,4399000.0,Ready now,0.996,"HOT LEAD. Rent Rs 49,400 (34% of income). Eligible Rs 76L at EMI Rs 66,700. Down payment already funded (Rs 44L available)."
CUST101378,P2 - Call this week,Home Loan - Ready,Steady Saver,Koramangala,+91-9861921462,customer101378@example.com,1pm-4pm,0.658,50500.0,0.0,5300.0,2282000.0,20000.0,2617000.0,Ready now,0.998,"READY LEAD (no rent outflow - may be living with family). Eligible Rs 23L at EMI Rs 20,000. Down payment funded (Rs 26L). Segment: Steady Saver."
CUST102346,P2 - Call this week,Home Loan - Ready,Steady Saver,Indiranagar,+91-9650187051,customer102346@example.com,4pm-7pm,0.658,157700.0,0.0,20500.0,6675000.0,58400.0,3268000.0,Ready now,0.459,"READY LEAD (no rent outflow - may be living with family). Eligible Rs 67L at EMI Rs 58,400. Down payment funded (Rs 33L). Segment: Steady Saver."
CUST104453,P2 - Call this week,Rent-to-EMI - Hot,Steady Saver,Whitefield,+91-9225377823,customer104453@example.com,4pm-7pm,0.658,158400.0,29300.0,0.0,7610000.0,66500.0,2479000.0,Ready now,0.991,"HOT LEAD. Rent Rs 29,300 (18% of income). Eligible Rs 76L at EMI Rs 66,500. Down payment already funded (Rs 25L available)."
CUST104807,P2 - Call this week,Home Loan - Ready,Steady Saver,Indiranagar,+91-9077155594,customer104807@example.com,7pm-9pm,0.658,41100.0,0.0,0.0,2351000.0,20600.0,1954000.0,Ready now,1.0,"READY LEAD (no rent outflow - may be living with family). Eligible Rs 24L at EMI Rs 20,600. Down payment funded (Rs 20L). Segment: Steady Saver."
CUST105099,P2 - Call this week,Rent-to-EMI - Hot,Wealth Builder,Electronic City,+91-9283395857,customer105099@example.com,4pm-7pm,0.658,147600.0,29700.0,21000.0,6884000.0,60200.0,4512000.0,Ready now,0.377,"HOT LEAD. Rent Rs 29,700 (20% of income). Eligible Rs 69L at EMI Rs 60,200. Down payment already funded (Rs 45L available)."
CUST105730,P2 - Call this week,Rent-to-EMI - Hot,Steady Saver,Electronic City,+91-9844512653,customer105730@example.com,4pm-7pm,0.658,121200.0,15500.0,7100.0,6813000.0,59600.0,1724000.0,Ready now,0.744,"HOT LEAD. Rent Rs 15,500 (13% of income). Eligible Rs 68L at EMI Rs 59,600. Down payment already funded (Rs 17L available)."
CUST107939,P2 - Call this week,Rent-to-EMI - Hot,Wealth Builder,Electronic City,+91-9893461432,customer107939@example.com,4pm-7pm,0.658,58100.0,7300.0,4200.0,2510000.0,21900.0,3241000.0,Ready now,0.662,"HOT LEAD. Rent Rs 7,300 (13% of income). Eligible Rs 25L at EMI Rs 21,900. Down payment already funded (Rs 32L available)."
CUST100407,P2 - Call this week,Rent-to-EMI - Hot,Wealth Builder,Koramangala,+91-9060738416,customer100407@example.com,10am-1pm,0.657,53400.0,14600.0,0.0,3054000.0,26700.0,1816000.0,Ready now,0.713,"HOT LEAD. Rent Rs 14,600 (27% of income). Eligible Rs 31L at EMI Rs 26,700. Down payment already funded (Rs 18L available)."
CUST100660,P2 - Call this week,Rent-to-EMI - Hot,Wealth Builder,MG Road,+91-9787556068,customer100660@example.com,1pm-4pm,0.657,116000.0,21200.0,11400.0,5331000.0,46600.0,3506000.0,Ready now,0.437,"HOT LEAD. Rent Rs 21,200 (18% of income). Eligible Rs 53L at EMI Rs 46,600. Down payment already funded (Rs 35L available)."
CUST104089,P2 - Call this week,Rent-to-EMI - Hot,Wealth Builder,Koramangala,+91-9776187902,customer104089@example.com,4pm-7pm,0.657,70300.0,10900.0,15300.0,1869000.0,16300.0,2153000.0,Ready now,1.0,"HOT LEAD. Rent Rs 10,900 (16% of income). Eligible Rs 19L at EMI Rs 16,300. Down payment already funded (Rs 22L available)."
CUST105557,P2 - Call this week,Home Loan - Ready,Steady Saver,Electronic City,+91-9968858039,customer105557@example.com,10am-1pm,0.657,66800.0,0.0,4900.0,2878000.0,25200.0,1960000.0,Ready now,1.0,"READY LEAD (no rent outflow - may be living with family). Eligible Rs 29L at EMI Rs 25,200. Down payment funded (Rs 20L). Segment: Steady Saver."
CUST106000,P2 - Call this week,Rent-to-EMI - Hot,Lifestyle Spender,Whitefield,+91-9157403048,customer106000@example.com,4pm-7pm,0.657,42400.0,15100.0,0.0,2183000.0,19100.0,886000.0,Ready now,0.078,"HOT LEAD. Rent Rs 15,100 (36% of income). Eligible Rs 22L at EMI Rs 19,100. Down payment already funded (Rs 9L available)."
CUST102792,P2 - Call this week,Rent-to-EMI - Hot,Wealth Builder,Indiranagar,+91-9808137850,customer102792@example.com,4pm-7pm,0.656,69000.0,21100.0,0.0,3552000.0,31000.0,2211000.0,Ready now,0.274,"HOT LEAD. Rent Rs 21,100 (31% of income). Eligible Rs 36L at EMI Rs 31,000. Down payment already funded (Rs 22L available)."
CUST103508,P2 - Call this week,Rent-to-EMI - Hot,Wealth Builder,Indiranagar,+91-9435973917,customer103508@example.com,1pm-4pm,0.656,29900.0,7100.0,5600.0,899000.0,7900.0,604000.0,Ready now,0.34,"HOT LEAD. Rent Rs 7,100 (24% of income). Eligible Rs 9L at EMI Rs 7,900. Down payment already funded (Rs 6L available)."
CUST103591,P2 - Call this week,Home Loan - Ready,Steady Saver,Whitefield,+91-9490866824,customer103591@example.com,10am-1pm,0.656,46800.0,0.0,0.0,2409000.0,21100.0,838000.0,Ready now,0.985,"READY LEAD (no rent outflow - may be living with family). Eligible Rs 24L at EMI Rs 21,100. Down payment funded (Rs 8L). Segment: Steady Saver."
CUST104843,P2 - Call this week,Rent-to-EMI - Hot,Wealth Builder,Whitefield,+91-9201014800,customer104843@example.com,10am-1pm,0.656,112200.0,24500.0,6100.0,4693000.0,41000.0,4548000.0,Ready now,0.946,"HOT LEAD. Rent Rs 24,500 (22% of income). Eligible Rs 47L at EMI Rs 41,000. Down payment already funded (Rs 45L available)."
CUST105101,P2 - Call this week,Home Loan - Ready,Steady Saver,Indiranagar,+91-9018631377,customer105101@example.com,7pm-9pm,0.656,127700.0,0.0,24100.0,5278000.0,46100.0,4788000.0,Ready now,0.676,"READY LEAD (no rent outflow - may be living with family). Eligible Rs 53L at EMI Rs 46,100. Down payment funded (Rs 48L). Segment: Steady Saver."
CUST105587,P2 - Call this week,Rent-to-EMI - Hot,Wealth Builder,Whitefield,+91-9150428553,customer105587@example.com,1pm-4pm,0.656,74700.0,19600.0,0.0,3845000.0,33600.0,1825000.0,Ready now,1.0,"HOT LEAD. Rent Rs 19,600 (26% of income). Eligible Rs 38L at EMI Rs 33,600. Down payment already funded (Rs 18L available)."
CUST101942,P2 - Call this week,Rent-to-EMI - Hot,Wealth Builder,Koramangala,+91-9797100196,customer101942@example.com,1pm-4pm,0.655,28700.0,7400.0,0.0,1477000.0,12900.0,877000.0,Ready now,1.0,"HOT LEAD. Rent Rs 7,400 (26% of income). Eligible Rs 15L at EMI Rs 12,900. Down payment already funded (Rs 9L available)."
CUST103506,P2 - Call this week,Rent-to-EMI - Hot,Steady Saver,MG Road,+91-9282402335,customer103506@example.com,10am-1pm,0.655,69700.0,8800.0,0.0,3588000.0,31400.0,2845000.0,Ready now,0.529,"HOT LEAD. Rent Rs 8,800 (13% of income). Eligible Rs 36L at EMI Rs 31,400. Down payment already funded (Rs 28L available)."
CUST103733,P2 - Call this week,Home Loan - Ready,Steady Saver,Jayanagar,+91-9338662369,customer103733@example.com,4pm-7pm,0.655,100000.0,0.0,0.0,5720000.0,50000.0,3616000.0,Ready now,1.0,"READY LEAD (no rent outflow - may be living with family). Eligible Rs 57L at EMI Rs 50,000. Down payment funded (Rs 36L). Segment: Steady Saver."
CUST104508,P2 - Call this week,Home Loan - Ready,Steady Saver,Whitefield,+91-9981348391,customer104508@example.com,4pm-7pm,0.655,140000.0,0.0,0.0,8008000.0,70000.0,4181000.0,Ready now,0.995,"READY LEAD (no rent outflow - may be living with family). Eligible Rs 80L at EMI Rs 70,000. Down payment funded (Rs 42L). Segment: Steady Saver."
CUST107897,P2 - Call this week,Rent-to-EMI - Hot,Banking Elsewhere,Jayanagar,+91-9159350845,customer107897@example.com,7pm-9pm,0.655,67700.0,9700.0,5900.0,3197000.0,28000.0,1036000.0,Ready now,0.051,"HOT LEAD. Rent Rs 9,700 (14% of income). Eligible Rs 32L at EMI Rs 28,000. Down payment already funded (Rs 10L available)."
CUST102851,P2 - Call this week,Home Loan - Ready,Steady Saver,Indiranagar,+91-9941460083,customer102851@example.com,10am-1pm,0.654,26700.0,0.0,1400.0,1214000.0,10600.0,1195000.0,Ready now,0.595,"READY LEAD (no rent outflow - may be living with family). Eligible Rs 12L at EMI Rs 10,600. Down payment funded (Rs 12L). Segment: Steady Saver."
CUST105984,P2 - Call this week,Rent-to-EMI - Hot,Wealth Builder,Whitefield,+91-9422315312,customer105984@example.com,7pm-9pm,0.654,62600.0,16000.0,4700.0,2685000.0,23500.0,1498000.0,Ready now,1.0,"HOT LEAD. Rent Rs 16,000 (26% of income). Eligible Rs 27L at EMI Rs 23,500. Down payment already funded (Rs 15L available)."
CUST107484,P2 - Call this week,Home Loan - Ready,Steady Saver,Koramangala,+91-9185219075,customer107484@example.com,1pm-4pm,0.654,119900.0,0.0,0.0,6858000.0,60000.0,5037000.0,Ready now,0.447,"READY LEAD (no rent outflow - may be living with family). Eligible Rs 69L at EMI Rs 60,000. Down payment funded (Rs 50L). Segment: Steady Saver."
CUST101248,P2 - Call this week,Home Loan - Ready,Steady Saver,Electronic City,+91-9490340863,customer101248@example.com,1pm-4pm,0.653,77500.0,0.0,0.0,4433000.0,38800.0,1980000.0,Ready now,1.0,"READY LEAD (no rent outflow - may be living with family). Eligible Rs 44L at EMI Rs 38,800. Down payment funded (Rs 20L). Segment: Steady Saver."
CUST101341,P2 - Call this week,Rent-to-EMI - Hot,Wealth Builder,MG Road,+91-9029781272,customer101341@example.com,4pm-7pm,0.653,81500.0,24400.0,5400.0,2832000.0,24800.0,3088000.0,Ready now,0.414,"HOT LEAD. Rent Rs 24,400 (30% of income). Eligible Rs 28L at EMI Rs 24,800. Down payment already funded (Rs 31L available)."
CUST104251,P2 - Call this week,Rent-to-EMI - Hot,Steady Saver,Whitefield,+91-9425293853,customer104251@example.com,10am-1pm,0.653,33700.0,7500.0,0.0,1735000.0,15200.0,1167000.0,Ready now,0.992,"HOT LEAD. Rent Rs 7,500 (22% of income). Eligible Rs 17L at EMI Rs 15,200. Down payment already funded (Rs 12L available)."
CUST104509,P2 - Call this week,Rent-to-EMI - Hot,Wealth Builder,Electronic City,+91-9356003403,customer104509@example.com,4pm-7pm,0.653,136600.0,35500.0,0.0,6563000.0,57400.0,4643000.0,Ready now,0.752,"HOT LEAD. Rent Rs 35,500 (26% of income). Eligible Rs 66L at EMI Rs 57,400. Down payment already funded (Rs 46L available)."
CUST100520,P2 - Call this week,Rent-to-EMI - Hot,Wealth Builder,Indiranagar,+91-9529459554,customer100520@example.com,10am-1pm,0.652,56000.0,11400.0,0.0,3203000.0,28000.0,1334000.0,Ready now,1.0,"HOT LEAD. Rent Rs 11,400 (20% of income). Eligible Rs 32L at EMI Rs 28,000. Down payment already funded (Rs 13L available)."
CUST100906,P2 - Call this week,Rent-to-EMI - Hot,Wealth Builder,Jayanagar,+91-9844155839,customer100906@example.com,10am-1pm,0.652,45600.0,13000.0,0.0,1930000.0,16900.0,3016000.0,Ready now,0.593,"HOT LEAD. Rent Rs 13,000 (28% of income). Eligible Rs 19L at EMI Rs 16,900. Down payment already funded (Rs 30L available)."
CUST101966,P2 - Call this week,Rent-to-EMI - Hot,Wealth Builder,MG Road,+91-9947252730,customer101966@example.com,1pm-4pm,0.652,32600.0,10500.0,0.0,1678000.0,14700.0,1283000.0,Ready now,0.295,"HOT LEAD. Rent Rs 10,500 (32% of income). Eligible Rs 17L at EMI Rs 14,700. Down payment already funded (Rs 13L available)."
CUST103081,P2 - Call this week,Rent-to-EMI - Hot,Wealth Builder,Indiranagar,+91-9876335199,customer103081@example.com,1pm-4pm,0.652,100300.0,19400.0,0.0,5737000.0,50200.0,5066000.0,Ready now,0.997,"HOT LEAD. Rent Rs 19,400 (19% of income). Eligible Rs 57L at EMI Rs 50,200. Down payment already funded (Rs 51L available)."
CUST103452,P2 - Call this week,Home Loan - Ready,Steady Saver,Whitefield,+91-9119538118,customer103452@example.com,10am-1pm,0.652,85400.0,0.0,16500.0,2509000.0,21900.0,3373000.0,Ready now,0.505,"READY LEAD (no rent outflow - may be living with family). Eligible Rs 25L at EMI Rs 21,900. Down payment funded (Rs 34L). Segment: Steady Saver."
CUST104166,P2 - Call this week,Home Loan - Ready,Wealth Builder,Whitefield,+91-9046837658,customer104166@example.com,1pm-4pm,0.652,70400.0,0.0,15300.0,1874000.0,16400.0,2574000.0,Ready now,0.998,"READY LEAD (no rent outflow - may be living with family). Eligible Rs 19L at EMI Rs 16,400. Down payment funded (Rs 26L). Segment: Wealth Builder."
CUST105361,P2 - Call this week,Rent-to-EMI - Hot,Steady Saver,Electronic City,+91-9060503043,customer105361@example.com,4pm-7pm,0.652,40100.0,5700.0,0.0,2064000.0,18000.0,999000.0,Ready now,0.994,"HOT LEAD. Rent Rs 5,700 (14% of income). Eligible Rs 21L at EMI Rs 18,000. Down payment already funded (Rs 10L available)."
CUST100724,P2 - Call this week,Home Loan - Ready,Steady Saver,Indiranagar,+91-9173688502,customer100724@example.com,1pm-4pm,0.651,84900.0,0.0,0.0,4370000.0,38200.0,6806000.0,Ready now,0.674,"READY LEAD (no rent outflow - may be living with family). Eligible Rs 44L at EMI Rs 38,200. Down payment funded (Rs 68L). Segment: Steady Saver."
CUST101130,P2 - Call this week,Rent-to-EMI - Hot,Steady Saver,Koramangala,+91-9998520582,customer101130@example.com,4pm-7pm,0.651,56500.0,11200.0,0.0,2908000.0,25400.0,1620000.0,Ready now,0.438,"HOT LEAD. Rent Rs 11,200 (20% of income). Eligible Rs 29L at EMI Rs 25,400. Down payment already funded (Rs 16L available)."
CUST101274,P2 - Call this week,Home Loan - Ready,Steady Saver,Whitefield,+91-9033979275,customer101274@example.com,1pm-4pm,0.651,50800.0,0.0,5500.0,2276000.0,19900.0,2188000.0,Ready now,0.894,"READY LEAD (no rent outflow - may be living with family). Eligible Rs 23L at EMI Rs 19,900. Down payment funded (Rs 22L). Segment: Steady Saver."
CUST105245,P2 - Call this week,Rent-to-EMI - Hot,Wealth Builder,Koramangala,+91-9977582666,customer105245@example.com,1pm-4pm,0.651,33600.0,12500.0,0.0,1730000.0,15100.0,501000.0,Ready now,1.0,"HOT LEAD. Rent Rs 12,500 (37% of income). Eligible Rs 17L at EMI Rs 15,100. Down payment already funded (Rs 5L available)."
CUST106585,P2 - Call this week,Rent-to-EMI - Hot,Wealth Builder,Koramangala,+91-9087103860,customer106585@example.com,7pm-9pm,0.651,26600.0,4000.0,5100.0,542000.0,4700.0,600000.0,Ready now,0.772,"HOT LEAD. Rent Rs 4,000 (15% of income). Eligible Rs 5L at EMI Rs 4,700. Down payment already funded (Rs 6L available)."
CUST101202,P2 - Call this week,Balance Transfer,Lifestyle Spender,MG Road,+91-9542863712,customer101202@example.com,4pm-7pm,0.65,93800.0,29900.0,0.0,5365000.0,46900.0,740000.0,Not on track,0.32,"BT pitch: currently 9.55%, outstanding Rs 48L. Monthly saving Rs 2,962. Carry the rate sheet."
CUST101527,P2 - Call this week,Home Loan - Ready,Steady Saver,Koramangala,+91-9825930571,customer101527@example.com,4pm-7pm,0.65,78500.0,0.0,7600.0,3172000.0,27700.0,3947000.0,Ready now,0.562,"READY LEAD (no rent outflow - may be living with family). Eligible Rs 32L at EMI Rs 27,700. Down payment funded (Rs 39L). Segment: Steady Saver."
CUST101782,P2 - Call this week,Home Loan - Ready,Steady Saver,Electronic City,+91-9855269014,customer101782@example.com,1pm-4pm,0.65,40800.0,0.0,0.0,2100000.0,18400.0,1130000.0,Ready now,0.982,"READY LEAD (no rent outflow - may be living with family). Eligible Rs 21L at EMI Rs 18,400. Down payment funded (Rs 11L). Segment: Steady Saver."
CUST103789,P2 - Call this week,Rent-to-EMI - Hot,Wealth Builder,Jayanagar,+91-9958639966,customer103789@example.com,10am-1pm,0.65,68900.0,27800.0,0.0,3547000.0,31000.0,1958000.0,Ready now,0.526,"HOT LEAD. Rent Rs 27,800 (40% of income). Eligible Rs 35L at EMI Rs 31,000. Down payment already funded (Rs 20L available)."
CUST104338,P2 - Call this week,Home Loan - Ready,Steady Saver,MG Road,+91-9140243934,customer104338@example.com,10am-1pm,0.65,55900.0,0.0,3600.0,2466000.0,21600.0,2184000.0,Ready now,0.579,"READY LEAD (no rent outflow - may be living with family). Eligible Rs 25L at EMI Rs 21,600. Down payment funded (Rs 22L). Segment: Steady Saver."
CUST104404,P2 - Call this week,Rent-to-EMI - Hot,Wealth Builder,Jayanagar,+91-9431365366,customer104404@example.com,1pm-4pm,0.65,30000.0,10600.0,4100.0,1075000.0,9400.0,1122000.0,Ready now,1.0,"HOT LEAD. Rent Rs 10,600 (35% of income). Eligible Rs 11L at EMI Rs 9,400. Down payment already funded (Rs 11L available)."
CUST105119,P2 - Call this week,Home Loan - Ready,Steady Saver,Koramangala,+91-9873814260,customer105119@example.com,7pm-9pm,0.65,89700.0,0.0,6200.0,3908000.0,34200.0,5572000.0,Ready now,0.566,"READY LEAD (no rent outflow - may be living with family). Eligible Rs 39L at EMI Rs 34,200. Down payment funded (Rs 56L). Segment: Steady Saver."
CUST106510,P2 - Call this week,Rent-to-EMI - Hot,Wealth Builder,Jayanagar,+91-9600977608,customer106510@example.com,7pm-9pm,0.65,61100.0,23600.0,7800.0,2253000.0,19700.0,1829000.0,Ready now,0.197,"HOT LEAD. Rent Rs 23,600 (39% of income). Eligible Rs 23L at EMI Rs 19,700. Down payment already funded (Rs 18L available)."
CUST101923,P2 - Call this week,Home Loan - Ready,Steady Saver,MG Road,+91-9949732030,customer101923@example.com,10am-1pm,0.649,109200.0,0.0,0.0,6871000.0,60100.0,2656000.0,Ready now,0.835,"READY LEAD (no rent outflow - may be living with family). Eligible Rs 69L at EMI Rs 60,100. Down payment funded (Rs 27L). Segment: Steady Saver."
CUST102919,P2 - Call this week,Rent-to-EMI - Hot,Wealth Builder,Electronic City,+91-9641031708,customer102919@example.com,4pm-7pm,0.649,155000.0,45500.0,17500.0,6864000.0,60000.0,4497000.0,Ready now,1.0,"HOT LEAD. Rent Rs 45,500 (29% of income). Eligible Rs 69L at EMI Rs 60,000. Down payment already funded (Rs 45L available)."
CUST104466,P2 - Call this week,Home Loan - Ready,Steady Saver,Electronic City,+91-9924530556,customer104466@example.com,4pm-7pm,0.649,38500.0,0.0,4800.0,1433000.0,12500.0,1199000.0,Ready now,0.983,"READY LEAD (no rent outflow - may be living with family). Eligible Rs 14L at EMI Rs 12,500. Down payment funded (Rs 12L). Segment: Steady Saver."
CUST105232,P2 - Call this week,Home Loan - Ready,Steady Saver,Jayanagar,+91-9233749172,customer105232@example.com,10am-1pm,0.649,28600.0,0.0,4000.0,1015000.0,8900.0,988000.0,Ready now,1.0,"READY LEAD (no rent outflow - may be living with family). Eligible Rs 10L at EMI Rs 8,900. Down payment funded (Rs 10L). Segment: Steady Saver."
CUST106936,P2 - Call this week,Home Loan - Ready,Steady Saver,Jayanagar,+91-9624167051,customer106936@example.com,10am-1pm,0.649,64400.0,0.0,0.0,3684000.0,32200.0,3438000.0,Ready now,0.721,"READY LEAD (no rent outflow - may be living with family). Eligible Rs 37L at EMI Rs 32,200. Down payment funded (Rs 34L). Segment: Steady Saver."
CUST103673,P2 - Call this week,Rent-to-EMI - Hot,Banking Elsewhere,Koramangala,+91-9517309324,customer103673@example.com,4pm-7pm,0.648,42100.0,8200.0,0.0,2408000.0,21000.0,811000.0,Ready now,0.143,"HOT LEAD. Rent Rs 8,200 (20% of income). Eligible Rs 24L at EMI Rs 21,000. Down payment already funded (Rs 8L available)."
CUST104401,P2 - Call this week,Rent-to-EMI - Hot,Lifestyle Spender,Jayanagar,+91-9669150582,customer104401@example.com,1pm-4pm,0.648,135100.0,41600.0,35400.0,3678000.0,32200.0,3018000.0,Ready now,0.115,"HOT LEAD. Rent Rs 41,600 (31% of income). Eligible Rs 37L at EMI Rs 32,200. Down payment already funded (Rs 30L available)."
CUST105138,P2 - Call this week,Rent-to-EMI - Hot,Wealth Builder,MG Road,+91-9359027960,customer105138@example.com,7pm-9pm,0.648,52700.0,20200.0,0.0,2713000.0,23700.0,806000.0,Ready now,0.996,"HOT LEAD. Rent Rs 20,200 (38% of income). Eligible Rs 27L at EMI Rs 23,700. Down payment already funded (Rs 8L available)."
CUST105222,P2 - Call this week,Rent-to-EMI - Hot,Wealth Builder,Indiranagar,+91-9827499884,customer105222@example.com,7pm-9pm,0.648,78500.0,22300.0,5500.0,3412000.0,29800.0,1918000.0,Ready now,0.791,"HOT LEAD. Rent Rs 22,300 (28% of income). Eligible Rs 34L at EMI Rs 29,800. Down payment already funded (Rs 19L available)."
CUST107032,P2 - Call this week,Rent-to-EMI - Hot,Wealth Builder,Koramangala,+91-9890890404,customer107032@example.com,7pm-9pm,0.648,55300.0,20600.0,0.0,2847000.0,24900.0,1468000.0,Ready now,0.818,"HOT LEAD. Rent Rs 20,600 (37% of income). Eligible Rs 28L at EMI Rs 24,900. Down payment already funded (Rs 15L available)."
CUST107611,P2 - Call this week,Balance Transfer,Steady Saver,Electronic City,+91-9436424944,customer107611@example.com,4pm-7pm,0.648,84600.0,0.0,10500.0,3638000.0,31800.0,3391000.0,Ready now,0.995,"BT pitch: currently 9.43%, outstanding Rs 48L. Monthly saving Rs 2,546. Carry the rate sheet."
CUST102572,P2 - Call this week,Rent-to-EMI - Hot,Steady Saver,MG Road,+91-9512619169,customer102572@example.com,10am-1pm,0.647,39900.0,5300.0,0.0,2054000.0,18000.0,1694000.0,Ready now,0.671,"HOT LEAD. Rent Rs 5,300 (13% of income). Eligible Rs 21L at EMI Rs 18,000. Down payment already funded (Rs 17L available)."
CUST104010,P2 - Call this week,Home Loan - Ready,Steady Saver,MG Road,+91-9704135301,customer104010@example.com,10am-1pm,0.647,68300.0,0.0,0.0,3516000.0,30700.0,2054000.0,Ready now,0.998,"READY LEAD (no rent outflow - may be living with family). Eligible Rs 35L at EMI Rs 30,700. Down payment funded (Rs 21L). Segment: Steady Saver."
CUST106965,P2 - Call this week,Home Loan - Ready,Steady Saver,Indiranagar,+91-9403213258,customer106965@example.com,7pm-9pm,0.647,33700.0,0.0,3400.0,1539000.0,13400.0,906000.0,Ready now,1.0,"READY LEAD (no rent outflow - may be living with family). Eligible Rs 15L at EMI Rs 13,400. Down payment funded (Rs 9L). Segment: Steady Saver."
CUST100642,P2 - Call this week,Rent-to-EMI - Hot,Steady Saver,Whitefield,+91-9689090457,customer100642@example.com,7pm-9pm,0.646,43500.0,8000.0,4800.0,1690000.0,14800.0,1507000.0,Ready now,0.998,"HOT LEAD. Rent Rs 8,000 (18% of income). Eligible Rs 17L at EMI Rs 14,800. Down payment already funded (Rs 15L available)."
CUST102635,P2 - Call this week,Rent-to-EMI - Hot,Wealth Builder,Jayanagar,+91-9293877274,customer102635@example.com,4pm-7pm,0.646,40800.0,16800.0,0.0,2100000.0,18400.0,1130000.0,Ready now,0.43,"HOT LEAD. Rent Rs 16,800 (41% of income). Eligible Rs 21L at EMI Rs 18,400. Down payment already funded (Rs 11L available)."
CUST104477,P2 - Call this week,Rent-to-EMI - Hot,Lifestyle Spender,MG Road,+91-9242531604,customer104477@example.com,10am-1pm,0.646,30700.0,7800.0,6000.0,1070000.0,9400.0,685000.0,Ready now,0.018,"HOT LEAD. Rent Rs 7,800 (25% of income). Eligible Rs 11L at EMI Rs 9,400. Down payment already funded (Rs 7L available)."
CUST104645,P2 - Call this week,Rent-to-EMI - Hot,Lifestyle Spender,Jayanagar,+91-9015273235,customer104645@example.com,4pm-7pm,0.646,52500.0,15100.0,0.0,2703000.0,23600.0,976000.0,Ready now,0.009,"HOT LEAD. Rent Rs 15,100 (29% of income). Eligible Rs 27L at EMI Rs 23,600. Down payment already funded (Rs 10L available)."
CUST106082,P2 - Call this week,Rent-to-EMI - Hot,Lifestyle Spender,Koramangala,+91-9780360770,customer106082@example.com,10am-1pm,0.646,116400.0,46200.0,0.0,6658000.0,58200.0,1977000.0,Ready now,0.08,"HOT LEAD. Rent Rs 46,200 (40% of income). Eligible Rs 67L at EMI Rs 58,200. Down payment already funded (Rs 20L available)."
CUST107028,P2 - Call this week,Home Loan - Ready,Steady Saver,Koramangala,+91-9592386316,customer107028@example.com,7pm-9pm,0.646,123700.0,0.0,0.0,7075000.0,61800.0,4156000.0,Ready now,0.483,"READY LEAD (no rent outflow - may be living with family). Eligible Rs 71L at EMI Rs 61,800. Down payment funded (Rs 42L). Segment: Steady Saver."
CUST107145,P2 - Call this week,Rent-to-EMI - Hot,Lifestyle Spender,Whitefield,+91-9548908576,customer107145@example.com,7pm-9pm,0.646,72600.0,16600.0,0.0,3737000.0,32700.0,1432000.0,Ready now,0.127,"HOT LEAD. Rent Rs 16,600 (23% of income). Eligible Rs 37L at EMI Rs 32,700. Down payment already funded (Rs 14L available)."
CUST107260,P2 - Call this week,Rent-to-EMI - Hot,Wealth Builder,Koramangala,+91-9342499129,customer107260@example.com,4pm-7pm,0.646,85100.0,16300.0,0.0,4381000.0,38300.0,2958000.0,Ready now,0.577,"HOT LEAD. Rent Rs 16,300 (19% of income). Eligible Rs 44L at EMI Rs 38,300. Down payment already funded (Rs 30L available)."
CUST100282,P2 - Call this week,Rent-to-EMI - Hot,Lifestyle Spender,Electronic City,+91-9852243801,customer100282@example.com,10am-1pm,0.645,49400.0,19700.0,7700.0,1662000.0,14500.0,918000.0,Ready now,0.081,"HOT LEAD. Rent Rs 19,700 (40% of income). Eligible Rs 17L at EMI Rs 14,500. Down payment already funded (Rs 9L available)."
CUST100376,P2 - Call this week,Rent-to-EMI - Hot,Steady Saver,Whitefield,+91-9265182553,customer100376@example.com,1pm-4pm,0.645,91000.0,13900.0,0.0,5205000.0,45500.0,3334000.0,Ready now,0.74,"HOT LEAD. Rent Rs 13,900 (15% of income). Eligible Rs 52L at EMI Rs 45,500. Down payment already funded (Rs 33L available)."
CUST100599,P2 - Call this week,Home Loan - Ready,Steady Saver,Whitefield,+91-9006497487,customer100599@example.com,4pm-7pm,0.645,56200.0,0.0,4800.0,1830000.0,16000.0,2633000.0,Ready now,0.877,"READY LEAD (no rent outflow - may be living with family). Eligible Rs 18L at EMI Rs 16,000. Down payment funded (Rs 26L). Segment: Steady Saver."
CUST102574,P2 - Call this week,Rent-to-EMI - Hot,Wealth Builder,Indiranagar,+91-9069668038,customer102574@example.com,7pm-9pm,0.645,141400.0,45100.0,0.0,8088000.0,70700.0,7093000.0,Ready now,0.447,"HOT LEAD. Rent Rs 45,100 (32% of income). Eligible Rs 81L at EMI Rs 70,700. Down payment already funded (Rs 71L available)."
CUST103329,P2 - Call this week,Home Loan - Ready,Steady Saver,Whitefield,+91-9316906027,customer103329@example.com,7pm-9pm,0.645,42800.0,0.0,2500.0,1917000.0,16800.0,1063000.0,Ready now,0.984,"READY LEAD (no rent outflow - may be living with family). Eligible Rs 19L at EMI Rs 16,800. Down payment funded (Rs 11L). Segment: Steady Saver."
CUST103499,P2 - Call this week,Home Loan - Ready,Steady Saver,Jayanagar,+91-9719685413,customer103499@example.com,7pm-9pm,0.645,86700.0,0.0,0.0,4463000.0,39000.0,3535000.0,Ready now,0.977,"READY LEAD (no rent outflow - may be living with family). Eligible Rs 45L at EMI Rs 39,000. Down payment funded (Rs 35L). Segment: Steady Saver."
CUST100025,P2 - Call this week,Home Loan - Ready,Steady Saver,MG Road,+91-9172384895,customer100025@example.com,1pm-4pm,0.644,126400.0,0.0,11500.0,5914000.0,51700.0,2963000.0,Ready now,1.0,"READY LEAD (no rent outflow - may be living with family). Eligible Rs 59L at EMI Rs 51,700. Down payment funded (Rs 30L). Segment: Steady Saver."
CUST100425,P2 - Call this week,Balance Transfer,Wealth Builder,Electronic City,+91-9658349288,customer100425@example.com,10am-1pm,0.644,75500.0,23800.0,7700.0,3006000.0,26300.0,2654000.0,Ready now,0.324,"BT pitch: currently 10.8%, outstanding Rs 26L. Monthly saving Rs 3,764. Carry the rate sheet."
CUST101091,P2 - Call this week,Home Loan - Ready,Steady Saver,MG Road,+91-9389316713,customer101091@example.com,4pm-7pm,0.644,35900.0,0.0,1800.0,1642000.0,14400.0,1585000.0,Ready now,0.486,"READY LEAD (no rent outflow - may be living with family). Eligible Rs 16L at EMI Rs 14,400. Down payment funded (Rs 16L). Segment: Steady Saver."
CUST103527,P2 - Call this week,Home Loan - Ready,Steady Saver,Electronic City,+91-9604249131,customer103527@example.com,7pm-9pm,0.644,44400.0,0.0,5000.0,1968000.0,17200.0,2060000.0,Ready now,0.377,"READY LEAD (no rent outflow - may be living with family). Eligible Rs 20L at EMI Rs 17,200. Down payment funded (Rs 21L). Segment: Steady Saver."
CUST105547,P2 - Call this week,Rent-to-EMI - Hot,Wealth Builder,Jayanagar,+91-9453226139,customer105547@example.com,10am-1pm,0.644,48700.0,18300.0,0.0,2507000.0,21900.0,967000.0,Ready now,1.0,"HOT LEAD. Rent Rs 18,300 (38% of income). Eligible Rs 25L at EMI Rs 21,900. Down payment already funded (Rs 10L available)."
CUST106112,P2 - Call this week,Home Loan - Ready,Steady Saver,Electronic City,+91-9823284030,customer106112@example.com,7pm-9pm,0.644,92800.0,0.0,7100.0,4496000.0,39300.0,1974000.0,Ready now,0.594,"READY LEAD (no rent outflow - may be living with family). Eligible Rs 45L at EMI Rs 39,300. Down payment funded (Rs 20L). Segment: Steady Saver."
CUST107088,P2 - Call this week,Rent-to-EMI - Hot,Lifestyle Spender,Electronic City,+91-9638585117,customer107088@example.com,10am-1pm,0.644,25000.0,8000.0,2300.0,1167000.0,10200.0,304000.0,Ready now,0.149,"HOT LEAD. Rent Rs 8,000 (32% of income). Eligible Rs 12L at EMI Rs 10,200. Down payment already funded (Rs 3L available)."
CUST101725,P2 - Call this week,Rent-to-EMI - Hot,Wealth Builder,Jayanagar,+91-9184818426,customer101725@example.com,4pm-7pm,0.643,189200.0,77300.0,43000.0,5903000.0,51600.0,13242000.0,Ready now,0.55,"HOT LEAD. Rent Rs 77,300 (41% of income). Eligible Rs 59L at EMI Rs 51,600. Down payment already funded (Rs 132L available)."
CUST102339,P2 - Call this week,Rent-to-EMI - Hot,Wealth Builder,Indiranagar,+91-9174655845,customer102339@example.com,10am-1pm,0.643,129700.0,35700.0,9200.0,5179000.0,45300.0,3771000.0,Ready now,1.0,"HOT LEAD. Rent Rs 35,700 (28% of income). Eligible Rs 52L at EMI Rs 45,300. Down payment already funded (Rs 38L available)."
CUST102613,P2 - Call this week,Home Loan - Ready,Steady Saver,MG Road,+91-9593998055,customer102613@example.com,1pm-4pm,0.643,39900.0,0.0,0.0,2282000.0,20000.0,1119000.0,Ready now,0.516,"READY LEAD (no rent outflow - may be living with family). Eligible Rs 23L at EMI Rs 20,000. Down payment funded (Rs 11L). Segment: Steady Saver."
CUST105134,P2 - Call this week,Rent-to-EMI - Hot,Lifestyle Spender,Whitefield,+91-9623320528,customer105134@example.com,10am-1pm,0.643,45200.0,14700.0,7300.0,1492000.0,13000.0,757000.0,Ready now,0.104,"HOT LEAD. Rent Rs 14,700 (32% of income). Eligible Rs 15L at EMI Rs 13,000. Down payment already funded (Rs 8L available)."
CUST107654,P2 - Call this week,Rent-to-EMI - Hot,Wealth Builder,Koramangala,+91-9892509363,customer107654@example.com,1pm-4pm,0.643,83900.0,12600.0,7700.0,3438000.0,30100.0,2101000.0,Ready now,0.704,"HOT LEAD. Rent Rs 12,600 (15% of income). Eligible Rs 34L at EMI Rs 30,100. Down payment already funded (Rs 21L available)."
CUST100917,P2 - Call this week,Rent-to-EMI - Hot,Wealth Builder,Whitefield,+91-9789679842,customer100917@example.com,10am-1pm,0.642,78600.0,12100.0,17100.0,2090000.0,18300.0,1241000.0,Ready now,0.99,"HOT LEAD. Rent Rs 12,100 (15% of income). Eligible Rs 21L at EMI Rs 18,300. Down payment already funded (Rs 12L available)."
CUST101468,P2 - Call this week,Rent-to-EMI - Hot,Banking Elsewhere,Jayanagar,+91-9135086163,customer101468@example.com,4pm-7pm,0.642,85000.0,11200.0,0.0,4862000.0,42500.0,2042000.0,Ready now,0.106,"HOT LEAD. Rent Rs 11,200 (13% of income). Eligible Rs 49L at EMI Rs 42,500. Down payment already funded (Rs 20L available)."
CUST102573,P2 - Call this week,Home Loan - Ready,Steady Saver,Whitefield,+91-9381431180,customer102573@example.com,1pm-4pm,0.642,55100.0,0.0,0.0,2836000.0,24800.0,1942000.0,Ready now,0.551,"READY LEAD (no rent outflow - may be living with family). Eligible Rs 28L at EMI Rs 24,800. Down payment funded (Rs 19L). Segment: Steady Saver."
CUST103783,P2 - Call this week,Rent-to-EMI - Hot,Wealth Builder,Jayanagar,+91-9551750683,customer103783@example.com,10am-1pm,0.642,124600.0,20600.0,0.0,5987000.0,52300.0,1909000.0,Ready now,1.0,"HOT LEAD. Rent Rs 20,600 (16% of income). Eligible Rs 60L at EMI Rs 52,300. Down payment already funded (Rs 19L available)."
CUST106980,P2 - Call this week,Balance Transfer,Wealth Builder,Whitefield,+91-9642280976,customer106980@example.com,4pm-7pm,0.642,100300.0,38300.0,0.0,5737000.0,50200.0,3696000.0,Ready now,0.645,"BT pitch: currently 9.39%, outstanding Rs 30L. Monthly saving Rs 1,506. Carry the rate sheet."
CUST100027,P2 - Call this week,Home Loan - Ready,Steady Saver,Whitefield,+91-9852011409,customer100027@example.com,1pm-4pm,0.641,72000.0,0.0,0.0,4118000.0,36000.0,3002000.0,Ready now,0.428,"READY LEAD (no rent outflow - may be living with family). Eligible Rs 41L at EMI Rs 36,000. Down payment funded (Rs 30L). Segment: Steady Saver."
CUST100114,P2 - Call this week,Home Loan - Ready,Steady Saver,Whitefield,+91-9018441844,customer100114@example.com,4pm-7pm,0.641,89500.0,0.0,0.0,4607000.0,40300.0,2717000.0,Ready now,0.993,"READY LEAD (no rent outflow - may be living with family). Eligible Rs 46L at EMI Rs 40,300. Down payment funded (Rs 27L). Segment: Steady Saver."
CUST101850,P2 - Call this week,Home Loan - Ready,Steady Saver,MG Road,+91-9820345631,customer101850@example.com,7pm-9pm,0.641,106400.0,0.0,18100.0,4624000.0,40400.0,1944000.0,Ready now,0.365,"READY LEAD (no rent outflow - may be living with family). Eligible Rs 46L at EMI Rs 40,400. Down payment funded (Rs 19L). Segment: Steady Saver."
CUST102047,P2 - Call this week,Rent-to-EMI - Hot,Steady Saver,MG Road,+91-9817651818,customer102047@example.com,4pm-7pm,0.641,53000.0,11500.0,0.0,2728000.0,23800.0,2097000.0,Ready now,0.609,"HOT LEAD. Rent Rs 11,500 (22% of income). Eligible Rs 27L at EMI Rs 23,800. Down payment already funded (Rs 21L available)."
CUST104711,P2 - Call this week,Home Loan - Ready,Steady Saver,Koramangala,+91-9368430615,customer104711@example.com,4pm-7pm,0.641,52100.0,0.0,0.0,2205000.0,19300.0,2787000.0,Ready now,0.671,"READY LEAD (no rent outflow - may be living with family). Eligible Rs 22L at EMI Rs 19,300. Down payment funded (Rs 28L). Segment: Steady Saver."
CUST104914,P2 - Call this week,Rent-to-EMI - Hot,Lifestyle Spender,MG Road,+91-9214407657,customer104914@example.com,10am-1pm,0.641,64100.0,24000.0,20400.0,1333000.0,11600.0,1213000.0,Ready now,0.104,"HOT LEAD. Rent Rs 24,000 (37% of income). Eligible Rs 13L at EMI Rs 11,600. Down payment already funded (Rs 12L available)."
CUST105740,P2 - Call this week,Home Loan - Ready,Steady Saver,Jayanagar,+91-9671883731,customer105740@example.com,4pm-7pm,0.641,31900.0,0.0,0.0,1825000.0,16000.0,1237000.0,Ready now,0.7,"READY LEAD (no rent outflow - may be living with family). Eligible Rs 18L at EMI Rs 16,000. Down payment funded (Rs 12L). Segment: Steady Saver."
CUST106433,P2 - Call this week,Rent-to-EMI - Hot,Lifestyle Spender,Koramangala,+91-9805965748,customer106433@example.com,4pm-7pm,0.641,35400.0,12500.0,5700.0,1373000.0,12000.0,386000.0,Ready now,0.127,"HOT LEAD. Rent Rs 12,500 (35% of income). Eligible Rs 14L at EMI Rs 12,000. Down payment already funded (Rs 4L available)."
CUST106533,P2 - Call this week,Rent-to-EMI - Hot,Wealth Builder,MG Road,+91-9446193876,customer106533@example.com,1pm-4pm,0.641,34700.0,7600.0,0.0,1786000.0,15600.0,1392000.0,Ready now,1.0,"HOT LEAD. Rent Rs 7,600 (22% of income). Eligible Rs 18L at EMI Rs 15,600. Down payment already funded (Rs 14L available)."
CUST107605,P2 - Call this week,Balance Transfer,Lifestyle Spender,Indiranagar,+91-9702906124,customer107605@example.com,4pm-7pm,0.641,85100.0,30100.0,7000.0,4067000.0,35600.0,400000.0,Not on track,0.045,"BT pitch: currently 10.46%, outstanding Rs 35L. Monthly saving Rs 4,313. Carry the rate sheet."
CUST100170,P2 - Call this week,Home Loan - Ready,Steady Saver,Electronic City,+91-9569606395,customer100170@example.com,10am-1pm,0.64,61700.0,0.0,5800.0,1948000.0,17000.0,3092000.0,Ready now,0.636,"READY LEAD (no rent outflow - may be living with family). Eligible Rs 19L at EMI Rs 17,000. Down payment funded (Rs 31L). Segment: Steady Saver."
CUST101461,P2 - Call this week,Rent-to-EMI - Hot,Lifestyle Spender,MG Road,+91-9100626850,customer101461@example.com,4pm-7pm,0.64,73500.0,20900.0,8000.0,2868000.0,25100.0,1247000.0,Ready now,0.039,"HOT LEAD. Rent Rs 20,900 (28% of income). Eligible Rs 29L at EMI Rs 25,100. Down payment already funded (Rs 12L available)."
CUST102335,P2 - Call this week,Rent-to-EMI - Hot,Lifestyle Spender,MG Road,+91-9480314164,customer102335@example.com,10am-1pm,0.64,125800.0,42400.0,10800.0,6680000.0,58400.0,2917000.0,Ready now,0.05,"HOT LEAD. Rent Rs 42,400 (34% of income). Eligible Rs 67L at EMI Rs 58,400. Down payment already funded (Rs 29L available)."
CUST103291,P2 - Call this week,Home Loan - Ready,Steady Saver,MG Road,+91-9133605680,customer103291@example.com,1pm-4pm,0.64,120400.0,0.0,0.0,6887000.0,60200.0,5506000.0,Ready now,0.595,"READY LEAD (no rent outflow - may be living with family). Eligible Rs 69L at EMI Rs 60,200. Down payment funded (Rs 55L). Segment: Steady Saver."
CUST103999,P2 - Call this week,Rent-to-EMI - Hot,Wealth Builder,Jayanagar,+91-9433386401,customer103999@example.com,10am-1pm,0.64,43300.0,10800.0,0.0,2229000.0,19500.0,1606000.0,Ready now,0.601,"HOT LEAD. Rent Rs 10,800 (25% of income). Eligible Rs 22L at EMI Rs 19,500. Down payment already funded (Rs 16L available)."
CUST104635,P2 - Call this week,Rent-to-EMI - Hot,Wealth Builder,Jayanagar,+91-9958768021,customer104635@example.com,1pm-4pm,0.64,25000.0,8700.0,0.0,1287000.0,11200.0,755000.0,Ready now,0.984,"HOT LEAD. Rent Rs 8,700 (35% of income). Eligible Rs 13L at EMI Rs 11,200. Down payment already funded (Rs 8L available)."
CUST104845,P2 - Call this week,Rent-to-EMI - Hot,Wealth Builder,Indiranagar,+91-9182987155,customer104845@example.com,7pm-9pm,0.64,56300.0,13600.0,0.0,2898000.0,25300.0,1738000.0,Ready now,0.987,"HOT LEAD. Rent Rs 13,600 (24% of income). Eligible Rs 29L at EMI Rs 25,300. Down payment already funded (Rs 17L available)."
CUST106403,P2 - Call this week,Rent-to-EMI - Hot,Wealth Builder,Electronic City,+91-9148403534,customer106403@example.com,7pm-9pm,0.64,71500.0,23400.0,0.0,4090000.0,35800.0,1440000.0,Ready now,0.488,"HOT LEAD. Rent Rs 23,400 (33% of income). Eligible Rs 41L at EMI Rs 35,800. Down payment already funded (Rs 14L available)."
CUST100546,P2 - Call this week,Rent-to-EMI - Hot,Wealth Builder,Indiranagar,+91-9093856933,customer100546@example.com,1pm-4pm,0.639,85900.0,32300.0,7200.0,3598000.0,31500.0,2636000.0,Ready now,0.682,"HOT LEAD. Rent Rs 32,300 (38% of income). Eligible Rs 36L at EMI Rs 31,500. Down payment already funded (Rs 26L available)."
CUST100986,P2 - Call this week,Home Loan - Ready,Steady Saver,Whitefield,+91-9836837622,customer100986@example.com,10am-1pm,0.639,82600.0,0.0,8300.0,3775000.0,33000.0,3451000.0,Ready now,0.641,"READY LEAD (no rent outflow - may be living with family). Eligible Rs 38L at EMI Rs 33,000. Down payment funded (Rs 35L). Segment: Steady Saver."
CUST102899,P2 - Call this week,Rent-to-EMI - Hot,Wealth Builder,Indiranagar,+91-9643921570,customer102899@example.com,1pm-4pm,0.639,41600.0,7800.0,5300.0,1535000.0,13400.0,1360000.0,Ready now,0.572,"HOT LEAD. Rent Rs 7,800 (19% of income). Eligible Rs 15L at EMI Rs 13,400. Down payment already funded (Rs 14L available)."
CUST103976,P2 - Call this week,Home Loan - Ready,Steady Saver,Jayanagar,+91-9805908374,customer103976@example.com,10am-1pm,0.639,94600.0,0.0,0.0,4870000.0,42600.0,3441000.0,Ready now,0.455,"READY LEAD (no rent outflow - may be living with family). Eligible Rs 49L at EMI Rs 42,600. Down payment funded (Rs 34L). Segment: Steady Saver."
CUST104431,P2 - Call this week,Rent-to-EMI - Hot,Lifestyle Spender,Jayanagar,+91-9213161882,customer104431@example.com,4pm-7pm,0.639,114700.0,34100.0,5500.0,6587000.0,57600.0,1492000.0,Ready now,0.029,"HOT LEAD. Rent Rs 34,100 (30% of income). Eligible Rs 66L at EMI Rs 57,600. Down payment already funded (Rs 15L available)."
CUST104489,P2 - Call this week,Rent-to-EMI - Hot,Wealth Builder,Indiranagar,+91-9859386619,customer104489@example.com,4pm-7pm,0.639,215100.0,83800.0,0.0,13534000.0,118300.0,4007000.0,Ready now,0.162,"HOT LEAD. Rent Rs 83,800 (39% of income). Eligible Rs 135L at EMI Rs 118,300. Down payment already funded (Rs 40L available)."
CUST105710,P2 - Call this week,Home Loan - Ready,Steady Saver,Whitefield,+91-9427524552,customer105710@example.com,10am-1pm,0.639,26900.0,0.0,0.0,1139000.0,10000.0,417000.0,Ready now,0.969,"READY LEAD (no rent outflow - may be living with family). Eligible Rs 11L at EMI Rs 10,000. Down payment funded (Rs 4L). Segment: Steady Saver."
CUST105962,P2 - Call this week,Rent-to-EMI - Hot,Lifestyle Spender,MG Road,+91-9472242251,customer105962@example.com,4pm-7pm,0.639,115300.0,32000.0,7100.0,6442000.0,56300.0,1717000.0,Ready now,0.074,"HOT LEAD. Rent Rs 32,000 (28% of income). Eligible Rs 64L at EMI Rs 56,300. Down payment already funded (Rs 17L available)."
CUST107408,P2 - Call this week,Rent-to-EMI - Hot,Wealth Builder,Indiranagar,+91-9208274717,customer107408@example.com,4pm-7pm,0.639,41700.0,15400.0,13300.0,244000.0,2100.0,1821000.0,Ready now,0.483,"HOT LEAD. Rent Rs 15,400 (37% of income). Eligible Rs 2L at EMI Rs 2,100. Down payment already funded (Rs 18L available)."
CUST101209,P2 - Call this week,Home Loan - Ready,Steady Saver,Indiranagar,+91-9004711992,customer101209@example.com,7pm-9pm,0.638,121500.0,0.0,0.0,6950000.0,60800.0,3525000.0,Ready now,0.373,"READY LEAD (no rent outflow - may be living with family). Eligible Rs 70L at EMI Rs 60,800. Down payment funded (Rs 35L). Segment: Steady Saver."
CUST102134,P2 - Call this week,Rent-to-EMI - Hot,Steady Saver,Jayanagar,+91-9755329929,customer102134@example.com,1pm-4pm,0.638,70200.0,15900.0,0.0,3614000.0,31600.0,1712000.0,Ready now,0.372,"HOT LEAD. Rent Rs 15,900 (23% of income). Eligible Rs 36L at EMI Rs 31,600. Down payment already funded (Rs 17L available)."
CUST105811,P2 - Call this week,Home Loan - Ready,Steady Saver,MG Road,+91-9449796755,customer105811@example.com,7pm-9pm,0.638,63700.0,0.0,0.0,3279000.0,28700.0,2141000.0,Ready now,0.949,"READY LEAD (no rent outflow - may be living with family). Eligible Rs 33L at EMI Rs 28,700. Down payment funded (Rs 21L). Segment: Steady Saver."
CUST100165,P2 - Call this week,Home Loan - Ready,Steady Saver,MG Road,+91-9629286973,customer100165@example.com,4pm-7pm,0.637,113900.0,0.0,0.0,7166000.0,62600.0,3891000.0,Ready now,0.364,"READY LEAD (no rent outflow - may be living with family). Eligible Rs 72L at EMI Rs 62,600. Down payment funded (Rs 39L). Segment: Steady Saver."
CUST102202,P2 - Call this week,Rent-to-EMI - Hot,Wealth Builder,Jayanagar,+91-9777304795,customer102202@example.com,10am-1pm,0.637,70800.0,28500.0,0.0,2997000.0,26200.0,2174000.0,Ready now,1.0,"HOT LEAD. Rent Rs 28,500 (40% of income). Eligible Rs 30L at EMI Rs 26,200. Down payment already funded (Rs 22L available)."
CUST102334,P2 - Call this week,Rent-to-EMI - Hot,Wealth Builder,Jayanagar,+91-9581831994,customer102334@example.com,4pm-7pm,0.637,36500.0,12800.0,0.0,1545000.0,13500.0,900000.0,Ready now,0.414,"HOT LEAD. Rent Rs 12,800 (35% of income). Eligible Rs 15L at EMI Rs 13,500. Down payment already funded (Rs 9L available)."
CUST103661,P2 - Call this week,Rent-to-EMI - Hot,Wealth Builder,Electronic City,+91-9786665199,customer103661@example.com,1pm-4pm,0.637,37700.0,8100.0,2600.0,1859000.0,16200.0,736000.0,Ready now,0.991,"HOT LEAD. Rent Rs 8,100 (22% of income). Eligible Rs 19L at EMI Rs 16,200. Down payment already funded (Rs 7L available)."
CUST104345,P2 - Call this week,Rent-to-EMI - Hot,Wealth Builder,Indiranagar,+91-9311250073,customer104345@example.com,4pm-7pm,0.637,38100.0,12500.0,0.0,1961000.0,17100.0,1242000.0,Ready now,0.886,"HOT LEAD. Rent Rs 12,500 (33% of income). Eligible Rs 20L at EMI Rs 17,100. Down payment already funded (Rs 12L available)."
CUST104566,P2 - Call this week,Rent-to-EMI - Hot,Wealth Builder,MG Road,+91-9488702256,customer104566@example.com,1pm-4pm,0.637,58000.0,19600.0,4000.0,2528000.0,22100.0,1411000.0,Ready now,0.996,"HOT LEAD. Rent Rs 19,600 (34% of income). Eligible Rs 25L at EMI Rs 22,100. Down payment already funded (Rs 14L available)."
CUST105991,P2 - Call this week,Rent-to-EMI - Hot,Wealth Builder,MG Road,+91-9336480571,customer105991@example.com,4pm-7pm,0.637,55600.0,15000.0,2500.0,2576000.0,22500.0,2589000.0,Ready now,0.584,"HOT LEAD. Rent Rs 15,000 (27% of income). Eligible Rs 26L at EMI Rs 22,500. Down payment already funded (Rs 26L available)."
CUST107691,P2 - Call this week,Rent-to-EMI - Hot,Wealth Builder,Jayanagar,+91-9216982665,customer107691@example.com,1pm-4pm,0.637,25000.0,7500.0,1700.0,1235000.0,10800.0,1356000.0,Ready now,0.999,"HOT LEAD. Rent Rs 7,500 (30% of income). Eligible Rs 12L at EMI Rs 10,800. Down payment already funded (Rs 14L available)."
CUST101455,P2 - Call this week,Balance Transfer,Wealth Builder,Whitefield,+91-9817672058,customer101455@example.com,10am-1pm,0.636,111200.0,35900.0,4700.0,6459000.0,56500.0,4724000.0,Ready now,0.509,"BT pitch: currently 9.75%, outstanding Rs 52L. Monthly saving Rs 3,849. Carry the rate sheet."
CUST102955,P2 - Call this week,Rent-to-EMI - Hot,Lifestyle Spender,Koramangala,+91-9115569318,customer102955@example.com,7pm-9pm,0.636,73300.0,28700.0,0.0,3773000.0,33000.0,1269000.0,Ready now,0.108,"HOT LEAD. Rent Rs 28,700 (39% of income). Eligible Rs 38L at EMI Rs 33,000. Down payment already funded (Rs 13L available)."
CUST107339,P2 - Call this week,Rent-to-EMI - Hot,Steady Saver,Whitefield,+91-9390512321,customer107339@example.com,10am-1pm,0.636,31400.0,5400.0,0.0,1616000.0,14100.0,909000.0,Ready now,0.983,"HOT LEAD. Rent Rs 5,400 (17% of income). Eligible Rs 16L at EMI Rs 14,100. Down payment already funded (Rs 9L available)."
CUST101060,P2 - Call this week,Home Loan - Ready,Steady Saver,Koramangala,+91-9046709140,customer101060@example.com,10am-1pm,0.635,123500.0,0.0,0.0,7064000.0,61800.0,5818000.0,Ready now,0.51,"READY LEAD (no rent outflow - may be living with family). Eligible Rs 71L at EMI Rs 61,800. Down payment funded (Rs 58L). Segment: Steady Saver."
CUST101332,P2 - Call this week,Rent-to-EMI - Hot,Wealth Builder,Koramangala,+91-9711802970,customer101332@example.com,10am-1pm,0.635,50800.0,19800.0,0.0,2615000.0,22900.0,1553000.0,Ready now,0.246,"HOT LEAD. Rent Rs 19,800 (39% of income). Eligible Rs 26L at EMI Rs 22,900. Down payment already funded (Rs 16L available)."
CUST102746,P2 - Call this week,Home Loan - Ready,Steady Saver,Whitefield,+91-9962057716,customer102746@example.com,4pm-7pm,0.635,36100.0,0.0,0.0,1858000.0,16200.0,1409000.0,Ready now,0.99,"READY LEAD (no rent outflow - may be living with family). Eligible Rs 19L at EMI Rs 16,200. Down payment funded (Rs 14L). Segment: Steady Saver."
CUST106032,P2 - Call this week,Rent-to-EMI - Hot,Wealth Builder,Whitefield,+91-9616669109,customer106032@example.com,10am-1pm,0.635,71700.0,28300.0,0.0,3035000.0,26500.0,2959000.0,Ready now,0.517,"HOT LEAD. Rent Rs 28,300 (40% of income). Eligible Rs 30L at EMI Rs 26,500. Down payment already funded (Rs 30L available)."
CUST106452,P2 - Call this week,Home Loan - Ready,Steady Saver,MG Road,+91-9838989953,customer106452@example.com,7pm-9pm,0.635,50300.0,0.0,4400.0,2086000.0,18200.0,2659000.0,Ready now,0.468,"READY LEAD (no rent outflow - may be living with family). Eligible Rs 21L at EMI Rs 18,200. Down payment funded (Rs 27L). Segment: Steady Saver."
CUST106769,P2 - Call this week,Rent-to-EMI - Hot,Steady Saver,Whitefield,+91-9553463007,customer106769@example.com,10am-1pm,0.635,62500.0,8500.0,0.0,3217000.0,28100.0,2744000.0,Ready now,0.385,"HOT LEAD. Rent Rs 8,500 (14% of income). Eligible Rs 32L at EMI Rs 28,100. Down payment already funded (Rs 27L available)."
CUST107394,P2 - Call this week,Home Loan - Ready,Steady Saver,Electronic City,+91-9043782685,customer107394@example.com,10am-1pm,0.635,54100.0,0.0,0.0,2290000.0,20000.0,2446000.0,Ready now,0.78,"READY LEAD (no rent outflow - may be living with family). Eligible Rs 23L at EMI Rs 20,000. Down payment funded (Rs 24L). Segment: Steady Saver."
CUST100733,P2 - Call this week,Rent-to-EMI - Hot,Wealth Builder,Indiranagar,+91-9976108569,customer100733@example.com,10am-1pm,0.634,221400.0,28000.0,0.0,12664000.0,110700.0,11020000.0,Ready now,0.764,"HOT LEAD. Rent Rs 28,000 (13% of income). Eligible Rs 127L at EMI Rs 110,700. Down payment already funded (Rs 110L available)."
CUST101323,P2 - Call this week,Home Loan - Ready,Steady Saver,Electronic City,+91-9787596185,customer101323@example.com,10am-1pm,0.634,71800.0,0.0,3200.0,3330000.0,29100.0,1535000.0,Ready now,1.0,"READY LEAD (no rent outflow - may be living with family). Eligible Rs 33L at EMI Rs 29,100. Down payment funded (Rs 15L). Segment: Steady Saver."
CUST102793,P2 - Call this week,Balance Transfer,Lifestyle Spender,Whitefield,+91-9325574081,customer102793@example.com,1pm-4pm,0.634,132200.0,54300.0,0.0,7562000.0,66100.0,1718000.0,Ready in 12 months,0.02,"BT pitch: currently 10.59%, outstanding Rs 36L. Monthly saving Rs 4,717. Carry the rate sheet."
CUST103080,P2 - Call this week,Home Loan - Ready,Steady Saver,Indiranagar,+91-9398488983,customer103080@example.com,10am-1pm,0.634,38700.0,0.0,0.0,1992000.0,17400.0,1288000.0,Ready now,0.372,"READY LEAD (no rent outflow - may be living with family). Eligible Rs 20L at EMI Rs 17,400. Down payment funded (Rs 13L). Segment: Steady Saver."
CUST106153,P2 - Call this week,Home Loan - Ready,Steady Saver,Electronic City,+91-9865940214,customer106153@example.com,4pm-7pm,0.634,70800.0,0.0,4500.0,3130000.0,27400.0,1955000.0,Ready now,1.0,"READY LEAD (no rent outflow - may be living with family). Eligible Rs 31L at EMI Rs 27,400. Down payment funded (Rs 20L). Segment: Steady Saver."
CUST107142,P2 - Call this week,Rent-to-EMI - Hot,Steady Saver,Whitefield,+91-9513967120,customer107142@example.com,4pm-7pm,0.634,89500.0,19900.0,0.0,5119000.0,44800.0,3205000.0,Ready now,0.62,"HOT LEAD. Rent Rs 19,900 (22% of income). Eligible Rs 51L at EMI Rs 44,800. Down payment already funded (Rs 32L available)."
CUST107459,P2 - Call this week,Rent-to-EMI - Hot,Wealth Builder,Whitefield,+91-9906579060,customer107459@example.com,10am-1pm,0.634,67300.0,19000.0,6800.0,2687000.0,23500.0,2786000.0,Ready now,0.466,"HOT LEAD. Rent Rs 19,000 (28% of income). Eligible Rs 27L at EMI Rs 23,500. Down payment already funded (Rs 28L available)."
CUST100127,P2 - Call this week,Rent-to-EMI - Hot,Steady Saver,Jayanagar,+91-9483136879,customer100127@example.com,10am-1pm,0.633,38900.0,6400.0,3700.0,1802000.0,15800.0,638000.0,Ready now,0.986,"HOT LEAD. Rent Rs 6,400 (16% of income). Eligible Rs 18L at EMI Rs 15,800. Down payment already funded (Rs 6L available)."
CUST101729,P2 - Call this week,Rent-to-EMI - Hot,Lifestyle Spender,Jayanagar,+91-9806201296,customer101729@example.com,7pm-9pm,0.633,158600.0,33200.0,14500.0,7413000.0,64800.0,3215000.0,Ready now,0.095,"HOT LEAD. Rent Rs 33,200 (21% of income). Eligible Rs 74L at EMI Rs 64,800. Down payment already funded (Rs 32L available)."
CUST101767,P2 - Call this week,Rent-to-EMI - Hot,Wealth Builder,Indiranagar,+91-9693027130,customer101767@example.com,1pm-4pm,0.633,116300.0,36200.0,25500.0,3735000.0,32600.0,4902000.0,Ready now,0.999,"HOT LEAD. Rent Rs 36,200 (31% of income). Eligible Rs 37L at EMI Rs 32,600. Down payment already funded (Rs 49L available)."
CUST102536,P2 - Call this week,Home Loan - Ready,Steady Saver,Koramangala,+91-9702318708,customer102536@example.com,7pm-9pm,0.633,83700.0,0.0,0.0,4309000.0,37700.0,1196000.0,Ready now,1.0,"READY LEAD (no rent outflow - may be living with family). Eligible Rs 43L at EMI Rs 37,700. Down payment funded (Rs 12L). Segment: Steady Saver."
CUST105407,P2 - Call this week,Rent-to-EMI - Hot,Wealth Builder,Jayanagar,+91-9993571790,customer105407@example.com,4pm-7pm,0.633,92000.0,23600.0,7100.0,3082000.0,26900.0,5418000.0,Ready now,0.626,"HOT LEAD. Rent Rs 23,600 (26% of income). Eligible Rs 31L at EMI Rs 26,900. Down payment already funded (Rs 54L available)."
CUST103205,P2 - Call this week,Balance Transfer,Wealth Builder,Koramangala,+91-9478289565,customer103205@example.com,4pm-7pm,0.632,116900.0,45800.0,10000.0,6211000.0,54300.0,3338000.0,Ready now,0.996,"BT pitch: currently 10.64%, outstanding Rs 61L. Monthly saving Rs 8,211. Carry the rate sheet."
CUST103580,P2 - Call this week,Home Loan - Ready,Steady Saver,Jayanagar,+91-9223241064,customer103580@example.com,1pm-4pm,0.632,87700.0,0.0,5300.0,4410000.0,38600.0,4458000.0,Ready now,0.639,"READY LEAD (no rent outflow - may be living with family). Eligible Rs 44L at EMI Rs 38,600. Down payment funded (Rs 45L). Segment: Steady Saver."
CUST103913,P2 - Call this week,Home Loan - Ready,Steady Saver,Indiranagar,+91-9837625732,customer103913@example.com,4pm-7pm,0.632,38600.0,0.0,3000.0,1644000.0,14400.0,1706000.0,Ready now,0.588,"READY LEAD (no rent outflow - may be living with family). Eligible Rs 16L at EMI Rs 14,400. Down payment funded (Rs 17L). Segment: Steady Saver."
CUST105114,P2 - Call this week,Rent-to-EMI - Hot,Wealth Builder,Jayanagar,+91-9475103573,customer105114@example.com,4pm-7pm,0.632,76500.0,18100.0,0.0,4376000.0,38200.0,1849000.0,Ready now,0.996,"HOT LEAD. Rent Rs 18,100 (24% of income). Eligible Rs 44L at EMI Rs 38,200. Down payment already funded (Rs 18L available)."
CUST106409,P2 - Call this week,Rent-to-EMI - Hot,Wealth Builder,Electronic City,+91-9224442123,customer106409@example.com,7pm-9pm,0.632,50000.0,15200.0,5300.0,1968000.0,17200.0,1167000.0,Ready now,1.0,"HOT LEAD. Rent Rs 15,200 (30% of income). Eligible Rs 20L at EMI Rs 17,200. Down payment already funded (Rs 12L available)."
CUST106608,P2 - Call this week,Home Loan - Ready,Steady Saver,Koramangala,+91-9578501985,customer106608@example.com,1pm-4pm,0.632,49500.0,0.0,0.0,2548000.0,22300.0,3103000.0,Ready now,0.595,"READY LEAD (no rent outflow - may be living with family). Eligible Rs 25L at EMI Rs 22,300. Down payment funded (Rs 31L). Segment: Steady Saver."
CUST107037,P2 - Call this week,Rent-to-EMI - Hot,Wealth Builder,Jayanagar,+91-9869807048,customer107037@example.com,4pm-7pm,0.632,81400.0,11000.0,13100.0,3157000.0,27600.0,2355000.0,Ready now,0.999,"HOT LEAD. Rent Rs 11,000 (14% of income). Eligible Rs 32L at EMI Rs 27,600. Down payment already funded (Rs 24L available)."
CUST107644,P2 - Call this week,Home Loan - Ready,Steady Saver,Electronic City,+91-9138595208,customer107644@example.com,7pm-9pm,0.632,49200.0,0.0,0.0,2082000.0,18200.0,1798000.0,Ready now,0.818,"READY LEAD (no rent outflow - may be living with family). Eligible Rs 21L at EMI Rs 18,200. Down payment funded (Rs 18L). Segment: Steady Saver."
CUST100241,P2 - Call this week,Rent-to-EMI - Hot,Wealth Builder,Electronic City,+91-9428533546,customer100241@example.com,1pm-4pm,0.631,145900.0,34500.0,12800.0,5546000.0,48500.0,5205000.0,Ready now,1.0,"HOT LEAD. Rent Rs 34,500 (24% of income). Eligible Rs 55L at EMI Rs 48,500. Down payment already funded (Rs 52L available)."
CUST103146,P2 - Call this week,Rent-to-EMI - Hot,Wealth Builder,Electronic City,+91-9006507744,customer103146@example.com,10am-1pm,0.631,59000.0,13500.0,0.0,3375000.0,29500.0,1491000.0,Ready now,1.0,"HOT LEAD. Rent Rs 13,500 (23% of income). Eligible Rs 34L at EMI Rs 29,500. Down payment already funded (Rs 15L available)."
CUST101170,P2 - Call this week,Home Loan - Ready,Steady Saver,Whitefield,+91-9766802115,customer101170@example.com,4pm-7pm,0.63,60200.0,0.0,3900.0,2653000.0,23200.0,2834000.0,Ready now,0.429,"READY LEAD (no rent outflow - may be living with family). Eligible Rs 27L at EMI Rs 23,200. Down payment funded (Rs 28L). Segment: Steady Saver."
CUST104155,P2 - Call this week,Home Loan - Ready,Steady Saver,Indiranagar,+91-9807570119,customer104155@example.com,10am-1pm,0.63,116200.0,0.0,10100.0,5491000.0,48000.0,5326000.0,Ready now,1.0,"READY LEAD (no rent outflow - may be living with family). Eligible Rs 55L at EMI Rs 48,000. Down payment funded (Rs 53L). Segment: Steady Saver."
CUST105819,P2 - Call this week,Home Loan - Ready,Steady Saver,Electronic City,+91-9563519820,customer105819@example.com,1pm-4pm,0.63,64100.0,0.0,0.0,3666000.0,32000.0,1245000.0,Ready now,0.986,"READY LEAD (no rent outflow - may be living with family). Eligible Rs 37L at EMI Rs 32,000. Down payment funded (Rs 12L). Segment: Steady Saver."
CUST101158,P2 - Call this week,Home Loan - Ready,Steady Saver,Koramangala,+91-9858348151,customer101158@example.com,10am-1pm,0.629,118700.0,0.0,6500.0,6046000.0,52800.0,1769000.0,Ready now,0.995,"READY LEAD (no rent outflow - may be living with family). Eligible Rs 60L at EMI Rs 52,800. Down payment funded (Rs 18L). Segment: Steady Saver."
CUST101675,P2 - Call this week,Home Loan - Ready,Steady Saver,MG Road,+91-9937051594,customer101675@example.com,4pm-7pm,0.629,112700.0,0.0,9600.0,5993000.0,52400.0,3006000.0,Ready now,0.379,"READY LEAD (no rent outflow - may be living with family). Eligible Rs 60L at EMI Rs 52,400. Down payment funded (Rs 30L). Segment: Steady Saver."
CUST102059,P2 - Call this week,Rent-to-EMI - Hot,Steady Saver,Jayanagar,+91-9683862650,customer102059@example.com,1pm-4pm,0.629,70900.0,16700.0,0.0,3650000.0,31900.0,1883000.0,Ready now,0.746,"HOT LEAD. Rent Rs 16,700 (24% of income). Eligible Rs 36L at EMI Rs 31,900. Down payment already funded (Rs 19L available)."
CUST103008,P2 - Call this week,Home Loan - Ready,Steady Saver,MG Road,+91-9793681341,customer103008@example.com,1pm-4pm,0.629,44400.0,0.0,0.0,2286000.0,20000.0,2588000.0,Ready now,0.45,"READY LEAD (no rent outflow - may be living with family). Eligible Rs 23L at EMI Rs 20,000. Down payment funded (Rs 26L). Segment: Steady Saver."
CUST104368,P2 - Call this week,Home Loan - Ready,Steady Saver,Electronic City,+91-9269795297,customer104368@example.com,7pm-9pm,0.629,32300.0,0.0,3200.0,1297000.0,11300.0,1674000.0,Ready now,0.423,"READY LEAD (no rent outflow - may be living with family). Eligible Rs 13L at EMI Rs 11,300. Down payment funded (Rs 17L). Segment: Steady Saver."
CUST106170,P2 - Call this week,Rent-to-EMI - Hot,Wealth Builder,Electronic City,+91-9258280603,customer106170@example.com,1pm-4pm,0.629,54600.0,12800.0,0.0,2811000.0,24600.0,2149000.0,Ready now,0.404,"HOT LEAD. Rent Rs 12,800 (23% of income). Eligible Rs 28L at EMI Rs 24,600. Down payment already funded (Rs 21L available)."
CUST106563,P2 - Call this week,Home Loan - Ready,Steady Saver,MG Road,+91-9152615985,customer106563@example.com,4pm-7pm,0.629,31700.0,0.0,0.0,1632000.0,14300.0,2444000.0,Ready now,0.609,"READY LEAD (no rent outflow - may be living with family). Eligible Rs 16L at EMI Rs 14,300. Down payment funded (Rs 24L). Segment: Steady Saver."
CUST102486,P2 - Call this week,Rent-to-EMI - Hot,Wealth Builder,Indiranagar,+91-9667429884,customer102486@example.com,4pm-7pm,0.628,138500.0,31100.0,0.0,6654000.0,58200.0,3663000.0,Ready now,0.453,"HOT LEAD. Rent Rs 31,100 (22% of income). Eligible Rs 67L at EMI Rs 58,200. Down payment already funded (Rs 37L available)."
CUST102885,P2 - Call this week,Rent-to-EMI - Hot,Wealth Builder,Koramangala,+91-9737543547,customer102885@example.com,1pm-4pm,0.628,147900.0,34600.0,14800.0,6766000.0,59200.0,3100000.0,Ready now,0.967,"HOT LEAD. Rent Rs 34,600 (23% of income). Eligible Rs 68L at EMI Rs 59,200. Down payment already funded (Rs 31L available)."
CUST103335,P2 - Call this week,Rent-to-EMI - Hot,Wealth Builder,Indiranagar,+91-9778945943,customer103335@example.com,4pm-7pm,0.628,79500.0,12500.0,6600.0,3792000.0,33200.0,1015000.0,Ready now,0.638,"HOT LEAD. Rent Rs 12,500 (16% of income). Eligible Rs 38L at EMI Rs 33,200. Down payment already funded (Rs 10L available)."
CUST103876,P2 - Call this week,Home Loan - Ready,Steady Saver,Electronic City,+91-9602230689,customer103876@example.com,1pm-4pm,0.628,25000.0,0.0,1100.0,1304000.0,11400.0,816000.0,Ready now,0.977,"READY LEAD (no rent outflow - may be living with family). Eligible Rs 13L at EMI Rs 11,400. Down payment funded (Rs 8L). Segment: Steady Saver."
CUST105041,P2 - Call this week,Balance Transfer,Wealth Builder,Jayanagar,+91-9114908745,customer105041@example.com,4pm-7pm,0.628,258000.0,47600.0,16800.0,12835000.0,112200.0,10906000.0,Ready now,0.332,"BT pitch: currently 10.59%, outstanding Rs 67L. Monthly saving Rs 8,750. Carry the rate sheet."
CUST106527,P2 - Call this week,Rent-to-EMI - Hot,Lifestyle Spender,Koramangala,+91-9548615650,customer106527@example.com,1pm-4pm,0.628,78900.0,28300.0,0.0,4513000.0,39400.0,2102000.0,Ready now,0.217,"HOT LEAD. Rent Rs 28,300 (36% of income). Eligible Rs 45L at EMI Rs 39,400. Down payment already funded (Rs 21L available)."
CUST100143,P2 - Call this week,Balance Transfer,Steady Saver,MG Road,+91-9505163705,customer100143@example.com,1pm-4pm,0.627,76600.0,0.0,0.0,4381000.0,38300.0,4262000.0,Ready now,0.477,"BT pitch: currently 10.85%, outstanding Rs 39L. Monthly saving Rs 5,837. Carry the rate sheet."
CUST100250,P2 - Call this week,Home Loan - Ready,Steady Saver,Electronic City,+91-9031294340,customer100250@example.com,1pm-4pm,0.627,49500.0,0.0,0.0,2831000.0,24800.0,1634000.0,Ready now,0.483,"READY LEAD (no rent outflow - may be living with family). Eligible Rs 28L at EMI Rs 24,800. Down payment funded (Rs 16L). Segment: Steady Saver."
CUST102490,P2 - Call this week,Rent-to-EMI - Hot,Wealth Builder,Electronic City,+91-9618029051,customer102490@example.com,7pm-9pm,0.627,56900.0,20100.0,18400.0,824000.0,7200.0,1596000.0,Ready now,0.361,"HOT LEAD. Rent Rs 20,100 (35% of income). Eligible Rs 8L at EMI Rs 7,200. Down payment already funded (Rs 16L available)."
CUST102833,P2 - Call this week,Rent-to-EMI - Hot,Wealth Builder,MG Road,+91-9334902638,customer102833@example.com,7pm-9pm,0.627,89700.0,37000.0,15100.0,2890000.0,25300.0,2665000.0,Ready now,0.483,"HOT LEAD. Rent Rs 37,000 (41% of income). Eligible Rs 29L at EMI Rs 25,300. Down payment already funded (Rs 27L available)."
CUST103936,P2 - Call this week,Rent-to-EMI - Hot,Wealth Builder,Koramangala,+91-9305725996,customer103936@example.com,4pm-7pm,0.627,46900.0,19600.0,4400.0,1911000.0,16700.0,1383000.0,Ready now,0.612,"HOT LEAD. Rent Rs 19,600 (42% of income). Eligible Rs 19L at EMI Rs 16,700. Down payment already funded (Rs 14L available)."
CUST103974,P2 - Call this week,Rent-to-EMI - Hot,Wealth Builder,MG Road,+91-9174589705,customer103974@example.com,4pm-7pm,0.627,137000.0,23900.0,19000.0,5663000.0,49500.0,6469000.0,Ready now,0.645,"HOT LEAD. Rent Rs 23,900 (17% of income). Eligible Rs 57L at EMI Rs 49,500. Down payment already funded (Rs 65L available)."
CUST105888,P2 - Call this week,Home Loan - Ready,Steady Saver,Jayanagar,+91-9671975698,customer105888@example.com,10am-1pm,0.627,96400.0,0.0,11500.0,4198000.0,36700.0,1710000.0,Ready now,0.725,"READY LEAD (no rent outflow - may be living with family). Eligible Rs 42L at EMI Rs 36,700. Down payment funded (Rs 17L). Segment: Steady Saver."
CUST106089,P2 - Call this week,Rent-to-EMI - Hot,Wealth Builder,Jayanagar,+91-9536353353,customer106089@example.com,7pm-9pm,0.627,125800.0,44600.0,7100.0,6383000.0,55800.0,4544000.0,Ready now,0.465,"HOT LEAD. Rent Rs 44,600 (36% of income). Eligible Rs 64L at EMI Rs 55,800. Down payment already funded (Rs 45L available)."
CUST106886,P2 - Call this week,Rent-to-EMI - Hot,Wealth Builder,Electronic City,+91-9356991570,customer106886@example.com,7pm-9pm,0.627,67300.0,24500.0,5100.0,2881000.0,25200.0,2146000.0,Ready now,1.0,"HOT LEAD. Rent Rs 24,500 (36% of income). Eligible Rs 29L at EMI Rs 25,200. Down payment already funded (Rs 21L available)."
CUST106905,P2 - Call this week,Home Loan - Ready,Steady Saver,Koramangala,+91-9971760168,customer106905@example.com,1pm-4pm,0.627,49300.0,0.0,0.0,2538000.0,22200.0,1200000.0,Ready now,1.0,"READY LEAD (no rent outflow - may be living with family). Eligible Rs 25L at EMI Rs 22,200. Down payment funded (Rs 12L). Segment: Steady Saver."
CUST100889,P2 - Call this week,Balance Transfer,Lifestyle Spender,MG Road,+91-9956973690,customer100889@example.com,1pm-4pm,0.626,273200.0,88700.0,0.0,17189000.0,150300.0,4064000.0,Ready now,0.064,"BT pitch: currently 9.18%, outstanding Rs 95L. Monthly saving Rs 3,543. Carry the rate sheet."
CUST105694,P2 - Call this week,Rent-to-EMI - Hot,Wealth Builder,Jayanagar,+91-9802399592,customer105694@example.com,7pm-9pm,0.626,57700.0,18300.0,2300.0,2707000.0,23700.0,1617000.0,Ready now,0.304,"HOT LEAD. Rent Rs 18,300 (32% of income). Eligible Rs 27L at EMI Rs 23,700. Down payment already funded (Rs 16L available)."
CUST106073,P2 - Call this week,Rent-to-EMI - Hot,Wealth Builder,Electronic City,+91-9452598334,customer106073@example.com,10am-1pm,0.626,50900.0,14000.0,5800.0,1491000.0,13000.0,3027000.0,Ready now,0.489,"HOT LEAD. Rent Rs 14,000 (28% of income). Eligible Rs 15L at EMI Rs 13,000. Down payment already funded (Rs 30L available)."
CUST102061,P2 - Call this week,Rent-to-EMI - Hot,Wealth Builder,MG Road,+91-9113598493,customer102061@example.com,7pm-9pm,0.625,44500.0,10800.0,0.0,1884000.0,16500.0,1866000.0,Ready now,0.407,"HOT LEAD. Rent Rs 10,800 (24% of income). Eligible Rs 19L at EMI Rs 16,500. Down payment already funded (Rs 19L available)."
CUST102649,P2 - Call this week,Home Loan - Ready,Steady Saver,Jayanagar,+91-9983837790,customer102649@example.com,1pm-4pm,0.625,33100.0,0.0,0.0,1401000.0,12200.0,1795000.0,Ready now,0.53,"READY LEAD (no rent outflow - may be living with family). Eligible Rs 14L at EMI Rs 12,200. Down payment funded (Rs 18L). Segment: Steady Saver."
CUST104316,P2 - Call this week,Home Loan - Ready,Steady Saver,Jayanagar,+91-9365535427,customer104316@example.com,1pm-4pm,0.625,104700.0,0.0,0.0,5989000.0,52400.0,3591000.0,Ready now,0.56,"READY LEAD (no rent outflow - may be living with family). Eligible Rs 60L at EMI Rs 52,400. Down payment funded (Rs 36L). Segment: Steady Saver."
CUST104492,P2 - Call this week,Rent-to-EMI - Hot,Wealth Builder,MG Road,+91-9999800410,customer104492@example.com,10am-1pm,0.625,46900.0,6700.0,6400.0,1950000.0,17000.0,1839000.0,Ready now,0.569,"HOT LEAD. Rent Rs 6,700 (14% of income). Eligible Rs 20L at EMI Rs 17,000. Down payment already funded (Rs 18L available)."
CUST105197,P2 - Call this week,Balance Transfer,Wealth Builder,Koramangala,+91-9119081038,customer105197@example.com,7pm-9pm,0.625,67600.0,25900.0,6000.0,3180000.0,27800.0,1224000.0,Ready now,0.248,"BT pitch: currently 10.6%, outstanding Rs 35L. Monthly saving Rs 4,562. Carry the rate sheet."
CUST107268,P2 - Call this week,Home Loan - Ready,Steady Saver,Jayanagar,+91-9382934128,customer107268@example.com,4pm-7pm,0.625,70000.0,0.0,4000.0,3546000.0,31000.0,2625000.0,Ready now,0.491,"READY LEAD (no rent outflow - may be living with family). Eligible Rs 35L at EMI Rs 31,000. Down payment funded (Rs 26L). Segment: Steady Saver."
CUST101718,P2 - Call this week,Home Loan - Ready,Steady Saver,Electronic City,+91-9593483055,customer101718@example.com,7pm-9pm,0.624,52700.0,0.0,8300.0,1763000.0,15400.0,1503000.0,Ready now,0.689,"READY LEAD (no rent outflow - may be living with family). Eligible Rs 18L at EMI Rs 15,400. Down payment funded (Rs 15L). Segment: Steady Saver."
CUST103303,P2 - Call this week,Rent-to-EMI - Hot,Wealth Builder,Electronic City,+91-9266343230,customer103303@example.com,7pm-9pm,0.624,38400.0,8700.0,3600.0,1565000.0,13700.0,542000.0,Ready now,1.0,"HOT LEAD. Rent Rs 8,700 (23% of income). Eligible Rs 16L at EMI Rs 13,700. Down payment already funded (Rs 5L available)."
CUST103476,P2 - Call this week,Rent-to-EMI - Hot,Steady Saver,MG Road,+91-9865602747,customer103476@example.com,4pm-7pm,0.624,56000.0,7100.0,9400.0,1807000.0,15800.0,1591000.0,Ready now,0.996,"HOT LEAD. Rent Rs 7,100 (13% of income). Eligible Rs 18L at EMI Rs 15,800. Down payment already funded (Rs 16L available)."
CUST105118,P2 - Call this week,Home Loan - Ready,Steady Saver,Jayanagar,+91-9893689650,customer105118@example.com,7pm-9pm,0.624,54800.0,0.0,2300.0,2558000.0,22400.0,3074000.0,Ready now,0.468,"READY LEAD (no rent outflow - may be living with family). Eligible Rs 26L at EMI Rs 22,400. Down payment funded (Rs 31L). Segment: Steady Saver."
CUST106146,P2 - Call this week,Home Loan - Ready,Steady Saver,Jayanagar,+91-9085935651,customer106146@example.com,10am-1pm,0.624,62000.0,0.0,5900.0,2517000.0,22000.0,2963000.0,Ready now,0.475,"READY LEAD (no rent outflow - may be living with family). Eligible Rs 25L at EMI Rs 22,000. Down payment funded (Rs 30L). Segment: Steady Saver."
CUST107199,P2 - Call this week,Rent-to-EMI - Hot,Wealth Builder,Indiranagar,+91-9490337564,customer107199@example.com,10am-1pm,0.624,30300.0,10100.0,0.0,1560000.0,13600.0,770000.0,Ready now,0.766,"HOT LEAD. Rent Rs 10,100 (33% of income). Eligible Rs 16L at EMI Rs 13,600. Down payment already funded (Rs 8L available)."
CUST100623,P2 - Call this week,Balance Transfer,Wealth Builder,Koramangala,+91-9008635770,customer100623@example.com,10am-1pm,0.623,175400.0,45200.0,0.0,11036000.0,96500.0,5545000.0,Ready now,0.993,"BT pitch: currently 9.72%, outstanding Rs 88L. Monthly saving Rs 6,378. Carry the rate sheet."
CUST101851,P2 - Call this week,Rent-to-EMI - Hot,Steady Saver,MG Road,+91-9194653364,customer101851@example.com,1pm-4pm,0.623,42500.0,5200.0,0.0,2188000.0,19100.0,839000.0,Ready now,1.0,"HOT LEAD. Rent Rs 5,200 (12% of income). Eligible Rs 22L at EMI Rs 19,100. Down payment already funded (Rs 8L available)."
CUST103555,P2 - Call this week,Rent-to-EMI - Hot,Banking Elsewhere,MG Road,+91-9802376410,customer103555@example.com,10am-1pm,0.623,165200.0,20100.0,0.0,10394000.0,90900.0,4227000.0,Ready now,0.081,"HOT LEAD. Rent Rs 20,100 (12% of income). Eligible Rs 104L at EMI Rs 90,900. Down payment already funded (Rs 42L available)."
CUST104751,P2 - Call this week,Rent-to-EMI - Hot,Wealth Builder,Koramangala,+91-9031319313,customer104751@example.com,4pm-7pm,0.623,51500.0,13500.0,4200.0,1699000.0,14900.0,1266000.0,Ready now,1.0,"HOT LEAD. Rent Rs 13,500 (26% of income). Eligible Rs 17L at EMI Rs 14,900. Down payment already funded (Rs 13L available)."
CUST104898,P2 - Call this week,Home Loan - Ready,Steady Saver,MG Road,+91-9401683090,customer104898@example.com,7pm-9pm,0.623,60100.0,0.0,4000.0,2980000.0,26000.0,1325000.0,Ready now,0.987,"READY LEAD (no rent outflow - may be living with family). Eligible Rs 30L at EMI Rs 26,000. Down payment funded (Rs 13L). Segment: Steady Saver."
CUST104994,P2 - Call this week,Rent-to-EMI - Hot,Banking Elsewhere,Koramangala,+91-9787967734,customer104994@example.com,7pm-9pm,0.623,50900.0,6800.0,0.0,2620000.0,22900.0,1130000.0,Ready now,0.029,"HOT LEAD. Rent Rs 6,800 (13% of income). Eligible Rs 26L at EMI Rs 22,900. Down payment already funded (Rs 11L available)."
CUST106133,P2 - Call this week,Rent-to-EMI - Hot,Wealth Builder,Whitefield,+91-9910665232,customer106133@example.com,4pm-7pm,0.623,71200.0,20300.0,5400.0,2396000.0,20900.0,3950000.0,Ready now,0.549,"HOT LEAD. Rent Rs 20,300 (28% of income). Eligible Rs 24L at EMI Rs 20,900. Down payment already funded (Rs 40L available)."
CUST106415,P2 - Call this week,Rent-to-EMI - Hot,Steady Saver,MG Road,+91-9275904831,customer106415@example.com,4pm-7pm,0.623,44600.0,8200.0,0.0,2296000.0,20100.0,1083000.0,Ready now,0.994,"HOT LEAD. Rent Rs 8,200 (18% of income). Eligible Rs 23L at EMI Rs 20,100. Down payment already funded (Rs 11L available)."
CUST106911,P2 - Call this week,Home Loan - Ready,Steady Saver,MG Road,+91-9999433752,customer106911@example.com,4pm-7pm,0.623,102200.0,0.0,9000.0,4816000.0,42100.0,4886000.0,Ready now,0.673,"READY LEAD (no rent outflow - may be living with family). Eligible Rs 48L at EMI Rs 42,100. Down payment funded (Rs 49L). Segment: Steady Saver."
CUST107848,P2 - Call this week,Rent-to-EMI - Hot,Steady Saver,Electronic City,+91-9521156816,customer107848@example.com,7pm-9pm,0.623,64600.0,9700.0,4700.0,2788000.0,24400.0,2277000.0,Ready now,0.996,"HOT LEAD. Rent Rs 9,700 (15% of income). Eligible Rs 28L at EMI Rs 24,400. Down payment already funded (Rs 23L available)."
CUST100570,P2 - Call this week,Rent-to-EMI - Hot,Steady Saver,Indiranagar,+91-9031656255,customer100570@example.com,1pm-4pm,0.622,73000.0,9900.0,0.0,3758000.0,32800.0,1709000.0,Ready now,1.0,"HOT LEAD. Rent Rs 9,900 (14% of income). Eligible Rs 38L at EMI Rs 32,800. Down payment already funded (Rs 17L available)."
CUST103763,P2 - Call this week,Rent-to-EMI - Hot,Wealth Builder,Whitefield,+91-9335365540,customer103763@example.com,10am-1pm,0.622,119500.0,24900.0,21900.0,4330000.0,37800.0,1138000.0,Ready now,1.0,"HOT LEAD. Rent Rs 24,900 (21% of income). Eligible Rs 43L at EMI Rs 37,800. Down payment already funded (Rs 11L available)."
CUST104961,P2 - Call this week,Rent-to-EMI - Hot,Wealth Builder,Koramangala,+91-9375391595,customer104961@example.com,4pm-7pm,0.622,67000.0,13500.0,14000.0,1847000.0,16200.0,2629000.0,Ready now,0.997,"HOT LEAD. Rent Rs 13,500 (20% of income). Eligible Rs 18L at EMI Rs 16,200. Down payment already funded (Rs 26L available)."
CUST105508,P2 - Call this week,Home Loan - Ready,Steady Saver,Electronic City,+91-9954759422,customer105508@example.com,7pm-9pm,0.622,114900.0,0.0,11500.0,5914000.0,51700.0,6245000.0,Ready now,0.593,"READY LEAD (no rent outflow - may be living with family). Eligible Rs 59L at EMI Rs 51,700. Down payment funded (Rs 62L). Segment: Steady Saver."
CUST105623,P2 - Call this week,Rent-to-EMI - Hot,Steady Saver,Whitefield,+91-9163255621,customer105623@example.com,4pm-7pm,0.622,48900.0,8700.0,4700.0,1980000.0,17300.0,1066000.0,Ready now,0.329,"HOT LEAD. Rent Rs 8,700 (18% of income). Eligible Rs 20L at EMI Rs 17,300. Down payment already funded (Rs 11L available)."
CUST106173,P2 - Call this week,Rent-to-EMI - Hot,Lifestyle Spender,Koramangala,+91-9455343856,customer106173@example.com,1pm-4pm,0.622,31100.0,10700.0,0.0,1779000.0,15600.0,676000.0,Ready now,0.019,"HOT LEAD. Rent Rs 10,700 (34% of income). Eligible Rs 18L at EMI Rs 15,600. Down payment already funded (Rs 7L available)."
CUST101076,P2 - Call this week,Rent-to-EMI - Hot,Lifestyle Spender,Indiranagar,+91-9541384886,customer101076@example.com,1pm-4pm,0.621,49700.0,18600.0,0.0,2558000.0,22400.0,709000.0,Ready now,0.67,"HOT LEAD. Rent Rs 18,600 (37% of income). Eligible Rs 26L at EMI Rs 22,400. Down payment already funded (Rs 7L available)."
CUST101870,P2 - Call this week,Rent-to-EMI - Hot,Lifestyle Spender,Indiranagar,+91-9475020206,customer101870@example.com,4pm-7pm,0.621,86000.0,23200.0,0.0,4427000.0,38700.0,1896000.0,Ready now,0.203,"HOT LEAD. Rent Rs 23,200 (27% of income). Eligible Rs 44L at EMI Rs 38,700. Down payment already funded (Rs 19L available)."
CUST102424,P2 - Call this week,Rent-to-EMI - Hot,Wealth Builder,Electronic City,+91-9307494067,customer102424@example.com,1pm-4pm,0.621,49900.0,12700.0,3900.0,2123000.0,18600.0,607000.0,Ready now,0.935,"HOT LEAD. Rent Rs 12,700 (26% of income). Eligible Rs 21L at EMI Rs 18,600. Down payment already funded (Rs 6L available)."
CUST103666,P2 - Call this week,Rent-to-EMI - Hot,Steady Saver,Indiranagar,+91-9593114187,customer103666@example.com,10am-1pm,0.621,52400.0,7800.0,0.0,2218000.0,19400.0,1469000.0,Ready now,0.175,"HOT LEAD. Rent Rs 7,800 (15% of income). Eligible Rs 22L at EMI Rs 19,400. Down payment already funded (Rs 15L available)."
CUST106554,P2 - Call this week,Rent-to-EMI - Hot,Wealth Builder,Whitefield,+91-9334384292,customer106554@example.com,7pm-9pm,0.621,51100.0,21200.0,0.0,2163000.0,18900.0,1799000.0,Ready now,0.412,"HOT LEAD. Rent Rs 21,200 (42% of income). Eligible Rs 22L at EMI Rs 18,900. Down payment already funded (Rs 18L available)."
CUST106948,P2 - Call this week,Home Loan - Ready,Steady Saver,Jayanagar,+91-9394093347,customer106948@example.com,1pm-4pm,0.621,79300.0,0.0,0.0,4082000.0,35700.0,1632000.0,Ready now,0.996,"READY LEAD (no rent outflow - may be living with family). Eligible Rs 41L at EMI Rs 35,700. Down payment funded (Rs 16L). Segment: Steady Saver."
CUST100842,P2 - Call this week,Rent-to-EMI - Hot,Steady Saver,Jayanagar,+91-9643341109,customer100842@example.com,4pm-7pm,0.62,208700.0,37900.0,8900.0,9009000.0,78800.0,4666000.0,Ready now,0.998,"HOT LEAD. Rent Rs 37,900 (18% of income). Eligible Rs 90L at EMI Rs 78,800. Down payment already funded (Rs 47L available)."
CUST101510,P2 - Call this week,Home Loan - Ready,Steady Saver,MG Road,+91-9921772456,customer101510@example.com,7pm-9pm,0.62,37000.0,0.0,0.0,1566000.0,13700.0,666000.0,Ready now,0.925,"READY LEAD (no rent outflow - may be living with family). Eligible Rs 16L at EMI Rs 13,700. Down payment funded (Rs 7L). Segment: Steady Saver."
CUST103687,P2 - Call this week,Rent-to-EMI - Hot,Steady Saver,Koramangala,+91-9739693408,customer103687@example.com,4pm-7pm,0.62,38400.0,5700.0,2300.0,1714000.0,15000.0,793000.0,Ready now,1.0,"HOT LEAD. Rent Rs 5,700 (15% of income). Eligible Rs 17L at EMI Rs 15,000. Down payment already funded (Rs 8L available)."
CUST107081,P2 - Call this week,Rent-to-EMI - Hot,Steady Saver,Electronic City,+91-9351514860,customer107081@example.com,4pm-7pm,0.62,88200.0,17800.0,0.0,4540000.0,39700.0,6713000.0,Ready now,0.686,"HOT LEAD. Rent Rs 17,800 (20% of income). Eligible Rs 45L at EMI Rs 39,700. Down payment already funded (Rs 67L available)."
CUST101137,P2 - Call this week,Rent-to-EMI - Hot,Steady Saver,Jayanagar,+91-9681056033,customer101137@example.com,4pm-7pm,0.619,122200.0,19000.0,6900.0,6200000.0,54200.0,3462000.0,Ready now,0.413,"HOT LEAD. Rent Rs 19,000 (16% of income). Eligible Rs 62L at EMI Rs 54,200. Down payment already funded (Rs 35L available)."
CUST102041,P2 - Call this week,Rent-to-EMI - Hot,Wealth Builder,Koramangala,+91-9347921693,customer102041@example.com,10am-1pm,0.619,154100.0,47800.0,10200.0,7647000.0,66800.0,3898000.0,Ready now,0.423,"HOT LEAD. Rent Rs 47,800 (31% of income). Eligible Rs 76L at EMI Rs 66,800. Down payment already funded (Rs 39L available)."
CUST104496,P2 - Call this week,Rent-to-EMI - Hot,Wealth Builder,Electronic City,+91-9528478173,customer104496@example.com,7pm-9pm,0.619,59200.0,20600.0,0.0,3386000.0,29600.0,981000.0,Ready now,0.768,"HOT LEAD. Rent Rs 20,600 (35% of income). Eligible Rs 34L at EMI Rs 29,600. Down payment already funded (Rs 10L available)."
CUST105122,P2 - Call this week,Rent-to-EMI - Hot,Lifestyle Spender,Jayanagar,+91-9583892755,customer105122@example.com,10am-1pm,0.619,37000.0,14400.0,0.0,2116000.0,18500.0,1064000.0,Ready now,0.182,"HOT LEAD. Rent Rs 14,400 (39% of income). Eligible Rs 21L at EMI Rs 18,500. Down payment already funded (Rs 11L available)."
CUST105805,P2 - Call this week,Balance Transfer,Wealth Builder,MG Road,+91-9786884930,customer105805@example.com,10am-1pm,0.619,50800.0,11600.0,0.0,2615000.0,22900.0,2004000.0,Ready now,0.38,"BT pitch: currently 10.31%, outstanding Rs 30L. Monthly saving Rs 3,388. Carry the rate sheet."
CUST106582,P2 - Call this week,Rent-to-EMI - Hot,Wealth Builder,Electronic City,+91-9895682313,customer106582@example.com,7pm-9pm,0.619,62800.0,23300.0,0.0,3233000.0,28300.0,1746000.0,Ready now,1.0,"HOT LEAD. Rent Rs 23,300 (37% of income). Eligible Rs 32L at EMI Rs 28,300. Down payment already funded (Rs 17L available)."
CUST107165,P2 - Call this week,Rent-to-EMI - Hot,Wealth Builder,Koramangala,+91-9227283382,customer107165@example.com,7pm-9pm,0.619,146800.0,41600.0,0.0,9236000.0,80700.0,3657000.0,Ready now,0.796,"HOT LEAD. Rent Rs 41,600 (28% of income). Eligible Rs 92L at EMI Rs 80,700. Down payment already funded (Rs 37L available)."
CUST100991,P2 - Call this week,Home Loan - Ready,Steady Saver,Whitefield,+91-9416349843,customer100991@example.com,1pm-4pm,0.618,59100.0,0.0,0.0,3380000.0,29600.0,1407000.0,Ready now,0.549,"READY LEAD (no rent outflow - may be living with family). Eligible Rs 34L at EMI Rs 29,600. Down payment funded (Rs 14L). Segment: Steady Saver."
CUST101982,P2 - Call this week,Rent-to-EMI - Hot,Wealth Builder,Jayanagar,+91-9101974898,customer101982@example.com,10am-1pm,0.618,74700.0,25100.0,6400.0,2430000.0,21200.0,3010000.0,Ready now,0.46,"HOT LEAD. Rent Rs 25,100 (34% of income). Eligible Rs 24L at EMI Rs 21,200. Down payment already funded (Rs 30L available)."
CUST105514,P2 - Call this week,Rent-to-EMI - Hot,Wealth Builder,Whitefield,+91-9102218439,customer105514@example.com,7pm-9pm,0.618,62800.0,22100.0,13500.0,2048000.0,17900.0,1077000.0,Ready now,0.984,"HOT LEAD. Rent Rs 22,100 (35% of income). Eligible Rs 20L at EMI Rs 17,900. Down payment already funded (Rs 11L available)."
CUST106752,P2 - Call this week,Balance Transfer,Wealth Builder,Indiranagar,+91-9720508908,customer106752@example.com,7pm-9pm,0.618,70300.0,28600.0,0.0,3619000.0,31600.0,2036000.0,Ready now,1.0,"BT pitch: currently 10.3%, outstanding Rs 27L. Monthly saving Rs 2,944. Carry the rate sheet."
CUST106935,P2 - Call this week,Home Loan - Ready,Steady Saver,Jayanagar,+91-9053851863,customer106935@example.com,1pm-4pm,0.618,151200.0,0.0,0.0,8648000.0,75600.0,4945000.0,Ready now,0.897,"READY LEAD (no rent outflow - may be living with family). Eligible Rs 86L at EMI Rs 75,600. Down payment funded (Rs 49L). Segment: Steady Saver."
CUST107079,P2 - Call this week,Rent-to-EMI - Hot,Lifestyle Spender,Indiranagar,+91-9510052702,customer107079@example.com,10am-1pm,0.618,66700.0,10500.0,6700.0,3049000.0,26600.0,1091000.0,Ready now,0.075,"HOT LEAD. Rent Rs 10,500 (16% of income). Eligible Rs 30L at EMI Rs 26,600. Down payment already funded (Rs 11L available)."
CUST101639,P2 - Call this week,Home Loan - Ready,Steady Saver,Indiranagar,+91-9300100627,customer101639@example.com,10am-1pm,0.617,43500.0,0.0,7900.0,1336000.0,11700.0,1070000.0,Ready now,0.999,"READY LEAD (no rent outflow - may be living with family). Eligible Rs 13L at EMI Rs 11,700. Down payment funded (Rs 11L). Segment: Steady Saver."
CUST102272,P2 - Call this week,Rent-to-EMI - Hot,Wealth Builder,Jayanagar,+91-9343342930,customer102272@example.com,4pm-7pm,0.617,224500.0,77300.0,37600.0,6485000.0,56700.0,6207000.0,Ready now,0.876,"HOT LEAD. Rent Rs 77,300 (34% of income). Eligible Rs 65L at EMI Rs 56,700. Down payment already funded (Rs 62L available)."
CUST102790,P2 - Call this week,Rent-to-EMI - Hot,Wealth Builder,MG Road,+91-9179230198,customer102790@example.com,4pm-7pm,0.617,99300.0,24100.0,0.0,5112000.0,44700.0,3965000.0,Ready now,0.998,"HOT LEAD. Rent Rs 24,100 (24% of income). Eligible Rs 51L at EMI Rs 44,700. Down payment already funded (Rs 40L available)."
CUST107373,P2 - Call this week,Rent-to-EMI - Hot,Steady Saver,Whitefield,+91-9981475757,customer107373@example.com,1pm-4pm,0.617,58200.0,8800.0,0.0,2996000.0,26200.0,1883000.0,Ready now,0.511,"HOT LEAD. Rent Rs 8,800 (15% of income). Eligible Rs 30L at EMI Rs 26,200. Down payment already funded (Rs 19L available)."
CUST101832,P2 - Call this week,Home Loan - Ready,Steady Saver,Electronic City,+91-9511927404,customer101832@example.com,7pm-9pm,0.616,76700.0,0.0,6400.0,2514000.0,22000.0,3314000.0,Ready now,0.35,"READY LEAD (no rent outflow - may be living with family). Eligible Rs 25L at EMI Rs 22,000. Down payment funded (Rs 33L). Segment: Steady Saver."
CUST105217,P2 - Call this week,Home Loan - Ready,Steady Saver,Electronic City,+91-9622302994,customer105217@example.com,10am-1pm,0.616,126000.0,0.0,0.0,7207000.0,63000.0,3249000.0,Ready now,0.372,"READY LEAD (no rent outflow - may be living with family). Eligible Rs 72L at EMI Rs 63,000. Down payment funded (Rs 32L). Segment: Steady Saver."
CUST101465,P2 - Call this week,Balance Transfer,Steady Saver,Whitefield,+91-9754699541,customer101465@example.com,1pm-4pm,0.615,36100.0,0.0,5100.0,1275000.0,11100.0,1442000.0,Ready now,0.408,"BT pitch: currently 9.71%, outstanding Rs 22L. Monthly saving Rs 1,544. Carry the rate sheet."
CUST102829,P2 - Call this week,Home Loan - Ready,Steady Saver,Koramangala,+91-9829946512,customer102829@example.com,4pm-7pm,0.615,89500.0,0.0,0.0,3788000.0,33100.0,4906000.0,Ready now,0.524,"READY LEAD (no rent outflow - may be living with family). Eligible Rs 38L at EMI Rs 33,100. Down payment funded (Rs 49L). Segment: Steady Saver."
CUST106484,P2 - Call this week,Home Loan - Ready,Steady Saver,Whitefield,+91-9839414077,customer106484@example.com,4pm-7pm,0.615,140300.0,0.0,14400.0,6378000.0,55800.0,2868000.0,Ready now,0.996,"READY LEAD (no rent outflow - may be living with family). Eligible Rs 64L at EMI Rs 55,800. Down payment funded (Rs 29L). Segment: Steady Saver."
CUST101210,P2 - Call this week,Rent-to-EMI - Hot,Wealth Builder,Whitefield,+91-9544685946,customer101210@example.com,1pm-4pm,0.614,55700.0,18700.0,4700.0,1820000.0,15900.0,1046000.0,Ready now,0.975,"HOT LEAD. Rent Rs 18,700 (34% of income). Eligible Rs 18L at EMI Rs 15,900. Down payment already funded (Rs 10L available)."
CUST102326,P2 - Call this week,Rent-to-EMI - Hot,Lifestyle Spender,Electronic City,+91-9677233637,customer102326@example.com,10am-1pm,0.614,114200.0,43200.0,0.0,7185000.0,62800.0,2018000.0,Ready now,0.038,"HOT LEAD. Rent Rs 43,200 (38% of income). Eligible Rs 72L at EMI Rs 62,800. Down payment already funded (Rs 20L available)."
CUST103912,P2 - Call this week,Home Loan - Ready,Steady Saver,MG Road,+91-9313843566,customer103912@example.com,7pm-9pm,0.614,35300.0,0.0,4600.0,1291000.0,11300.0,1432000.0,Ready now,1.0,"READY LEAD (no rent outflow - may be living with family). Eligible Rs 13L at EMI Rs 11,300. Down payment funded (Rs 14L). Segment: Steady Saver."
CUST104705,P2 - Call this week,Rent-to-EMI - Hot,Wealth Builder,Indiranagar,+91-9557623286,customer104705@example.com,7pm-9pm,0.614,60300.0,17900.0,0.0,2552000.0,22300.0,2360000.0,Ready now,0.489,"HOT LEAD. Rent Rs 17,900 (30% of income). Eligible Rs 26L at EMI Rs 22,300. Down payment already funded (Rs 24L available)."
CUST105777,P2 - Call this week,Rent-to-EMI - Hot,Wealth Builder,Electronic City,+91-9387050297,customer105777@example.com,1pm-4pm,0.614,75800.0,15500.0,0.0,3208000.0,28000.0,1591000.0,Ready now,1.0,"HOT LEAD. Rent Rs 15,500 (20% of income). Eligible Rs 32L at EMI Rs 28,000. Down payment already funded (Rs 16L available)."
CUST106759,P2 - Call this week,Rent-to-EMI - Hot,Steady Saver,Whitefield,+91-9752031257,customer106759@example.com,7pm-9pm,0.614,94100.0,18900.0,4700.0,4306000.0,37600.0,3716000.0,Ready now,0.543,"HOT LEAD. Rent Rs 18,900 (20% of income). Eligible Rs 43L at EMI Rs 37,600. Down payment already funded (Rs 37L available)."
CUST100606,P2 - Call this week,Rent-to-EMI - Hot,Wealth Builder,Indiranagar,+91-9394059731,customer100606@example.com,1pm-4pm,0.613,65900.0,12700.0,6500.0,2649000.0,23200.0,2553000.0,Ready now,0.419,"HOT LEAD. Rent Rs 12,700 (19% of income). Eligible Rs 26L at EMI Rs 23,200. Down payment already funded (Rs 26L available)."
CUST100877,P2 - Call this week,Rent-to-EMI - Hot,Wealth Builder,MG Road,+91-9662639084,customer100877@example.com,1pm-4pm,0.613,46800.0,12300.0,4100.0,1940000.0,17000.0,2230000.0,Ready now,0.545,"HOT LEAD. Rent Rs 12,300 (26% of income). Eligible Rs 19L at EMI Rs 17,000. Down payment already funded (Rs 22L available)."
CUST101330,P2 - Call this week,Rent-to-EMI - Hot,Wealth Builder,Electronic City,+91-9246393348,customer101330@example.com,7pm-9pm,0.613,43400.0,9700.0,3700.0,1811000.0,15800.0,1370000.0,Ready now,0.29,"HOT LEAD. Rent Rs 9,700 (22% of income). Eligible Rs 18L at EMI Rs 15,800. Down payment already funded (Rs 14L available)."
CUST101726,P2 - Call this week,Rent-to-EMI - Hot,Wealth Builder,MG Road,+91-9710485675,customer101726@example.com,10am-1pm,0.613,133900.0,43100.0,0.0,7659000.0,67000.0,2603000.0,Ready now,1.0,"HOT LEAD. Rent Rs 43,100 (32% of income). Eligible Rs 77L at EMI Rs 67,000. Down payment already funded (Rs 26L available)."
CUST103578,P2 - Call this week,Rent-to-EMI - Hot,Wealth Builder,Electronic City,+91-9018215402,customer103578@example.com,10am-1pm,0.613,52500.0,21600.0,0.0,3003000.0,26200.0,1077000.0,Ready now,0.232,"HOT LEAD. Rent Rs 21,600 (41% of income). Eligible Rs 30L at EMI Rs 26,200. Down payment already funded (Rs 11L available)."
CUST105045,P2 - Call this week,Home Loan - Ready,Steady Saver,Whitefield,+91-9908493205,customer105045@example.com,1pm-4pm,0.613,44500.0,0.0,2500.0,2005000.0,17500.0,1948000.0,Ready now,0.998,"READY LEAD (no rent outflow - may be living with family). Eligible Rs 20L at EMI Rs 17,500. Down payment funded (Rs 19L). Segment: Steady Saver."
CUST106086,P2 - Call this week,Rent-to-EMI - Hot,Wealth Builder,MG Road,+91-9861207126,customer106086@example.com,10am-1pm,0.613,31600.0,10200.0,0.0,1627000.0,14200.0,807000.0,Ready now,0.794,"HOT LEAD. Rent Rs 10,200 (32% of income). Eligible Rs 16L at EMI Rs 14,200. Down payment already funded (Rs 8L available)."
CUST107452,P2 - Call this week,Home Loan - Ready,Steady Saver,MG Road,+91-9212818738,customer107452@example.com,7pm-9pm,0.613,198700.0,0.0,11000.0,11243000.0,98300.0,5679000.0,Ready now,0.59,"READY LEAD (no rent outflow - may be living with family). Eligible Rs 112L at EMI Rs 98,300. Down payment funded (Rs 57L). Segment: Steady Saver."
CUST102494,P2 - Call this week,Rent-to-EMI - Hot,Wealth Builder,Electronic City,+91-9519544256,customer102494@example.com,10am-1pm,0.612,57000.0,14400.0,10300.0,1234000.0,10800.0,1534000.0,Ready now,0.991,"HOT LEAD. Rent Rs 14,400 (25% of income). Eligible Rs 12L at EMI Rs 10,800. Down payment already funded (Rs 15L available)."
CUST102895,P2 - Call this week,Rent-to-EMI - Hot,Wealth Builder,MG Road,+91-9298895201,customer102895@example.com,4pm-7pm,0.612,30900.0,6500.0,2200.0,1339000.0,11700.0,1556000.0,Ready now,0.479,"HOT LEAD. Rent Rs 6,500 (21% of income). Eligible Rs 13L at EMI Rs 11,700. Down payment already funded (Rs 16L available)."
CUST104687,P2 - Call this week,Rent-to-EMI - Hot,Steady Saver,Electronic City,+91-9492412198,customer104687@example.com,1pm-4pm,0.612,30100.0,6500.0,1500.0,1550000.0,13600.0,1052000.0,Ready now,0.205,"HOT LEAD. Rent Rs 6,500 (22% of income). Eligible Rs 16L at EMI Rs 13,600. Down payment already funded (Rs 11L available)."
CUST105570,P2 - Call this week,Home Loan - Ready,Steady Saver,Koramangala,+91-9578023594,customer105570@example.com,10am-1pm,0.612,56900.0,0.0,6300.0,2208000.0,19300.0,4571000.0,Ready now,0.713,"READY LEAD (no rent outflow - may be living with family). Eligible Rs 22L at EMI Rs 19,300. Down payment funded (Rs 46L). Segment: Steady Saver."
CUST107284,P2 - Call this week,Rent-to-EMI - Hot,Wealth Builder,Koramangala,+91-9585874117,customer107284@example.com,1pm-4pm,0.612,147300.0,49400.0,11700.0,7087000.0,62000.0,4240000.0,Ready now,0.333,"HOT LEAD. Rent Rs 49,400 (34% of income). Eligible Rs 71L at EMI Rs 62,000. Down payment already funded (Rs 42L available)."
CUST107554,P2 - Call this week,Balance Transfer,Steady Saver,Indiranagar,+91-9083290551,customer107554@example.com,10am-1pm,0.612,62400.0,0.0,0.0,3212000.0,28100.0,3322000.0,Ready now,0.617,"BT pitch: currently 10.17%, outstanding Rs 27L. Monthly saving Rs 2,741. Carry the rate sheet."
CUST100963,P2 - Call this week,Home Loan - Ready,Steady Saver,Whitefield,+91-9907648826,customer100963@example.com,4pm-7pm,0.611,92600.0,0.0,0.0,3919000.0,34300.0,3391000.0,Ready now,1.0,"READY LEAD (no rent outflow - may be living with family). Eligible Rs 39L at EMI Rs 34,300. Down payment funded (Rs 34L). Segment: Steady Saver."
CUST101205,P2 - Call this week,Rent-to-EMI - Hot,Wealth Builder,Indiranagar,+91-9519517568,customer101205@example.com,10am-1pm,0.611,213200.0,49200.0,36600.0,9227000.0,80700.0,5780000.0,Ready now,0.364,"HOT LEAD. Rent Rs 49,200 (23% of income). Eligible Rs 92L at EMI Rs 80,700. Down payment already funded (Rs 58L available)."
CUST103496,P2 - Call this week,Home Loan - Ready,Steady Saver,Whitefield,+91-9094527073,customer103496@example.com,10am-1pm,0.611,100300.0,0.0,0.0,5737000.0,50200.0,1953000.0,Ready now,1.0,"READY LEAD (no rent outflow - may be living with family). Eligible Rs 57L at EMI Rs 50,200. Down payment funded (Rs 20L). Segment: Steady Saver."
CUST104468,P2 - Call this week,Rent-to-EMI - Hot,Steady Saver,Jayanagar,+91-9053957316,customer104468@example.com,1pm-4pm,0.611,94200.0,19800.0,0.0,4849000.0,42400.0,2353000.0,Ready now,1.0,"HOT LEAD. Rent Rs 19,800 (21% of income). Eligible Rs 48L at EMI Rs 42,400. Down payment already funded (Rs 24L available)."
CUST105306,P2 - Call this week,Rent-to-EMI - Hot,Lifestyle Spender,Electronic City,+91-9472597815,customer105306@example.com,4pm-7pm,0.611,112300.0,35900.0,18600.0,4938000.0,43200.0,2241000.0,Ready now,0.111,"HOT LEAD. Rent Rs 35,900 (32% of income). Eligible Rs 49L at EMI Rs 43,200. Down payment already funded (Rs 22L available)."
CUST105691,P2 - Call this week,Home Loan - Ready,Steady Saver,Whitefield,+91-9341426707,customer105691@example.com,1pm-4pm,0.611,38600.0,0.0,3300.0,1610000.0,14100.0,1206000.0,Ready now,0.981,"READY LEAD (no rent outflow - may be living with family). Eligible Rs 16L at EMI Rs 14,100. Down payment funded (Rs 12L). Segment: Steady Saver."
CUST107184,P2 - Call this week,Home Loan - Ready,Steady Saver,MG Road,+91-9542280537,customer107184@example.com,4pm-7pm,0.611,94500.0,0.0,0.0,4865000.0,42500.0,3951000.0,Ready now,0.987,"READY LEAD (no rent outflow - may be living with family). Eligible Rs 49L at EMI Rs 42,500. Down payment funded (Rs 40L). Segment: Steady Saver."
CUST100517,P2 - Call this week,Rent-to-EMI - Hot,Lifestyle Spender,Electronic City,+91-9973024634,customer100517@example.com,1pm-4pm,0.61,46600.0,15100.0,0.0,2399000.0,21000.0,852000.0,Ready now,0.051,"HOT LEAD. Rent Rs 15,100 (32% of income). Eligible Rs 24L at EMI Rs 21,000. Down payment already funded (Rs 9L available)."
CUST100664,P2 - Call this week,Home Loan - Ready,Steady Saver,Whitefield,+91-9415592031,customer100664@example.com,7pm-9pm,0.61,108700.0,0.0,19200.0,4021000.0,35200.0,2651000.0,Ready now,0.873,"READY LEAD (no rent outflow - may be living with family). Eligible Rs 40L at EMI Rs 35,200. Down payment funded (Rs 27L). Segment: Steady Saver."
CUST100971,P2 - Call this week,Rent-to-EMI - Hot,Wealth Builder,Koramangala,+91-9336913540,customer100971@example.com,7pm-9pm,0.61,25000.0,3500.0,1200.0,1150000.0,10000.0,781000.0,Ready now,0.747,"HOT LEAD. Rent Rs 3,500 (14% of income). Eligible Rs 12L at EMI Rs 10,000. Down payment already funded (Rs 8L available)."
CUST101407,P2 - Call this week,Rent-to-EMI - Hot,Wealth Builder,MG Road,+91-9376318221,customer101407@example.com,7pm-9pm,0.61,88300.0,33200.0,7700.0,4170000.0,36400.0,4129000.0,Ready now,0.459,"HOT LEAD. Rent Rs 33,200 (38% of income). Eligible Rs 42L at EMI Rs 36,400. Down payment already funded (Rs 41L available)."
CUST101581,P2 - Call this week,Rent-to-EMI - Hot,Wealth Builder,Jayanagar,+91-9863838682,customer101581@example.com,10am-1pm,0.61,42900.0,15800.0,8300.0,866000.0,7600.0,2200000.0,Ready now,0.697,"HOT LEAD. Rent Rs 15,800 (37% of income). Eligible Rs 9L at EMI Rs 7,600. Down payment already funded (Rs 22L available)."
CUST102042,P2 - Call this week,Home Loan - Ready,Steady Saver,Koramangala,+91-9110897710,customer102042@example.com,10am-1pm,0.61,53100.0,0.0,3200.0,2367000.0,20700.0,2437000.0,Ready now,0.446,"READY LEAD (no rent outflow - may be living with family). Eligible Rs 24L at EMI Rs 20,700. Down payment funded (Rs 24L). Segment: Steady Saver."
CUST102139,P2 - Call this week,Home Loan - Ready,Steady Saver,Indiranagar,+91-9984109261,customer102139@example.com,1pm-4pm,0.61,46500.0,0.0,0.0,2394000.0,20900.0,1109000.0,Ready now,0.978,"READY LEAD (no rent outflow - may be living with family). Eligible Rs 24L at EMI Rs 20,900. Down payment funded (Rs 11L). Segment: Steady Saver."
CUST103058,P2 - Call this week,Rent-to-EMI - Hot,Wealth Builder,Koramangala,+91-9617853046,customer103058@example.com,4pm-7pm,0.61,49700.0,14000.0,4500.0,1589000.0,13900.0,2201000.0,Ready now,0.992,"HOT LEAD. Rent Rs 14,000 (28% of income). Eligible Rs 16L at EMI Rs 13,900. Down payment already funded (Rs 22L available)."
CUST104372,P2 - Call this week,Rent-to-EMI - Hot,Lifestyle Spender,Whitefield,+91-9748248506,customer104372@example.com,4pm-7pm,0.61,136200.0,30000.0,6400.0,7837000.0,68500.0,2946000.0,Ready now,0.069,"HOT LEAD. Rent Rs 30,000 (22% of income). Eligible Rs 78L at EMI Rs 68,500. Down payment already funded (Rs 29L available)."
CUST100140,P2 - Call this week,Rent-to-EMI - Hot,Banking Elsewhere,Jayanagar,+91-9693236326,customer100140@example.com,1pm-4pm,0.609,69600.0,9500.0,0.0,3981000.0,34800.0,1439000.0,Ready now,0.026,"HOT LEAD. Rent Rs 9,500 (14% of income). Eligible Rs 40L at EMI Rs 34,800. Down payment already funded (Rs 14L available)."
CUST101243,P2 - Call this week,Rent-to-EMI - Hot,Wealth Builder,MG Road,+91-9302137825,customer101243@example.com,10am-1pm,0.609,106500.0,21900.0,0.0,6092000.0,53200.0,3830000.0,Ready now,0.999,"HOT LEAD. Rent Rs 21,900 (21% of income). Eligible Rs 61L at EMI Rs 53,200. Down payment already funded (Rs 38L available)."
CUST101262,P2 - Call this week,Home Loan - Ready,Steady Saver,Jayanagar,+91-9057522184,customer101262@example.com,4pm-7pm,0.609,87800.0,0.0,0.0,4520000.0,39500.0,2231000.0,Ready now,0.883,"READY LEAD (no rent outflow - may be living with family). Eligible Rs 45L at EMI Rs 39,500. Down payment funded (Rs 22L). Segment: Steady Saver."
CUST101387,P2 - Call this week,Rent-to-EMI - Hot,Wealth Builder,Electronic City,+91-9840071761,customer101387@example.com,4pm-7pm,0.609,100500.0,31800.0,15700.0,3033000.0,26500.0,2680000.0,Ready now,0.983,"HOT LEAD. Rent Rs 31,800 (32% of income). Eligible Rs 30L at EMI Rs 26,500. Down payment already funded (Rs 27L available)."
CUST102372,P2 - Call this week,Rent-to-EMI - Hot,Wealth Builder,Jayanagar,+91-9993594147,customer102372@example.com,4pm-7pm,0.609,75500.0,14600.0,0.0,3887000.0,34000.0,1177000.0,Ready now,1.0,"HOT LEAD. Rent Rs 14,600 (19% of income). Eligible Rs 39L at EMI Rs 34,000. Down payment already funded (Rs 12L available)."
CUST103289,P2 - Call this week,Rent-to-EMI - Hot,Lifestyle Spender,Electronic City,+91-9036060696,customer103289@example.com,10am-1pm,0.609,58800.0,15300.0,5300.0,1882000.0,16500.0,1180000.0,Ready now,0.242,"HOT LEAD. Rent Rs 15,300 (26% of income). Eligible Rs 19L at EMI Rs 16,500. Down payment already funded (Rs 12L available)."
CUST105479,P2 - Call this week,Home Loan - Ready,Steady Saver,Jayanagar,+91-9237675949,customer105479@example.com,10am-1pm,0.609,39800.0,0.0,7600.0,1407000.0,12300.0,593000.0,Ready now,0.997,"READY LEAD (no rent outflow - may be living with family). Eligible Rs 14L at EMI Rs 12,300. Down payment funded (Rs 6L). Segment: Steady Saver."
CUST107642,P2 - Call this week,Rent-to-EMI - Hot,Wealth Builder,Whitefield,+91-9325474756,customer107642@example.com,10am-1pm,0.609,46600.0,14400.0,0.0,2399000.0,21000.0,2513000.0,Ready now,0.58,"HOT LEAD. Rent Rs 14,400 (31% of income). Eligible Rs 24L at EMI Rs 21,000. Down payment already funded (Rs 25L available)."
CUST101233,P2 - Call this week,Rent-to-EMI - Hot,Wealth Builder,MG Road,+91-9265601737,customer101233@example.com,10am-1pm,0.608,48100.0,11500.0,3500.0,2076000.0,18100.0,1470000.0,Ready now,0.211,"HOT LEAD. Rent Rs 11,500 (24% of income). Eligible Rs 21L at EMI Rs 18,100. Down payment already funded (Rs 15L available)."
CUST103850,P2 - Call this week,Rent-to-EMI - Hot,Wealth Builder,Jayanagar,+91-9538074115,customer103850@example.com,4pm-7pm,0.608,79500.0,22500.0,5900.0,3418000.0,29900.0,2001000.0,Ready now,0.706,"HOT LEAD. Rent Rs 22,500 (28% of income). Eligible Rs 34L at EMI Rs 29,900. Down payment already funded (Rs 20L available)."
CUST104145,P2 - Call this week,Rent-to-EMI - Hot,Lifestyle Spender,Koramangala,+91-9332266291,customer104145@example.com,1pm-4pm,0.608,93700.0,35100.0,4800.0,4810000.0,42000.0,1660000.0,Ready now,0.14,"HOT LEAD. Rent Rs 35,100 (38% of income). Eligible Rs 48L at EMI Rs 42,000. Down payment already funded (Rs 17L available)."
CUST104532,P2 - Call this week,Rent-to-EMI - Hot,Wealth Builder,Jayanagar,+91-9828196950,customer104532@example.com,10am-1pm,0.608,106400.0,43300.0,0.0,6086000.0,53200.0,3209000.0,Ready now,1.0,"HOT LEAD. Rent Rs 43,300 (41% of income). Eligible Rs 61L at EMI Rs 53,200. Down payment already funded (Rs 32L available)."
CUST107821,P2 - Call this week,Rent-to-EMI - Hot,Wealth Builder,MG Road,+91-9540454305,customer107821@example.com,10am-1pm,0.608,25000.0,9400.0,0.0,1287000.0,11200.0,1096000.0,Ready now,0.425,"HOT LEAD. Rent Rs 9,400 (38% of income). Eligible Rs 13L at EMI Rs 11,200. Down payment already funded (Rs 11L available)."
CUST101411,P2 - Call this week,Home Loan - Ready,Steady Saver,MG Road,+91-9688169434,customer101411@example.com,10am-1pm,0.607,58500.0,0.0,0.0,3011000.0,26300.0,2593000.0,Ready now,0.385,"READY LEAD (no rent outflow - may be living with family). Eligible Rs 30L at EMI Rs 26,300. Down payment funded (Rs 26L). Segment: Steady Saver."
CUST105178,P2 - Call this week,Balance Transfer,Lifestyle Spender,Electronic City,+91-9947017913,customer105178@example.com,10am-1pm,0.607,96100.0,19900.0,15100.0,3769000.0,33000.0,303000.0,Not on track,0.046,"BT pitch: currently 9.71%, outstanding Rs 24L. Monthly saving Rs 1,688. Carry the rate sheet."
CUST105288,P2 - Call this week,Balance Transfer,Wealth Builder,Koramangala,+91-9580145609,customer105288@example.com,4pm-7pm,0.607,154300.0,47400.0,0.0,8826000.0,77200.0,5048000.0,Ready now,0.92,"BT pitch: currently 9.72%, outstanding Rs 29L. Monthly saving Rs 2,108. Carry the rate sheet."
CUST105347,P2 - Call this week,Rent-to-EMI - Hot,Wealth Builder,Koramangala,+91-9678888765,customer105347@example.com,10am-1pm,0.607,73100.0,11900.0,12800.0,2299000.0,20100.0,1466000.0,Ready now,0.982,"HOT LEAD. Rent Rs 11,900 (16% of income). Eligible Rs 23L at EMI Rs 20,100. Down payment already funded (Rs 15L available)."
CUST105872,P2 - Call this week,Rent-to-EMI - Hot,Wealth Builder,MG Road,+91-9634230710,customer105872@example.com,4pm-7pm,0.607,60700.0,15400.0,3300.0,2747000.0,24000.0,2039000.0,Ready now,0.335,"HOT LEAD. Rent Rs 15,400 (25% of income). Eligible Rs 27L at EMI Rs 24,000. Down payment already funded (Rs 20L available)."
CUST107617,P2 - Call this week,Rent-to-EMI - Hot,Wealth Builder,Koramangala,+91-9246931039,customer107617@example.com,1pm-4pm,0.607,34500.0,11700.0,0.0,1973000.0,17200.0,959000.0,Ready now,1.0,"HOT LEAD. Rent Rs 11,700 (34% of income). Eligible Rs 20L at EMI Rs 17,200. Down payment already funded (Rs 10L available)."
CUST107828,P2 - Call this week,Rent-to-EMI - Hot,Wealth Builder,MG Road,+91-9061490470,customer107828@example.com,4pm-7pm,0.607,26400.0,5000.0,2000.0,1130000.0,9900.0,501000.0,Ready now,0.99,"HOT LEAD. Rent Rs 5,000 (19% of income). Eligible Rs 11L at EMI Rs 9,900. Down payment already funded (Rs 5L available)."
CUST101012,P2 - Call this week,Rent-to-EMI - Hot,Wealth Builder,Electronic City,+91-9467839340,customer101012@example.com,7pm-9pm,0.606,151300.0,40300.0,0.0,8654000.0,75600.0,5698000.0,Ready now,0.416,"HOT LEAD. Rent Rs 40,300 (27% of income). Eligible Rs 87L at EMI Rs 75,600. Down payment already funded (Rs 57L available)."
CUST101317,P2 - Call this week,Rent-to-EMI - Hot,Wealth Builder,Koramangala,+91-9894332769,customer101317@example.com,4pm-7pm,0.606,107100.0,28100.0,6500.0,5382000.0,47000.0,3701000.0,Ready now,0.668,"HOT LEAD. Rent Rs 28,100 (26% of income). Eligible Rs 54L at EMI Rs 47,000. Down payment already funded (Rs 37L available)."
CUST101401,P2 - Call this week,Rent-to-EMI - Hot,Wealth Builder,Indiranagar,+91-9493938216,customer101401@example.com,4pm-7pm,0.606,83400.0,21200.0,10400.0,3104000.0,27100.0,3373000.0,Ready now,0.839,"HOT LEAD. Rent Rs 21,200 (25% of income). Eligible Rs 31L at EMI Rs 27,100. Down payment already funded (Rs 34L available)."
CUST101671,P2 - Call this week,Balance Transfer,Wealth Builder,Koramangala,+91-9243651431,customer101671@example.com,10am-1pm,0.606,65200.0,16400.0,5100.0,2773000.0,24200.0,3277000.0,Ready now,0.701,"BT pitch: currently 10.51%, outstanding Rs 36L. Monthly saving Rs 4,518. Carry the rate sheet."
CUST102251,P2 - Call this week,Rent-to-EMI - Hot,Wealth Builder,Jayanagar,+91-9315994838,customer102251@example.com,10am-1pm,0.606,39600.0,6300.0,2500.0,1753000.0,15300.0,1107000.0,Ready now,0.587,"HOT LEAD. Rent Rs 6,300 (16% of income). Eligible Rs 18L at EMI Rs 15,300. Down payment already funded (Rs 11L available)."
CUST103103,P2 - Call this week,Home Loan - Ready,Steady Saver,Indiranagar,+91-9738220826,customer103103@example.com,4pm-7pm,0.606,73300.0,0.0,10200.0,2606000.0,22800.0,3606000.0,Ready now,0.736,"READY LEAD (no rent outflow - may be living with family). Eligible Rs 26L at EMI Rs 22,800. Down payment funded (Rs 36L). Segment: Steady Saver."
CUST103567,P2 - Call this week,Rent-to-EMI - Hot,Lifestyle Spender,Whitefield,+91-9670399360,customer103567@example.com,10am-1pm,0.606,132000.0,34600.0,17400.0,5560000.0,48600.0,2147000.0,Ready now,0.04,"HOT LEAD. Rent Rs 34,600 (26% of income). Eligible Rs 56L at EMI Rs 48,600. Down payment already funded (Rs 21L available)."
CUST105445,P2 - Call this week,Rent-to-EMI - Hot,Wealth Builder,Koramangala,+91-9985844257,customer105445@example.com,4pm-7pm,0.606,50300.0,15100.0,2200.0,2338000.0,20400.0,1953000.0,Ready now,0.402,"HOT LEAD. Rent Rs 15,100 (30% of income). Eligible Rs 23L at EMI Rs 20,400. Down payment already funded (Rs 20L available)."
CUST106802,P2 - Call this week,Rent-to-EMI - Hot,Steady Saver,Indiranagar,+91-9389478545,customer106802@example.com,1pm-4pm,0.606,92000.0,13900.0,0.0,5262000.0,46000.0,4140000.0,Ready now,0.398,"HOT LEAD. Rent Rs 13,900 (15% of income). Eligible Rs 53L at EMI Rs 46,000. Down payment already funded (Rs 41L available)."
CUST100669,P2 - Call this week,Rent-to-EMI - Hot,Wealth Builder,Koramangala,+91-9976305614,customer100669@example.com,7pm-9pm,0.605,60700.0,23000.0,0.0,3125000.0,27300.0,1780000.0,Ready now,0.287,"HOT LEAD. Rent Rs 23,000 (38% of income). Eligible Rs 31L at EMI Rs 27,300. Down payment already funded (Rs 18L available)."
CUST101774,P2 - Call this week,Home Loan - Ready,Steady Saver,Whitefield,+91-9007853273,customer101774@example.com,1pm-4pm,0.605,60200.0,0.0,0.0,3443000.0,30100.0,2157000.0,Ready now,0.408,"READY LEAD (no rent outflow - may be living with family). Eligible Rs 34L at EMI Rs 30,100. Down payment funded (Rs 22L). Segment: Steady Saver."
CUST104647,P2 - Call this week,Rent-to-EMI - Hot,Wealth Builder,Koramangala,+91-9042042478,customer104647@example.com,4pm-7pm,0.605,64100.0,12700.0,0.0,3300000.0,28800.0,2360000.0,Ready now,1.0,"HOT LEAD. Rent Rs 12,700 (20% of income). Eligible Rs 33L at EMI Rs 28,800. Down payment already funded (Rs 24L available)."
CUST100771,P2 - Call this week,Balance Transfer,Wealth Builder,Electronic City,+91-9005918483,customer100771@example.com,4pm-7pm,0.604,64000.0,15800.0,2800.0,2389000.0,20900.0,4409000.0,Ready now,0.634,"BT pitch: currently 9.5%, outstanding Rs 36L. Monthly saving Rs 2,070. Carry the rate sheet."
CUST103726,P2 - Call this week,Balance Transfer,Steady Saver,Electronic City,+91-9980279144,customer103726@example.com,10am-1pm,0.604,69500.0,0.0,0.0,3975000.0,34800.0,2713000.0,Ready now,0.552,"BT pitch: currently 10.11%, outstanding Rs 34L. Monthly saving Rs 3,290. Carry the rate sheet."
CUST103773,P2 - Call this week,Rent-to-EMI - Hot,Wealth Builder,Whitefield,+91-9185748036,customer103773@example.com,7pm-9pm,0.604,74400.0,20800.0,7800.0,2938000.0,25700.0,1432000.0,Ready now,1.0,"HOT LEAD. Rent Rs 20,800 (28% of income). Eligible Rs 29L at EMI Rs 25,700. Down payment already funded (Rs 14L available)."
CUST105527,P2 - Call this week,Rent-to-EMI - Hot,Wealth Builder,MG Road,+91-9961781338,customer105527@example.com,10am-1pm,0.604,28400.0,11700.0,2900.0,870000.0,7600.0,945000.0,Ready now,0.868,"HOT LEAD. Rent Rs 11,700 (41% of income). Eligible Rs 9L at EMI Rs 7,600. Down payment already funded (Rs 9L available)."
CUST105752,P2 - Call this week,Rent-to-EMI - Hot,Wealth Builder,Whitefield,+91-9565249829,customer105752@example.com,10am-1pm,0.604,25000.0,5200.0,0.0,1287000.0,11200.0,1068000.0,Ready now,0.345,"HOT LEAD. Rent Rs 5,200 (21% of income). Eligible Rs 13L at EMI Rs 11,200. Down payment already funded (Rs 11L available)."
CUST107341,P2 - Call this week,Home Loan - Ready,Steady Saver,Whitefield,+91-9775595914,customer107341@example.com,10am-1pm,0.604,68500.0,0.0,8000.0,3003000.0,26200.0,3365000.0,Ready now,0.733,"READY LEAD (no rent outflow - may be living with family). Eligible Rs 30L at EMI Rs 26,200. Down payment funded (Rs 34L). Segment: Steady Saver."
CUST103552,P2 - Call this week,Rent-to-EMI - Hot,Lifestyle Spender,Jayanagar,+91-9007274204,customer103552@example.com,4pm-7pm,0.603,60900.0,17300.0,0.0,3483000.0,30400.0,1261000.0,Ready now,0.097,"HOT LEAD. Rent Rs 17,300 (28% of income). Eligible Rs 35L at EMI Rs 30,400. Down payment already funded (Rs 13L available)."
CUST104512,P2 - Call this week,Balance Transfer,Lifestyle Spender,Indiranagar,+91-9183496922,customer104512@example.com,1pm-4pm,0.603,136400.0,49900.0,0.0,8582000.0,75000.0,2078000.0,Ready now,0.195,"BT pitch: currently 9.84%, outstanding Rs 64L. Monthly saving Rs 5,107. Carry the rate sheet."
CUST101625,P2 - Call this week,Rent-to-EMI - Hot,Wealth Builder,MG Road,+91-9253557178,customer101625@example.com,7pm-9pm,0.602,91300.0,27600.0,4000.0,4765000.0,41600.0,1725000.0,Ready now,0.132,"HOT LEAD. Rent Rs 27,600 (30% of income). Eligible Rs 48L at EMI Rs 41,600. Down payment already funded (Rs 17L available)."
CUST102872,P2 - Call this week,Rent-to-EMI - Hot,Wealth Builder,MG Road,+91-9374576892,customer102872@example.com,1pm-4pm,0.602,100200.0,39300.0,8300.0,4782000.0,41800.0,2519000.0,Ready now,1.0,"HOT LEAD. Rent Rs 39,300 (39% of income). Eligible Rs 48L at EMI Rs 41,800. Down payment already funded (Rs 25L available)."
CUST104507,P2 - Call this week,Home Loan - Ready,Steady Saver,Koramangala,+91-9174188857,customer104507@example.com,1pm-4pm,0.602,89800.0,0.0,0.0,4623000.0,40400.0,4113000.0,Ready now,0.437,"READY LEAD (no rent outflow - may be living with family). Eligible Rs 46L at EMI Rs 40,400. Down payment funded (Rs 41L). Segment: Steady Saver."
CUST107191,P2 - Call this week,Rent-to-EMI - Hot,Wealth Builder,Koramangala,+91-9276843170,customer107191@example.com,7pm-9pm,0.602,62200.0,15000.0,0.0,3202000.0,28000.0,2649000.0,Ready now,0.936,"HOT LEAD. Rent Rs 15,000 (24% of income). Eligible Rs 32L at EMI Rs 28,000. Down payment already funded (Rs 26L available)."
CUST100439,P2 - Call this week,Rent-to-EMI - Hot,Lifestyle Spender,Koramangala,+91-9874455361,customer100439@example.com,7pm-9pm,0.601,138400.0,31600.0,20100.0,6408000.0,56000.0,2132000.0,Ready now,0.034,"HOT LEAD. Rent Rs 31,600 (23% of income). Eligible Rs 64L at EMI Rs 56,000. Down payment already funded (Rs 21L available)."
CUST100802,P2 - Call this week,Rent-to-EMI - Hot,Wealth Builder,Koramangala,+91-9608580296,customer100802@example.com,10am-1pm,0.601,53600.0,9300.0,0.0,2759000.0,24100.0,2489000.0,Ready now,0.992,"HOT LEAD. Rent Rs 9,300 (17% of income). Eligible Rs 28L at EMI Rs 24,100. Down payment already funded (Rs 25L available)."
CUST101741,P2 - Call this week,Rent-to-EMI - Hot,Wealth Builder,Electronic City,+91-9013160500,customer101741@example.com,1pm-4pm,0.601,39200.0,13500.0,3600.0,1247000.0,10900.0,1558000.0,Ready now,0.466,"HOT LEAD. Rent Rs 13,500 (34% of income). Eligible Rs 12L at EMI Rs 10,900. Down payment already funded (Rs 16L available)."
CUST101999,P2 - Call this week,Home Loan - Ready,Steady Saver,Electronic City,+91-9324136780,customer101999@example.com,10am-1pm,0.601,66000.0,0.0,6000.0,2711000.0,23700.0,2712000.0,Ready now,0.995,"READY LEAD (no rent outflow - may be living with family). Eligible Rs 27L at EMI Rs 23,700. Down payment funded (Rs 27L). Segment: Steady Saver."
CUST103199,P2 - Call this week,Rent-to-EMI - Hot,Wealth Builder,Indiranagar,+91-9230508174,customer103199@example.com,7pm-9pm,0.601,95600.0,31500.0,8900.0,3903000.0,34100.0,2131000.0,Ready now,0.268,"HOT LEAD. Rent Rs 31,500 (33% of income). Eligible Rs 39L at EMI Rs 34,100. Down payment already funded (Rs 21L available)."
CUST104895,P2 - Call this week,Home Loan - Ready,Steady Saver,Whitefield,+91-9996291793,customer104895@example.com,1pm-4pm,0.601,136200.0,0.0,14800.0,6097000.0,53300.0,3748000.0,Ready now,0.478,"READY LEAD (no rent outflow - may be living with family). Eligible Rs 61L at EMI Rs 53,300. Down payment funded (Rs 37L). Segment: Steady Saver."
CUST104967,P2 - Call this week,Rent-to-EMI - Hot,Banking Elsewhere,Jayanagar,+91-9744776204,customer104967@example.com,7pm-9pm,0.601,79500.0,9600.0,0.0,4092000.0,35800.0,2237000.0,Ready now,0.159,"HOT LEAD. Rent Rs 9,600 (12% of income). Eligible Rs 41L at EMI Rs 35,800. Down payment already funded (Rs 22L available)."
CUST105179,P2 - Call this week,Rent-to-EMI - Hot,Wealth Builder,Jayanagar,+91-9726935416,customer105179@example.com,7pm-9pm,0.601,108900.0,27900.0,5300.0,6245000.0,54600.0,3049000.0,Ready now,0.374,"HOT LEAD. Rent Rs 27,900 (26% of income). Eligible Rs 62L at EMI Rs 54,600. Down payment already funded (Rs 30L available)."
CUST106732,P2 - Call this week,Rent-to-EMI - Hot,Wealth Builder,Jayanagar,+91-9033704682,customer106732@example.com,10am-1pm,0.601,44500.0,17400.0,8200.0,1353000.0,11800.0,969000.0,Ready now,1.0,"HOT LEAD. Rent Rs 17,400 (39% of income). Eligible Rs 14L at EMI Rs 11,800. Down payment already funded (Rs 10L available)."
CUST107812,P2 - Call this week,Rent-to-EMI - Hot,Wealth Builder,Electronic City,+91-9211222602,customer107812@example.com,10am-1pm,0.601,77900.0,16700.0,6900.0,3221000.0,28200.0,2575000.0,Ready now,0.472,"HOT LEAD. Rent Rs 16,700 (21% of income). Eligible Rs 32L at EMI Rs 28,200. Down payment already funded (Rs 26L available)."
CUST100161,P2 - Call this week,Rent-to-EMI - Hot,Wealth Builder,Whitefield,+91-9754554099,customer100161@example.com,10am-1pm,0.6,26800.0,6000.0,4600.0,853000.0,7500.0,616000.0,Ready now,0.796,"HOT LEAD. Rent Rs 6,000 (22% of income). Eligible Rs 9L at EMI Rs 7,500. Down payment already funded (Rs 6L available)."
CUST100585,P2 - Call this week,Home Loan - Ready,Steady Saver,Jayanagar,+91-9847543264,customer100585@example.com,4pm-7pm,0.6,43500.0,0.0,0.0,2488000.0,21800.0,1493000.0,Ready now,0.99,"READY LEAD (no rent outflow - may be living with family). Eligible Rs 25L at EMI Rs 21,800. Down payment funded (Rs 15L). Segment: Steady Saver."
CUST101410,P2 - Call this week,Home Loan - Ready,Steady Saver,Whitefield,+91-9515400760,customer101410@example.com,7pm-9pm,0.6,48600.0,0.0,0.0,2780000.0,24300.0,1989000.0,Ready now,0.382,"READY LEAD (no rent outflow - may be living with family). Eligible Rs 28L at EMI Rs 24,300. Down payment funded (Rs 20L). Segment: Steady Saver."
CUST102078,P2 - Call this week,Home Loan - Ready,Steady Saver,MG Road,+91-9707404891,customer102078@example.com,10am-1pm,0.6,70500.0,0.0,7000.0,2828000.0,24700.0,2837000.0,Ready now,0.552,"READY LEAD (no rent outflow - may be living with family). Eligible Rs 28L at EMI Rs 24,700. Down payment funded (Rs 28L). Segment: Steady Saver."
CUST102407,P2 - Call this week,Rent-to-EMI - Hot,Lifestyle Spender,Whitefield,+91-9879784431,customer102407@example.com,1pm-4pm,0.6,59700.0,17600.0,0.0,3073000.0,26900.0,1094000.0,Ready now,0.237,"HOT LEAD. Rent Rs 17,600 (30% of income). Eligible Rs 31L at EMI Rs 26,900. Down payment already funded (Rs 11L available)."
CUST102413,P2 - Call this week,Home Loan - Ready,Steady Saver,MG Road,+91-9168429620,customer102413@example.com,4pm-7pm,0.6,90900.0,0.0,0.0,5199000.0,45400.0,7662000.0,Ready now,0.594,"READY LEAD (no rent outflow - may be living with family). Eligible Rs 52L at EMI Rs 45,400. Down payment funded (Rs 77L). Segment: Steady Saver."
CUST103878,P2 - Call this week,Home Loan - Ready,Steady Saver,Whitefield,+91-9361564447,customer103878@example.com,10am-1pm,0.6,49500.0,0.0,4100.0,1626000.0,14200.0,1263000.0,Ready now,1.0,"READY LEAD (no rent outflow - may be living with family). Eligible Rs 16L at EMI Rs 14,200. Down payment funded (Rs 13L). Segment: Steady Saver."
CUST103880,P2 - Call this week,Rent-to-EMI - Hot,Wealth Builder,Koramangala,+91-9245512947,customer103880@example.com,4pm-7pm,0.6,143900.0,59000.0,13800.0,6652000.0,58200.0,5794000.0,Ready now,0.425,"HOT LEAD. Rent Rs 59,000 (41% of income). Eligible Rs 67L at EMI Rs 58,200. Down payment already funded (Rs 58L available)."
CUST105393,P2 - Call this week,Rent-to-EMI - Hot,Lifestyle Spender,Whitefield,+91-9572319234,customer105393@example.com,1pm-4pm,0.6,48600.0,17900.0,2100.0,2262000.0,19800.0,1079000.0,Ready now,0.058,"HOT LEAD. Rent Rs 17,900 (37% of income). Eligible Rs 23L at EMI Rs 19,800. Down payment already funded (Rs 11L available)."
CUST107841,P2 - Call this week,Rent-to-EMI - Hot,Wealth Builder,Whitefield,+91-9375670459,customer107841@example.com,4pm-7pm,0.6,73200.0,13900.0,0.0,4187000.0,36600.0,2279000.0,Ready now,0.33,"HOT LEAD. Rent Rs 13,900 (19% of income). Eligible Rs 42L at EMI Rs 36,600. Down payment already funded (Rs 23L available)."
CUST102699,P2 - Call this week,Rent-to-EMI - Hot,Wealth Builder,Indiranagar,+91-9908126474,customer102699@example.com,10am-1pm,0.599,89000.0,21100.0,0.0,4582000.0,40000.0,3986000.0,Ready now,0.39,"HOT LEAD. Rent Rs 21,100 (24% of income). Eligible Rs 46L at EMI Rs 40,000. Down payment already funded (Rs 40L available)."
CUST105397,P2 - Call this week,Rent-to-EMI - Hot,Lifestyle Spender,Jayanagar,+91-9512409214,customer105397@example.com,4pm-7pm,0.599,62000.0,20200.0,0.0,3546000.0,31000.0,1326000.0,Ready now,0.04,"HOT LEAD. Rent Rs 20,200 (33% of income). Eligible Rs 35L at EMI Rs 31,000. Down payment already funded (Rs 13L available)."
CUST106246,P2 - Call this week,Rent-to-EMI - Hot,Wealth Builder,Koramangala,+91-9092420591,customer106246@example.com,10am-1pm,0.599,80600.0,32600.0,3400.0,3760000.0,32900.0,3282000.0,Ready now,0.994,"HOT LEAD. Rent Rs 32,600 (40% of income). Eligible Rs 38L at EMI Rs 32,900. Down payment already funded (Rs 33L available)."
CUST107219,P2 - Call this week,Rent-to-EMI - Hot,Wealth Builder,Jayanagar,+91-9830767735,customer107219@example.com,1pm-4pm,0.599,67400.0,17500.0,6100.0,2772000.0,24200.0,1727000.0,Ready now,0.854,"HOT LEAD. Rent Rs 17,500 (26% of income). Eligible Rs 28L at EMI Rs 24,200. Down payment already funded (Rs 17L available)."
CUST101142,P2 - Call this week,Home Loan - Ready,Steady Saver,Jayanagar,+91-9307326359,customer101142@example.com,4pm-7pm,0.598,91600.0,0.0,0.0,4715000.0,41200.0,2807000.0,Ready now,0.996,"READY LEAD (no rent outflow - may be living with family). Eligible Rs 47L at EMI Rs 41,200. Down payment funded (Rs 28L). Segment: Steady Saver."
CUST103325,P2 - Call this week,Rent-to-EMI - Hot,Wealth Builder,Indiranagar,+91-9653341036,customer103325@example.com,4pm-7pm,0.598,85000.0,14800.0,5100.0,3792000.0,33200.0,2868000.0,Ready now,0.999,"HOT LEAD. Rent Rs 14,800 (17% of income). Eligible Rs 38L at EMI Rs 33,200. Down payment already funded (Rs 29L available)."
CUST106289,P2 - Call this week,Home Loan - Ready,Steady Saver,Electronic City,+91-9052474976,customer106289@example.com,1pm-4pm,0.598,55000.0,0.0,0.0,2328000.0,20400.0,1472000.0,Ready now,0.989,"READY LEAD (no rent outflow - may be living with family). Eligible Rs 23L at EMI Rs 20,400. Down payment funded (Rs 15L). Segment: Steady Saver."
CUST102093,P2 - Call this week,Rent-to-EMI - Hot,Lifestyle Spender,Jayanagar,+91-9758235137,customer102093@example.com,1pm-4pm,0.597,43700.0,9600.0,2500.0,1564000.0,13700.0,813000.0,Ready now,0.011,"HOT LEAD. Rent Rs 9,600 (22% of income). Eligible Rs 16L at EMI Rs 13,700. Down payment already funded (Rs 8L available)."
CUST102412,P2 - Call this week,Rent-to-EMI - Hot,Wealth Builder,Electronic City,+91-9848059192,customer102412@example.com,1pm-4pm,0.597,67300.0,14800.0,0.0,3464000.0,30300.0,1742000.0,Ready now,0.999,"HOT LEAD. Rent Rs 14,800 (22% of income). Eligible Rs 35L at EMI Rs 30,300. Down payment already funded (Rs 17L available)."
CUST102445,P2 - Call this week,Rent-to-EMI - Hot,Wealth Builder,Koramangala,+91-9526473013,customer102445@example.com,1pm-4pm,0.597,42700.0,17700.0,7400.0,1352000.0,11800.0,1194000.0,Ready now,0.232,"HOT LEAD. Rent Rs 17,700 (42% of income). Eligible Rs 14L at EMI Rs 11,800. Down payment already funded (Rs 12L available)."
CUST104103,P2 - Call this week,Rent-to-EMI - Hot,Wealth Builder,Jayanagar,+91-9696175885,customer104103@example.com,10am-1pm,0.597,49300.0,8000.0,3600.0,2126000.0,18600.0,1550000.0,Ready now,0.304,"HOT LEAD. Rent Rs 8,000 (16% of income). Eligible Rs 21L at EMI Rs 18,600. Down payment already funded (Rs 16L available)."
CUST105266,P2 - Call this week,Rent-to-EMI - Hot,Wealth Builder,Electronic City,+91-9826836898,customer105266@example.com,10am-1pm,0.597,79300.0,27900.0,5800.0,2693000.0,23500.0,1769000.0,Ready now,0.992,"HOT LEAD. Rent Rs 27,900 (35% of income). Eligible Rs 27L at EMI Rs 23,500. Down payment already funded (Rs 18L available)."
CUST100688,P2 - Call this week,Rent-to-EMI - Hot,Wealth Builder,Koramangala,+91-9817671366,customer100688@example.com,10am-1pm,0.596,111200.0,20600.0,11500.0,4027000.0,35200.0,4866000.0,Ready now,0.914,"HOT LEAD. Rent Rs 20,600 (18% of income). Eligible Rs 40L at EMI Rs 35,200. Down payment already funded (Rs 49L available)."
CUST101057,P2 - Call this week,Rent-to-EMI - Hot,Wealth Builder,Jayanagar,+91-9647763624,customer101057@example.com,10am-1pm,0.596,91600.0,15200.0,12000.0,3343000.0,29200.0,4019000.0,Ready now,1.0,"HOT LEAD. Rent Rs 15,200 (17% of income). Eligible Rs 33L at EMI Rs 29,200. Down payment already funded (Rs 40L available)."
CUST102344,P2 - Call this week,Home Loan - Ready,Steady Saver,Indiranagar,+91-9936975730,customer102344@example.com,10am-1pm,0.596,53700.0,0.0,8600.0,2088000.0,18200.0,3390000.0,Ready now,0.996,"READY LEAD (no rent outflow - may be living with family). Eligible Rs 21L at EMI Rs 18,200. Down payment funded (Rs 34L). Segment: Steady Saver."
CUST104362,P2 - Call this week,Home Loan - Ready,Steady Saver,Indiranagar,+91-9585628545,customer104362@example.com,7pm-9pm,0.596,67700.0,0.0,4200.0,3392000.0,29600.0,2432000.0,Ready now,1.0,"READY LEAD (no rent outflow - may be living with family). Eligible Rs 34L at EMI Rs 29,600. Down payment funded (Rs 24L). Segment: Steady Saver."
CUST106421,P2 - Call this week,Rent-to-EMI - Hot,Wealth Builder,Electronic City,+91-9442889286,customer106421@example.com,7pm-9pm,0.596,49100.0,7600.0,0.0,2528000.0,22100.0,1242000.0,Ready now,0.752,"HOT LEAD. Rent Rs 7,600 (16% of income). Eligible Rs 25L at EMI Rs 22,100. Down payment already funded (Rs 12L available)."
CUST107160,P2 - Call this week,Home Loan - Ready,Steady Saver,Jayanagar,+91-9042716132,customer107160@example.com,7pm-9pm,0.596,93000.0,0.0,29700.0,1390000.0,12200.0,4358000.0,Ready now,0.689,"READY LEAD (no rent outflow - may be living with family). Eligible Rs 14L at EMI Rs 12,200. Down payment funded (Rs 44L). Segment: Steady Saver."
CUST107355,P2 - Call this week,Rent-to-EMI - Hot,Wealth Builder,Whitefield,+91-9019334149,customer107355@example.com,10am-1pm,0.596,83300.0,24100.0,0.0,3526000.0,30800.0,2701000.0,Ready now,1.0,"HOT LEAD. Rent Rs 24,100 (29% of income). Eligible Rs 35L at EMI Rs 30,800. Down payment already funded (Rs 27L available)."
CUST107697,P2 - Call this week,Rent-to-EMI - Hot,Wealth Builder,Indiranagar,+91-9695690903,customer107697@example.com,10am-1pm,0.596,116600.0,25100.0,17600.0,4656000.0,40700.0,3861000.0,Ready now,0.362,"HOT LEAD. Rent Rs 25,100 (22% of income). Eligible Rs 47L at EMI Rs 40,700. Down payment already funded (Rs 39L available)."
CUST104214,P2 - Call this week,Rent-to-EMI - Hot,Wealth Builder,Whitefield,+91-9326651204,customer104214@example.com,7pm-9pm,0.595,33300.0,12100.0,1600.0,1531000.0,13400.0,832000.0,Ready now,0.462,"HOT LEAD. Rent Rs 12,100 (36% of income). Eligible Rs 15L at EMI Rs 13,400. Down payment already funded (Rs 8L available)."
CUST105078,P2 - Call this week,Rent-to-EMI - Hot,Wealth Builder,MG Road,+91-9965732111,customer105078@example.com,1pm-4pm,0.595,98400.0,17600.0,4100.0,5159000.0,45100.0,2911000.0,Ready now,0.997,"HOT LEAD. Rent Rs 17,600 (18% of income). Eligible Rs 52L at EMI Rs 45,100. Down payment already funded (Rs 29L available)."
CUST106129,P2 - Call this week,Rent-to-EMI - Hot,Wealth Builder,Indiranagar,+91-9274804171,customer106129@example.com,4pm-7pm,0.595,60100.0,7900.0,0.0,3094000.0,27000.0,3132000.0,Ready now,0.565,"HOT LEAD. Rent Rs 7,900 (13% of income). Eligible Rs 31L at EMI Rs 27,000. Down payment already funded (Rs 31L available)."
CUST101032,P2 - Call this week,Home Loan - Ready,Steady Saver,MG Road,+91-9738855423,customer101032@example.com,10am-1pm,0.594,103500.0,0.0,11300.0,4627000.0,40400.0,5022000.0,Ready now,0.543,"READY LEAD (no rent outflow - may be living with family). Eligible Rs 46L at EMI Rs 40,400. Down payment funded (Rs 50L). Segment: Steady Saver."
CUST101292,P2 - Call this week,Rent-to-EMI - Hot,Lifestyle Spender,Whitefield,+91-9484176282,customer101292@example.com,4pm-7pm,0.594,25000.0,7500.0,0.0,1430000.0,12500.0,427000.0,Ready now,0.169,"HOT LEAD. Rent Rs 7,500 (30% of income). Eligible Rs 14L at EMI Rs 12,500. Down payment already funded (Rs 4L available)."
CUST102008,P2 - Call this week,Rent-to-EMI - Hot,Wealth Builder,Indiranagar,+91-9106563651,customer102008@example.com,10am-1pm,0.594,55600.0,22100.0,7900.0,1958000.0,17100.0,1994000.0,Ready now,0.4,"HOT LEAD. Rent Rs 22,100 (40% of income). Eligible Rs 20L at EMI Rs 17,100. Down payment already funded (Rs 20L available)."
CUST103705,P2 - Call this week,Home Loan - Ready,Steady Saver,Jayanagar,+91-9206977574,customer103705@example.com,4pm-7pm,0.594,41400.0,0.0,0.0,1752000.0,15300.0,1241000.0,Ready now,0.998,"READY LEAD (no rent outflow - may be living with family). Eligible Rs 18L at EMI Rs 15,300. Down payment funded (Rs 12L). Segment: Steady Saver."
CUST106254,P2 - Call this week,Home Loan - Ready,Steady Saver,MG Road,+91-9977029726,customer106254@example.com,10am-1pm,0.594,50400.0,0.0,3900.0,2148000.0,18800.0,804000.0,Ready now,1.0,"READY LEAD (no rent outflow - may be living with family). Eligible Rs 21L at EMI Rs 18,800. Down payment funded (Rs 8L). Segment: Steady Saver."
CUST106568,P2 - Call this week,Rent-to-EMI - Hot,Wealth Builder,MG Road,+91-9263555227,customer106568@example.com,4pm-7pm,0.594,30800.0,9100.0,0.0,1762000.0,15400.0,907000.0,Ready now,0.99,"HOT LEAD. Rent Rs 9,100 (30% of income). Eligible Rs 18L at EMI Rs 15,400. Down payment already funded (Rs 9L available)."
CUST106976,P2 - Call this week,Rent-to-EMI - Hot,Wealth Builder,Indiranagar,+91-9205233346,customer106976@example.com,7pm-9pm,0.594,114100.0,28800.0,7200.0,4658000.0,40700.0,5934000.0,Ready now,0.654,"HOT LEAD. Rent Rs 28,800 (25% of income). Eligible Rs 47L at EMI Rs 40,700. Down payment already funded (Rs 59L available)."
CUST107954,P2 - Call this week,Rent-to-EMI - Hot,Wealth Builder,Electronic City,+91-9140929715,customer107954@example.com,10am-1pm,0.594,40700.0,15500.0,0.0,1723000.0,15100.0,1322000.0,Ready now,1.0,"HOT LEAD. Rent Rs 15,500 (38% of income). Eligible Rs 17L at EMI Rs 15,100. Down payment already funded (Rs 13L available)."
CUST100820,P2 - Call this week,Home Loan - Ready,Steady Saver,Electronic City,+91-9150432002,customer100820@example.com,10am-1pm,0.593,85000.0,0.0,0.0,4376000.0,38200.0,4789000.0,Ready now,0.562,"READY LEAD (no rent outflow - may be living with family). Eligible Rs 44L at EMI Rs 38,200. Down payment funded (Rs 48L). Segment: Steady Saver."
CUST101023,P2 - Call this week,Rent-to-EMI - Hot,Wealth Builder,Koramangala,+91-9687200011,customer101023@example.com,7pm-9pm,0.593,32600.0,9400.0,3400.0,1289000.0,11300.0,1145000.0,Ready now,0.983,"HOT LEAD. Rent Rs 9,400 (29% of income). Eligible Rs 13L at EMI Rs 11,300. Down payment already funded (Rs 11L available)."
CUST101937,P2 - Call this week,Rent-to-EMI - Hot,Wealth Builder,Whitefield,+91-9219517793,customer101937@example.com,4pm-7pm,0.593,36400.0,11700.0,0.0,1541000.0,13500.0,1495000.0,Ready now,0.758,"HOT LEAD. Rent Rs 11,700 (32% of income). Eligible Rs 15L at EMI Rs 13,500. Down payment already funded (Rs 15L available)."
CUST101949,P2 - Call this week,Balance Transfer,Wealth Builder,Jayanagar,+91-9112982320,customer101949@example.com,10am-1pm,0.593,65900.0,20000.0,5600.0,2752000.0,24100.0,1001000.0,Ready now,1.0,"BT pitch: currently 9.75%, outstanding Rs 38L. Monthly saving Rs 2,820. Carry the rate sheet."
CUST103187,P2 - Call this week,Rent-to-EMI - Hot,Wealth Builder,Indiranagar,+91-9584020108,customer103187@example.com,4pm-7pm,0.593,153000.0,55100.0,7500.0,7893000.0,69000.0,5476000.0,Ready now,0.361,"HOT LEAD. Rent Rs 55,100 (36% of income). Eligible Rs 79L at EMI Rs 69,000. Down payment already funded (Rs 55L available)."
CUST103236,P2 - Call this week,Home Loan - Ready,Steady Saver,Electronic City,+91-9963552143,customer103236@example.com,7pm-9pm,0.593,36000.0,0.0,5200.0,1258000.0,11000.0,642000.0,Ready now,0.992,"READY LEAD (no rent outflow - may be living with family). Eligible Rs 13L at EMI Rs 11,000. Down payment funded (Rs 6L). Segment: Steady Saver."
CUST101054,P2 - Call this week,Rent-to-EMI - Hot,Banking Elsewhere,Jayanagar,+91-9393825693,customer101054@example.com,10am-1pm,0.592,48800.0,8100.0,0.0,2791000.0,24400.0,1321000.0,Ready now,0.101,"HOT LEAD. Rent Rs 8,100 (17% of income). Eligible Rs 28L at EMI Rs 24,400. Down payment already funded (Rs 13L available)."
CUST101073,P2 - Call this week,Rent-to-EMI - Hot,Wealth Builder,Koramangala,+91-9992159317,customer101073@example.com,4pm-7pm,0.592,127400.0,23100.0,7600.0,6418000.0,56100.0,5679000.0,Ready now,0.49,"HOT LEAD. Rent Rs 23,100 (18% of income). Eligible Rs 64L at EMI Rs 56,100. Down payment already funded (Rs 57L available)."
CUST101320,P2 - Call this week,Home Loan - Ready,Steady Saver,Whitefield,+91-9454621178,customer101320@example.com,4pm-7pm,0.592,53600.0,0.0,0.0,2269000.0,19800.0,2279000.0,Ready now,0.46,"READY LEAD (no rent outflow - may be living with family). Eligible Rs 23L at EMI Rs 19,800. Down payment funded (Rs 23L). Segment: Steady Saver."
CUST101715,P2 - Call this week,Rent-to-EMI - Hot,Wealth Builder,Electronic City,+91-9337265786,customer101715@example.com,7pm-9pm,0.592,174700.0,66200.0,0.0,9992000.0,87400.0,6166000.0,Ready now,0.704,"HOT LEAD. Rent Rs 66,200 (38% of income). Eligible Rs 100L at EMI Rs 87,400. Down payment already funded (Rs 62L available)."
CUST103072,P2 - Call this week,Rent-to-EMI - Hot,Lifestyle Spender,Indiranagar,+91-9087218634,customer103072@example.com,10am-1pm,0.592,67800.0,9500.0,0.0,3490000.0,30500.0,1562000.0,Ready now,0.256,"HOT LEAD. Rent Rs 9,500 (14% of income). Eligible Rs 35L at EMI Rs 30,500. Down payment already funded (Rs 16L available)."
CUST103776,P2 - Call this week,Rent-to-EMI - Hot,Wealth Builder,Whitefield,+91-9497816278,customer103776@example.com,4pm-7pm,0.592,37600.0,8400.0,2800.0,1615000.0,14100.0,664000.0,Ready now,0.995,"HOT LEAD. Rent Rs 8,400 (22% of income). Eligible Rs 16L at EMI Rs 14,100. Down payment already funded (Rs 7L available)."
CUST103994,P2 - Call this week,Home Loan - Ready,Steady Saver,Whitefield,+91-9920129341,customer103994@example.com,7pm-9pm,0.592,91400.0,0.0,0.0,3869000.0,33800.0,3475000.0,Ready now,0.491,"READY LEAD (no rent outflow - may be living with family). Eligible Rs 39L at EMI Rs 33,800. Down payment funded (Rs 35L). Segment: Steady Saver."
CUST104094,P2 - Call this week,Rent-to-EMI - Hot,Wealth Builder,Koramangala,+91-9150905477,customer104094@example.com,10am-1pm,0.592,79200.0,14600.0,16200.0,2677000.0,23400.0,1356000.0,Ready now,0.477,"HOT LEAD. Rent Rs 14,600 (18% of income). Eligible Rs 27L at EMI Rs 23,400. Down payment already funded (Rs 14L available)."
CUST100013,P2 - Call this week,Rent-to-EMI - Hot,Wealth Builder,MG Road,+91-9516704626,customer100013@example.com,10am-1pm,0.591,59000.0,11400.0,0.0,3037000.0,26600.0,1268000.0,Ready now,1.0,"HOT LEAD. Rent Rs 11,400 (19% of income). Eligible Rs 30L at EMI Rs 26,600. Down payment already funded (Rs 13L available)."
CUST104720,P2 - Call this week,Home Loan - Ready,Steady Saver,Koramangala,+91-9575796586,customer104720@example.com,7pm-9pm,0.591,72700.0,0.0,7300.0,2907000.0,25400.0,2231000.0,Ready now,0.996,"READY LEAD (no rent outflow - may be living with family). Eligible Rs 29L at EMI Rs 25,400. Down payment funded (Rs 22L). Segment: Steady Saver."
CUST105011,P2 - Call this week,Balance Transfer,Lifestyle Spender,MG Road,+91-9885920993,customer105011@example.com,1pm-4pm,0.591,109500.0,25000.0,12700.0,5437000.0,47500.0,2112000.0,Ready now,0.116,"BT pitch: currently 9.77%, outstanding Rs 24L. Monthly saving Rs 1,850. Carry the rate sheet."
CUST105797,P2 - Call this week,Home Loan - Ready,Steady Saver,Whitefield,+91-9507353338,customer105797@example.com,7pm-9pm,0.591,56200.0,0.0,0.0,2893000.0,25300.0,1853000.0,Ready now,0.984,"READY LEAD (no rent outflow - may be living with family). Eligible Rs 29L at EMI Rs 25,300. Down payment funded (Rs 19L). Segment: Steady Saver."
CUST107122,P2 - Call this week,Rent-to-EMI - Hot,Wealth Builder,Indiranagar,+91-9711872598,customer107122@example.com,1pm-4pm,0.591,58900.0,17400.0,6200.0,2323000.0,20300.0,1861000.0,Ready now,0.345,"HOT LEAD. Rent Rs 17,400 (30% of income). Eligible Rs 23L at EMI Rs 20,300. Down payment already funded (Rs 19L available)."
CUST100489,P2 - Call this week,Home Loan - Ready,Steady Saver,Indiranagar,+91-9618059228,customer100489@example.com,10am-1pm,0.59,54500.0,0.0,3500.0,2717000.0,23800.0,1180000.0,Ready now,0.593,"READY LEAD (no rent outflow - may be living with family). Eligible Rs 27L at EMI Rs 23,800. Down payment funded (Rs 12L). Segment: Steady Saver."
CUST103159,P2 - Call this week,Rent-to-EMI - Hot,Banking Elsewhere,Jayanagar,+91-9451205788,customer103159@example.com,4pm-7pm,0.59,62400.0,17400.0,0.0,3212000.0,28100.0,1484000.0,Ready now,0.061,"HOT LEAD. Rent Rs 17,400 (28% of income). Eligible Rs 32L at EMI Rs 28,100. Down payment already funded (Rs 15L available)."
CUST103454,P2 - Call this week,Rent-to-EMI - Hot,Wealth Builder,Jayanagar,+91-9220230720,customer103454@example.com,4pm-7pm,0.59,60700.0,16900.0,0.0,3125000.0,27300.0,1340000.0,Ready now,0.71,"HOT LEAD. Rent Rs 16,900 (28% of income). Eligible Rs 31L at EMI Rs 27,300. Down payment already funded (Rs 13L available)."
CUST104810,P2 - Call this week,Rent-to-EMI - Hot,Wealth Builder,Whitefield,+91-9237024283,customer104810@example.com,7pm-9pm,0.59,117500.0,43400.0,0.0,6721000.0,58800.0,5988000.0,Ready now,0.486,"HOT LEAD. Rent Rs 43,400 (37% of income). Eligible Rs 67L at EMI Rs 58,800. Down payment already funded (Rs 60L available)."
CUST104935,P2 - Call this week,Balance Transfer,Wealth Builder,Koramangala,+91-9054672093,customer104935@example.com,10am-1pm,0.59,81500.0,27400.0,3800.0,3761000.0,32900.0,3025000.0,Ready now,0.313,"BT pitch: currently 10.57%, outstanding Rs 37L. Monthly saving Rs 4,793. Carry the rate sheet."
CUST105331,P2 - Call this week,Rent-to-EMI - Hot,Wealth Builder,Indiranagar,+91-9972925829,customer105331@example.com,4pm-7pm,0.59,91000.0,37800.0,4100.0,4215000.0,36800.0,3382000.0,Ready now,0.456,"HOT LEAD. Rent Rs 37,800 (42% of income). Eligible Rs 42L at EMI Rs 36,800. Down payment already funded (Rs 34L available)."
CUST106383,P2 - Call this week,Rent-to-EMI - Hot,Lifestyle Spender,Whitefield,+91-9810118310,customer106383@example.com,7pm-9pm,0.59,44500.0,7000.0,0.0,2291000.0,20000.0,844000.0,Ready now,0.117,"HOT LEAD. Rent Rs 7,000 (16% of income). Eligible Rs 23L at EMI Rs 20,000. Down payment already funded (Rs 8L available)."
CUST106612,P2 - Call this week,Rent-to-EMI - Hot,Wealth Builder,MG Road,+91-9477188042,customer106612@example.com,7pm-9pm,0.59,47800.0,19900.0,0.0,2023000.0,17700.0,2130000.0,Ready now,0.473,"HOT LEAD. Rent Rs 19,900 (42% of income). Eligible Rs 20L at EMI Rs 17,700. Down payment already funded (Rs 21L available)."
CUST106913,P2 - Call this week,Rent-to-EMI - Hot,Wealth Builder,Indiranagar,+91-9654450949,customer106913@example.com,4pm-7pm,0.59,113200.0,32800.0,15200.0,4736000.0,41400.0,5581000.0,Ready now,0.441,"HOT LEAD. Rent Rs 32,800 (29% of income). Eligible Rs 47L at EMI Rs 41,400. Down payment already funded (Rs 56L available)."
CUST107667,P2 - Call this week,Balance Transfer,Steady Saver,MG Road,+91-9717202355,customer107667@example.com,4pm-7pm,0.59,100300.0,0.0,10000.0,5167000.0,45200.0,3894000.0,Ready now,0.428,"BT pitch: currently 9.36%, outstanding Rs 37L. Monthly saving Rs 1,797. Carry the rate sheet."
CUST107833,P2 - Call this week,Home Loan - Ready,Steady Saver,Koramangala,+91-9480615001,customer107833@example.com,4pm-7pm,0.59,71500.0,0.0,0.0,3681000.0,32200.0,1974000.0,Ready now,0.829,"READY LEAD (no rent outflow - may be living with family). Eligible Rs 37L at EMI Rs 32,200. Down payment funded (Rs 20L). Segment: Steady Saver."
CUST101734,P2 - Call this week,Rent-to-EMI - Hot,Wealth Builder,MG Road,+91-9287248624,customer101734@example.com,7pm-9pm,0.589,126900.0,28100.0,0.0,7258000.0,63400.0,2937000.0,Ready now,0.932,"HOT LEAD. Rent Rs 28,100 (22% of income). Eligible Rs 73L at EMI Rs 63,400. Down payment already funded (Rs 29L available)."
CUST102117,P2 - Call this week,Rent-to-EMI - Hot,Wealth Builder,Electronic City,+91-9508571000,customer102117@example.com,10am-1pm,0.589,61000.0,8700.0,0.0,3489000.0,30500.0,1508000.0,Ready now,0.174,"HOT LEAD. Rent Rs 8,700 (14% of income). Eligible Rs 35L at EMI Rs 30,500. Down payment already funded (Rs 15L available)."
CUST102258,P2 - Call this week,Rent-to-EMI - Hot,Wealth Builder,Whitefield,+91-9337670234,customer102258@example.com,4pm-7pm,0.589,25000.0,10200.0,0.0,1287000.0,11200.0,582000.0,Ready now,1.0,"HOT LEAD. Rent Rs 10,200 (41% of income). Eligible Rs 13L at EMI Rs 11,200. Down payment already funded (Rs 6L available)."
CUST104772,P2 - Call this week,Home Loan - Ready,Steady Saver,Whitefield,+91-9710045923,customer104772@example.com,1pm-4pm,0.589,67800.0,0.0,6700.0,2724000.0,23800.0,2500000.0,Ready now,0.834,"READY LEAD (no rent outflow - may be living with family). Eligible Rs 27L at EMI Rs 23,800. Down payment funded (Rs 25L). Segment: Steady Saver."
CUST105274,P2 - Call this week,Rent-to-EMI - Hot,Lifestyle Spender,Indiranagar,+91-9995736584,customer105274@example.com,10am-1pm,0.589,64000.0,12400.0,6800.0,2883000.0,25200.0,1526000.0,Ready now,0.056,"HOT LEAD. Rent Rs 12,400 (19% of income). Eligible Rs 29L at EMI Rs 25,200. Down payment already funded (Rs 15L available)."
CUST105817,P2 - Call this week,Rent-to-EMI - Hot,Steady Saver,Jayanagar,+91-9596961129,customer105817@example.com,4pm-7pm,0.589,28400.0,5100.0,0.0,1462000.0,12800.0,863000.0,Ready now,0.814,"HOT LEAD. Rent Rs 5,100 (18% of income). Eligible Rs 15L at EMI Rs 12,800. Down payment already funded (Rs 9L available)."
CUST106137,P2 - Call this week,Home Loan - Ready,Steady Saver,Koramangala,+91-9886082539,customer106137@example.com,1pm-4pm,0.589,50600.0,0.0,0.0,2605000.0,22800.0,1477000.0,Ready now,0.995,"READY LEAD (no rent outflow - may be living with family). Eligible Rs 26L at EMI Rs 22,800. Down payment funded (Rs 15L). Segment: Steady Saver."
CUST106682,P2 - Call this week,Balance Transfer,Lifestyle Spender,Indiranagar,+91-9835630637,customer106682@example.com,4pm-7pm,0.589,130300.0,53700.0,10000.0,7054000.0,61700.0,494000.0,Not on track,1.0,"BT pitch: currently 10.29%, outstanding Rs 59L. Monthly saving Rs 6,540. Carry the rate sheet."
CUST100273,P2 - Call this week,Home Loan - Ready,Steady Saver,Indiranagar,+91-9475913064,customer100273@example.com,10am-1pm,0.588,84600.0,0.0,20600.0,2482000.0,21700.0,1271000.0,Ready now,1.0,"READY LEAD (no rent outflow - may be living with family). Eligible Rs 25L at EMI Rs 21,700. Down payment funded (Rs 13L). Segment: Steady Saver."
CUST103471,P2 - Call this week,Rent-to-EMI - Hot,Wealth Builder,Koramangala,+91-9784073956,customer103471@example.com,1pm-4pm,0.588,38100.0,9500.0,5100.0,1378000.0,12000.0,1949000.0,Ready now,0.398,"HOT LEAD. Rent Rs 9,500 (25% of income). Eligible Rs 14L at EMI Rs 12,000. Down payment already funded (Rs 19L available)."
CUST104377,P2 - Call this week,Rent-to-EMI - Hot,Wealth Builder,Electronic City,+91-9792589442,customer104377@example.com,1pm-4pm,0.588,101800.0,23100.0,0.0,5823000.0,50900.0,1995000.0,Ready now,0.366,"HOT LEAD. Rent Rs 23,100 (23% of income). Eligible Rs 58L at EMI Rs 50,900. Down payment already funded (Rs 20L available)."
CUST106259,P2 - Call this week,Home Loan - Ready,Steady Saver,Electronic City,+91-9290035828,customer106259@example.com,4pm-7pm,0.588,36800.0,0.0,7900.0,1201000.0,10500.0,2119000.0,Ready now,0.556,"READY LEAD (no rent outflow - may be living with family). Eligible Rs 12L at EMI Rs 10,500. Down payment funded (Rs 21L). Segment: Steady Saver."
CUST102204,P2 - Call this week,Rent-to-EMI - Hot,Wealth Builder,MG Road,+91-9621342912,customer102204@example.com,4pm-7pm,0.587,109200.0,28500.0,9700.0,5136000.0,44900.0,3375000.0,Ready now,0.188,"HOT LEAD. Rent Rs 28,500 (26% of income). Eligible Rs 51L at EMI Rs 44,900. Down payment already funded (Rs 34L available)."
CUST102629,P2 - Call this week,Rent-to-EMI - Hot,Wealth Builder,MG Road,+91-9281470881,customer102629@example.com,1pm-4pm,0.587,141200.0,56500.0,0.0,8076000.0,70600.0,2149000.0,Ready now,0.998,"HOT LEAD. Rent Rs 56,500 (40% of income). Eligible Rs 81L at EMI Rs 70,600. Down payment already funded (Rs 21L available)."
CUST103436,P2 - Call this week,Rent-to-EMI - Hot,Banking Elsewhere,Whitefield,+91-9269363884,customer103436@example.com,7pm-9pm,0.587,71600.0,9700.0,0.0,4095000.0,35800.0,1046000.0,Ready now,0.467,"HOT LEAD. Rent Rs 9,700 (14% of income). Eligible Rs 41L at EMI Rs 35,800. Down payment already funded (Rs 10L available)."
CUST106594,P2 - Call this week,Rent-to-EMI - Hot,Wealth Builder,Koramangala,+91-9052742419,customer106594@example.com,4pm-7pm,0.587,75000.0,24600.0,0.0,3861000.0,33800.0,2260000.0,Ready now,0.484,"HOT LEAD. Rent Rs 24,600 (33% of income). Eligible Rs 39L at EMI Rs 33,800. Down payment already funded (Rs 23L available)."
CUST106730,P2 - Call this week,Home Loan - Ready,Steady Saver,Koramangala,+91-9818664018,customer106730@example.com,1pm-4pm,0.587,25500.0,0.0,0.0,1079000.0,9400.0,1240000.0,Ready now,0.539,"READY LEAD (no rent outflow - may be living with family). Eligible Rs 11L at EMI Rs 9,400. Down payment funded (Rs 12L). Segment: Steady Saver."
CUST106915,P2 - Call this week,Balance Transfer,Steady Saver,Whitefield,+91-9254026905,customer106915@example.com,1pm-4pm,0.587,82400.0,0.0,0.0,4242000.0,37100.0,2546000.0,Ready now,0.259,"BT pitch: currently 10.33%, outstanding Rs 35L. Monthly saving Rs 3,933. Carry the rate sheet."
CUST100372,P2 - Call this week,Rent-to-EMI - Hot,Wealth Builder,Koramangala,+91-9992862801,customer100372@example.com,7pm-9pm,0.586,84500.0,18000.0,11400.0,2272000.0,19900.0,4852000.0,Ready now,0.564,"HOT LEAD. Rent Rs 18,000 (21% of income). Eligible Rs 23L at EMI Rs 19,900. Down payment already funded (Rs 49L available)."
CUST101941,P2 - Call this week,Rent-to-EMI - Hot,Wealth Builder,Whitefield,+91-9056944609,customer101941@example.com,4pm-7pm,0.586,32100.0,11600.0,3500.0,1252000.0,10900.0,740000.0,Ready now,0.418,"HOT LEAD. Rent Rs 11,600 (36% of income). Eligible Rs 13L at EMI Rs 10,900. Down payment already funded (Rs 7L available)."
CUST104061,P2 - Call this week,Balance Transfer,Steady Saver,MG Road,+91-9091079991,customer104061@example.com,4pm-7pm,0.586,75100.0,0.0,14100.0,2253000.0,19700.0,3959000.0,Ready now,0.476,"BT pitch: currently 9.62%, outstanding Rs 24L. Monthly saving Rs 1,573. Carry the rate sheet."
CUST105421,P2 - Call this week,Rent-to-EMI - Hot,Wealth Builder,Jayanagar,+91-9181394187,customer105421@example.com,4pm-7pm,0.586,130800.0,28400.0,16300.0,6365000.0,55600.0,3220000.0,Ready now,1.0,"HOT LEAD. Rent Rs 28,400 (22% of income). Eligible Rs 64L at EMI Rs 55,600. Down payment already funded (Rs 32L available)."
CUST105429,P2 - Call this week,Rent-to-EMI - Hot,Wealth Builder,MG Road,+91-9863757455,customer105429@example.com,4pm-7pm,0.586,29500.0,5100.0,0.0,1519000.0,13300.0,1636000.0,Ready now,0.544,"HOT LEAD. Rent Rs 5,100 (17% of income). Eligible Rs 15L at EMI Rs 13,300. Down payment already funded (Rs 16L available)."
CUST106050,P2 - Call this week,Home Loan - Ready,Steady Saver,Indiranagar,+91-9067194164,customer106050@example.com,1pm-4pm,0.586,36900.0,0.0,0.0,1900000.0,16600.0,2154000.0,Ready now,1.0,"READY LEAD (no rent outflow - may be living with family). Eligible Rs 19L at EMI Rs 16,600. Down payment funded (Rs 22L). Segment: Steady Saver."
CUST106330,P2 - Call this week,Balance Transfer,Stretched Borrower,Jayanagar,+91-9321611357,customer106330@example.com,4pm-7pm,0.586,166800.0,36400.0,23700.0,6829000.0,59700.0,5661000.0,Ready now,0.549,"BT pitch: currently 10.52%, outstanding Rs 74L. Monthly saving Rs 9,340. Carry the rate sheet."
CUST106356,P2 - Call this week,Rent-to-EMI - Hot,Wealth Builder,Indiranagar,+91-9640099100,customer106356@example.com,7pm-9pm,0.586,45100.0,15400.0,2600.0,2024000.0,17700.0,2110000.0,Ready now,0.857,"HOT LEAD. Rent Rs 15,400 (34% of income). Eligible Rs 20L at EMI Rs 17,700. Down payment already funded (Rs 21L available)."
CUST106733,P2 - Call this week,Home Loan - Ready,Steady Saver,Indiranagar,+91-9455343552,customer106733@example.com,10am-1pm,0.586,86900.0,0.0,15900.0,2655000.0,23200.0,1196000.0,Ready now,0.997,"READY LEAD (no rent outflow - may be living with family). Eligible Rs 27L at EMI Rs 23,200. Down payment funded (Rs 12L). Segment: Steady Saver."
CUST104016,P2 - Call this week,Balance Transfer,Wealth Builder,Electronic City,+91-9434621929,customer104016@example.com,4pm-7pm,0.585,76300.0,31900.0,0.0,3928000.0,34300.0,3115000.0,Ready now,0.508,"BT pitch: currently 9.46%, outstanding Rs 46L. Monthly saving Rs 2,524. Carry the rate sheet."
CUST105180,P2 - Call this week,Rent-to-EMI - Hot,Wealth Builder,Electronic City,+91-9793619659,customer105180@example.com,4pm-7pm,0.585,188500.0,24900.0,32300.0,5362000.0,46900.0,5854000.0,Ready now,0.858,"HOT LEAD. Rent Rs 24,900 (13% of income). Eligible Rs 54L at EMI Rs 46,900. Down payment already funded (Rs 59L available)."
CUST107210,P2 - Call this week,Rent-to-EMI - Hot,Wealth Builder,Whitefield,+91-9336799735,customer107210@example.com,10am-1pm,0.585,74800.0,29100.0,7100.0,3038000.0,26600.0,1944000.0,Ready now,0.999,"HOT LEAD. Rent Rs 29,100 (39% of income). Eligible Rs 30L at EMI Rs 26,600. Down payment already funded (Rs 19L available)."
CUST100055,P2 - Call this week,Rent-to-EMI - Hot,Lifestyle Spender,Whitefield,+91-9361474401,customer100055@example.com,4pm-7pm,0.584,76400.0,18600.0,13500.0,2826000.0,24700.0,1859000.0,Ready now,0.111,"HOT LEAD. Rent Rs 18,600 (24% of income). Eligible Rs 28L at EMI Rs 24,700. Down payment already funded (Rs 19L available)."
CUST100621,P2 - Call this week,Rent-to-EMI - Hot,Wealth Builder,Jayanagar,+91-9646791146,customer100621@example.com,1pm-4pm,0.584,88200.0,30700.0,13100.0,3042000.0,26600.0,4857000.0,Ready now,0.481,"HOT LEAD. Rent Rs 30,700 (35% of income). Eligible Rs 30L at EMI Rs 26,600. Down payment already funded (Rs 49L available)."
CUST102781,P2 - Call this week,Home Loan - Ready,Steady Saver,Koramangala,+91-9414297529,customer102781@example.com,1pm-4pm,0.584,132400.0,0.0,13200.0,6063000.0,53000.0,5524000.0,Ready now,0.575,"READY LEAD (no rent outflow - may be living with family). Eligible Rs 61L at EMI Rs 53,000. Down payment funded (Rs 55L). Segment: Steady Saver."
CUST103140,P2 - Call this week,Home Loan - Ready,Steady Saver,Jayanagar,+91-9795003667,customer103140@example.com,10am-1pm,0.584,57000.0,0.0,4800.0,2711000.0,23700.0,3485000.0,Ready now,0.551,"READY LEAD (no rent outflow - may be living with family). Eligible Rs 27L at EMI Rs 23,700. Down payment funded (Rs 35L). Segment: Steady Saver."
CUST103461,P2 - Call this week,Rent-to-EMI - Hot,Wealth Builder,MG Road,+91-9952180638,customer103461@example.com,1pm-4pm,0.584,68800.0,23900.0,0.0,2912000.0,25500.0,1346000.0,Ready now,1.0,"HOT LEAD. Rent Rs 23,900 (35% of income). Eligible Rs 29L at EMI Rs 25,500. Down payment already funded (Rs 13L available)."
CUST103557,P2 - Call this week,Home Loan - Ready,Steady Saver,Whitefield,+91-9666196554,customer103557@example.com,10am-1pm,0.584,55800.0,0.0,2900.0,2030000.0,17700.0,1143000.0,Ready now,1.0,"READY LEAD (no rent outflow - may be living with family). Eligible Rs 20L at EMI Rs 17,700. Down payment funded (Rs 11L). Segment: Steady Saver."
CUST105017,P2 - Call this week,Home Loan - Ready,Steady Saver,Koramangala,+91-9509268132,customer105017@example.com,4pm-7pm,0.584,57600.0,0.0,7300.0,2130000.0,18600.0,1644000.0,Ready now,0.992,"READY LEAD (no rent outflow - may be living with family). Eligible Rs 21L at EMI Rs 18,600. Down payment funded (Rs 16L). Segment: Steady Saver."
CUST105325,P2 - Call this week,Rent-to-EMI - Hot,Wealth Builder,Whitefield,+91-9978449272,customer105325@example.com,1pm-4pm,0.584,119600.0,19700.0,8900.0,4728000.0,41300.0,7375000.0,Ready now,0.836,"HOT LEAD. Rent Rs 19,700 (16% of income). Eligible Rs 47L at EMI Rs 41,300. Down payment already funded (Rs 74L available)."
CUST106513,P2 - Call this week,Rent-to-EMI - Hot,Lifestyle Spender,Jayanagar,+91-9546396352,customer106513@example.com,7pm-9pm,0.584,58600.0,17100.0,0.0,3352000.0,29300.0,890000.0,Ready now,0.079,"HOT LEAD. Rent Rs 17,100 (29% of income). Eligible Rs 34L at EMI Rs 29,300. Down payment already funded (Rs 9L available)."
CUST107789,P2 - Call this week,Rent-to-EMI - Hot,Wealth Builder,Jayanagar,+91-9410606226,customer107789@example.com,7pm-9pm,0.584,50800.0,11900.0,3600.0,2203000.0,19300.0,2449000.0,Ready now,0.454,"HOT LEAD. Rent Rs 11,900 (23% of income). Eligible Rs 22L at EMI Rs 19,300. Down payment already funded (Rs 24L available)."
CUST104086,P2 - Call this week,Rent-to-EMI - Hot,Steady Saver,Electronic City,+91-9528233922,customer104086@example.com,10am-1pm,0.583,78600.0,10400.0,0.0,4046000.0,35400.0,1696000.0,Ready now,0.547,"HOT LEAD. Rent Rs 10,400 (13% of income). Eligible Rs 40L at EMI Rs 35,400. Down payment already funded (Rs 17L available)."
CUST100770,P2 - Call this week,Home Loan - Ready,Steady Saver,Indiranagar,+91-9578578789,customer100770@example.com,1pm-4pm,0.582,77600.0,0.0,7100.0,2472000.0,21600.0,3291000.0,Ready now,0.995,"READY LEAD (no rent outflow - may be living with family). Eligible Rs 25L at EMI Rs 21,600. Down payment funded (Rs 33L). Segment: Steady Saver."
CUST101224,P2 - Call this week,Home Loan - Ready,Steady Saver,Koramangala,+91-9622230518,customer101224@example.com,1pm-4pm,0.582,58100.0,0.0,5300.0,2385000.0,20800.0,1192000.0,Ready now,0.628,"READY LEAD (no rent outflow - may be living with family). Eligible Rs 24L at EMI Rs 20,800. Down payment funded (Rs 12L). Segment: Steady Saver."
CUST101420,P2 - Call this week,Home Loan - Ready,Steady Saver,Koramangala,+91-9313475656,customer101420@example.com,7pm-9pm,0.582,81500.0,0.0,0.0,4662000.0,40800.0,2552000.0,Ready now,0.561,"READY LEAD (no rent outflow - may be living with family). Eligible Rs 47L at EMI Rs 40,800. Down payment funded (Rs 26L). Segment: Steady Saver."
CUST102568,P2 - Call this week,Rent-to-EMI - Hot,Wealth Builder,Koramangala,+91-9100853879,customer102568@example.com,10am-1pm,0.582,95100.0,13100.0,6100.0,4198000.0,36700.0,1333000.0,Ready now,1.0,"HOT LEAD. Rent Rs 13,100 (14% of income). Eligible Rs 42L at EMI Rs 36,700. Down payment already funded (Rs 13L available)."
CUST104223,P2 - Call this week,Rent-to-EMI - Hot,Steady Saver,Indiranagar,+91-9257818276,customer104223@example.com,4pm-7pm,0.582,47800.0,7600.0,2600.0,2163000.0,18900.0,2668000.0,Ready now,0.865,"HOT LEAD. Rent Rs 7,600 (16% of income). Eligible Rs 22L at EMI Rs 18,900. Down payment already funded (Rs 27L available)."
CUST101483,P2 - Call this week,Rent-to-EMI - Hot,Lifestyle Spender,Whitefield,+91-9418863252,customer101483@example.com,4pm-7pm,0.581,67200.0,27600.0,5300.0,2853000.0,24900.0,1014000.0,Ready now,0.133,"HOT LEAD. Rent Rs 27,600 (41% of income). Eligible Rs 29L at EMI Rs 24,900. Down payment already funded (Rs 10L available)."
CUST101655,P2 - Call this week,Rent-to-EMI - Hot,Steady Saver,Electronic City,+91-9530408131,customer101655@example.com,4pm-7pm,0.581,46100.0,6500.0,0.0,1951000.0,17100.0,1074000.0,Ready now,0.36,"HOT LEAD. Rent Rs 6,500 (14% of income). Eligible Rs 20L at EMI Rs 17,100. Down payment already funded (Rs 11L available)."
CUST104997,P2 - Call this week,Rent-to-EMI - Hot,Wealth Builder,Indiranagar,+91-9302728594,customer104997@example.com,4pm-7pm,0.581,154200.0,57500.0,20300.0,5086000.0,44500.0,5152000.0,Ready now,0.997,"HOT LEAD. Rent Rs 57,500 (37% of income). Eligible Rs 51L at EMI Rs 44,500. Down payment already funded (Rs 52L available)."
CUST107417,P2 - Call this week,Rent-to-EMI - Hot,Steady Saver,Whitefield,+91-9874503088,customer107417@example.com,7pm-9pm,0.581,101500.0,17200.0,0.0,4877000.0,42600.0,4723000.0,Ready now,0.741,"HOT LEAD. Rent Rs 17,200 (17% of income). Eligible Rs 49L at EMI Rs 42,600. Down payment already funded (Rs 47L available)."
CUST105061,P2 - Call this week,Home Loan - Ready,Steady Saver,Electronic City,+91-9857075942,customer105061@example.com,10am-1pm,0.58,35400.0,0.0,5600.0,1182000.0,10300.0,644000.0,Ready now,0.669,"READY LEAD (no rent outflow - may be living with family). Eligible Rs 12L at EMI Rs 10,300. Down payment funded (Rs 6L). Segment: Steady Saver."
CUST104307,P2 - Call this week,Rent-to-EMI - Hot,Wealth Builder,Electronic City,+91-9369259854,customer104307@example.com,10am-1pm,0.579,75400.0,9200.0,4300.0,2699000.0,23600.0,2402000.0,Ready now,0.62,"HOT LEAD. Rent Rs 9,200 (12% of income). Eligible Rs 27L at EMI Rs 23,600. Down payment already funded (Rs 24L available)."
CUST105662,P2 - Call this week,Home Loan - Ready,Steady Saver,Electronic City,+91-9303726461,customer105662@example.com,1pm-4pm,0.579,25100.0,0.0,4700.0,754000.0,6600.0,754000.0,Ready now,1.0,"READY LEAD (no rent outflow - may be living with family). Eligible Rs 8L at EMI Rs 6,600. Down payment funded (Rs 8L). Segment: Steady Saver."
CUST107045,P2 - Call this week,Rent-to-EMI - Hot,Wealth Builder,MG Road,+91-9687556598,customer107045@example.com,10am-1pm,0.579,170000.0,40400.0,24400.0,5377000.0,47000.0,6187000.0,Ready now,0.998,"HOT LEAD. Rent Rs 40,400 (24% of income). Eligible Rs 54L at EMI Rs 47,000. Down payment already funded (Rs 62L available)."
CUST107115,P2 - Call this week,Rent-to-EMI - Hot,Wealth Builder,Koramangala,+91-9122481779,customer107115@example.com,7pm-9pm,0.579,69500.0,11700.0,0.0,3578000.0,31300.0,2102000.0,Ready now,0.519,"HOT LEAD. Rent Rs 11,700 (17% of income). Eligible Rs 36L at EMI Rs 31,300. Down payment already funded (Rs 21L available)."
CUST100229,P2 - Call this week,Rent-to-EMI - Hot,Wealth Builder,MG Road,+91-9134146400,customer100229@example.com,10am-1pm,0.578,85400.0,12500.0,8600.0,3412000.0,29800.0,3554000.0,Ready now,0.389,"HOT LEAD. Rent Rs 12,500 (15% of income). Eligible Rs 34L at EMI Rs 29,800. Down payment already funded (Rs 36L available)."
CUST101313,P2 - Call this week,Home Loan - Ready,Steady Saver,Jayanagar,+91-9621463816,customer101313@example.com,7pm-9pm,0.578,57900.0,0.0,0.0,2981000.0,26100.0,2612000.0,Ready now,0.869,"READY LEAD (no rent outflow - may be living with family). Eligible Rs 30L at EMI Rs 26,100. Down payment funded (Rs 26L). Segment: Steady Saver."
CUST102090,P2 - Call this week,Rent-to-EMI - Hot,Lifestyle Spender,Electronic City,+91-9401949034,customer102090@example.com,10am-1pm,0.578,114200.0,32500.0,0.0,7185000.0,62800.0,1656000.0,Ready now,0.546,"HOT LEAD. Rent Rs 32,500 (28% of income). Eligible Rs 72L at EMI Rs 62,800. Down payment already funded (Rs 17L available)."
CUST105216,P2 - Call this week,Rent-to-EMI - Hot,Wealth Builder,Electronic City,+91-9388666696,customer105216@example.com,10am-1pm,0.578,59600.0,14900.0,5000.0,2496000.0,21800.0,1545000.0,Ready now,0.999,"HOT LEAD. Rent Rs 14,900 (25% of income). Eligible Rs 25L at EMI Rs 21,800. Down payment already funded (Rs 15L available)."
CUST107329,P2 - Call this week,Rent-to-EMI - Hot,Wealth Builder,MG Road,+91-9555263689,customer107329@example.com,1pm-4pm,0.578,82100.0,28800.0,11800.0,2876000.0,25100.0,3617000.0,Ready now,0.537,"HOT LEAD. Rent Rs 28,800 (35% of income). Eligible Rs 29L at EMI Rs 25,100. Down payment already funded (Rs 36L available)."
CUST107676,P2 - Call this week,Home Loan - Ready,Steady Saver,Whitefield,+91-9875382245,customer107676@example.com,4pm-7pm,0.578,41500.0,0.0,0.0,2374000.0,20800.0,1946000.0,Ready now,0.401,"READY LEAD (no rent outflow - may be living with family). Eligible Rs 24L at EMI Rs 20,800. Down payment funded (Rs 19L). Segment: Steady Saver."
CUST100708,P2 - Call this week,Home Loan - Ready,Steady Saver,Koramangala,+91-9556093110,customer100708@example.com,1pm-4pm,0.577,67200.0,0.0,3000.0,2501000.0,21900.0,1088000.0,Ready now,1.0,"READY LEAD (no rent outflow - may be living with family). Eligible Rs 25L at EMI Rs 21,900. Down payment funded (Rs 11L). Segment: Steady Saver."
CUST101618,P2 - Call this week,Home Loan - Ready,Steady Saver,Electronic City,+91-9765080413,customer101618@example.com,1pm-4pm,0.577,153000.0,0.0,15000.0,5635000.0,49300.0,4978000.0,Ready now,0.718,"READY LEAD (no rent outflow - may be living with family). Eligible Rs 56L at EMI Rs 49,300. Down payment funded (Rs 50L). Segment: Steady Saver."
CUST101919,P2 - Call this week,Rent-to-EMI - Hot,Wealth Builder,MG Road,+91-9025407381,customer101919@example.com,10am-1pm,0.577,64300.0,26400.0,3300.0,2933000.0,25600.0,1068000.0,Ready now,0.994,"HOT LEAD. Rent Rs 26,400 (41% of income). Eligible Rs 29L at EMI Rs 25,600. Down payment already funded (Rs 11L available)."
CUST106434,P2 - Call this week,Rent-to-EMI - Hot,Wealth Builder,MG Road,+91-9403105866,customer106434@example.com,7pm-9pm,0.577,45800.0,18700.0,4800.0,1809000.0,15800.0,1471000.0,Ready now,0.511,"HOT LEAD. Rent Rs 18,700 (41% of income). Eligible Rs 18L at EMI Rs 15,800. Down payment already funded (Rs 15L available)."
CUST106762,P2 - Call this week,Balance Transfer,Wealth Builder,Whitefield,+91-9317050932,customer106762@example.com,7pm-9pm,0.577,40000.0,8400.0,0.0,2059000.0,18000.0,2687000.0,Ready now,0.913,"BT pitch: currently 10.57%, outstanding Rs 15L. Monthly saving Rs 1,873. Carry the rate sheet."
CUST107929,P2 - Call this week,Home Loan - Ready,Steady Saver,MG Road,+91-9437954738,customer107929@example.com,4pm-7pm,0.577,25000.0,0.0,4700.0,892000.0,7800.0,1138000.0,Ready now,0.817,"READY LEAD (no rent outflow - may be living with family). Eligible Rs 9L at EMI Rs 7,800. Down payment funded (Rs 11L). Segment: Steady Saver."
CUST100081,P2 - Call this week,Rent-to-EMI - Hot,Lifestyle Spender,MG Road,+91-9646567956,customer100081@example.com,10am-1pm,0.576,54800.0,8200.0,2700.0,2512000.0,22000.0,1104000.0,Ready now,0.125,"HOT LEAD. Rent Rs 8,200 (15% of income). Eligible Rs 25L at EMI Rs 22,000. Down payment already funded (Rs 11L available)."
CUST101929,P2 - Call this week,Rent-to-EMI - Hot,Wealth Builder,Whitefield,+91-9445728572,customer101929@example.com,1pm-4pm,0.576,78300.0,12200.0,7100.0,3219000.0,28100.0,3875000.0,Ready now,0.999,"HOT LEAD. Rent Rs 12,200 (16% of income). Eligible Rs 32L at EMI Rs 28,100. Down payment already funded (Rs 39L available)."
CUST102831,P2 - Call this week,Rent-to-EMI - Hot,Wealth Builder,Electronic City,+91-9918643682,customer102831@example.com,10am-1pm,0.576,56100.0,21200.0,9300.0,1824000.0,15900.0,2264000.0,Ready now,0.444,"HOT LEAD. Rent Rs 21,200 (38% of income). Eligible Rs 18L at EMI Rs 15,900. Down payment already funded (Rs 23L available)."
CUST104396,P2 - Call this week,Home Loan - Ready,Steady Saver,Whitefield,+91-9914991684,customer104396@example.com,1pm-4pm,0.576,39700.0,0.0,0.0,2044000.0,17900.0,1115000.0,Ready now,0.995,"READY LEAD (no rent outflow - may be living with family). Eligible Rs 20L at EMI Rs 17,900. Down payment funded (Rs 11L). Segment: Steady Saver."
CUST105948,P2 - Call this week,Rent-to-EMI - Hot,Wealth Builder,Indiranagar,+91-9395086936,customer105948@example.com,10am-1pm,0.576,53000.0,9800.0,10800.0,1493000.0,13000.0,1205000.0,Ready now,1.0,"HOT LEAD. Rent Rs 9,800 (18% of income). Eligible Rs 15L at EMI Rs 13,000. Down payment already funded (Rs 12L available)."
CUST107745,P2 - Call this week,Rent-to-EMI - Hot,Lifestyle Spender,Koramangala,+91-9607176505,customer107745@example.com,4pm-7pm,0.576,65500.0,20600.0,19300.0,1164000.0,10200.0,1101000.0,Ready now,0.066,"HOT LEAD. Rent Rs 20,600 (32% of income). Eligible Rs 12L at EMI Rs 10,200. Down payment already funded (Rs 11L available)."
CUST101090,P2 - Call this week,Rent-to-EMI - Hot,Steady Saver,Whitefield,+91-9935527732,customer101090@example.com,1pm-4pm,0.575,108800.0,18600.0,0.0,6223000.0,54400.0,3817000.0,Ready now,0.59,"HOT LEAD. Rent Rs 18,600 (17% of income). Eligible Rs 62L at EMI Rs 54,400. Down payment already funded (Rs 38L available)."
CUST102548,P2 - Call this week,Rent-to-EMI - Hot,Lifestyle Spender,Jayanagar,+91-9798237778,customer102548@example.com,4pm-7pm,0.575,56100.0,13300.0,0.0,2888000.0,25200.0,1168000.0,Ready now,0.111,"HOT LEAD. Rent Rs 13,300 (24% of income). Eligible Rs 29L at EMI Rs 25,200. Down payment already funded (Rs 12L available)."
CUST103308,P2 - Call this week,Home Loan - Ready,Steady Saver,Koramangala,+91-9354350491,customer103308@example.com,1pm-4pm,0.575,81600.0,0.0,22500.0,880000.0,7700.0,4732000.0,Ready now,1.0,"READY LEAD (no rent outflow - may be living with family). Eligible Rs 9L at EMI Rs 7,700. Down payment funded (Rs 47L). Segment: Steady Saver."
CUST106026,P2 - Call this week,Rent-to-EMI - Hot,Wealth Builder,Koramangala,+91-9551124598,customer106026@example.com,1pm-4pm,0.575,100800.0,30800.0,8900.0,4747000.0,41500.0,2322000.0,Ready now,0.998,"HOT LEAD. Rent Rs 30,800 (31% of income). Eligible Rs 47L at EMI Rs 41,500. Down payment already funded (Rs 23L available)."
CUST107371,P2 - Call this week,Rent-to-EMI - Hot,Steady Saver,Indiranagar,+91-9456516206,customer107371@example.com,10am-1pm,0.575,43600.0,5900.0,3000.0,1502000.0,13100.0,1802000.0,Ready now,0.739,"HOT LEAD. Rent Rs 5,900 (14% of income). Eligible Rs 15L at EMI Rs 13,100. Down payment already funded (Rs 18L available)."
CUST100979,P2 - Call this week,Home Loan - Ready,Steady Saver,Electronic City,+91-9312958843,customer100979@example.com,7pm-9pm,0.574,90900.0,0.0,0.0,4679000.0,40900.0,4976000.0,Ready now,0.459,"READY LEAD (no rent outflow - may be living with family). Eligible Rs 47L at EMI Rs 40,900. Down payment funded (Rs 50L). Segment: Steady Saver."
CUST101107,P2 - Call this week,Rent-to-EMI - Hot,Wealth Builder,Jayanagar,+91-9027980761,customer101107@example.com,4pm-7pm,0.574,29500.0,5300.0,5900.0,1012000.0,8800.0,406000.0,Ready now,0.99,"HOT LEAD. Rent Rs 5,300 (18% of income). Eligible Rs 10L at EMI Rs 8,800. Down payment already funded (Rs 4L available)."
CUST101290,P2 - Call this week,Home Loan - Ready,Steady Saver,Whitefield,+91-9624912939,customer101290@example.com,1pm-4pm,0.574,52500.0,0.0,4200.0,2222000.0,19400.0,1281000.0,Ready now,0.995,"READY LEAD (no rent outflow - may be living with family). Eligible Rs 22L at EMI Rs 19,400. Down payment funded (Rs 13L). Segment: Steady Saver."
CUST101854,P2 - Call this week,Home Loan - Ready,Steady Saver,Indiranagar,+91-9963363773,customer101854@example.com,4pm-7pm,0.574,48900.0,0.0,0.0,2517000.0,22000.0,2188000.0,Ready now,0.401,"READY LEAD (no rent outflow - may be living with family). Eligible Rs 25L at EMI Rs 22,000. Down payment funded (Rs 22L). Segment: Steady Saver."
CUST102499,P2 - Call this week,Home Loan - Ready,Steady Saver,Electronic City,+91-9407929349,customer102499@example.com,10am-1pm,0.574,159600.0,0.0,32300.0,5434000.0,47500.0,3520000.0,Ready now,0.964,"READY LEAD (no rent outflow - may be living with family). Eligible Rs 54L at EMI Rs 47,500. Down payment funded (Rs 35L). Segment: Steady Saver."
CUST102511,P2 - Call this week,Home Loan - Ready,Steady Saver,Koramangala,+91-9989161289,customer102511@example.com,10am-1pm,0.574,66500.0,0.0,8600.0,2820000.0,24600.0,1135000.0,Ready now,1.0,"READY LEAD (no rent outflow - may be living with family). Eligible Rs 28L at EMI Rs 24,600. Down payment funded (Rs 11L). Segment: Steady Saver."
CUST102730,P2 - Call this week,Rent-to-EMI - Hot,Wealth Builder,Indiranagar,+91-9204408733,customer102730@example.com,4pm-7pm,0.574,64100.0,20700.0,0.0,3666000.0,32000.0,2038000.0,Ready now,0.303,"HOT LEAD. Rent Rs 20,700 (32% of income). Eligible Rs 37L at EMI Rs 32,000. Down payment already funded (Rs 20L available)."
CUST103197,P2 - Call this week,Home Loan - Ready,Steady Saver,Indiranagar,+91-9526841544,customer103197@example.com,7pm-9pm,0.574,97300.0,0.0,9700.0,3899000.0,34100.0,3700000.0,Ready now,0.373,"READY LEAD (no rent outflow - may be living with family). Eligible Rs 39L at EMI Rs 34,100. Down payment funded (Rs 37L). Segment: Steady Saver."
CUST106209,P2 - Call this week,Rent-to-EMI - Hot,Wealth Builder,MG Road,+91-9695796836,customer106209@example.com,1pm-4pm,0.574,35400.0,14500.0,0.0,1822000.0,15900.0,1754000.0,Ready now,0.501,"HOT LEAD. Rent Rs 14,500 (41% of income). Eligible Rs 18L at EMI Rs 15,900. Down payment already funded (Rs 18L available)."
CUST100595,P2 - Call this week,Rent-to-EMI - Hot,Wealth Builder,MG Road,+91-9727351020,customer100595@example.com,1pm-4pm,0.573,113400.0,19700.0,11600.0,5159000.0,45100.0,2685000.0,Ready now,0.999,"HOT LEAD. Rent Rs 19,700 (17% of income). Eligible Rs 52L at EMI Rs 45,100. Down payment already funded (Rs 27L available)."
CUST101879,P2 - Call this week,Rent-to-EMI - Hot,Steady Saver,Electronic City,+91-9894530923,customer101879@example.com,10am-1pm,0.573,54200.0,8900.0,2800.0,2470000.0,21600.0,1495000.0,Ready now,0.573,"HOT LEAD. Rent Rs 8,900 (16% of income). Eligible Rs 25L at EMI Rs 21,600. Down payment already funded (Rs 15L available)."
CUST103386,P2 - Call this week,Rent-to-EMI - Hot,Wealth Builder,Jayanagar,+91-9523930429,customer103386@example.com,4pm-7pm,0.573,95200.0,19600.0,0.0,4901000.0,42800.0,3170000.0,Ready now,0.302,"HOT LEAD. Rent Rs 19,600 (21% of income). Eligible Rs 49L at EMI Rs 42,800. Down payment already funded (Rs 32L available)."
CUST103517,P2 - Call this week,Home Loan - Ready,Steady Saver,MG Road,+91-9474837700,customer103517@example.com,7pm-9pm,0.573,41300.0,0.0,4200.0,1268000.0,11100.0,1222000.0,Ready now,0.421,"READY LEAD (no rent outflow - may be living with family). Eligible Rs 13L at EMI Rs 11,100. Down payment funded (Rs 12L). Segment: Steady Saver."
CUST100496,P2 - Call this week,Rent-to-EMI - Hot,Wealth Builder,Indiranagar,+91-9238719186,customer100496@example.com,10am-1pm,0.572,47800.0,6300.0,6200.0,1314000.0,11500.0,1584000.0,Ready now,0.352,"HOT LEAD. Rent Rs 6,300 (13% of income). Eligible Rs 13L at EMI Rs 11,500. Down payment already funded (Rs 16L available)."
CUST105087,P2 - Call this week,Rent-to-EMI - Hot,Wealth Builder,Koramangala,+91-9735442035,customer105087@example.com,4pm-7pm,0.572,61400.0,20200.0,0.0,2599000.0,22700.0,2653000.0,Ready now,0.371,"HOT LEAD. Rent Rs 20,200 (33% of income). Eligible Rs 26L at EMI Rs 22,700. Down payment already funded (Rs 27L available)."
CUST106019,P2 - Call this week,Home Loan - Ready,Steady Saver,Indiranagar,+91-9268401731,customer106019@example.com,10am-1pm,0.572,120400.0,0.0,12900.0,5411000.0,47300.0,5432000.0,Ready now,0.594,"READY LEAD (no rent outflow - may be living with family). Eligible Rs 54L at EMI Rs 47,300. Down payment funded (Rs 54L). Segment: Steady Saver."
CUST106342,P2 - Call this week,Home Loan - Ready,Steady Saver,Whitefield,+91-9869194675,customer106342@example.com,1pm-4pm,0.572,95600.0,0.0,4300.0,4429000.0,38700.0,4649000.0,Ready now,0.493,"READY LEAD (no rent outflow - may be living with family). Eligible Rs 44L at EMI Rs 38,700. Down payment funded (Rs 46L). Segment: Steady Saver."
CUST106352,P2 - Call this week,Home Loan - Ready,Steady Saver,MG Road,+91-9858624224,customer106352@example.com,1pm-4pm,0.572,52800.0,0.0,4800.0,2169000.0,19000.0,1272000.0,Ready now,1.0,"READY LEAD (no rent outflow - may be living with family). Eligible Rs 22L at EMI Rs 19,000. Down payment funded (Rs 13L). Segment: Steady Saver."
CUST103096,P2 - Call this week,Home Loan - Ready,Steady Saver,Indiranagar,+91-9372566423,customer103096@example.com,7pm-9pm,0.571,95000.0,0.0,5900.0,4759000.0,41600.0,1551000.0,Ready now,0.988,"READY LEAD (no rent outflow - may be living with family). Eligible Rs 48L at EMI Rs 41,600. Down payment funded (Rs 16L). Segment: Steady Saver."
CUST103158,P2 - Call this week,Home Loan - Ready,Steady Saver,Koramangala,+91-9554344883,customer103158@example.com,1pm-4pm,0.571,99300.0,0.0,0.0,5112000.0,44700.0,4255000.0,Ready now,0.997,"READY LEAD (no rent outflow - may be living with family). Eligible Rs 51L at EMI Rs 44,700. Down payment funded (Rs 43L). Segment: Steady Saver."
CUST106107,P2 - Call this week,Rent-to-EMI - Hot,Wealth Builder,Koramangala,+91-9435471308,customer106107@example.com,4pm-7pm,0.571,69000.0,24200.0,0.0,2921000.0,25500.0,2684000.0,Ready now,0.996,"HOT LEAD. Rent Rs 24,200 (35% of income). Eligible Rs 29L at EMI Rs 25,500. Down payment already funded (Rs 27L available)."
CUST106963,P2 - Call this week,Home Loan - Ready,Steady Saver,Electronic City,+91-9265743472,customer106963@example.com,10am-1pm,0.571,89500.0,0.0,0.0,4607000.0,40300.0,2488000.0,Ready now,0.759,"READY LEAD (no rent outflow - may be living with family). Eligible Rs 46L at EMI Rs 40,300. Down payment funded (Rs 25L). Segment: Steady Saver."
CUST107044,P2 - Call this week,Rent-to-EMI - Hot,Wealth Builder,MG Road,+91-9203631849,customer107044@example.com,4pm-7pm,0.571,60000.0,17900.0,0.0,2540000.0,22200.0,1520000.0,Ready now,1.0,"HOT LEAD. Rent Rs 17,900 (30% of income). Eligible Rs 25L at EMI Rs 22,200. Down payment already funded (Rs 15L available)."
CUST103779,P2 - Call this week,Rent-to-EMI - Hot,Wealth Builder,Whitefield,+91-9008775724,customer103779@example.com,10am-1pm,0.57,40500.0,6500.0,0.0,2085000.0,18200.0,2682000.0,Ready now,0.535,"HOT LEAD. Rent Rs 6,500 (16% of income). Eligible Rs 21L at EMI Rs 18,200. Down payment already funded (Rs 27L available)."
CUST103868,P2 - Call this week,Home Loan - Ready,Steady Saver,Jayanagar,+91-9535912497,customer103868@example.com,7pm-9pm,0.57,80700.0,0.0,15200.0,1677000.0,14700.0,2327000.0,Ready now,1.0,"READY LEAD (no rent outflow - may be living with family). Eligible Rs 17L at EMI Rs 14,700. Down payment funded (Rs 23L). Segment: Steady Saver."
CUST106100,P2 - Call this week,Home Loan - Ready,Steady Saver,Electronic City,+91-9587647353,customer106100@example.com,10am-1pm,0.57,239000.0,0.0,32800.0,9918000.0,86700.0,10667000.0,Ready now,0.615,"READY LEAD (no rent outflow - may be living with family). Eligible Rs 99L at EMI Rs 86,700. Down payment funded (Rs 107L). Segment: Steady Saver."
CUST101388,P2 - Call this week,Home Loan - Ready,Steady Saver,MG Road,+91-9821261717,customer101388@example.com,7pm-9pm,0.569,69600.0,0.0,3500.0,2546000.0,22300.0,3006000.0,Ready now,0.638,"READY LEAD (no rent outflow - may be living with family). Eligible Rs 25L at EMI Rs 22,300. Down payment funded (Rs 30L). Segment: Steady Saver."
CUST101434,P2 - Call this week,Rent-to-EMI - Hot,Lifestyle Spender,Jayanagar,+91-9683007362,customer101434@example.com,7pm-9pm,0.569,57200.0,18000.0,0.0,2945000.0,25700.0,814000.0,Ready now,0.093,"HOT LEAD. Rent Rs 18,000 (32% of income). Eligible Rs 29L at EMI Rs 25,700. Down payment already funded (Rs 8L available)."
CUST102167,P2 - Call this week,Home Loan - Ready,Steady Saver,Jayanagar,+91-9606124207,customer102167@example.com,7pm-9pm,0.569,199600.0,0.0,0.0,11417000.0,99800.0,4577000.0,Ready now,0.99,"READY LEAD (no rent outflow - may be living with family). Eligible Rs 114L at EMI Rs 99,800. Down payment funded (Rs 46L). Segment: Steady Saver."
CUST103690,P2 - Call this week,Home Loan - Ready,Steady Saver,Koramangala,+91-9589018509,customer103690@example.com,7pm-9pm,0.569,79200.0,0.0,0.0,4077000.0,35600.0,2783000.0,Ready now,0.361,"READY LEAD (no rent outflow - may be living with family). Eligible Rs 41L at EMI Rs 35,600. Down payment funded (Rs 28L). Segment: Steady Saver."
CUST105157,P2 - Call this week,Home Loan - Ready,Steady Saver,Koramangala,+91-9320322860,customer105157@example.com,4pm-7pm,0.569,59900.0,0.0,2500.0,2798000.0,24500.0,2816000.0,Ready now,0.528,"READY LEAD (no rent outflow - may be living with family). Eligible Rs 28L at EMI Rs 24,500. Down payment funded (Rs 28L). Segment: Steady Saver."
CUST106154,P2 - Call this week,Home Loan - Ready,Steady Saver,Jayanagar,+91-9523107167,customer106154@example.com,7pm-9pm,0.569,58400.0,0.0,2900.0,2675000.0,23400.0,1565000.0,Ready now,1.0,"READY LEAD (no rent outflow - may be living with family). Eligible Rs 27L at EMI Rs 23,400. Down payment funded (Rs 16L). Segment: Steady Saver."
CUST107064,P2 - Call this week,Rent-to-EMI - Hot,Wealth Builder,Indiranagar,+91-9920349426,customer107064@example.com,7pm-9pm,0.569,56900.0,15400.0,6400.0,2197000.0,19200.0,1436000.0,Ready now,0.577,"HOT LEAD. Rent Rs 15,400 (27% of income). Eligible Rs 22L at EMI Rs 19,200. Down payment already funded (Rs 14L available)."
CUST107738,P2 - Call this week,Home Loan - Ready,Steady Saver,Whitefield,+91-9966057721,customer107738@example.com,4pm-7pm,0.569,37200.0,0.0,7100.0,1316000.0,11500.0,1489000.0,Ready now,1.0,"READY LEAD (no rent outflow - may be living with family). Eligible Rs 13L at EMI Rs 11,500. Down payment funded (Rs 15L). Segment: Steady Saver."
CUST100697,P2 - Call this week,Rent-to-EMI - Hot,Wealth Builder,Electronic City,+91-9489772691,customer100697@example.com,1pm-4pm,0.568,116500.0,38300.0,10300.0,4419000.0,38600.0,2444000.0,Ready now,0.412,"HOT LEAD. Rent Rs 38,300 (33% of income). Eligible Rs 44L at EMI Rs 38,600. Down payment already funded (Rs 24L available)."
CUST103944,P2 - Call this week,Home Loan - Ready,Steady Saver,Koramangala,+91-9411985651,customer103944@example.com,10am-1pm,0.568,55400.0,0.0,0.0,2852000.0,24900.0,1591000.0,Ready now,0.992,"READY LEAD (no rent outflow - may be living with family). Eligible Rs 29L at EMI Rs 24,900. Down payment funded (Rs 16L). Segment: Steady Saver."
CUST107553,P2 - Call this week,Balance Transfer,Wealth Builder,Indiranagar,+91-9981508617,customer107553@example.com,1pm-4pm,0.568,64200.0,23200.0,12500.0,2242000.0,19600.0,689000.0,Ready now,0.758,"BT pitch: currently 10.67%, outstanding Rs 32L. Monthly saving Rs 4,395. Carry the rate sheet."
CUST100938,P2 - Call this week,Home Loan - Ready,Steady Saver,MG Road,+91-9069556065,customer100938@example.com,4pm-7pm,0.567,58800.0,0.0,0.0,3027000.0,26500.0,1179000.0,Ready now,0.684,"READY LEAD (no rent outflow - may be living with family). Eligible Rs 30L at EMI Rs 26,500. Down payment funded (Rs 12L). Segment: Steady Saver."
CUST104793,P2 - Call this week,Balance Transfer,Wealth Builder,Electronic City,+91-9699018824,customer104793@example.com,7pm-9pm,0.567,69800.0,24500.0,0.0,3593000.0,31400.0,3226000.0,Ready now,0.608,"BT pitch: currently 10.56%, outstanding Rs 22L. Monthly saving Rs 2,828. Carry the rate sheet."
CUST106103,P2 - Call this week,Rent-to-EMI - Hot,Steady Saver,Whitefield,+91-9687687554,customer106103@example.com,1pm-4pm,0.567,129300.0,16700.0,0.0,7396000.0,64600.0,2514000.0,Ready now,0.948,"HOT LEAD. Rent Rs 16,700 (13% of income). Eligible Rs 74L at EMI Rs 64,600. Down payment already funded (Rs 25L available)."
CUST107214,P2 - Call this week,Home Loan - Ready,Steady Saver,Indiranagar,+91-9163583381,customer107214@example.com,1pm-4pm,0.567,113100.0,0.0,0.0,6469000.0,56600.0,2227000.0,Ready now,0.736,"READY LEAD (no rent outflow - may be living with family). Eligible Rs 65L at EMI Rs 56,600. Down payment funded (Rs 22L). Segment: Steady Saver."
CUST107363,P2 - Call this week,Rent-to-EMI - Hot,Lifestyle Spender,Electronic City,+91-9437300151,customer107363@example.com,7pm-9pm,0.567,45300.0,19000.0,5900.0,1916000.0,16800.0,906000.0,Ready now,0.082,"HOT LEAD. Rent Rs 19,000 (42% of income). Eligible Rs 19L at EMI Rs 16,800. Down payment already funded (Rs 9L available)."
CUST100768,P2 - Call this week,Balance Transfer,Banking Elsewhere,Indiranagar,+91-9045962805,customer100768@example.com,10am-1pm,0.566,83200.0,0.0,9000.0,3729000.0,32600.0,638000.0,Ready in 12 months,0.129,"BT pitch: currently 9.86%, outstanding Rs 28L. Monthly saving Rs 2,292. Carry the rate sheet."
CUST101746,P2 - Call this week,Rent-to-EMI - Hot,Lifestyle Spender,Indiranagar,+91-9221808229,customer101746@example.com,7pm-9pm,0.566,35800.0,7300.0,1500.0,1671000.0,14600.0,726000.0,Ready now,0.089,"HOT LEAD. Rent Rs 7,300 (20% of income). Eligible Rs 17L at EMI Rs 14,600. Down payment already funded (Rs 7L available)."
CUST102821,P2 - Call this week,Balance Transfer,Wealth Builder,Whitefield,+91-9525483357,customer102821@example.com,10am-1pm,0.566,68000.0,26200.0,3200.0,3134000.0,27400.0,3622000.0,Ready now,0.539,"BT pitch: currently 10.81%, outstanding Rs 22L. Monthly saving Rs 3,135. Carry the rate sheet."
CUST105123,P2 - Call this week,Rent-to-EMI - Hot,Lifestyle Spender,Electronic City,+91-9792624213,customer105123@example.com,10am-1pm,0.566,66800.0,17200.0,0.0,3821000.0,33400.0,1161000.0,Ready now,0.026,"HOT LEAD. Rent Rs 17,200 (26% of income). Eligible Rs 38L at EMI Rs 33,400. Down payment already funded (Rs 12L available)."
CUST107649,P2 - Call this week,Rent-to-EMI - Hot,Wealth Builder,Whitefield,+91-9745161379,customer107649@example.com,4pm-7pm,0.566,47400.0,19100.0,9400.0,1365000.0,11900.0,1061000.0,Ready now,0.453,"HOT LEAD. Rent Rs 19,100 (40% of income). Eligible Rs 14L at EMI Rs 11,900. Down payment already funded (Rs 11L available)."
CUST101171,P2 - Call this week,Rent-to-EMI - Hot,Lifestyle Spender,Indiranagar,+91-9313659643,customer101171@example.com,10am-1pm,0.565,135700.0,42100.0,0.0,7762000.0,67800.0,2294000.0,Ready now,0.108,"HOT LEAD. Rent Rs 42,100 (31% of income). Eligible Rs 78L at EMI Rs 67,800. Down payment already funded (Rs 23L available)."
CUST101266,P2 - Call this week,Home Loan - Ready,Steady Saver,Jayanagar,+91-9159315230,customer101266@example.com,4pm-7pm,0.565,28600.0,0.0,0.0,1472000.0,12900.0,433000.0,Ready now,1.0,"READY LEAD (no rent outflow - may be living with family). Eligible Rs 15L at EMI Rs 12,900. Down payment funded (Rs 4L). Segment: Steady Saver."
CUST101523,P2 - Call this week,Rent-to-EMI - Hot,Lifestyle Spender,Electronic City,+91-9554067474,customer101523@example.com,7pm-9pm,0.565,112000.0,23500.0,24500.0,3603000.0,31500.0,2107000.0,Ready now,0.246,"HOT LEAD. Rent Rs 23,500 (21% of income). Eligible Rs 36L at EMI Rs 31,500. Down payment already funded (Rs 21L available)."
CUST101619,P2 - Call this week,Rent-to-EMI - Hot,Wealth Builder,MG Road,+91-9698572420,customer101619@example.com,1pm-4pm,0.565,137200.0,23700.0,0.0,8632000.0,75500.0,5616000.0,Ready now,0.335,"HOT LEAD. Rent Rs 23,700 (17% of income). Eligible Rs 86L at EMI Rs 75,500. Down payment already funded (Rs 56L available)."
CUST102847,P2 - Call this week,Balance Transfer,Steady Saver,Whitefield,+91-9997736410,customer102847@example.com,1pm-4pm,0.565,114000.0,26000.0,0.0,7173000.0,62700.0,4881000.0,Ready now,0.549,"BT pitch: currently 9.72%, outstanding Rs 38L. Monthly saving Rs 2,737. Carry the rate sheet."
CUST102986,P2 - Call this week,Rent-to-EMI - Hot,Lifestyle Spender,Koramangala,+91-9411271539,customer102986@example.com,10am-1pm,0.565,232600.0,93000.0,24500.0,11832000.0,103400.0,5241000.0,Ready now,0.056,"HOT LEAD. Rent Rs 93,000 (40% of income). Eligible Rs 118L at EMI Rs 103,400. Down payment already funded (Rs 52L available)."
CUST103863,P2 - Call this week,Rent-to-EMI - Hot,Lifestyle Spender,MG Road,+91-9544095118,customer103863@example.com,7pm-9pm,0.565,70200.0,20200.0,4500.0,3099000.0,27100.0,1585000.0,Ready now,0.054,"HOT LEAD. Rent Rs 20,200 (29% of income). Eligible Rs 31L at EMI Rs 27,100. Down payment already funded (Rs 16L available)."
CUST104021,P2 - Call this week,Rent-to-EMI - Hot,Wealth Builder,Koramangala,+91-9685495674,customer104021@example.com,4pm-7pm,0.565,78600.0,26300.0,0.0,4046000.0,35400.0,2745000.0,Ready now,0.491,"HOT LEAD. Rent Rs 26,300 (34% of income). Eligible Rs 40L at EMI Rs 35,400. Down payment already funded (Rs 27L available)."
CUST105981,P2 - Call this week,Rent-to-EMI - Hot,Lifestyle Spender,Koramangala,+91-9183810111,customer105981@example.com,4pm-7pm,0.565,99100.0,28400.0,8100.0,4175000.0,36500.0,1438000.0,Ready now,0.008,"HOT LEAD. Rent Rs 28,400 (29% of income). Eligible Rs 42L at EMI Rs 36,500. Down payment already funded (Rs 14L available)."
CUST106476,P2 - Call this week,Rent-to-EMI - Hot,Wealth Builder,Koramangala,+91-9157272011,customer106476@example.com,4pm-7pm,0.565,83200.0,22800.0,7000.0,3482000.0,30400.0,2659000.0,Ready now,0.359,"HOT LEAD. Rent Rs 22,800 (27% of income). Eligible Rs 35L at EMI Rs 30,400. Down payment already funded (Rs 27L available)."
CUST100291,P2 - Call this week,Home Loan - Ready,Steady Saver,Koramangala,+91-9337483313,customer100291@example.com,10am-1pm,0.564,160400.0,0.0,0.0,9174000.0,80200.0,5598000.0,Ready now,0.431,"READY LEAD (no rent outflow - may be living with family). Eligible Rs 92L at EMI Rs 80,200. Down payment funded (Rs 56L). Segment: Steady Saver."
CUST100380,P2 - Call this week,Rent-to-EMI - Hot,Wealth Builder,Indiranagar,+91-9543156912,customer100380@example.com,1pm-4pm,0.564,59000.0,16800.0,4400.0,2534000.0,22200.0,1709000.0,Ready now,1.0,"HOT LEAD. Rent Rs 16,800 (28% of income). Eligible Rs 25L at EMI Rs 22,200. Down payment already funded (Rs 17L available)."
CUST100847,P2 - Call this week,Home Loan - Ready,Steady Saver,Koramangala,+91-9370787838,customer100847@example.com,4pm-7pm,0.564,38100.0,0.0,4200.0,1481000.0,12900.0,772000.0,Ready now,1.0,"READY LEAD (no rent outflow - may be living with family). Eligible Rs 15L at EMI Rs 12,900. Down payment funded (Rs 8L). Segment: Steady Saver."
CUST102215,P2 - Call this week,Rent-to-EMI - Hot,Lifestyle Spender,Indiranagar,+91-9682371624,customer102215@example.com,10am-1pm,0.564,50400.0,13100.0,3500.0,2482000.0,21700.0,828000.0,Ready now,0.054,"HOT LEAD. Rent Rs 13,100 (26% of income). Eligible Rs 25L at EMI Rs 21,700. Down payment already funded (Rs 8L available)."
CUST104934,P2 - Call this week,Rent-to-EMI - Hot,Lifestyle Spender,Indiranagar,+91-9488790103,customer104934@example.com,10am-1pm,0.564,108600.0,43900.0,4700.0,4680000.0,40900.0,2707000.0,Ready now,0.069,"HOT LEAD. Rent Rs 43,900 (40% of income). Eligible Rs 47L at EMI Rs 40,900. Down payment already funded (Rs 27L available)."
CUST105076,P2 - Call this week,Rent-to-EMI - Hot,Lifestyle Spender,Jayanagar,+91-9845698138,customer105076@example.com,10am-1pm,0.564,43700.0,16800.0,0.0,1850000.0,16200.0,640000.0,Ready now,0.07,"HOT LEAD. Rent Rs 16,800 (38% of income). Eligible Rs 18L at EMI Rs 16,200. Down payment already funded (Rs 6L available)."
CUST107584,P2 - Call this week,Home Loan - Ready,Steady Saver,Jayanagar,+91-9721506335,customer107584@example.com,1pm-4pm,0.564,182800.0,0.0,0.0,10456000.0,91400.0,4503000.0,Ready now,0.99,"READY LEAD (no rent outflow - may be living with family). Eligible Rs 105L at EMI Rs 91,400. Down payment funded (Rs 45L). Segment: Steady Saver."
CUST101766,P2 - Call this week,Home Loan - Ready,Steady Saver,Jayanagar,+91-9855085746,customer101766@example.com,1pm-4pm,0.563,104100.0,0.0,0.0,6550000.0,57300.0,3311000.0,Ready now,0.997,"READY LEAD (no rent outflow - may be living with family). Eligible Rs 66L at EMI Rs 57,300. Down payment funded (Rs 33L). Segment: Steady Saver."
CUST105346,P2 - Call this week,Rent-to-EMI - Hot,Steady Saver,MG Road,+91-9129439559,customer105346@example.com,10am-1pm,0.563,139100.0,19700.0,0.0,7956000.0,69600.0,3540000.0,Ready now,0.359,"HOT LEAD. Rent Rs 19,700 (14% of income). Eligible Rs 80L at EMI Rs 69,600. Down payment already funded (Rs 35L available)."
CUST106169,P2 - Call this week,Rent-to-EMI - Hot,Wealth Builder,Indiranagar,+91-9789415164,customer106169@example.com,10am-1pm,0.563,91900.0,35200.0,0.0,4731000.0,41400.0,3511000.0,Ready now,0.454,"HOT LEAD. Rent Rs 35,200 (38% of income). Eligible Rs 47L at EMI Rs 41,400. Down payment already funded (Rs 35L available)."
CUST101335,P2 - Call this week,Rent-to-EMI - Hot,Wealth Builder,Indiranagar,+91-9126566791,customer101335@example.com,1pm-4pm,0.562,108000.0,38300.0,22200.0,3638000.0,31800.0,7010000.0,Ready now,0.665,"HOT LEAD. Rent Rs 38,300 (36% of income). Eligible Rs 36L at EMI Rs 31,800. Down payment already funded (Rs 70L available)."
CUST103198,P2 - Call this week,Rent-to-EMI - Hot,Lifestyle Spender,Jayanagar,+91-9005011607,customer103198@example.com,7pm-9pm,0.562,63500.0,17300.0,0.0,3632000.0,31800.0,1284000.0,Ready now,0.063,"HOT LEAD. Rent Rs 17,300 (27% of income). Eligible Rs 36L at EMI Rs 31,800. Down payment already funded (Rs 13L available)."
CUST103618,P2 - Call this week,Rent-to-EMI - Hot,Wealth Builder,Indiranagar,+91-9388370869,customer103618@example.com,7pm-9pm,0.562,50600.0,16300.0,4200.0,2414000.0,21100.0,1590000.0,Ready now,0.984,"HOT LEAD. Rent Rs 16,300 (32% of income). Eligible Rs 24L at EMI Rs 21,100. Down payment already funded (Rs 16L available)."
CUST107016,P2 - Call this week,Rent-to-EMI - Hot,Lifestyle Spender,Jayanagar,+91-9434029113,customer107016@example.com,7pm-9pm,0.562,56500.0,15600.0,2400.0,2957000.0,25800.0,931000.0,Ready now,0.042,"HOT LEAD. Rent Rs 15,600 (28% of income). Eligible Rs 30L at EMI Rs 25,800. Down payment already funded (Rs 9L available)."
CUST100210,P2 - Call this week,Rent-to-EMI - Hot,Lifestyle Spender,Electronic City,+91-9924592958,customer100210@example.com,4pm-7pm,0.561,35200.0,4300.0,3400.0,1423000.0,12400.0,603000.0,Ready now,0.01,"HOT LEAD. Rent Rs 4,300 (12% of income). Eligible Rs 14L at EMI Rs 12,400. Down payment already funded (Rs 6L available)."
CUST102696,P2 - Call this week,Rent-to-EMI - Hot,Wealth Builder,Indiranagar,+91-9360008436,customer102696@example.com,1pm-4pm,0.561,63300.0,24400.0,4400.0,2755000.0,24100.0,792000.0,Ready now,0.916,"HOT LEAD. Rent Rs 24,400 (38% of income). Eligible Rs 28L at EMI Rs 24,100. Down payment already funded (Rs 8L available)."
CUST103082,P2 - Call this week,Rent-to-EMI - Hot,Wealth Builder,MG Road,+91-9148229923,customer103082@example.com,7pm-9pm,0.561,69900.0,18500.0,5400.0,2341000.0,20500.0,2250000.0,Ready now,0.632,"HOT LEAD. Rent Rs 18,500 (26% of income). Eligible Rs 23L at EMI Rs 20,500. Down payment already funded (Rs 22L available)."
CUST103425,P2 - Call this week,Home Loan - Ready,Steady Saver,MG Road,+91-9107247017,customer103425@example.com,7pm-9pm,0.561,46400.0,0.0,0.0,2389000.0,20900.0,2239000.0,Ready now,0.414,"READY LEAD (no rent outflow - may be living with family). Eligible Rs 24L at EMI Rs 20,900. Down payment funded (Rs 22L). Segment: Steady Saver."
CUST103685,P2 - Call this week,Rent-to-EMI - Hot,Wealth Builder,Jayanagar,+91-9058822095,customer103685@example.com,10am-1pm,0.561,54000.0,8800.0,8800.0,1773000.0,15500.0,3334000.0,Ready now,0.606,"HOT LEAD. Rent Rs 8,800 (16% of income). Eligible Rs 18L at EMI Rs 15,500. Down payment already funded (Rs 33L available)."
CUST103984,P2 - Call this week,Rent-to-EMI - Hot,Wealth Builder,Indiranagar,+91-9303845833,customer103984@example.com,1pm-4pm,0.561,150300.0,53700.0,14100.0,5608000.0,49000.0,2585000.0,Ready now,1.0,"HOT LEAD. Rent Rs 53,700 (36% of income). Eligible Rs 56L at EMI Rs 49,000. Down payment already funded (Rs 26L available)."
CUST105640,P2 - Call this week,Home Loan - Ready,Steady Saver,Koramangala,+91-9237655112,customer105640@example.com,10am-1pm,0.561,46900.0,0.0,2300.0,2151000.0,18800.0,1554000.0,Ready now,0.998,"READY LEAD (no rent outflow - may be living with family). Eligible Rs 22L at EMI Rs 18,800. Down payment funded (Rs 16L). Segment: Steady Saver."
CUST105842,P2 - Call this week,Rent-to-EMI - Hot,Wealth Builder,Jayanagar,+91-9905337902,customer105842@example.com,10am-1pm,0.56,120500.0,35300.0,0.0,6892000.0,60200.0,5007000.0,Ready now,0.918,"HOT LEAD. Rent Rs 35,300 (29% of income). Eligible Rs 69L at EMI Rs 60,200. Down payment already funded (Rs 50L available)."
CUST106262,P2 - Call this week,Balance Transfer,Wealth Builder,Koramangala,+91-9795300389,customer106262@example.com,1pm-4pm,0.56,69700.0,28300.0,0.0,3987000.0,34800.0,2587000.0,Ready now,0.486,"BT pitch: currently 10.48%, outstanding Rs 19L. Monthly saving Rs 2,317. Carry the rate sheet."
CUST107011,P2 - Call this week,Home Loan - Ready,Steady Saver,Koramangala,+91-9717842845,customer107011@example.com,7pm-9pm,0.56,56000.0,0.0,0.0,2883000.0,25200.0,1396000.0,Ready now,0.429,"READY LEAD (no rent outflow - may be living with family). Eligible Rs 29L at EMI Rs 25,200. Down payment funded (Rs 14L). Segment: Steady Saver."
CUST107755,P2 - Call this week,Rent-to-EMI - Hot,Wealth Builder,Koramangala,+91-9221794685,customer107755@example.com,4pm-7pm,0.56,37100.0,9600.0,1700.0,1376000.0,12000.0,1566000.0,Ready now,0.387,"HOT LEAD. Rent Rs 9,600 (26% of income). Eligible Rs 14L at EMI Rs 12,000. Down payment already funded (Rs 16L available)."
CUST107910,P2 - Call this week,Rent-to-EMI - Hot,Wealth Builder,Electronic City,+91-9341653934,customer107910@example.com,1pm-4pm,0.559,95000.0,38900.0,0.0,4890000.0,42800.0,1675000.0,Ready now,1.0,"HOT LEAD. Rent Rs 38,900 (41% of income). Eligible Rs 49L at EMI Rs 42,800. Down payment already funded (Rs 17L available)."
CUST100506,P2 - Call this week,Rent-to-EMI - Hot,Banking Elsewhere,Koramangala,+91-9559266863,customer100506@example.com,4pm-7pm,0.558,38800.0,5500.0,0.0,1642000.0,14400.0,578000.0,Ready now,0.147,"HOT LEAD. Rent Rs 5,500 (14% of income). Eligible Rs 16L at EMI Rs 14,400. Down payment already funded (Rs 6L available)."
CUST103766,P2 - Call this week,Rent-to-EMI - Hot,Steady Saver,Jayanagar,+91-9161053357,customer103766@example.com,1pm-4pm,0.558,51900.0,7900.0,0.0,2197000.0,19200.0,2121000.0,Ready now,1.0,"HOT LEAD. Rent Rs 7,900 (15% of income). Eligible Rs 22L at EMI Rs 19,200. Down payment already funded (Rs 21L available)."
CUST104735,P2 - Call this week,Rent-to-EMI - Hot,Steady Saver,Jayanagar,+91-9364464396,customer104735@example.com,1pm-4pm,0.558,85800.0,11700.0,3900.0,3971000.0,34700.0,2205000.0,Ready now,0.288,"HOT LEAD. Rent Rs 11,700 (14% of income). Eligible Rs 40L at EMI Rs 34,700. Down payment already funded (Rs 22L available)."
CUST106645,P2 - Call this week,Rent-to-EMI - Hot,Wealth Builder,Whitefield,+91-9079398972,customer106645@example.com,1pm-4pm,0.558,76400.0,18000.0,0.0,3933000.0,34400.0,1932000.0,Ready now,0.243,"HOT LEAD. Rent Rs 18,000 (24% of income). Eligible Rs 39L at EMI Rs 34,400. Down payment already funded (Rs 19L available)."
CUST107713,P2 - Call this week,Home Loan - Ready,Steady Saver,Jayanagar,+91-9028017206,customer107713@example.com,4pm-7pm,0.558,87800.0,0.0,0.0,3716000.0,32500.0,5141000.0,Ready now,0.757,"READY LEAD (no rent outflow - may be living with family). Eligible Rs 37L at EMI Rs 32,500. Down payment funded (Rs 51L). Segment: Steady Saver."
CUST100398,P2 - Call this week,Rent-to-EMI - Hot,Steady Saver,Electronic City,+91-9814268140,customer100398@example.com,10am-1pm,0.557,57200.0,9400.0,0.0,2945000.0,25700.0,1647000.0,Ready now,0.286,"HOT LEAD. Rent Rs 9,400 (16% of income). Eligible Rs 29L at EMI Rs 25,700. Down payment already funded (Rs 16L available)."
CUST100809,P2 - Call this week,Rent-to-EMI - Hot,Wealth Builder,Electronic City,+91-9835478501,customer100809@example.com,10am-1pm,0.557,56000.0,13500.0,17100.0,927000.0,8100.0,592000.0,Ready now,1.0,"HOT LEAD. Rent Rs 13,500 (24% of income). Eligible Rs 9L at EMI Rs 8,100. Down payment already funded (Rs 6L available)."
CUST104910,P2 - Call this week,Home Loan - Ready,Steady Saver,MG Road,+91-9462621261,customer104910@example.com,1pm-4pm,0.557,43300.0,0.0,0.0,2229000.0,19500.0,1876000.0,Ready now,0.448,"READY LEAD (no rent outflow - may be living with family). Eligible Rs 22L at EMI Rs 19,500. Down payment funded (Rs 19L). Segment: Steady Saver."
CUST104949,P2 - Call this week,Home Loan - Ready,Steady Saver,Whitefield,+91-9739709698,customer104949@example.com,1pm-4pm,0.557,49800.0,0.0,2200.0,2597000.0,22700.0,2164000.0,Ready now,0.388,"READY LEAD (no rent outflow - may be living with family). Eligible Rs 26L at EMI Rs 22,700. Down payment funded (Rs 22L). Segment: Steady Saver."
CUST104960,P2 - Call this week,Home Loan - Ready,Steady Saver,Koramangala,+91-9770839075,customer104960@example.com,10am-1pm,0.557,115900.0,0.0,0.0,6629000.0,58000.0,3347000.0,Ready now,0.998,"READY LEAD (no rent outflow - may be living with family). Eligible Rs 66L at EMI Rs 58,000. Down payment funded (Rs 33L). Segment: Steady Saver."
CUST106370,P2 - Call this week,Rent-to-EMI - Hot,Wealth Builder,Electronic City,+91-9711595492,customer106370@example.com,10am-1pm,0.557,76100.0,26800.0,0.0,3917000.0,34200.0,2310000.0,Ready now,0.993,"HOT LEAD. Rent Rs 26,800 (35% of income). Eligible Rs 39L at EMI Rs 34,200. Down payment already funded (Rs 23L available)."
CUST107176,P2 - Call this week,Rent-to-EMI - Hot,Steady Saver,Jayanagar,+91-9269505182,customer107176@example.com,7pm-9pm,0.557,83900.0,18000.0,0.0,4319000.0,37800.0,2651000.0,Ready now,0.79,"HOT LEAD. Rent Rs 18,000 (22% of income). Eligible Rs 43L at EMI Rs 37,800. Down payment already funded (Rs 27L available)."
CUST107278,P2 - Call this week,Home Loan - Ready,Steady Saver,Koramangala,+91-9009537736,customer107278@example.com,4pm-7pm,0.557,56800.0,0.0,0.0,2924000.0,25600.0,1972000.0,Ready now,0.376,"READY LEAD (no rent outflow - may be living with family). Eligible Rs 29L at EMI Rs 25,600. Down payment funded (Rs 20L). Segment: Steady Saver."
CUST107748,P2 - Call this week,Rent-to-EMI - Hot,Wealth Builder,Whitefield,+91-9371225075,customer107748@example.com,7pm-9pm,0.557,87100.0,27700.0,4700.0,3149000.0,27500.0,3068000.0,Ready now,0.439,"HOT LEAD. Rent Rs 27,700 (32% of income). Eligible Rs 31L at EMI Rs 27,500. Down payment already funded (Rs 31L available)."
CUST101044,P2 - Call this week,Rent-to-EMI - Hot,Lifestyle Spender,Electronic City,+91-9199028813,customer101044@example.com,1pm-4pm,0.556,49000.0,14100.0,0.0,2803000.0,24500.0,821000.0,Ready now,0.141,"HOT LEAD. Rent Rs 14,100 (29% of income). Eligible Rs 28L at EMI Rs 24,500. Down payment already funded (Rs 8L available)."
CUST104370,P2 - Call this week,Rent-to-EMI - Hot,Wealth Builder,Koramangala,+91-9378588547,customer104370@example.com,4pm-7pm,0.556,118000.0,21900.0,25700.0,3809000.0,33300.0,5766000.0,Ready now,0.566,"HOT LEAD. Rent Rs 21,900 (19% of income). Eligible Rs 38L at EMI Rs 33,300. Down payment already funded (Rs 58L available)."
CUST104663,P2 - Call this week,Rent-to-EMI - Hot,Wealth Builder,Koramangala,+91-9224199461,customer104663@example.com,10am-1pm,0.556,65400.0,9500.0,7200.0,2543000.0,22200.0,2203000.0,Ready now,0.359,"HOT LEAD. Rent Rs 9,500 (14% of income). Eligible Rs 25L at EMI Rs 22,200. Down payment already funded (Rs 22L available)."
CUST106400,P2 - Call this week,Home Loan - Ready,Steady Saver,Koramangala,+91-9722231838,customer106400@example.com,4pm-7pm,0.556,55900.0,0.0,0.0,2878000.0,25200.0,2205000.0,Ready now,0.997,"READY LEAD (no rent outflow - may be living with family). Eligible Rs 29L at EMI Rs 25,200. Down payment funded (Rs 22L). Segment: Steady Saver."
CUST107280,P2 - Call this week,Rent-to-EMI - Hot,Wealth Builder,Jayanagar,+91-9000320663,customer107280@example.com,10am-1pm,0.556,103100.0,35300.0,4600.0,4427000.0,38700.0,4207000.0,Ready now,0.548,"HOT LEAD. Rent Rs 35,300 (34% of income). Eligible Rs 44L at EMI Rs 38,700. Down payment already funded (Rs 42L available)."
CUST107640,P2 - Call this week,Rent-to-EMI - Hot,Wealth Builder,Whitefield,+91-9197934739,customer107640@example.com,4pm-7pm,0.556,61900.0,19200.0,0.0,3186000.0,27900.0,1497000.0,Ready now,0.663,"HOT LEAD. Rent Rs 19,200 (31% of income). Eligible Rs 32L at EMI Rs 27,900. Down payment already funded (Rs 15L available)."
CUST100103,P2 - Call this week,Rent-to-EMI - Hot,Banking Elsewhere,MG Road,+91-9366520358,customer100103@example.com,10am-1pm,0.555,88800.0,10700.0,0.0,4571000.0,40000.0,1383000.0,Ready now,0.08,"HOT LEAD. Rent Rs 10,700 (12% of income). Eligible Rs 46L at EMI Rs 40,000. Down payment already funded (Rs 14L available)."
CUST104178,P2 - Call this week,Rent-to-EMI - Hot,Lifestyle Spender,Electronic City,+91-9449370698,customer104178@example.com,10am-1pm,0.555,122400.0,38800.0,12600.0,5560000.0,48600.0,2028000.0,Ready now,0.111,"HOT LEAD. Rent Rs 38,800 (32% of income). Eligible Rs 56L at EMI Rs 48,600. Down payment already funded (Rs 20L available)."
CUST105440,P2 - Call this week,Rent-to-EMI - Hot,Wealth Builder,Koramangala,+91-9814506811,customer105440@example.com,4pm-7pm,0.555,60500.0,18400.0,0.0,3114000.0,27200.0,2105000.0,Ready now,0.689,"HOT LEAD. Rent Rs 18,400 (30% of income). Eligible Rs 31L at EMI Rs 27,200. Down payment already funded (Rs 21L available)."
CUST106041,P2 - Call this week,Home Loan - Ready,Steady Saver,MG Road,+91-9438678487,customer106041@example.com,10am-1pm,0.555,131500.0,0.0,0.0,8274000.0,72300.0,7269000.0,Ready now,0.721,"READY LEAD (no rent outflow - may be living with family). Eligible Rs 83L at EMI Rs 72,300. Down payment funded (Rs 73L). Segment: Steady Saver."
CUST106617,P2 - Call this week,Home Loan - Ready,Steady Saver,Jayanagar,+91-9169375882,customer106617@example.com,10am-1pm,0.555,80800.0,0.0,3600.0,3748000.0,32800.0,4077000.0,Ready now,0.987,"READY LEAD (no rent outflow - may be living with family). Eligible Rs 37L at EMI Rs 32,800. Down payment funded (Rs 41L). Segment: Steady Saver."
CUST106947,P2 - Call this week,Rent-to-EMI - Hot,Lifestyle Spender,Electronic City,+91-9924462135,customer106947@example.com,1pm-4pm,0.555,61400.0,14900.0,0.0,3512000.0,30700.0,1353000.0,Ready now,0.069,"HOT LEAD. Rent Rs 14,900 (24% of income). Eligible Rs 35L at EMI Rs 30,700. Down payment already funded (Rs 14L available)."
CUST103245,P2 - Call this week,Rent-to-EMI - Hot,Wealth Builder,Koramangala,+91-9604005187,customer103245@example.com,4pm-7pm,0.554,25000.0,8000.0,0.0,1287000.0,11200.0,764000.0,Ready now,1.0,"HOT LEAD. Rent Rs 8,000 (32% of income). Eligible Rs 13L at EMI Rs 11,200. Down payment already funded (Rs 8L available)."
CUST103841,P2 - Call this week,Home Loan - Ready,Steady Saver,Jayanagar,+91-9355871952,customer103841@example.com,10am-1pm,0.554,90300.0,0.0,4300.0,4157000.0,36300.0,4896000.0,Ready now,0.505,"READY LEAD (no rent outflow - may be living with family). Eligible Rs 42L at EMI Rs 36,300. Down payment funded (Rs 49L). Segment: Steady Saver."
CUST105656,P2 - Call this week,Home Loan - Ready,Steady Saver,MG Road,+91-9867060437,customer105656@example.com,4pm-7pm,0.554,56700.0,0.0,6100.0,2221000.0,19400.0,1816000.0,Ready now,0.634,"READY LEAD (no rent outflow - may be living with family). Eligible Rs 22L at EMI Rs 19,400. Down payment funded (Rs 18L). Segment: Steady Saver."
CUST102218,P2 - Call this week,Rent-to-EMI - Hot,Steady Saver,MG Road,+91-9491471920,customer102218@example.com,4pm-7pm,0.553,80300.0,18100.0,5100.0,3550000.0,31000.0,1810000.0,Ready now,0.992,"HOT LEAD. Rent Rs 18,100 (22% of income). Eligible Rs 36L at EMI Rs 31,000. Down payment already funded (Rs 18L available)."
CUST104000,P2 - Call this week,Rent-to-EMI - Hot,Wealth Builder,MG Road,+91-9346210151,customer104000@example.com,10am-1pm,0.553,62100.0,21000.0,3500.0,3152000.0,27600.0,2283000.0,Ready now,0.372,"HOT LEAD. Rent Rs 21,000 (34% of income). Eligible Rs 32L at EMI Rs 27,600. Down payment already funded (Rs 23L available)."
CUST104709,P2 - Call this week,Rent-to-EMI - Hot,Wealth Builder,MG Road,+91-9201635361,customer104709@example.com,4pm-7pm,0.553,28200.0,8600.0,5900.0,777000.0,6800.0,484000.0,Ready now,0.946,"HOT LEAD. Rent Rs 8,600 (30% of income). Eligible Rs 8L at EMI Rs 6,800. Down payment already funded (Rs 5L available)."
CUST107139,P2 - Call this week,Rent-to-EMI - Hot,Wealth Builder,Koramangala,+91-9824138562,customer107139@example.com,1pm-4pm,0.553,67500.0,12500.0,0.0,2857000.0,25000.0,3043000.0,Ready now,0.83,"HOT LEAD. Rent Rs 12,500 (18% of income). Eligible Rs 29L at EMI Rs 25,000. Down payment already funded (Rs 30L available)."
CUST107221,P2 - Call this week,Home Loan - Ready,Steady Saver,Electronic City,+91-9737470848,customer107221@example.com,7pm-9pm,0.553,70700.0,0.0,0.0,3639000.0,31800.0,1662000.0,Ready now,0.363,"READY LEAD (no rent outflow - may be living with family). Eligible Rs 36L at EMI Rs 31,800. Down payment funded (Rs 17L). Segment: Steady Saver."
CUST106816,P2 - Call this week,Home Loan - Ready,Steady Saver,MG Road,+91-9924913287,customer106816@example.com,7pm-9pm,0.552,75300.0,0.0,4500.0,3792000.0,33200.0,2773000.0,Ready now,0.499,"READY LEAD (no rent outflow - may be living with family). Eligible Rs 38L at EMI Rs 33,200. Down payment funded (Rs 28L). Segment: Steady Saver."
CUST107932,P2 - Call this week,Home Loan - Ready,Steady Saver,Jayanagar,+91-9331143993,customer107932@example.com,10am-1pm,0.552,138500.0,0.0,12100.0,6538000.0,57200.0,1868000.0,Ready now,1.0,"READY LEAD (no rent outflow - may be living with family). Eligible Rs 65L at EMI Rs 57,200. Down payment funded (Rs 19L). Segment: Steady Saver."
CUST101811,P2 - Call this week,Home Loan - Ready,Steady Saver,Jayanagar,+91-9311883636,customer101811@example.com,1pm-4pm,0.551,43800.0,0.0,0.0,2505000.0,21900.0,668000.0,Ready now,0.527,"READY LEAD (no rent outflow - may be living with family). Eligible Rs 25L at EMI Rs 21,900. Down payment funded (Rs 7L). Segment: Steady Saver."
CUST103460,P2 - Call this week,Rent-to-EMI - Hot,Wealth Builder,Electronic City,+91-9701999708,customer103460@example.com,1pm-4pm,0.551,32300.0,6200.0,6400.0,931000.0,8100.0,578000.0,Ready now,0.199,"HOT LEAD. Rent Rs 6,200 (19% of income). Eligible Rs 9L at EMI Rs 8,100. Down payment already funded (Rs 6L available)."
CUST104725,P2 - Call this week,Home Loan - Ready,Steady Saver,Electronic City,+91-9387701451,customer104725@example.com,4pm-7pm,0.551,177200.0,0.0,0.0,10135000.0,88600.0,6373000.0,Ready now,0.556,"READY LEAD (no rent outflow - may be living with family). Eligible Rs 101L at EMI Rs 88,600. Down payment funded (Rs 64L). Segment: Steady Saver."
CUST104789,P2 - Call this week,Rent-to-EMI - Hot,Wealth Builder,Koramangala,+91-9442701381,customer104789@example.com,1pm-4pm,0.551,76300.0,28000.0,12400.0,2509000.0,21900.0,3125000.0,Ready now,0.452,"HOT LEAD. Rent Rs 28,000 (37% of income). Eligible Rs 25L at EMI Rs 21,900. Down payment already funded (Rs 31L available)."
CUST105144,P2 - Call this week,Rent-to-EMI - Hot,Lifestyle Spender,Koramangala,+91-9025229244,customer105144@example.com,7pm-9pm,0.551,92400.0,29900.0,3700.0,4333000.0,37900.0,1702000.0,Ready now,0.044,"HOT LEAD. Rent Rs 29,900 (32% of income). Eligible Rs 43L at EMI Rs 37,900. Down payment already funded (Rs 17L available)."
CUST105405,P2 - Call this week,Rent-to-EMI - Hot,Wealth Builder,MG Road,+91-9662681221,customer105405@example.com,10am-1pm,0.551,73900.0,24800.0,7500.0,2946000.0,25800.0,2199000.0,Ready now,0.389,"HOT LEAD. Rent Rs 24,800 (34% of income). Eligible Rs 29L at EMI Rs 25,800. Down payment already funded (Rs 22L available)."
CUST105558,P2 - Call this week,Rent-to-EMI - Hot,Lifestyle Spender,Electronic City,+91-9307289011,customer105558@example.com,4pm-7pm,0.551,44500.0,11700.0,0.0,2545000.0,22200.0,751000.0,Ready now,0.071,"HOT LEAD. Rent Rs 11,700 (26% of income). Eligible Rs 25L at EMI Rs 22,200. Down payment already funded (Rs 8L available)."
CUST106892,P2 - Call this week,Rent-to-EMI - Hot,Wealth Builder,MG Road,+91-9955571575,customer106892@example.com,7pm-9pm,0.551,118000.0,37700.0,11500.0,4354000.0,38100.0,8536000.0,Ready now,0.779,"HOT LEAD. Rent Rs 37,700 (32% of income). Eligible Rs 44L at EMI Rs 38,100. Down payment already funded (Rs 85L available)."
CUST101129,P2 - Call this week,Home Loan - Ready,Steady Saver,Whitefield,+91-9636658747,customer101129@example.com,7pm-9pm,0.55,145900.0,0.0,8800.0,8173000.0,71400.0,2828000.0,Ready now,0.992,"READY LEAD (no rent outflow - may be living with family). Eligible Rs 82L at EMI Rs 71,400. Down payment funded (Rs 28L). Segment: Steady Saver."
CUST102479,P2 - Call this week,Balance Transfer,Steady Saver,Indiranagar,+91-9339435918,customer102479@example.com,10am-1pm,0.55,67000.0,0.0,4200.0,2969000.0,26000.0,2180000.0,Ready now,1.0,"BT pitch: currently 10.67%, outstanding Rs 20L. Monthly saving Rs 2,648. Carry the rate sheet."
CUST106723,P2 - Call this week,Home Loan - Ready,Steady Saver,MG Road,+91-9674505469,customer106723@example.com,4pm-7pm,0.55,65400.0,0.0,0.0,2768000.0,24200.0,3500000.0,Ready now,0.654,"READY LEAD (no rent outflow - may be living with family). Eligible Rs 28L at EMI Rs 24,200. Down payment funded (Rs 35L). Segment: Steady Saver."
CUST100314,P2 - Call this week,Rent-to-EMI - Hot,Wealth Builder,Whitefield,+91-9393550090,customer100314@example.com,4pm-7pm,0.549,96100.0,28300.0,7100.0,3255000.0,28500.0,2127000.0,Ready now,0.146,"HOT LEAD. Rent Rs 28,300 (29% of income). Eligible Rs 33L at EMI Rs 28,500. Down payment already funded (Rs 21L available)."
CUST107401,P2 - Call this week,Home Loan - Ready,Steady Saver,Whitefield,+91-9109558948,customer107401@example.com,7pm-9pm,0.549,112700.0,0.0,0.0,6446000.0,56400.0,3450000.0,Ready now,0.794,"READY LEAD (no rent outflow - may be living with family). Eligible Rs 64L at EMI Rs 56,400. Down payment funded (Rs 34L). Segment: Steady Saver."
CUST102030,P2 - Call this week,Rent-to-EMI - Hot,Wealth Builder,MG Road,+91-9745751704,customer102030@example.com,7pm-9pm,0.548,38000.0,8200.0,3100.0,1602000.0,14000.0,690000.0,Ready now,0.997,"HOT LEAD. Rent Rs 8,200 (22% of income). Eligible Rs 16L at EMI Rs 14,000. Down payment already funded (Rs 7L available)."
CUST102959,P2 - Call this week,Rent-to-EMI - Hot,Wealth Builder,Indiranagar,+91-9562163808,customer102959@example.com,7pm-9pm,0.548,26000.0,7800.0,0.0,1487000.0,13000.0,475000.0,Ready now,1.0,"HOT LEAD. Rent Rs 7,800 (30% of income). Eligible Rs 15L at EMI Rs 13,000. Down payment already funded (Rs 5L available)."
CUST107090,P2 - Call this week,Home Loan - Ready,Steady Saver,Indiranagar,+91-9653943250,customer107090@example.com,10am-1pm,0.548,47400.0,0.0,5000.0,1434000.0,12500.0,2471000.0,Ready now,0.998,"READY LEAD (no rent outflow - may be living with family). Eligible Rs 14L at EMI Rs 12,500. Down payment funded (Rs 25L). Segment: Steady Saver."
CUST107120,P2 - Call this week,Home Loan - Ready,Steady Saver,MG Road,+91-9077342179,customer107120@example.com,1pm-4pm,0.548,64700.0,0.0,3300.0,2953000.0,25800.0,3011000.0,Ready now,0.476,"READY LEAD (no rent outflow - may be living with family). Eligible Rs 30L at EMI Rs 25,800. Down payment funded (Rs 30L). Segment: Steady Saver."
CUST100706,P2 - Call this week,Home Loan - Ready,Steady Saver,Electronic City,+91-9666930261,customer100706@example.com,10am-1pm,0.547,53600.0,0.0,4200.0,2279000.0,19900.0,2396000.0,Ready now,0.454,"READY LEAD (no rent outflow - may be living with family). Eligible Rs 23L at EMI Rs 19,900. Down payment funded (Rs 24L). Segment: Steady Saver."
CUST104097,P2 - Call this week,Home Loan - Ready,Steady Saver,MG Road,+91-9451059819,customer104097@example.com,1pm-4pm,0.547,87500.0,0.0,4100.0,4035000.0,35300.0,3235000.0,Ready now,0.994,"READY LEAD (no rent outflow - may be living with family). Eligible Rs 40L at EMI Rs 35,300. Down payment funded (Rs 32L). Segment: Steady Saver."
CUST104283,P2 - Call this week,Rent-to-EMI - Hot,Wealth Builder,Koramangala,+91-9018316002,customer104283@example.com,4pm-7pm,0.547,138400.0,31700.0,23800.0,5194000.0,45400.0,2217000.0,Ready now,0.892,"HOT LEAD. Rent Rs 31,700 (23% of income). Eligible Rs 52L at EMI Rs 45,400. Down payment already funded (Rs 22L available)."
CUST105674,P2 - Call this week,Rent-to-EMI - Hot,Lifestyle Spender,Whitefield,+91-9094399134,customer105674@example.com,1pm-4pm,0.547,96500.0,18900.0,0.0,5520000.0,48200.0,1482000.0,Ready now,0.092,"HOT LEAD. Rent Rs 18,900 (20% of income). Eligible Rs 55L at EMI Rs 48,200. Down payment already funded (Rs 15L available)."
CUST105956,P2 - Call this week,Rent-to-EMI - Hot,Lifestyle Spender,Koramangala,+91-9394874181,customer105956@example.com,7pm-9pm,0.547,34200.0,11100.0,0.0,1761000.0,15400.0,760000.0,Ready now,0.119,"HOT LEAD. Rent Rs 11,100 (32% of income). Eligible Rs 18L at EMI Rs 15,400. Down payment already funded (Rs 8L available)."
CUST106371,P2 - Call this week,Home Loan - Ready,Steady Saver,Electronic City,+91-9315308774,customer106371@example.com,10am-1pm,0.547,26500.0,0.0,2500.0,1078000.0,9400.0,710000.0,Ready now,1.0,"READY LEAD (no rent outflow - may be living with family). Eligible Rs 11L at EMI Rs 9,400. Down payment funded (Rs 7L). Segment: Steady Saver."
CUST106622,P2 - Call this week,Rent-to-EMI - Hot,Wealth Builder,Koramangala,+91-9632941998,customer106622@example.com,4pm-7pm,0.547,124300.0,37700.0,9200.0,6057000.0,53000.0,8342000.0,Ready now,0.772,"HOT LEAD. Rent Rs 37,700 (30% of income). Eligible Rs 61L at EMI Rs 53,000. Down payment already funded (Rs 83L available)."
CUST106673,P2 - Call this week,Home Loan - Ready,Steady Saver,Electronic City,+91-9909721932,customer106673@example.com,1pm-4pm,0.547,44300.0,0.0,2300.0,2017000.0,17600.0,2286000.0,Ready now,0.493,"READY LEAD (no rent outflow - may be living with family). Eligible Rs 20L at EMI Rs 17,600. Down payment funded (Rs 23L). Segment: Steady Saver."
CUST107169,P2 - Call this week,Rent-to-EMI - Hot,Wealth Builder,Koramangala,+91-9782083540,customer107169@example.com,10am-1pm,0.547,117600.0,22500.0,8600.0,5743000.0,50200.0,2073000.0,Ready now,1.0,"HOT LEAD. Rent Rs 22,500 (19% of income). Eligible Rs 57L at EMI Rs 50,200. Down payment already funded (Rs 21L available)."
CUST100921,P2 - Call this week,Rent-to-EMI - Hot,Steady Saver,Koramangala,+91-9708168201,customer100921@example.com,4pm-7pm,0.546,72800.0,9800.0,0.0,4164000.0,36400.0,2658000.0,Ready now,0.995,"HOT LEAD. Rent Rs 9,800 (14% of income). Eligible Rs 42L at EMI Rs 36,400. Down payment already funded (Rs 27L available)."
CUST101442,P2 - Call this week,Rent-to-EMI - Hot,Wealth Builder,Electronic City,+91-9835201101,customer101442@example.com,1pm-4pm,0.546,91200.0,28400.0,0.0,5216000.0,45600.0,1405000.0,Ready now,0.992,"HOT LEAD. Rent Rs 28,400 (31% of income). Eligible Rs 52L at EMI Rs 45,600. Down payment already funded (Rs 14L available)."
CUST102502,P2 - Call this week,Rent-to-EMI - Hot,Wealth Builder,Koramangala,+91-9994124969,customer102502@example.com,1pm-4pm,0.546,79300.0,11700.0,22200.0,1543000.0,13500.0,4094000.0,Ready now,0.993,"HOT LEAD. Rent Rs 11,700 (15% of income). Eligible Rs 15L at EMI Rs 13,500. Down payment already funded (Rs 41L available)."
CUST102652,P2 - Call this week,Home Loan - Ready,Steady Saver,Koramangala,+91-9308556781,customer102652@example.com,10am-1pm,0.546,51200.0,0.0,4200.0,2155000.0,18800.0,1421000.0,Ready now,0.991,"READY LEAD (no rent outflow - may be living with family). Eligible Rs 22L at EMI Rs 18,800. Down payment funded (Rs 14L). Segment: Steady Saver."
CUST103066,P2 - Call this week,Rent-to-EMI - Hot,Wealth Builder,Indiranagar,+91-9777841357,customer103066@example.com,10am-1pm,0.546,58600.0,22800.0,12400.0,1598000.0,14000.0,2283000.0,Ready now,1.0,"HOT LEAD. Rent Rs 22,800 (39% of income). Eligible Rs 16L at EMI Rs 14,000. Down payment already funded (Rs 23L available)."
CUST103341,P2 - Call this week,Rent-to-EMI - Hot,Banking Elsewhere,Whitefield,+91-9577722688,customer103341@example.com,1pm-4pm,0.546,48900.0,8700.0,7300.0,1682000.0,14700.0,1362000.0,Ready now,0.18,"HOT LEAD. Rent Rs 8,700 (18% of income). Eligible Rs 17L at EMI Rs 14,700. Down payment already funded (Rs 14L available)."
CUST106664,P2 - Call this week,Rent-to-EMI - Hot,Wealth Builder,MG Road,+91-9467091881,customer106664@example.com,10am-1pm,0.546,114700.0,29500.0,11400.0,5913000.0,51700.0,4044000.0,Ready now,0.273,"HOT LEAD. Rent Rs 29,500 (26% of income). Eligible Rs 59L at EMI Rs 51,700. Down payment already funded (Rs 40L available)."
CUST106667,P2 - Call this week,Rent-to-EMI - Hot,Banking Elsewhere,Indiranagar,+91-9297729133,customer106667@example.com,10am-1pm,0.546,74500.0,17000.0,0.0,3835000.0,33500.0,1769000.0,Ready now,0.095,"HOT LEAD. Rent Rs 17,000 (23% of income). Eligible Rs 38L at EMI Rs 33,500. Down payment already funded (Rs 18L available)."
CUST107660,P2 - Call this week,Rent-to-EMI - Hot,Wealth Builder,Electronic City,+91-9221339808,customer107660@example.com,4pm-7pm,0.546,82400.0,31700.0,5100.0,3658000.0,32000.0,2807000.0,Ready now,0.557,"HOT LEAD. Rent Rs 31,700 (38% of income). Eligible Rs 37L at EMI Rs 32,000. Down payment already funded (Rs 28L available)."
CUST100587,P2 - Call this week,Rent-to-EMI - Hot,Wealth Builder,MG Road,+91-9281146696,customer100587@example.com,4pm-7pm,0.545,47000.0,16100.0,4900.0,1429000.0,12500.0,1280000.0,Ready now,0.42,"HOT LEAD. Rent Rs 16,100 (34% of income). Eligible Rs 14L at EMI Rs 12,500. Down payment already funded (Rs 13L available)."
CUST100588,P2 - Call this week,Rent-to-EMI - Hot,Wealth Builder,Whitefield,+91-9231655766,customer100588@example.com,7pm-9pm,0.545,95700.0,24700.0,0.0,5474000.0,47800.0,3405000.0,Ready now,0.347,"HOT LEAD. Rent Rs 24,700 (26% of income). Eligible Rs 55L at EMI Rs 47,800. Down payment already funded (Rs 34L available)."
CUST100899,P2 - Call this week,Rent-to-EMI - Hot,Wealth Builder,Electronic City,+91-9269663321,customer100899@example.com,10am-1pm,0.545,122500.0,42800.0,0.0,7007000.0,61200.0,3853000.0,Ready now,0.999,"HOT LEAD. Rent Rs 42,800 (35% of income). Eligible Rs 70L at EMI Rs 61,200. Down payment already funded (Rs 39L available)."
CUST101846,P2 - Call this week,Rent-to-EMI - Hot,Wealth Builder,Jayanagar,+91-9514798289,customer101846@example.com,4pm-7pm,0.545,54400.0,14000.0,0.0,2800000.0,24500.0,2587000.0,Ready now,0.472,"HOT LEAD. Rent Rs 14,000 (26% of income). Eligible Rs 28L at EMI Rs 24,500. Down payment already funded (Rs 26L available)."
CUST105829,P2 - Call this week,Rent-to-EMI - Hot,Lifestyle Spender,Electronic City,+91-9988873091,customer105829@example.com,10am-1pm,0.545,106500.0,28500.0,8900.0,5683000.0,49700.0,2138000.0,Ready now,0.112,"HOT LEAD. Rent Rs 28,500 (27% of income). Eligible Rs 57L at EMI Rs 49,700. Down payment already funded (Rs 21L available)."
CUST107803,P2 - Call this week,Rent-to-EMI - Hot,Lifestyle Spender,Jayanagar,+91-9280601982,customer107803@example.com,10am-1pm,0.545,63000.0,26300.0,4700.0,3066000.0,26800.0,1161000.0,Ready now,0.088,"HOT LEAD. Rent Rs 26,300 (42% of income). Eligible Rs 31L at EMI Rs 26,800. Down payment already funded (Rs 12L available)."
CUST100142,P2 - Call this week,Home Loan - Ready,Steady Saver,MG Road,+91-9310224389,customer100142@example.com,1pm-4pm,0.544,43700.0,0.0,2900.0,2168000.0,19000.0,2134000.0,Ready now,0.382,"READY LEAD (no rent outflow - may be living with family). Eligible Rs 22L at EMI Rs 19,000. Down payment funded (Rs 21L). Segment: Steady Saver."
CUST100401,P2 - Call this week,Rent-to-EMI - Hot,Wealth Builder,Jayanagar,+91-9270485402,customer100401@example.com,7pm-9pm,0.544,70800.0,9900.0,9100.0,2604000.0,22800.0,2635000.0,Ready now,0.621,"HOT LEAD. Rent Rs 9,900 (14% of income). Eligible Rs 26L at EMI Rs 22,800. Down payment already funded (Rs 26L available)."
CUST100479,P2 - Call this week,Balance Transfer,Lifestyle Spender,Koramangala,+91-9970290393,customer100479@example.com,4pm-7pm,0.544,126800.0,37000.0,0.0,7978000.0,69700.0,1511000.0,Ready in 24 months,0.045,"BT pitch: currently 10.07%, outstanding Rs 23L. Monthly saving Rs 2,181. Carry the rate sheet."
CUST100700,P2 - Call this week,Rent-to-EMI - Hot,Wealth Builder,MG Road,+91-9640462569,customer100700@example.com,10am-1pm,0.544,34000.0,7700.0,0.0,1750000.0,15300.0,1120000.0,Ready now,0.563,"HOT LEAD. Rent Rs 7,700 (23% of income). Eligible Rs 18L at EMI Rs 15,300. Down payment already funded (Rs 11L available)."
CUST101613,P2 - Call this week,Rent-to-EMI - Hot,Lifestyle Spender,Electronic City,+91-9837774914,customer101613@example.com,7pm-9pm,0.544,82100.0,31400.0,0.0,4696000.0,41000.0,1231000.0,Ready now,0.184,"HOT LEAD. Rent Rs 31,400 (38% of income). Eligible Rs 47L at EMI Rs 41,000. Down payment already funded (Rs 12L available)."
CUST101633,P2 - Call this week,Rent-to-EMI - Hot,Wealth Builder,Jayanagar,+91-9114937190,customer101633@example.com,4pm-7pm,0.544,58500.0,22800.0,4400.0,2508000.0,21900.0,1956000.0,Ready now,1.0,"HOT LEAD. Rent Rs 22,800 (39% of income). Eligible Rs 25L at EMI Rs 21,900. Down payment already funded (Rs 20L available)."
CUST103076,P2 - Call this week,Rent-to-EMI - Hot,Wealth Builder,Electronic City,+91-9635160636,customer103076@example.com,4pm-7pm,0.544,63100.0,25700.0,2600.0,2951000.0,25800.0,2157000.0,Ready now,0.53,"HOT LEAD. Rent Rs 25,700 (41% of income). Eligible Rs 30L at EMI Rs 25,800. Down payment already funded (Rs 22L available)."
CUST103892,P2 - Call this week,Home Loan - Ready,Steady Saver,MG Road,+91-9995820898,customer103892@example.com,1pm-4pm,0.544,33600.0,0.0,3600.0,1318000.0,11500.0,985000.0,Ready now,0.627,"READY LEAD (no rent outflow - may be living with family). Eligible Rs 13L at EMI Rs 11,500. Down payment funded (Rs 10L). Segment: Steady Saver."
CUST102075,P2 - Call this week,Balance Transfer,Wealth Builder,Whitefield,+91-9874503147,customer102075@example.com,10am-1pm,0.543,107100.0,20300.0,16200.0,4273000.0,37400.0,1224000.0,Ready now,1.0,"BT pitch: currently 9.82%, outstanding Rs 47L. Monthly saving Rs 3,678. Carry the rate sheet."
CUST102444,P2 - Call this week,Rent-to-EMI - Hot,Wealth Builder,MG Road,+91-9580270258,customer102444@example.com,10am-1pm,0.543,62400.0,10100.0,17600.0,628000.0,5500.0,3224000.0,Ready now,1.0,"HOT LEAD. Rent Rs 10,100 (16% of income). Eligible Rs 6L at EMI Rs 5,500. Down payment already funded (Rs 32L available)."
CUST103828,P2 - Call this week,Rent-to-EMI - Hot,Wealth Builder,MG Road,+91-9977202728,customer103828@example.com,7pm-9pm,0.543,61800.0,16100.0,4400.0,2678000.0,23400.0,1300000.0,Ready now,0.528,"HOT LEAD. Rent Rs 16,100 (26% of income). Eligible Rs 27L at EMI Rs 23,400. Down payment already funded (Rs 13L available)."
CUST105953,P2 - Call this week,Rent-to-EMI - Hot,Wealth Builder,Whitefield,+91-9523452679,customer105953@example.com,1pm-4pm,0.543,55700.0,11100.0,14200.0,733000.0,6400.0,2018000.0,Ready now,1.0,"HOT LEAD. Rent Rs 11,100 (20% of income). Eligible Rs 7L at EMI Rs 6,400. Down payment already funded (Rs 20L available)."
CUST107039,P2 - Call this week,Rent-to-EMI - Hot,Wealth Builder,Indiranagar,+91-9920215553,customer107039@example.com,4pm-7pm,0.543,269100.0,51500.0,0.0,16931000.0,148000.0,7582000.0,Ready now,0.989,"HOT LEAD. Rent Rs 51,500 (19% of income). Eligible Rs 169L at EMI Rs 148,000. Down payment already funded (Rs 76L available)."
CUST101282,P2 - Call this week,Rent-to-EMI - Hot,Lifestyle Spender,Whitefield,+91-9224010994,customer101282@example.com,10am-1pm,0.542,91600.0,13400.0,9700.0,3606000.0,31500.0,1848000.0,Ready now,0.137,"HOT LEAD. Rent Rs 13,400 (15% of income). Eligible Rs 36L at EMI Rs 31,500. Down payment already funded (Rs 18L available)."
CUST102383,P2 - Call this week,Rent-to-EMI - Hot,Wealth Builder,Electronic City,+91-9789169400,customer102383@example.com,1pm-4pm,0.542,39600.0,10700.0,12000.0,303000.0,2700.0,2159000.0,Ready now,0.472,"HOT LEAD. Rent Rs 10,700 (27% of income). Eligible Rs 3L at EMI Rs 2,700. Down payment already funded (Rs 22L available)."
CUST103429,P2 - Call this week,Home Loan - Ready,Steady Saver,Jayanagar,+91-9046640574,customer103429@example.com,10am-1pm,0.542,67900.0,0.0,0.0,3495000.0,30600.0,3023000.0,Ready now,0.48,"READY LEAD (no rent outflow - may be living with family). Eligible Rs 35L at EMI Rs 30,600. Down payment funded (Rs 30L). Segment: Steady Saver."
CUST103706,P2 - Call this week,Rent-to-EMI - Hot,Steady Saver,Koramangala,+91-9277485201,customer103706@example.com,4pm-7pm,0.542,147800.0,25400.0,0.0,8454000.0,73900.0,4114000.0,Ready now,0.239,"HOT LEAD. Rent Rs 25,400 (17% of income). Eligible Rs 85L at EMI Rs 73,900. Down payment already funded (Rs 41L available)."
CUST104713,P2 - Call this week,Rent-to-EMI - Hot,Wealth Builder,Jayanagar,+91-9478263693,customer104713@example.com,4pm-7pm,0.542,111400.0,40000.0,0.0,6372000.0,55700.0,3281000.0,Ready now,0.188,"HOT LEAD. Rent Rs 40,000 (36% of income). Eligible Rs 64L at EMI Rs 55,700. Down payment already funded (Rs 33L available)."
CUST106313,P2 - Call this week,Balance Transfer,Stretched Borrower,Whitefield,+91-9093715890,customer106313@example.com,7pm-9pm,0.542,222100.0,48400.0,47100.0,8586000.0,75100.0,9968000.0,Ready now,0.426,"BT pitch: currently 9.13%, outstanding Rs 131L. Monthly saving Rs 4,438. Carry the rate sheet."
CUST107465,P2 - Call this week,Home Loan - Ready,Steady Saver,Electronic City,+91-9343307378,customer107465@example.com,1pm-4pm,0.542,117800.0,0.0,12700.0,5959000.0,52100.0,3523000.0,Ready now,0.685,"READY LEAD (no rent outflow - may be living with family). Eligible Rs 60L at EMI Rs 52,100. Down payment funded (Rs 35L). Segment: Steady Saver."
CUST100383,P2 - Call this week,Home Loan - Ready,Steady Saver,Indiranagar,+91-9312466403,customer100383@example.com,4pm-7pm,0.541,32100.0,0.0,4600.0,1126000.0,9800.0,1360000.0,Ready now,1.0,"READY LEAD (no rent outflow - may be living with family). Eligible Rs 11L at EMI Rs 9,800. Down payment funded (Rs 14L). Segment: Steady Saver."
CUST101201,P2 - Call this week,Home Loan - Ready,Steady Saver,Indiranagar,+91-9779719034,customer101201@example.com,10am-1pm,0.541,52500.0,0.0,4900.0,2142000.0,18700.0,1126000.0,Ready now,0.977,"READY LEAD (no rent outflow - may be living with family). Eligible Rs 21L at EMI Rs 18,700. Down payment funded (Rs 11L). Segment: Steady Saver."
CUST101393,P2 - Call this week,Rent-to-EMI - Hot,Wealth Builder,Jayanagar,+91-9561333211,customer101393@example.com,1pm-4pm,0.541,87700.0,22000.0,0.0,4515000.0,39500.0,1719000.0,Ready now,0.998,"HOT LEAD. Rent Rs 22,000 (25% of income). Eligible Rs 45L at EMI Rs 39,500. Down payment already funded (Rs 17L available)."
CUST102533,P2 - Call this week,Balance Transfer,Steady Saver,MG Road,+91-9846563760,customer102533@example.com,4pm-7pm,0.541,65900.0,18500.0,0.0,3392000.0,29700.0,1312000.0,Ready now,0.364,"BT pitch: currently 10.39%, outstanding Rs 32L. Monthly saving Rs 3,776. Carry the rate sheet."
CUST103309,P2 - Call this week,Home Loan - Ready,Steady Saver,Jayanagar,+91-9083238253,customer103309@example.com,10am-1pm,0.541,53100.0,0.0,2200.0,2482000.0,21700.0,2517000.0,Ready now,0.497,"READY LEAD (no rent outflow - may be living with family). Eligible Rs 25L at EMI Rs 21,700. Down payment funded (Rs 25L). Segment: Steady Saver."
CUST103662,P2 - Call this week,Rent-to-EMI - Hot,Wealth Builder,Indiranagar,+91-9491526990,customer103662@example.com,1pm-4pm,0.541,110800.0,45000.0,0.0,5323000.0,46500.0,3218000.0,Ready now,0.512,"HOT LEAD. Rent Rs 45,000 (41% of income). Eligible Rs 53L at EMI Rs 46,500. Down payment already funded (Rs 32L available)."
CUST104911,P2 - Call this week,Home Loan - Ready,Steady Saver,Koramangala,+91-9682266442,customer104911@example.com,7pm-9pm,0.541,150300.0,0.0,0.0,8597000.0,75200.0,6760000.0,Ready now,0.733,"READY LEAD (no rent outflow - may be living with family). Eligible Rs 86L at EMI Rs 75,200. Down payment funded (Rs 68L). Segment: Steady Saver."
CUST101509,P2 - Call this week,Rent-to-EMI - Hot,Wealth Builder,Jayanagar,+91-9579698553,customer101509@example.com,4pm-7pm,0.54,25000.0,5400.0,0.0,1287000.0,11200.0,745000.0,Ready now,0.966,"HOT LEAD. Rent Rs 5,400 (22% of income). Eligible Rs 13L at EMI Rs 11,200. Down payment already funded (Rs 7L available)."
CUST101852,P2 - Call this week,Rent-to-EMI - Hot,Wealth Builder,MG Road,+91-9218864281,customer101852@example.com,7pm-9pm,0.54,76500.0,18700.0,11100.0,2668000.0,23300.0,2058000.0,Ready now,0.993,"HOT LEAD. Rent Rs 18,700 (24% of income). Eligible Rs 27L at EMI Rs 23,300. Down payment already funded (Rs 21L available)."
CUST103772,P2 - Call this week,Rent-to-EMI - Hot,Lifestyle Spender,Koramangala,+91-9487634494,customer103772@example.com,4pm-7pm,0.54,94100.0,33700.0,0.0,5382000.0,47000.0,1628000.0,Ready now,0.009,"HOT LEAD. Rent Rs 33,700 (36% of income). Eligible Rs 54L at EMI Rs 47,000. Down payment already funded (Rs 16L available)."
CUST105170,P2 - Call this week,Home Loan - Ready,Steady Saver,Indiranagar,+91-9186306537,customer105170@example.com,1pm-4pm,0.54,44500.0,0.0,0.0,2291000.0,20000.0,1125000.0,Ready now,0.996,"READY LEAD (no rent outflow - may be living with family). Eligible Rs 23L at EMI Rs 20,000. Down payment funded (Rs 11L). Segment: Steady Saver."
CUST106717,P2 - Call this week,Rent-to-EMI - Hot,Wealth Builder,Koramangala,+91-9390226381,customer106717@example.com,10am-1pm,0.54,126300.0,40100.0,11000.0,5966000.0,52200.0,2002000.0,Ready now,1.0,"HOT LEAD. Rent Rs 40,100 (32% of income). Eligible Rs 60L at EMI Rs 52,200. Down payment already funded (Rs 20L available)."
CUST101743,P2 - Call this week,Home Loan - Ready,Steady Saver,Koramangala,+91-9926168358,customer101743@example.com,1pm-4pm,0.539,54800.0,0.0,5500.0,2192000.0,19200.0,1964000.0,Ready now,0.363,"READY LEAD (no rent outflow - may be living with family). Eligible Rs 22L at EMI Rs 19,200. Down payment funded (Rs 20L). Segment: Steady Saver."
CUST102120,P2 - Call this week,Rent-to-EMI - Hot,Wealth Builder,Electronic City,+91-9839636612,customer102120@example.com,7pm-9pm,0.539,95600.0,39800.0,0.0,4921000.0,43000.0,2290000.0,Ready now,0.111,"HOT LEAD. Rent Rs 39,800 (42% of income). Eligible Rs 49L at EMI Rs 43,000. Down payment already funded (Rs 23L available)."
CUST105634,P2 - Call this week,Rent-to-EMI - Hot,Lifestyle Spender,Whitefield,+91-9017545190,customer105634@example.com,1pm-4pm,0.539,132400.0,38400.0,0.0,7573000.0,66200.0,2828000.0,Ready now,0.088,"HOT LEAD. Rent Rs 38,400 (29% of income). Eligible Rs 76L at EMI Rs 66,200. Down payment already funded (Rs 28L available)."
CUST107062,P2 - Call this week,Home Loan - Ready,Steady Saver,Jayanagar,+91-9740499010,customer107062@example.com,4pm-7pm,0.539,48000.0,0.0,8300.0,1521000.0,13300.0,2410000.0,Ready now,0.844,"READY LEAD (no rent outflow - may be living with family). Eligible Rs 15L at EMI Rs 13,300. Down payment funded (Rs 24L). Segment: Steady Saver."
CUST107509,P2 - Call this week,Rent-to-EMI - Hot,Wealth Builder,MG Road,+91-9795390838,customer107509@example.com,10am-1pm,0.539,84300.0,22100.0,0.0,4822000.0,42200.0,2137000.0,Ready now,0.928,"HOT LEAD. Rent Rs 22,100 (26% of income). Eligible Rs 48L at EMI Rs 42,200. Down payment already funded (Rs 21L available)."
CUST101936,P2 - Call this week,Rent-to-EMI - Hot,Wealth Builder,MG Road,+91-9752106781,customer101936@example.com,4pm-7pm,0.538,119500.0,44200.0,11100.0,5565000.0,48600.0,6271000.0,Ready now,0.569,"HOT LEAD. Rent Rs 44,200 (37% of income). Eligible Rs 56L at EMI Rs 48,600. Down payment already funded (Rs 63L available)."
CUST100413,P2 - Call this week,Rent-to-EMI - Hot,Wealth Builder,Jayanagar,+91-9844520701,customer100413@example.com,4pm-7pm,0.537,67900.0,14400.0,0.0,3884000.0,34000.0,1233000.0,Ready now,1.0,"HOT LEAD. Rent Rs 14,400 (21% of income). Eligible Rs 39L at EMI Rs 34,000. Down payment already funded (Rs 12L available)."
CUST101501,P2 - Call this week,Rent-to-EMI - Hot,Wealth Builder,Electronic City,+91-9905008105,customer101501@example.com,4pm-7pm,0.537,100000.0,39300.0,18600.0,3592000.0,31400.0,5949000.0,Ready now,0.465,"HOT LEAD. Rent Rs 39,300 (39% of income). Eligible Rs 36L at EMI Rs 31,400. Down payment already funded (Rs 59L available)."
CUST105109,P2 - Call this week,Home Loan - Ready,Steady Saver,Electronic City,+91-9628656644,customer105109@example.com,1pm-4pm,0.537,56400.0,0.0,0.0,2387000.0,20900.0,957000.0,Ready now,1.0,"READY LEAD (no rent outflow - may be living with family). Eligible Rs 24L at EMI Rs 20,900. Down payment funded (Rs 10L). Segment: Steady Saver."
CUST105388,P2 - Call this week,Rent-to-EMI - Hot,Wealth Builder,Jayanagar,+91-9525095066,customer105388@example.com,10am-1pm,0.537,35300.0,4600.0,6700.0,1051000.0,9200.0,1018000.0,Ready now,0.996,"HOT LEAD. Rent Rs 4,600 (13% of income). Eligible Rs 11L at EMI Rs 9,200. Down payment already funded (Rs 10L available)."
CUST101241,P2 - Call this week,Balance Transfer,Wealth Builder,Electronic City,+91-9074937078,customer101241@example.com,10am-1pm,0.536,75000.0,23000.0,0.0,4290000.0,37500.0,4499000.0,Ready now,0.582,"BT pitch: currently 10.72%, outstanding Rs 35L. Monthly saving Rs 4,802. Carry the rate sheet."
CUST103098,P2 - Call this week,Home Loan - Ready,Steady Saver,Jayanagar,+91-9996554787,customer103098@example.com,1pm-4pm,0.536,38400.0,0.0,3000.0,1634000.0,14300.0,1518000.0,Ready now,0.491,"READY LEAD (no rent outflow - may be living with family). Eligible Rs 16L at EMI Rs 14,300. Down payment funded (Rs 15L). Segment: Steady Saver."
CUST105265,P2 - Call this week,Home Loan - Ready,Steady Saver,Jayanagar,+91-9232957568,customer105265@example.com,4pm-7pm,0.536,39300.0,0.0,3000.0,1905000.0,16600.0,1559000.0,Ready now,0.416,"READY LEAD (no rent outflow - may be living with family). Eligible Rs 19L at EMI Rs 16,600. Down payment funded (Rs 16L). Segment: Steady Saver."
CUST105338,P2 - Call this week,Rent-to-EMI - Hot,Wealth Builder,Whitefield,+91-9527867774,customer105338@example.com,10am-1pm,0.536,82100.0,27500.0,4500.0,3712000.0,32400.0,1609000.0,Ready now,0.527,"HOT LEAD. Rent Rs 27,500 (34% of income). Eligible Rs 37L at EMI Rs 32,400. Down payment already funded (Rs 16L available)."
CUST107103,P2 - Call this week,Rent-to-EMI - Hot,Wealth Builder,Jayanagar,+91-9223114616,customer107103@example.com,1pm-4pm,0.536,55400.0,17400.0,0.0,2345000.0,20500.0,2777000.0,Ready now,0.506,"HOT LEAD. Rent Rs 17,400 (31% of income). Eligible Rs 23L at EMI Rs 20,500. Down payment already funded (Rs 28L available)."
CUST107669,P2 - Call this week,Home Loan - Ready,Steady Saver,Electronic City,+91-9856720596,customer107669@example.com,1pm-4pm,0.536,122000.0,0.0,29300.0,2510000.0,21900.0,3853000.0,Ready now,0.585,"READY LEAD (no rent outflow - may be living with family). Eligible Rs 25L at EMI Rs 21,900. Down payment funded (Rs 39L). Segment: Steady Saver."
CUST101758,P2 - Call this week,Home Loan - Ready,Steady Saver,Electronic City,+91-9970201493,customer101758@example.com,1pm-4pm,0.535,100500.0,0.0,13700.0,4181000.0,36600.0,2896000.0,Ready now,0.548,"READY LEAD (no rent outflow - may be living with family). Eligible Rs 42L at EMI Rs 36,600. Down payment funded (Rs 29L). Segment: Steady Saver."
CUST102515,P2 - Call this week,Home Loan - Ready,Steady Saver,Indiranagar,+91-9107417830,customer102515@example.com,4pm-7pm,0.535,88500.0,0.0,5000.0,3984000.0,34800.0,5365000.0,Ready now,1.0,"READY LEAD (no rent outflow - may be living with family). Eligible Rs 40L at EMI Rs 34,800. Down payment funded (Rs 54L). Segment: Steady Saver."
CUST103281,P2 - Call this week,Rent-to-EMI - Hot,Wealth Builder,Whitefield,+91-9473729840,customer103281@example.com,4pm-7pm,0.535,53100.0,10200.0,5400.0,2116000.0,18500.0,1685000.0,Ready now,0.689,"HOT LEAD. Rent Rs 10,200 (19% of income). Eligible Rs 21L at EMI Rs 18,500. Down payment already funded (Rs 17L available)."
CUST104348,P2 - Call this week,Home Loan - Ready,Steady Saver,Koramangala,+91-9454706491,customer104348@example.com,10am-1pm,0.535,78400.0,0.0,3900.0,3590000.0,31400.0,3143000.0,Ready now,0.53,"READY LEAD (no rent outflow - may be living with family). Eligible Rs 36L at EMI Rs 31,400. Down payment funded (Rs 31L). Segment: Steady Saver."
CUST100548,P2 - Call this week,Balance Transfer,Stretched Borrower,Jayanagar,+91-9812211137,customer100548@example.com,4pm-7pm,0.534,104500.0,21100.0,29500.0,3200000.0,28000.0,3476000.0,Ready now,1.0,"BT pitch: currently 9.77%, outstanding Rs 33L. Monthly saving Rs 2,496. Carry the rate sheet."
CUST104319,P2 - Call this week,Balance Transfer,Stretched Borrower,Koramangala,+91-9913119004,customer104319@example.com,10am-1pm,0.534,98900.0,18200.0,0.0,5091000.0,44500.0,3833000.0,Ready now,0.999,"BT pitch: currently 9.98%, outstanding Rs 58L. Monthly saving Rs 5,187. Carry the rate sheet."
CUST104981,P2 - Call this week,Rent-to-EMI - Hot,Wealth Builder,Jayanagar,+91-9048997931,customer104981@example.com,4pm-7pm,0.534,26400.0,9500.0,0.0,1117000.0,9800.0,766000.0,Ready now,0.639,"HOT LEAD. Rent Rs 9,500 (36% of income). Eligible Rs 11L at EMI Rs 9,800. Down payment already funded (Rs 8L available)."
CUST105689,P2 - Call this week,Rent-to-EMI - Hot,Wealth Builder,MG Road,+91-9942826504,customer105689@example.com,4pm-7pm,0.534,36300.0,12300.0,0.0,1869000.0,16300.0,1318000.0,Ready now,0.336,"HOT LEAD. Rent Rs 12,300 (34% of income). Eligible Rs 19L at EMI Rs 16,300. Down payment already funded (Rs 13L available)."
CUST102643,P2 - Call this week,Balance Transfer,Wealth Builder,MG Road,+91-9197874028,customer102643@example.com,1pm-4pm,0.533,84800.0,25000.0,0.0,4365000.0,38200.0,3845000.0,Ready now,0.433,"BT pitch: currently 9.79%, outstanding Rs 36L. Monthly saving Rs 2,777. Carry the rate sheet."
CUST102788,P2 - Call this week,Rent-to-EMI - Hot,Wealth Builder,Whitefield,+91-9550997281,customer102788@example.com,10am-1pm,0.533,100800.0,41200.0,15600.0,3058000.0,26700.0,5127000.0,Ready now,0.516,"HOT LEAD. Rent Rs 41,200 (41% of income). Eligible Rs 31L at EMI Rs 26,700. Down payment already funded (Rs 51L available)."
CUST103377,P2 - Call this week,Rent-to-EMI - Hot,Wealth Builder,Indiranagar,+91-9774801870,customer103377@example.com,10am-1pm,0.533,71400.0,20300.0,4100.0,2553000.0,22300.0,3219000.0,Ready now,0.542,"HOT LEAD. Rent Rs 20,300 (28% of income). Eligible Rs 26L at EMI Rs 22,300. Down payment already funded (Rs 32L available)."
CUST104374,P2 - Call this week,Balance Transfer,Steady Saver,MG Road,+91-9234699658,customer104374@example.com,4pm-7pm,0.533,36000.0,0.0,0.0,1853000.0,16200.0,1066000.0,Ready now,0.571,"BT pitch: currently 10.68%, outstanding Rs 13L. Monthly saving Rs 1,838. Carry the rate sheet."
CUST104756,P2 - Call this week,Rent-to-EMI - Hot,Lifestyle Spender,Jayanagar,+91-9827160194,customer104756@example.com,4pm-7pm,0.533,196700.0,34200.0,0.0,11251000.0,98400.0,3848000.0,Ready now,0.033,"HOT LEAD. Rent Rs 34,200 (17% of income). Eligible Rs 113L at EMI Rs 98,400. Down payment already funded (Rs 38L available)."
CUST106784,P2 - Call this week,Balance Transfer,Steady Saver,MG Road,+91-9464201564,customer106784@example.com,1pm-4pm,0.533,50000.0,0.0,0.0,2574000.0,22500.0,1968000.0,Ready now,1.0,"BT pitch: currently 10.56%, outstanding Rs 27L. Monthly saving Rs 3,506. Carry the rate sheet."
CUST100334,P2 - Call this week,Home Loan - Ready,Steady Saver,Jayanagar,+91-9477512702,customer100334@example.com,4pm-7pm,0.532,37100.0,0.0,3300.0,1532000.0,13400.0,1008000.0,Ready now,0.696,"READY LEAD (no rent outflow - may be living with family). Eligible Rs 15L at EMI Rs 13,400. Down payment funded (Rs 10L). Segment: Steady Saver."
CUST101647,P2 - Call this week,Rent-to-EMI - Hot,Wealth Builder,Whitefield,+91-9339448751,customer101647@example.com,10am-1pm,0.532,55300.0,16100.0,2700.0,2538000.0,22200.0,857000.0,Ready now,0.998,"HOT LEAD. Rent Rs 16,100 (29% of income). Eligible Rs 25L at EMI Rs 22,200. Down payment already funded (Rs 9L available)."
CUST105737,P2 - Call this week,Home Loan - Ready,Steady Saver,Koramangala,+91-9017450046,customer105737@example.com,7pm-9pm,0.532,84500.0,0.0,0.0,4350000.0,38000.0,2386000.0,Ready now,1.0,"READY LEAD (no rent outflow - may be living with family). Eligible Rs 44L at EMI Rs 38,000. Down payment funded (Rs 24L). Segment: Steady Saver."
CUST105864,P2 - Call this week,Rent-to-EMI - Hot,Wealth Builder,Indiranagar,+91-9084145418,customer105864@example.com,7pm-9pm,0.532,51900.0,11100.0,3600.0,2260000.0,19800.0,1084000.0,Ready now,1.0,"HOT LEAD. Rent Rs 11,100 (21% of income). Eligible Rs 23L at EMI Rs 19,800. Down payment already funded (Rs 11L available)."
CUST106390,P2 - Call this week,Home Loan - Ready,Steady Saver,Indiranagar,+91-9836358861,customer106390@example.com,10am-1pm,0.532,37400.0,0.0,2000.0,1910000.0,16700.0,985000.0,Ready now,0.982,"READY LEAD (no rent outflow - may be living with family). Eligible Rs 19L at EMI Rs 16,700. Down payment funded (Rs 10L). Segment: Steady Saver."
CUST106640,P2 - Call this week,Rent-to-EMI - Hot,Wealth Builder,Koramangala,+91-9819926238,customer106640@example.com,10am-1pm,0.532,57800.0,9300.0,0.0,2446000.0,21400.0,1698000.0,Ready now,1.0,"HOT LEAD. Rent Rs 9,300 (16% of income). Eligible Rs 24L at EMI Rs 21,400. Down payment already funded (Rs 17L available)."
CUST101659,P2 - Call this week,Rent-to-EMI - Hot,Wealth Builder,Jayanagar,+91-9959471407,customer101659@example.com,1pm-4pm,0.531,61000.0,9800.0,0.0,2582000.0,22600.0,2811000.0,Ready now,0.437,"HOT LEAD. Rent Rs 9,800 (16% of income). Eligible Rs 26L at EMI Rs 22,600. Down payment already funded (Rs 28L available)."
CUST103612,P2 - Call this week,Rent-to-EMI - Hot,Lifestyle Spender,MG Road,+91-9599902355,customer103612@example.com,10am-1pm,0.531,80300.0,31600.0,0.0,4593000.0,40200.0,1674000.0,Ready now,0.042,"HOT LEAD. Rent Rs 31,600 (39% of income). Eligible Rs 46L at EMI Rs 40,200. Down payment already funded (Rs 17L available)."
CUST104830,P2 - Call this week,Rent-to-EMI - Hot,Steady Saver,MG Road,+91-9127363003,customer104830@example.com,10am-1pm,0.531,39700.0,5000.0,2200.0,1792000.0,15700.0,854000.0,Ready now,0.998,"HOT LEAD. Rent Rs 5,000 (13% of income). Eligible Rs 18L at EMI Rs 15,700. Down payment already funded (Rs 9L available)."
CUST100156,P2 - Call this week,Rent-to-EMI - Hot,Wealth Builder,Indiranagar,+91-9319843454,customer100156@example.com,1pm-4pm,0.53,41800.0,6200.0,8800.0,763000.0,6700.0,1413000.0,Ready now,1.0,"HOT LEAD. Rent Rs 6,200 (15% of income). Eligible Rs 8L at EMI Rs 6,700. Down payment already funded (Rs 14L available)."
CUST100225,P2 - Call this week,Rent-to-EMI - Hot,Wealth Builder,Indiranagar,+91-9886225786,customer100225@example.com,10am-1pm,0.53,131400.0,52700.0,0.0,6313000.0,55200.0,3430000.0,Ready now,0.697,"HOT LEAD. Rent Rs 52,700 (40% of income). Eligible Rs 63L at EMI Rs 55,200. Down payment already funded (Rs 34L available)."
CUST102897,P2 - Call this week,Rent-to-EMI - Hot,Wealth Builder,MG Road,+91-9334108925,customer102897@example.com,1pm-4pm,0.53,53900.0,14100.0,14500.0,1116000.0,9800.0,1669000.0,Ready now,1.0,"HOT LEAD. Rent Rs 14,100 (26% of income). Eligible Rs 11L at EMI Rs 9,800. Down payment already funded (Rs 17L available)."
CUST103812,P2 - Call this week,Rent-to-EMI - Hot,Steady Saver,Jayanagar,+91-9592102737,customer103812@example.com,1pm-4pm,0.53,26600.0,4600.0,2400.0,851000.0,7400.0,968000.0,Ready now,0.628,"HOT LEAD. Rent Rs 4,600 (17% of income). Eligible Rs 9L at EMI Rs 7,400. Down payment already funded (Rs 10L available)."
CUST104087,P2 - Call this week,Rent-to-EMI - Hot,Wealth Builder,Indiranagar,+91-9930758974,customer104087@example.com,10am-1pm,0.53,71100.0,20100.0,7600.0,2791000.0,24400.0,2925000.0,Ready now,0.96,"HOT LEAD. Rent Rs 20,100 (28% of income). Eligible Rs 28L at EMI Rs 24,400. Down payment already funded (Rs 29L available)."
CUST106768,P2 - Call this week,Home Loan - Ready,Steady Saver,Koramangala,+91-9959212850,customer106768@example.com,4pm-7pm,0.53,31900.0,0.0,0.0,1642000.0,14400.0,1238000.0,Ready now,0.524,"READY LEAD (no rent outflow - may be living with family). Eligible Rs 16L at EMI Rs 14,400. Down payment funded (Rs 12L). Segment: Steady Saver."
CUST100168,P2 - Call this week,Balance Transfer,Stretched Borrower,MG Road,+91-9896357975,customer100168@example.com,4pm-7pm,0.529,47900.0,15000.0,12500.0,1036000.0,9100.0,1737000.0,Ready now,0.308,"BT pitch: currently 10.63%, outstanding Rs 21L. Monthly saving Rs 2,738. Carry the rate sheet."
CUST100200,P2 - Call this week,Balance Transfer,Steady Saver,Electronic City,+91-9166253620,customer100200@example.com,1pm-4pm,0.529,47800.0,0.0,2900.0,2402000.0,21000.0,1120000.0,Ready now,0.983,"BT pitch: currently 9.74%, outstanding Rs 28L. Monthly saving Rs 2,084. Carry the rate sheet."
CUST101874,P2 - Call this week,Rent-to-EMI - Hot,Wealth Builder,Koramangala,+91-9877208751,customer101874@example.com,4pm-7pm,0.529,217600.0,54000.0,26800.0,9380000.0,82000.0,6171000.0,Ready now,0.994,"HOT LEAD. Rent Rs 54,000 (25% of income). Eligible Rs 94L at EMI Rs 82,000. Down payment already funded (Rs 62L available)."
CUST104183,P2 - Call this week,Rent-to-EMI - Hot,Wealth Builder,Indiranagar,+91-9919354038,customer104183@example.com,1pm-4pm,0.529,129900.0,46500.0,26400.0,4410000.0,38600.0,9548000.0,Ready now,0.627,"HOT LEAD. Rent Rs 46,500 (36% of income). Eligible Rs 44L at EMI Rs 38,600. Down payment already funded (Rs 95L available)."
CUST105332,P2 - Call this week,Home Loan - Ready,Steady Saver,Whitefield,+91-9588228571,customer105332@example.com,10am-1pm,0.529,179600.0,0.0,0.0,11300000.0,98800.0,3518000.0,Ready now,0.989,"READY LEAD (no rent outflow - may be living with family). Eligible Rs 113L at EMI Rs 98,800. Down payment funded (Rs 35L). Segment: Steady Saver."
CUST105767,P2 - Call this week,Home Loan - Ready,Steady Saver,Jayanagar,+91-9602559542,customer105767@example.com,1pm-4pm,0.529,46100.0,0.0,3600.0,2225000.0,19400.0,1301000.0,Ready now,0.759,"READY LEAD (no rent outflow - may be living with family). Eligible Rs 22L at EMI Rs 19,400. Down payment funded (Rs 13L). Segment: Steady Saver."
CUST100019,P2 - Call this week,Rent-to-EMI - Hot,Wealth Builder,Jayanagar,+91-9466194464,customer100019@example.com,4pm-7pm,0.528,43100.0,15100.0,4200.0,1738000.0,15200.0,1181000.0,Ready now,1.0,"HOT LEAD. Rent Rs 15,100 (35% of income). Eligible Rs 17L at EMI Rs 15,200. Down payment already funded (Rs 12L available)."
CUST100309,P2 - Call this week,Home Loan - Ready,Steady Saver,Jayanagar,+91-9335959316,customer100309@example.com,7pm-9pm,0.528,89900.0,0.0,14300.0,2169000.0,19000.0,5436000.0,Ready now,1.0,"READY LEAD (no rent outflow - may be living with family). Eligible Rs 22L at EMI Rs 19,000. Down payment funded (Rs 54L). Segment: Steady Saver."
CUST100762,P2 - Call this week,Balance Transfer,Wealth Builder,Electronic City,+91-9397030747,customer100762@example.com,4pm-7pm,0.528,97400.0,34700.0,10100.0,4416000.0,38600.0,3554000.0,Ready now,0.441,"BT pitch: currently 9.46%, outstanding Rs 55L. Monthly saving Rs 3,024. Carry the rate sheet."
CUST100989,P2 - Call this week,Rent-to-EMI - Hot,Wealth Builder,Koramangala,+91-9360000744,customer100989@example.com,4pm-7pm,0.528,46000.0,17100.0,2700.0,2059000.0,18000.0,1050000.0,Ready now,0.993,"HOT LEAD. Rent Rs 17,100 (37% of income). Eligible Rs 21L at EMI Rs 18,000. Down payment already funded (Rs 10L available)."
CUST101089,P2 - Call this week,Rent-to-EMI - Hot,Lifestyle Spender,Jayanagar,+91-9995924004,customer101089@example.com,10am-1pm,0.528,90600.0,29300.0,0.0,4664000.0,40800.0,2183000.0,Ready now,0.132,"HOT LEAD. Rent Rs 29,300 (32% of income). Eligible Rs 47L at EMI Rs 40,800. Down payment already funded (Rs 22L available)."
CUST102939,P2 - Call this week,Home Loan - Ready,Steady Saver,MG Road,+91-9699328038,customer102939@example.com,7pm-9pm,0.528,93200.0,0.0,9900.0,4198000.0,36700.0,6349000.0,Ready now,0.605,"READY LEAD (no rent outflow - may be living with family). Eligible Rs 42L at EMI Rs 36,700. Down payment funded (Rs 63L). Segment: Steady Saver."
CUST103663,P2 - Call this week,Home Loan - Ready,Steady Saver,Electronic City,+91-9103860888,customer103663@example.com,1pm-4pm,0.528,102700.0,0.0,4500.0,5359000.0,46800.0,2485000.0,Ready now,0.988,"READY LEAD (no rent outflow - may be living with family). Eligible Rs 54L at EMI Rs 46,800. Down payment funded (Rs 25L). Segment: Steady Saver."
CUST104053,P2 - Call this week,Rent-to-EMI - Hot,Wealth Builder,MG Road,+91-9790574677,customer104053@example.com,4pm-7pm,0.528,96700.0,37100.0,0.0,4978000.0,43500.0,3252000.0,Ready now,0.787,"HOT LEAD. Rent Rs 37,100 (38% of income). Eligible Rs 50L at EMI Rs 43,500. Down payment already funded (Rs 33L available)."
CUST105088,P2 - Call this week,Home Loan - Ready,Steady Saver,MG Road,+91-9953451938,customer105088@example.com,10am-1pm,0.528,46400.0,0.0,2500.0,2103000.0,18400.0,3433000.0,Ready now,0.688,"READY LEAD (no rent outflow - may be living with family). Eligible Rs 21L at EMI Rs 18,400. Down payment funded (Rs 34L). Segment: Steady Saver."
CUST105890,P2 - Call this week,Home Loan - Ready,Steady Saver,Jayanagar,+91-9104409426,customer105890@example.com,1pm-4pm,0.528,70500.0,0.0,0.0,2984000.0,26100.0,3550000.0,Ready now,0.44,"READY LEAD (no rent outflow - may be living with family). Eligible Rs 30L at EMI Rs 26,100. Down payment funded (Rs 36L). Segment: Steady Saver."
CUST107251,P2 - Call this week,Balance Transfer,Stretched Borrower,Electronic City,+91-9257466690,customer107251@example.com,4pm-7pm,0.528,88300.0,26800.0,0.0,5051000.0,44200.0,2495000.0,Ready now,0.228,"BT pitch: currently 10.11%, outstanding Rs 42L. Monthly saving Rs 4,086. Carry the rate sheet."
CUST101212,P2 - Call this week,Balance Transfer,Wealth Builder,Electronic City,+91-9537644026,customer101212@example.com,1pm-4pm,0.527,59400.0,21600.0,4100.0,2589000.0,22600.0,2364000.0,Ready now,0.368,"BT pitch: currently 10.27%, outstanding Rs 31L. Monthly saving Rs 3,367. Carry the rate sheet."
CUST102428,P2 - Call this week,Home Loan - Ready,Steady Saver,Jayanagar,+91-9192231013,customer102428@example.com,4pm-7pm,0.527,68600.0,0.0,0.0,2904000.0,25400.0,1696000.0,Ready now,1.0,"READY LEAD (no rent outflow - may be living with family). Eligible Rs 29L at EMI Rs 25,400. Down payment funded (Rs 17L). Segment: Steady Saver."
CUST103769,P2 - Call this week,Rent-to-EMI - Hot,Steady Saver,Indiranagar,+91-9711733469,customer103769@example.com,7pm-9pm,0.527,49600.0,9900.0,3600.0,2141000.0,18700.0,1494000.0,Ready now,0.605,"HOT LEAD. Rent Rs 9,900 (20% of income). Eligible Rs 21L at EMI Rs 18,700. Down payment already funded (Rs 15L available)."
CUST104206,P2 - Call this week,Rent-to-EMI - Hot,Wealth Builder,Indiranagar,+91-9298416747,customer104206@example.com,1pm-4pm,0.527,33900.0,14200.0,0.0,1745000.0,15300.0,1173000.0,Ready now,0.942,"HOT LEAD. Rent Rs 14,200 (42% of income). Eligible Rs 17L at EMI Rs 15,300. Down payment already funded (Rs 12L available)."
CUST105166,P2 - Call this week,Rent-to-EMI - Hot,Steady Saver,Electronic City,+91-9166071281,customer105166@example.com,1pm-4pm,0.527,176000.0,24500.0,0.0,10067000.0,88000.0,14310000.0,Ready now,0.615,"HOT LEAD. Rent Rs 24,500 (14% of income). Eligible Rs 101L at EMI Rs 88,000. Down payment already funded (Rs 143L available)."
CUST105460,P2 - Call this week,Rent-to-EMI - Hot,Lifestyle Spender,Whitefield,+91-9116058286,customer105460@example.com,1pm-4pm,0.527,78900.0,15200.0,7800.0,3169000.0,27700.0,1543000.0,Ready now,0.06,"HOT LEAD. Rent Rs 15,200 (19% of income). Eligible Rs 32L at EMI Rs 27,700. Down payment already funded (Rs 15L available)."
CUST105628,P2 - Call this week,Rent-to-EMI - Hot,Wealth Builder,Jayanagar,+91-9424899770,customer105628@example.com,7pm-9pm,0.527,55700.0,8600.0,6600.0,2112000.0,18500.0,2410000.0,Ready now,0.351,"HOT LEAD. Rent Rs 8,600 (15% of income). Eligible Rs 21L at EMI Rs 18,500. Down payment already funded (Rs 24L available)."
CUST106192,P2 - Call this week,Balance Transfer,Wealth Builder,Jayanagar,+91-9482824170,customer106192@example.com,4pm-7pm,0.527,83800.0,22000.0,12200.0,2918000.0,25500.0,2705000.0,Ready now,1.0,"BT pitch: currently 10.11%, outstanding Rs 41L. Monthly saving Rs 4,029. Carry the rate sheet."
CUST101144,P2 - Call this week,Rent-to-EMI - Hot,Wealth Builder,Jayanagar,+91-9618324754,customer101144@example.com,1pm-4pm,0.526,72400.0,17800.0,10900.0,2894000.0,25300.0,4147000.0,Ready now,1.0,"HOT LEAD. Rent Rs 17,800 (25% of income). Eligible Rs 29L at EMI Rs 25,300. Down payment already funded (Rs 41L available)."
CUST104334,P2 - Call this week,Home Loan - Ready,Steady Saver,Indiranagar,+91-9410523482,customer104334@example.com,4pm-7pm,0.526,72500.0,0.0,0.0,4147000.0,36200.0,2486000.0,Ready now,0.657,"READY LEAD (no rent outflow - may be living with family). Eligible Rs 41L at EMI Rs 36,200. Down payment funded (Rs 25L). Segment: Steady Saver."
CUST106574,P2 - Call this week,Rent-to-EMI - Hot,Wealth Builder,Jayanagar,+91-9832054229,customer106574@example.com,4pm-7pm,0.526,51400.0,11100.0,0.0,2940000.0,25700.0,1669000.0,Ready now,0.538,"HOT LEAD. Rent Rs 11,100 (22% of income). Eligible Rs 29L at EMI Rs 25,700. Down payment already funded (Rs 17L available)."
CUST102522,P2 - Call this week,Home Loan - Ready,Steady Saver,MG Road,+91-9130455376,customer102522@example.com,1pm-4pm,0.525,48800.0,0.0,0.0,2066000.0,18100.0,1359000.0,Ready now,0.995,"READY LEAD (no rent outflow - may be living with family). Eligible Rs 21L at EMI Rs 18,100. Down payment funded (Rs 14L). Segment: Steady Saver."
CUST103947,P2 - Call this week,Balance Transfer,Wealth Builder,MG Road,+91-9827280103,customer103947@example.com,7pm-9pm,0.525,83900.0,32400.0,0.0,4799000.0,42000.0,1440000.0,Ready now,1.0,"BT pitch: currently 10.89%, outstanding Rs 38L. Monthly saving Rs 5,751. Carry the rate sheet."
CUST104759,P2 - Call this week,Home Loan - Ready,Steady Saver,Whitefield,+91-9888851520,customer104759@example.com,4pm-7pm,0.525,68300.0,0.0,4200.0,3426000.0,30000.0,1387000.0,Ready now,0.97,"READY LEAD (no rent outflow - may be living with family). Eligible Rs 34L at EMI Rs 30,000. Down payment funded (Rs 14L). Segment: Steady Saver."
CUST105467,P2 - Call this week,Rent-to-EMI - Hot,Steady Saver,MG Road,+91-9099138633,customer105467@example.com,10am-1pm,0.525,92700.0,22700.0,0.0,4772000.0,41700.0,3305000.0,Ready now,0.684,"HOT LEAD. Rent Rs 22,700 (24% of income). Eligible Rs 48L at EMI Rs 41,700. Down payment already funded (Rs 33L available)."
CUST106080,P2 - Call this week,Rent-to-EMI - Hot,Wealth Builder,Koramangala,+91-9613527183,customer106080@example.com,4pm-7pm,0.525,64800.0,18500.0,6100.0,2638000.0,23100.0,4733000.0,Ready now,0.739,"HOT LEAD. Rent Rs 18,500 (28% of income). Eligible Rs 26L at EMI Rs 23,100. Down payment already funded (Rs 47L available)."
CUST107444,P2 - Call this week,Rent-to-EMI - Hot,Steady Saver,Indiranagar,+91-9725268208,customer107444@example.com,7pm-9pm,0.525,33900.0,4500.0,5600.0,1104000.0,9700.0,958000.0,Ready now,0.855,"HOT LEAD. Rent Rs 4,500 (13% of income). Eligible Rs 11L at EMI Rs 9,700. Down payment already funded (Rs 10L available)."
CUST100892,P2 - Call this week,Rent-to-EMI - Hot,Wealth Builder,Electronic City,+91-9096548787,customer100892@example.com,10am-1pm,0.524,118700.0,48500.0,0.0,6789000.0,59400.0,2459000.0,Ready now,0.994,"HOT LEAD. Rent Rs 48,500 (41% of income). Eligible Rs 68L at EMI Rs 59,400. Down payment already funded (Rs 25L available)."
CUST103451,P2 - Call this week,Home Loan - Ready,Steady Saver,Indiranagar,+91-9531644075,customer103451@example.com,10am-1pm,0.524,101500.0,0.0,9500.0,3790000.0,33100.0,4094000.0,Ready now,0.414,"READY LEAD (no rent outflow - may be living with family). Eligible Rs 38L at EMI Rs 33,100. Down payment funded (Rs 41L). Segment: Steady Saver."
CUST104624,P2 - Call this week,Rent-to-EMI - Hot,Wealth Builder,Electronic City,+91-9225375607,customer104624@example.com,4pm-7pm,0.524,47000.0,9400.0,0.0,1989000.0,17400.0,1613000.0,Ready now,0.779,"HOT LEAD. Rent Rs 9,400 (20% of income). Eligible Rs 20L at EMI Rs 17,400. Down payment already funded (Rs 16L available)."
CUST107962,P2 - Call this week,Rent-to-EMI - Hot,Lifestyle Spender,Koramangala,+91-9249431961,customer107962@example.com,1pm-4pm,0.524,50800.0,15500.0,11400.0,1602000.0,14000.0,572000.0,Ready now,0.236,"HOT LEAD. Rent Rs 15,500 (30% of income). Eligible Rs 16L at EMI Rs 14,000. Down payment already funded (Rs 6L available)."
CUST100189,P2 - Call this week,Home Loan - Ready,Steady Saver,Electronic City,+91-9655509177,customer100189@example.com,10am-1pm,0.523,109700.0,0.0,0.0,6275000.0,54800.0,5192000.0,Ready now,0.475,"READY LEAD (no rent outflow - may be living with family). Eligible Rs 63L at EMI Rs 54,800. Down payment funded (Rs 52L). Segment: Steady Saver."
CUST101454,P2 - Call this week,Home Loan - Ready,Steady Saver,MG Road,+91-9800595495,customer101454@example.com,4pm-7pm,0.523,176700.0,0.0,11000.0,8848000.0,77400.0,3825000.0,Ready now,0.954,"READY LEAD (no rent outflow - may be living with family). Eligible Rs 88L at EMI Rs 77,400. Down payment funded (Rs 38L). Segment: Steady Saver."
CUST104617,P2 - Call this week,Home Loan - Ready,Steady Saver,Whitefield,+91-9848345222,customer104617@example.com,1pm-4pm,0.523,28000.0,0.0,4600.0,915000.0,8000.0,1190000.0,Ready now,0.982,"READY LEAD (no rent outflow - may be living with family). Eligible Rs 9L at EMI Rs 8,000. Down payment funded (Rs 12L). Segment: Steady Saver."
CUST105742,P2 - Call this week,Home Loan - Ready,Steady Saver,MG Road,+91-9592417792,customer105742@example.com,1pm-4pm,0.523,73400.0,0.0,6900.0,2989000.0,26100.0,3081000.0,Ready now,1.0,"READY LEAD (no rent outflow - may be living with family). Eligible Rs 30L at EMI Rs 26,100. Down payment funded (Rs 31L). Segment: Steady Saver."
CUST105974,P2 - Call this week,Rent-to-EMI - Hot,Wealth Builder,Indiranagar,+91-9085844247,customer105974@example.com,1pm-4pm,0.523,66000.0,25100.0,6400.0,3043000.0,26600.0,1771000.0,Ready now,0.435,"HOT LEAD. Rent Rs 25,100 (38% of income). Eligible Rs 30L at EMI Rs 26,600. Down payment already funded (Rs 18L available)."
CUST106595,P2 - Call this week,Rent-to-EMI - Hot,Wealth Builder,Indiranagar,+91-9841109317,customer106595@example.com,1pm-4pm,0.523,83700.0,22600.0,10300.0,2364000.0,20700.0,3250000.0,Ready now,0.33,"HOT LEAD. Rent Rs 22,600 (27% of income). Eligible Rs 24L at EMI Rs 20,700. Down payment already funded (Rs 32L available)."
CUST106881,P2 - Call this week,Home Loan - Ready,Steady Saver,Whitefield,+91-9601830278,customer106881@example.com,4pm-7pm,0.523,25000.0,0.0,0.0,1287000.0,11200.0,1373000.0,Ready now,0.648,"READY LEAD (no rent outflow - may be living with family). Eligible Rs 13L at EMI Rs 11,200. Down payment funded (Rs 14L). Segment: Steady Saver."
CUST100502,P2 - Call this week,Home Loan - Ready,Steady Saver,Whitefield,+91-9709447754,customer100502@example.com,10am-1pm,0.522,75700.0,0.0,24200.0,1129000.0,9900.0,3378000.0,Ready now,0.476,"READY LEAD (no rent outflow - may be living with family). Eligible Rs 11L at EMI Rs 9,900. Down payment funded (Rs 34L). Segment: Steady Saver."
CUST101016,P2 - Call this week,Home Loan - Ready,Steady Saver,Electronic City,+91-9889462283,customer101016@example.com,10am-1pm,0.522,50300.0,0.0,3100.0,2235000.0,19500.0,924000.0,Ready now,0.784,"READY LEAD (no rent outflow - may be living with family). Eligible Rs 22L at EMI Rs 19,500. Down payment funded (Rs 9L). Segment: Steady Saver."
CUST101431,P2 - Call this week,Rent-to-EMI - Hot,Lifestyle Spender,MG Road,+91-9218438788,customer101431@example.com,7pm-9pm,0.522,52200.0,15500.0,9600.0,1589000.0,13900.0,717000.0,Ready now,0.161,"HOT LEAD. Rent Rs 15,500 (30% of income). Eligible Rs 16L at EMI Rs 13,900. Down payment already funded (Rs 7L available)."
CUST102266,P2 - Call this week,Rent-to-EMI - Hot,Wealth Builder,Indiranagar,+91-9557089044,customer102266@example.com,10am-1pm,0.522,107700.0,17700.0,0.0,6160000.0,53800.0,3310000.0,Ready now,0.997,"HOT LEAD. Rent Rs 17,700 (16% of income). Eligible Rs 62L at EMI Rs 53,800. Down payment already funded (Rs 33L available)."
CUST102982,P2 - Call this week,Rent-to-EMI - Hot,Lifestyle Spender,Whitefield,+91-9883218139,customer102982@example.com,7pm-9pm,0.522,118100.0,18000.0,18600.0,5303000.0,46400.0,1758000.0,Ready now,0.04,"HOT LEAD. Rent Rs 18,000 (15% of income). Eligible Rs 53L at EMI Rs 46,400. Down payment already funded (Rs 18L available)."
CUST104572,P2 - Call this week,Home Loan - Ready,Steady Saver,Indiranagar,+91-9245002706,customer104572@example.com,7pm-9pm,0.522,25000.0,0.0,2500.0,1144000.0,10000.0,971000.0,Ready now,1.0,"READY LEAD (no rent outflow - may be living with family). Eligible Rs 11L at EMI Rs 10,000. Down payment funded (Rs 10L). Segment: Steady Saver."
CUST105434,P2 - Call this week,Rent-to-EMI - Hot,Lifestyle Spender,Koramangala,+91-9978285105,customer105434@example.com,10am-1pm,0.522,37300.0,10500.0,2400.0,1859000.0,16200.0,663000.0,Ready now,0.127,"HOT LEAD. Rent Rs 10,500 (28% of income). Eligible Rs 19L at EMI Rs 16,200. Down payment already funded (Rs 7L available)."
CUST106312,P2 - Call this week,Home Loan - Ready,Steady Saver,Electronic City,+91-9319251921,customer106312@example.com,4pm-7pm,0.522,120000.0,0.0,0.0,6864000.0,60000.0,2085000.0,Ready now,0.553,"READY LEAD (no rent outflow - may be living with family). Eligible Rs 69L at EMI Rs 60,000. Down payment funded (Rs 21L). Segment: Steady Saver."
CUST101722,P2 - Call this week,Rent-to-EMI - Hot,Wealth Builder,Indiranagar,+91-9576171661,customer101722@example.com,4pm-7pm,0.521,34000.0,8100.0,0.0,1945000.0,17000.0,916000.0,Ready now,0.458,"HOT LEAD. Rent Rs 8,100 (24% of income). Eligible Rs 19L at EMI Rs 17,000. Down payment already funded (Rs 9L available)."
CUST103284,P2 - Call this week,Rent-to-EMI - Hot,Wealth Builder,MG Road,+91-9577582719,customer103284@example.com,10am-1pm,0.521,67000.0,13700.0,4800.0,2287000.0,20000.0,5128000.0,Ready now,0.577,"HOT LEAD. Rent Rs 13,700 (20% of income). Eligible Rs 23L at EMI Rs 20,000. Down payment already funded (Rs 51L available)."
CUST104078,P2 - Call this week,Home Loan - Ready,Steady Saver,Jayanagar,+91-9897771109,customer104078@example.com,4pm-7pm,0.521,38100.0,0.0,0.0,1613000.0,14100.0,992000.0,Ready now,1.0,"READY LEAD (no rent outflow - may be living with family). Eligible Rs 16L at EMI Rs 14,100. Down payment funded (Rs 10L). Segment: Steady Saver."
CUST105498,P2 - Call this week,Home Loan - Ready,Steady Saver,Jayanagar,+91-9707453829,customer105498@example.com,7pm-9pm,0.521,48600.0,0.0,4000.0,2322000.0,20300.0,2223000.0,Ready now,0.897,"READY LEAD (no rent outflow - may be living with family). Eligible Rs 23L at EMI Rs 20,300. Down payment funded (Rs 22L). Segment: Steady Saver."
CUST107234,P2 - Call this week,Rent-to-EMI - Hot,Lifestyle Spender,Koramangala,+91-9502520177,customer107234@example.com,4pm-7pm,0.521,61200.0,9700.0,7300.0,2315000.0,20200.0,1238000.0,Ready now,0.104,"HOT LEAD. Rent Rs 9,700 (16% of income). Eligible Rs 23L at EMI Rs 20,200. Down payment already funded (Rs 12L available)."
CUST100194,P2 - Call this week,Rent-to-EMI - Hot,Steady Saver,Whitefield,+91-9856392573,customer100194@example.com,4pm-7pm,0.52,45900.0,6900.0,0.0,2363000.0,20700.0,1002000.0,Ready now,1.0,"HOT LEAD. Rent Rs 6,900 (15% of income). Eligible Rs 24L at EMI Rs 20,700. Down payment already funded (Rs 10L available)."
CUST101182,P2 - Call this week,Home Loan - Ready,Steady Saver,Koramangala,+91-9795508422,customer101182@example.com,4pm-7pm,0.52,157300.0,0.0,0.0,8997000.0,78600.0,5214000.0,Ready now,1.0,"READY LEAD (no rent outflow - may be living with family). Eligible Rs 90L at EMI Rs 78,600. Down payment funded (Rs 52L). Segment: Steady Saver."
CUST103077,P2 - Call this week,Rent-to-EMI - Hot,Wealth Builder,MG Road,+91-9489036426,customer103077@example.com,10am-1pm,0.52,37500.0,13300.0,3500.0,1530000.0,13400.0,651000.0,Ready now,1.0,"HOT LEAD. Rent Rs 13,300 (36% of income). Eligible Rs 15L at EMI Rs 13,400. Down payment already funded (Rs 7L available)."
CUST103125,P2 - Call this week,Rent-to-EMI - Hot,Lifestyle Spender,Jayanagar,+91-9938977501,customer103125@example.com,4pm-7pm,0.52,81000.0,16000.0,16100.0,2791000.0,24400.0,772000.0,Ready now,0.082,"HOT LEAD. Rent Rs 16,000 (20% of income). Eligible Rs 28L at EMI Rs 24,400. Down payment already funded (Rs 8L available)."
CUST103541,P2 - Call this week,Home Loan - Ready,Steady Saver,MG Road,+91-9888263838,customer103541@example.com,7pm-9pm,0.52,34100.0,0.0,0.0,1443000.0,12600.0,2067000.0,Ready now,0.578,"READY LEAD (no rent outflow - may be living with family). Eligible Rs 14L at EMI Rs 12,600. Down payment funded (Rs 21L). Segment: Steady Saver."
CUST104841,P2 - Call this week,Balance Transfer,Steady Saver,MG Road,+91-9102728154,customer104841@example.com,1pm-4pm,0.52,78300.0,0.0,7100.0,3219000.0,28100.0,1456000.0,Ready now,1.0,"BT pitch: currently 10.46%, outstanding Rs 24L. Monthly saving Rs 2,902. Carry the rate sheet."
CUST105196,P2 - Call this week,Rent-to-EMI - Hot,Banking Elsewhere,Indiranagar,+91-9346350831,customer105196@example.com,4pm-7pm,0.52,60200.0,13700.0,3400.0,3054000.0,26700.0,1391000.0,Ready now,0.103,"HOT LEAD. Rent Rs 13,700 (23% of income). Eligible Rs 31L at EMI Rs 26,700. Down payment already funded (Rs 14L available)."
CUST106004,P2 - Call this week,Rent-to-EMI - Hot,Steady Saver,Jayanagar,+91-9467478657,customer106004@example.com,10am-1pm,0.52,56100.0,11300.0,2900.0,2877000.0,25200.0,1526000.0,Ready now,0.99,"HOT LEAD. Rent Rs 11,300 (20% of income). Eligible Rs 29L at EMI Rs 25,200. Down payment already funded (Rs 15L available)."
CUST100132,P2 - Call this week,Home Loan - Ready,Steady Saver,Jayanagar,+91-9594652218,customer100132@example.com,1pm-4pm,0.519,25800.0,0.0,5000.0,756000.0,6600.0,1559000.0,Ready now,0.63,"READY LEAD (no rent outflow - may be living with family). Eligible Rs 8L at EMI Rs 6,600. Down payment funded (Rs 16L). Segment: Steady Saver."
CUST107479,P2 - Call this week,Rent-to-EMI - Hot,Lifestyle Spender,Indiranagar,+91-9536917217,customer107479@example.com,4pm-7pm,0.519,35900.0,4400.0,3800.0,1413000.0,12400.0,578000.0,Ready now,0.112,"HOT LEAD. Rent Rs 4,400 (12% of income). Eligible Rs 14L at EMI Rs 12,400. Down payment already funded (Rs 6L available)."
CUST100885,P2 - Call this week,Home Loan - Ready,Steady Saver,Jayanagar,+91-9754960838,customer100885@example.com,1pm-4pm,0.518,42000.0,0.0,0.0,2162000.0,18900.0,1944000.0,Ready now,0.51,"READY LEAD (no rent outflow - may be living with family). Eligible Rs 22L at EMI Rs 18,900. Down payment funded (Rs 19L). Segment: Steady Saver."
CUST101414,P2 - Call this week,Home Loan - Ready,Steady Saver,MG Road,+91-9649176171,customer101414@example.com,4pm-7pm,0.518,53300.0,0.0,5600.0,2408000.0,21000.0,1430000.0,Ready now,0.997,"READY LEAD (no rent outflow - may be living with family). Eligible Rs 24L at EMI Rs 21,000. Down payment funded (Rs 14L). Segment: Steady Saver."
CUST102808,P2 - Call this week,Home Loan - Ready,Steady Saver,MG Road,+91-9011095804,customer102808@example.com,4pm-7pm,0.518,92800.0,0.0,0.0,4777000.0,41800.0,1869000.0,Ready now,0.999,"READY LEAD (no rent outflow - may be living with family). Eligible Rs 48L at EMI Rs 41,800. Down payment funded (Rs 19L). Segment: Steady Saver."
CUST105681,P2 - Call this week,Home Loan - Ready,Steady Saver,Whitefield,+91-9683084831,customer105681@example.com,7pm-9pm,0.518,30900.0,0.0,3100.0,1236000.0,10800.0,1248000.0,Ready now,0.991,"READY LEAD (no rent outflow - may be living with family). Eligible Rs 12L at EMI Rs 10,800. Down payment funded (Rs 12L). Segment: Steady Saver."
CUST105849,P2 - Call this week,Home Loan - Ready,Steady Saver,MG Road,+91-9516920382,customer105849@example.com,7pm-9pm,0.518,45900.0,0.0,3100.0,1588000.0,13900.0,2737000.0,Ready now,0.487,"READY LEAD (no rent outflow - may be living with family). Eligible Rs 16L at EMI Rs 13,900. Down payment funded (Rs 27L). Segment: Steady Saver."
CUST106761,P2 - Call this week,Rent-to-EMI - Hot,Lifestyle Spender,Indiranagar,+91-9983730125,customer106761@example.com,4pm-7pm,0.518,124100.0,46300.0,0.0,7808000.0,68300.0,2482000.0,Ready now,0.11,"HOT LEAD. Rent Rs 46,300 (37% of income). Eligible Rs 78L at EMI Rs 68,300. Down payment already funded (Rs 25L available)."
CUST107137,P2 - Call this week,Rent-to-EMI - Hot,Banking Elsewhere,Indiranagar,+91-9690998665,customer107137@example.com,7pm-9pm,0.518,66900.0,12400.0,10500.0,2625000.0,23000.0,941000.0,Ready now,0.092,"HOT LEAD. Rent Rs 12,400 (18% of income). Eligible Rs 26L at EMI Rs 23,000. Down payment already funded (Rs 9L available)."
CUST100882,P2 - Call this week,Home Loan - Ready,Steady Saver,Whitefield,+91-9036789752,customer100882@example.com,10am-1pm,0.517,251600.0,0.0,0.0,15830000.0,138400.0,9950000.0,Ready now,0.52,"READY LEAD (no rent outflow - may be living with family). Eligible Rs 158L at EMI Rs 138,400. Down payment funded (Rs 100L). Segment: Steady Saver."
CUST102468,P2 - Call this week,Rent-to-EMI - Hot,Steady Saver,Jayanagar,+91-9940037750,customer102468@example.com,10am-1pm,0.516,52000.0,14100.0,0.0,2201000.0,19200.0,1416000.0,Ready now,0.813,"HOT LEAD. Rent Rs 14,100 (27% of income). Eligible Rs 22L at EMI Rs 19,200. Down payment already funded (Rs 14L available)."
CUST105614,P2 - Call this week,Home Loan - Ready,Steady Saver,Jayanagar,+91-9323022820,customer105614@example.com,7pm-9pm,0.516,40800.0,0.0,3600.0,1688000.0,14800.0,1432000.0,Ready now,0.989,"READY LEAD (no rent outflow - may be living with family). Eligible Rs 17L at EMI Rs 14,800. Down payment funded (Rs 14L). Segment: Steady Saver."
CUST106528,P2 - Call this week,Rent-to-EMI - Hot,Wealth Builder,Koramangala,+91-9157561212,customer106528@example.com,10am-1pm,0.516,54900.0,14300.0,0.0,2826000.0,24700.0,1080000.0,Ready now,1.0,"HOT LEAD. Rent Rs 14,300 (26% of income). Eligible Rs 28L at EMI Rs 24,700. Down payment already funded (Rs 11L available)."
CUST106610,P2 - Call this week,Rent-to-EMI - Hot,Lifestyle Spender,Electronic City,+91-9606651759,customer106610@example.com,4pm-7pm,0.516,72000.0,29300.0,4100.0,3237000.0,28300.0,1256000.0,Ready now,0.314,"HOT LEAD. Rent Rs 29,300 (41% of income). Eligible Rs 32L at EMI Rs 28,300. Down payment already funded (Rs 13L available)."
CUST101685,P2 - Call this week,Home Loan - Ready,Steady Saver,MG Road,+91-9363143616,customer101685@example.com,10am-1pm,0.515,71300.0,0.0,6500.0,2274000.0,19900.0,1213000.0,Ready now,0.983,"READY LEAD (no rent outflow - may be living with family). Eligible Rs 23L at EMI Rs 19,900. Down payment funded (Rs 12L). Segment: Steady Saver."
CUST100173,P2 - Call this week,Rent-to-EMI - Hot,Lifestyle Spender,Jayanagar,+91-9082849350,customer100173@example.com,4pm-7pm,0.514,33400.0,6600.0,0.0,1719000.0,15000.0,714000.0,Ready now,0.113,"HOT LEAD. Rent Rs 6,600 (20% of income). Eligible Rs 17L at EMI Rs 15,000. Down payment already funded (Rs 7L available)."
CUST106269,P2 - Call this week,Home Loan - Ready,Steady Saver,Indiranagar,+91-9484590096,customer106269@example.com,4pm-7pm,0.514,117800.0,0.0,12000.0,5365000.0,46900.0,6174000.0,Ready now,0.484,"READY LEAD (no rent outflow - may be living with family). Eligible Rs 54L at EMI Rs 46,900. Down payment funded (Rs 62L). Segment: Steady Saver."
CUST100089,P2 - Call this week,Home Loan - Ready,Steady Saver,Jayanagar,+91-9874655827,customer100089@example.com,4pm-7pm,0.513,122200.0,0.0,0.0,7688000.0,67200.0,4241000.0,Ready now,0.998,"READY LEAD (no rent outflow - may be living with family). Eligible Rs 77L at EMI Rs 67,200. Down payment funded (Rs 42L). Segment: Steady Saver."
CUST104278,P2 - Call this week,Home Loan - Ready,Steady Saver,Whitefield,+91-9656008993,customer104278@example.com,10am-1pm,0.512,25000.0,0.0,0.0,1287000.0,11200.0,1401000.0,Ready now,0.473,"READY LEAD (no rent outflow - may be living with family). Eligible Rs 13L at EMI Rs 11,200. Down payment funded (Rs 14L). Segment: Steady Saver."
CUST104402,P2 - Call this week,Home Loan - Ready,Steady Saver,MG Road,+91-9773206010,customer104402@example.com,1pm-4pm,0.512,55000.0,0.0,2400.0,2557000.0,22400.0,1557000.0,Ready now,0.997,"READY LEAD (no rent outflow - may be living with family). Eligible Rs 26L at EMI Rs 22,400. Down payment funded (Rs 16L). Segment: Steady Saver."
CUST105437,P2 - Call this week,Home Loan - Ready,Steady Saver,Electronic City,+91-9933877643,customer105437@example.com,10am-1pm,0.512,48200.0,0.0,4700.0,1502000.0,13100.0,826000.0,Ready now,0.843,"READY LEAD (no rent outflow - may be living with family). Eligible Rs 15L at EMI Rs 13,100. Down payment funded (Rs 8L). Segment: Steady Saver."
CUST106962,P2 - Call this week,Rent-to-EMI - Hot,Wealth Builder,Whitefield,+91-9127422995,customer106962@example.com,7pm-9pm,0.512,37700.0,10500.0,0.0,1941000.0,17000.0,1524000.0,Ready now,0.57,"HOT LEAD. Rent Rs 10,500 (28% of income). Eligible Rs 19L at EMI Rs 17,000. Down payment already funded (Rs 15L available)."
CUST101267,P2 - Call this week,Home Loan - Ready,Steady Saver,Electronic City,+91-9064249171,customer101267@example.com,4pm-7pm,0.511,84200.0,0.0,0.0,3564000.0,31200.0,3144000.0,Ready now,0.375,"READY LEAD (no rent outflow - may be living with family). Eligible Rs 36L at EMI Rs 31,200. Down payment funded (Rs 31L). Segment: Steady Saver."
CUST101664,P2 - Call this week,Rent-to-EMI - Hot,Wealth Builder,Koramangala,+91-9576085400,customer101664@example.com,4pm-7pm,0.511,38100.0,15700.0,6500.0,1218000.0,10600.0,499000.0,Ready now,0.74,"HOT LEAD. Rent Rs 15,700 (41% of income). Eligible Rs 12L at EMI Rs 10,600. Down payment already funded (Rs 5L available)."
CUST103254,P2 - Call this week,Rent-to-EMI - Hot,Steady Saver,Indiranagar,+91-9032085785,customer103254@example.com,4pm-7pm,0.511,42400.0,5500.0,9200.0,1130000.0,9900.0,686000.0,Ready now,1.0,"HOT LEAD. Rent Rs 5,500 (13% of income). Eligible Rs 11L at EMI Rs 9,900. Down payment already funded (Rs 7L available)."
CUST101063,P2 - Call this week,Rent-to-EMI - Hot,Wealth Builder,Jayanagar,+91-9986674176,customer101063@example.com,1pm-4pm,0.51,46000.0,11900.0,2700.0,2322000.0,20300.0,578000.0,Ready now,0.997,"HOT LEAD. Rent Rs 11,900 (26% of income). Eligible Rs 23L at EMI Rs 20,300. Down payment already funded (Rs 6L available)."
CUST100775,P2 - Call this week,Home Loan - Ready,Steady Saver,Jayanagar,+91-9370065461,customer100775@example.com,7pm-9pm,0.509,42400.0,0.0,0.0,2183000.0,19100.0,858000.0,Ready now,0.974,"READY LEAD (no rent outflow - may be living with family). Eligible Rs 22L at EMI Rs 19,100. Down payment funded (Rs 9L). Segment: Steady Saver."
CUST104778,P2 - Call this week,Rent-to-EMI - Hot,Lifestyle Spender,Electronic City,+91-9940820854,customer104778@example.com,4pm-7pm,0.509,61400.0,22300.0,6200.0,2451000.0,21400.0,1145000.0,Ready now,0.133,"HOT LEAD. Rent Rs 22,300 (36% of income). Eligible Rs 25L at EMI Rs 21,400. Down payment already funded (Rs 11L available)."
CUST106624,P2 - Call this week,Balance Transfer,Stretched Borrower,Indiranagar,+91-9964175856,customer106624@example.com,10am-1pm,0.509,31600.0,12300.0,4200.0,1327000.0,11600.0,66000.0,Not on track,0.31,"BT pitch: currently 10.89%, outstanding Rs 10L. Monthly saving Rs 1,525. Carry the rate sheet."
CUST102105,P2 - Call this week,Rent-to-EMI - Hot,Lifestyle Spender,Electronic City,+91-9959718407,customer102105@example.com,1pm-4pm,0.508,68400.0,23100.0,0.0,3521000.0,30800.0,1046000.0,Ready now,0.053,"HOT LEAD. Rent Rs 23,100 (34% of income). Eligible Rs 35L at EMI Rs 30,800. Down payment already funded (Rs 10L available)."
CUST104018,P2 - Call this week,Balance Transfer,Lifestyle Spender,Koramangala,+91-9265709091,customer104018@example.com,4pm-7pm,0.508,72900.0,29200.0,0.0,3753000.0,32800.0,306000.0,Not on track,1.0,"BT pitch: currently 10.06%, outstanding Rs 34L. Monthly saving Rs 3,193. Carry the rate sheet."
CUST104682,P2 - Call this week,Home Loan - Ready,Steady Saver,Indiranagar,+91-9353414211,customer104682@example.com,7pm-9pm,0.508,55400.0,0.0,0.0,2852000.0,24900.0,2910000.0,Ready now,1.0,"READY LEAD (no rent outflow - may be living with family). Eligible Rs 29L at EMI Rs 24,900. Down payment funded (Rs 29L). Segment: Steady Saver."
CUST105544,P2 - Call this week,Rent-to-EMI - Hot,Steady Saver,MG Road,+91-9351379244,customer105544@example.com,7pm-9pm,0.508,28800.0,4900.0,0.0,1219000.0,10700.0,869000.0,Ready now,1.0,"HOT LEAD. Rent Rs 4,900 (17% of income). Eligible Rs 12L at EMI Rs 10,700. Down payment already funded (Rs 9L available)."
CUST105607,P2 - Call this week,Rent-to-EMI - Hot,Wealth Builder,MG Road,+91-9338754506,customer105607@example.com,10am-1pm,0.508,25500.0,3300.0,2900.0,1127000.0,9800.0,822000.0,Ready now,0.352,"HOT LEAD. Rent Rs 3,300 (13% of income). Eligible Rs 11L at EMI Rs 9,800. Down payment already funded (Rs 8L available)."
CUST107217,P2 - Call this week,Rent-to-EMI - Hot,Lifestyle Spender,MG Road,+91-9462029115,customer107217@example.com,4pm-7pm,0.508,30700.0,5500.0,0.0,1580000.0,13800.0,461000.0,Ready now,0.086,"HOT LEAD. Rent Rs 5,500 (18% of income). Eligible Rs 16L at EMI Rs 13,800. Down payment already funded (Rs 5L available)."
CUST100590,P2 - Call this week,Home Loan - Ready,Steady Saver,Jayanagar,+91-9154835145,customer100590@example.com,7pm-9pm,0.507,72700.0,0.0,0.0,3077000.0,26900.0,3545000.0,Ready now,1.0,"READY LEAD (no rent outflow - may be living with family). Eligible Rs 31L at EMI Rs 26,900. Down payment funded (Rs 35L). Segment: Steady Saver."
CUST101161,P2 - Call this week,Home Loan - Ready,Steady Saver,Whitefield,+91-9564652379,customer101161@example.com,7pm-9pm,0.507,57600.0,0.0,5400.0,2677000.0,23400.0,1002000.0,Ready now,0.985,"READY LEAD (no rent outflow - may be living with family). Eligible Rs 27L at EMI Rs 23,400. Down payment funded (Rs 10L). Segment: Steady Saver."
CUST102926,P2 - Call this week,Rent-to-EMI - Hot,Wealth Builder,Electronic City,+91-9362387336,customer102926@example.com,7pm-9pm,0.507,119500.0,20600.0,14600.0,4071000.0,35600.0,6643000.0,Ready now,0.605,"HOT LEAD. Rent Rs 20,600 (17% of income). Eligible Rs 41L at EMI Rs 35,600. Down payment already funded (Rs 66L available)."
CUST103858,P2 - Call this week,Home Loan - Ready,Steady Saver,Electronic City,+91-9820212784,customer103858@example.com,4pm-7pm,0.507,46500.0,0.0,3100.0,2305000.0,20200.0,1357000.0,Ready now,0.496,"READY LEAD (no rent outflow - may be living with family). Eligible Rs 23L at EMI Rs 20,200. Down payment funded (Rs 14L). Segment: Steady Saver."
CUST107302,P2 - Call this week,Home Loan - Ready,Steady Saver,Koramangala,+91-9556874352,customer107302@example.com,10am-1pm,0.507,63800.0,0.0,0.0,3284000.0,28700.0,3661000.0,Ready now,0.6,"READY LEAD (no rent outflow - may be living with family). Eligible Rs 33L at EMI Rs 28,700. Down payment funded (Rs 37L). Segment: Steady Saver."
CUST102883,P2 - Call this week,Home Loan - Ready,Steady Saver,MG Road,+91-9907451533,customer102883@example.com,10am-1pm,0.506,45400.0,0.0,0.0,2337000.0,20400.0,1288000.0,Ready now,0.9,"READY LEAD (no rent outflow - may be living with family). Eligible Rs 23L at EMI Rs 20,400. Down payment funded (Rs 13L). Segment: Steady Saver."
CUST107476,P2 - Call this week,Home Loan - Ready,Steady Saver,Electronic City,+91-9467282430,customer107476@example.com,7pm-9pm,0.506,97600.0,0.0,11400.0,3720000.0,32500.0,2078000.0,Ready now,0.457,"READY LEAD (no rent outflow - may be living with family). Eligible Rs 37L at EMI Rs 32,500. Down payment funded (Rs 21L). Segment: Steady Saver."
CUST100866,P2 - Call this week,Rent-to-EMI - Hot,Wealth Builder,Electronic City,+91-9306757311,customer100866@example.com,4pm-7pm,0.505,49600.0,10400.0,0.0,2099000.0,18400.0,1548000.0,Ready now,0.977,"HOT LEAD. Rent Rs 10,400 (21% of income). Eligible Rs 21L at EMI Rs 18,400. Down payment already funded (Rs 15L available)."
CUST101422,P2 - Call this week,Balance Transfer,Banking Elsewhere,Jayanagar,+91-9675027814,customer101422@example.com,10am-1pm,0.505,62900.0,16700.0,0.0,3598000.0,31400.0,166000.0,Not on track,0.78,"BT pitch: currently 10.19%, outstanding Rs 28L. Monthly saving Rs 2,934. Carry the rate sheet."
CUST102954,P2 - Call this week,Home Loan - Ready,Wealth Builder,MG Road,+91-9549143122,customer102954@example.com,1pm-4pm,0.505,138800.0,0.0,44100.0,2894000.0,25300.0,5126000.0,Ready now,1.0,"READY LEAD (no rent outflow - may be living with family). Eligible Rs 29L at EMI Rs 25,300. Down payment funded (Rs 51L). Segment: Wealth Builder."
CUST105709,P2 - Call this week,Home Loan - Ready,Steady Saver,Indiranagar,+91-9603868093,customer105709@example.com,1pm-4pm,0.505,61400.0,0.0,0.0,3161000.0,27600.0,1527000.0,Ready now,0.488,"READY LEAD (no rent outflow - may be living with family). Eligible Rs 32L at EMI Rs 27,600. Down payment funded (Rs 15L). Segment: Steady Saver."
CUST107024,P2 - Call this week,Rent-to-EMI - Hot,Lifestyle Spender,Whitefield,+91-9411609796,customer107024@example.com,4pm-7pm,0.505,42600.0,9600.0,3700.0,1770000.0,15500.0,509000.0,Ready now,0.015,"HOT LEAD. Rent Rs 9,600 (22% of income). Eligible Rs 18L at EMI Rs 15,500. Down payment already funded (Rs 5L available)."
CUST104907,P2 - Call this week,Home Loan - Ready,Steady Saver,Whitefield,+91-9232715271,customer104907@example.com,10am-1pm,0.504,73700.0,0.0,0.0,3794000.0,33200.0,1573000.0,Ready now,0.984,"READY LEAD (no rent outflow - may be living with family). Eligible Rs 38L at EMI Rs 33,200. Down payment funded (Rs 16L). Segment: Steady Saver."
CUST100247,P2 - Call this week,Rent-to-EMI - Hot,Wealth Builder,Jayanagar,+91-9631451016,customer100247@example.com,10am-1pm,0.503,126000.0,49600.0,6900.0,5264000.0,46000.0,2010000.0,Ready now,0.365,"HOT LEAD. Rent Rs 49,600 (39% of income). Eligible Rs 53L at EMI Rs 46,000. Down payment already funded (Rs 20L available)."
CUST104880,P2 - Call this week,Home Loan - Ready,Steady Saver,Electronic City,+91-9932634752,customer104880@example.com,4pm-7pm,0.503,87100.0,0.0,0.0,3687000.0,32200.0,4166000.0,Ready now,0.999,"READY LEAD (no rent outflow - may be living with family). Eligible Rs 37L at EMI Rs 32,200. Down payment funded (Rs 42L). Segment: Steady Saver."
CUST105275,P2 - Call this week,Home Loan - Ready,Steady Saver,Whitefield,+91-9279287721,customer105275@example.com,4pm-7pm,0.503,63600.0,0.0,0.0,3274000.0,28600.0,1432000.0,Ready now,0.653,"READY LEAD (no rent outflow - may be living with family). Eligible Rs 33L at EMI Rs 28,600. Down payment funded (Rs 14L). Segment: Steady Saver."
CUST100975,P2 - Call this week,Balance Transfer,Steady Saver,Indiranagar,+91-9012121788,customer100975@example.com,1pm-4pm,0.502,192600.0,0.0,0.0,11016000.0,96300.0,3996000.0,Ready now,0.499,"BT pitch: currently 10.01%, outstanding Rs 94L. Monthly saving Rs 8,580. Carry the rate sheet."
CUST103005,P2 - Call this week,Balance Transfer,Steady Saver,Indiranagar,+91-9720764602,customer103005@example.com,4pm-7pm,0.502,85600.0,0.0,4900.0,3846000.0,33600.0,3350000.0,Ready now,0.993,"BT pitch: currently 10.0%, outstanding Rs 23L. Monthly saving Rs 2,134. Carry the rate sheet."
CUST105887,P2 - Call this week,Balance Transfer,Steady Saver,Electronic City,+91-9509530682,customer105887@example.com,4pm-7pm,0.502,81200.0,0.0,0.0,4180000.0,36500.0,1030000.0,Ready in 6 months,1.0,"BT pitch: currently 10.44%, outstanding Rs 18L. Monthly saving Rs 2,127. Carry the rate sheet."
CUST106793,P2 - Call this week,Home Loan - Ready,Steady Saver,Electronic City,+91-9740203437,customer106793@example.com,1pm-4pm,0.502,111500.0,0.0,7500.0,6157000.0,53800.0,4895000.0,Ready now,0.419,"READY LEAD (no rent outflow - may be living with family). Eligible Rs 62L at EMI Rs 53,800. Down payment funded (Rs 49L). Segment: Steady Saver."
CUST107239,P2 - Call this week,Home Loan - Ready,Steady Saver,Whitefield,+91-9108311370,customer107239@example.com,1pm-4pm,0.502,66800.0,0.0,9600.0,2723000.0,23800.0,3038000.0,Ready now,0.434,"READY LEAD (no rent outflow - may be living with family). Eligible Rs 27L at EMI Rs 23,800. Down payment funded (Rs 30L). Segment: Steady Saver."
CUST103907,P2 - Call this week,Balance Transfer,Wealth Builder,Whitefield,+91-9151287881,customer103907@example.com,1pm-4pm,0.501,147000.0,39700.0,21500.0,5949000.0,52000.0,7758000.0,Ready now,0.773,"BT pitch: currently 9.6%, outstanding Rs 65L. Monthly saving Rs 4,190. Carry the rate sheet."
CUST106376,P2 - Call this week,Home Loan - Ready,Steady Saver,Whitefield,+91-9585711276,customer106376@example.com,7pm-9pm,0.501,74400.0,0.0,6600.0,2394000.0,20900.0,4206000.0,Ready now,0.952,"READY LEAD (no rent outflow - may be living with family). Eligible Rs 24L at EMI Rs 20,900. Down payment funded (Rs 42L). Segment: Steady Saver."
CUST107824,P2 - Call this week,Home Loan - Ready,Steady Saver,Jayanagar,+91-9000266865,customer107824@example.com,7pm-9pm,0.501,39300.0,0.0,2900.0,1332000.0,11600.0,857000.0,Ready now,0.667,"READY LEAD (no rent outflow - may be living with family). Eligible Rs 13L at EMI Rs 11,600. Down payment funded (Rs 9L). Segment: Steady Saver."
CUST104858,P2 - Call this week,Rent-to-EMI - Hot,Wealth Builder,Whitefield,+91-9707481761,customer104858@example.com,7pm-9pm,0.5,120300.0,47500.0,12000.0,5508000.0,48200.0,6414000.0,Ready now,0.575,"HOT LEAD. Rent Rs 47,500 (40% of income). Eligible Rs 55L at EMI Rs 48,200. Down payment already funded (Rs 64L available)."
CUST106851,P2 - Call this week,Rent-to-EMI - Hot,Wealth Builder,Whitefield,+91-9643510000,customer106851@example.com,10am-1pm,0.5,119500.0,40500.0,21800.0,3248000.0,28400.0,2120000.0,Ready now,1.0,"HOT LEAD. Rent Rs 40,500 (34% of income). Eligible Rs 32L at EMI Rs 28,400. Down payment already funded (Rs 21L available)."
CUST107313,P3 - Call this month,Balance Transfer,Wealth Builder,MG Road,+91-9121176395,customer107313@example.com,4pm-7pm,0.499,35400.0,10800.0,0.0,1822000.0,15900.0,796000.0,Ready now,0.566,"BT pitch: currently 10.32%, outstanding Rs 17L. Monthly saving Rs 1,907. Carry the rate sheet."
CUST106852,P3 - Call this month,Balance Transfer,Wealth Builder,Electronic City,+91-9219236507,customer106852@example.com,7pm-9pm,0.498,45900.0,6500.0,2600.0,2065000.0,18100.0,1728000.0,Ready now,0.997,"BT pitch: currently 10.42%, outstanding Rs 25L. Monthly saving Rs 2,922. Carry the rate sheet."
CUST107971,P3 - Call this month,Balance Transfer,Steady Saver,MG Road,+91-9684775862,customer107971@example.com,4pm-7pm,0.497,161500.0,28700.0,0.0,9237000.0,80800.0,5775000.0,Ready now,0.564,"BT pitch: currently 9.55%, outstanding Rs 75L. Monthly saving Rs 4,599. Carry the rate sheet."
CUST104605,P3 - Call this month,Balance Transfer,Lifestyle Spender,Jayanagar,+91-9223866900,customer104605@example.com,4pm-7pm,0.495,93400.0,19700.0,0.0,5342000.0,46700.0,404000.0,Not on track,1.0,"BT pitch: currently 9.33%, outstanding Rs 50L. Monthly saving Rs 2,360. Carry the rate sheet."
CUST107666,P3 - Call this month,Balance Transfer,Wealth Builder,Indiranagar,+91-9291413441,customer107666@example.com,7pm-9pm,0.495,74800.0,26700.0,7400.0,2319000.0,20300.0,1550000.0,Ready now,1.0,"BT pitch: currently 10.18%, outstanding Rs 16L. Monthly saving Rs 1,694. Carry the rate sheet."
CUST105390,P3 - Call this month,Balance Transfer,Wealth Builder,Jayanagar,+91-9510851474,customer105390@example.com,1pm-4pm,0.494,90400.0,15600.0,9400.0,3578000.0,31300.0,5885000.0,Ready now,0.525,"BT pitch: currently 10.05%, outstanding Rs 23L. Monthly saving Rs 2,144. Carry the rate sheet."
CUST106327,P3 - Call this month,Balance Transfer,Steady Saver,Whitefield,+91-9973616594,customer106327@example.com,4pm-7pm,0.493,71600.0,0.0,13800.0,1452000.0,12700.0,4639000.0,Ready now,1.0,"BT pitch: currently 10.46%, outstanding Rs 19L. Monthly saving Rs 2,308. Carry the rate sheet."
CUST107330,P3 - Call this month,Balance Transfer,Lifestyle Spender,Jayanagar,+91-9551023341,customer107330@example.com,10am-1pm,0.488,71300.0,29800.0,5200.0,3483000.0,30400.0,1004000.0,Ready now,0.043,"BT pitch: currently 10.89%, outstanding Rs 25L. Monthly saving Rs 3,761. Carry the rate sheet."
CUST101069,P3 - Call this month,Balance Transfer,Stretched Borrower,MG Road,+91-9384473882,customer101069@example.com,4pm-7pm,0.487,62500.0,0.0,13400.0,1684000.0,14700.0,1839000.0,Ready now,1.0,"BT pitch: currently 10.66%, outstanding Rs 34L. Monthly saving Rs 4,561. Carry the rate sheet."
CUST104894,P3 - Call this month,Balance Transfer,Steady Saver,Jayanagar,+91-9437328324,customer104894@example.com,10am-1pm,0.486,93400.0,21300.0,4900.0,3393000.0,29700.0,4869000.0,Ready now,0.456,"BT pitch: currently 10.05%, outstanding Rs 27L. Monthly saving Rs 2,497. Carry the rate sheet."
CUST105315,P3 - Call this month,Balance Transfer,Steady Saver,MG Road,+91-9839964286,customer105315@example.com,1pm-4pm,0.484,56600.0,0.0,13000.0,1427000.0,12500.0,2050000.0,Ready now,0.999,"BT pitch: currently 9.52%, outstanding Rs 29L. Monthly saving Rs 1,721. Carry the rate sheet."
CUST104697,P3 - Call this month,Balance Transfer,Steady Saver,Electronic City,+91-9879572642,customer104697@example.com,4pm-7pm,0.481,81500.0,0.0,4600.0,4135000.0,36200.0,4790000.0,Ready now,0.678,"BT pitch: currently 10.22%, outstanding Rs 30L. Monthly saving Rs 3,203. Carry the rate sheet."
CUST100837,P3 - Call this month,Balance Transfer,Lifestyle Spender,Indiranagar,+91-9567845792,customer100837@example.com,10am-1pm,0.477,113500.0,32300.0,15100.0,5414000.0,47300.0,2214000.0,Ready now,0.033,"BT pitch: currently 10.23%, outstanding Rs 45L. Monthly saving Rs 4,764. Carry the rate sheet."
CUST107968,P3 - Call this month,Balance Transfer,Wealth Builder,Whitefield,+91-9164989556,customer107968@example.com,10am-1pm,0.477,126100.0,25500.0,36300.0,1906000.0,16700.0,4639000.0,Ready now,0.452,"BT pitch: currently 9.1%, outstanding Rs 59L. Monthly saving Rs 1,901. Carry the rate sheet."
CUST100208,P3 - Call this month,Balance Transfer,Banking Elsewhere,Koramangala,+91-9744081491,customer100208@example.com,10am-1pm,0.476,80200.0,0.0,10600.0,3375000.0,29500.0,600000.0,Ready in 12 months,0.245,"BT pitch: currently 9.96%, outstanding Rs 22L. Monthly saving Rs 1,917. Carry the rate sheet."
CUST103367,P3 - Call this month,Balance Transfer,Stretched Borrower,Indiranagar,+91-9706079538,customer103367@example.com,1pm-4pm,0.476,180000.0,0.0,19000.0,8122000.0,71000.0,6716000.0,Ready now,0.328,"BT pitch: currently 10.19%, outstanding Rs 93L. Monthly saving Rs 9,633. Carry the rate sheet."
CUST100435,P3 - Call this month,Balance Transfer,Lifestyle Spender,Whitefield,+91-9016569841,customer100435@example.com,1pm-4pm,0.475,159000.0,48900.0,0.0,7639000.0,66800.0,4125000.0,Ready now,0.209,"BT pitch: currently 9.08%, outstanding Rs 50L. Monthly saving Rs 1,525. Carry the rate sheet."
CUST104250,P3 - Call this month,Balance Transfer,Banking Elsewhere,Koramangala,+91-9762903652,customer104250@example.com,4pm-7pm,0.475,67700.0,8700.0,0.0,3485000.0,30500.0,998000.0,Ready now,0.203,"BT pitch: currently 9.54%, outstanding Rs 33L. Monthly saving Rs 1,977. Carry the rate sheet."
CUST106618,P3 - Call this month,Balance Transfer,Steady Saver,MG Road,+91-9981166253,customer106618@example.com,4pm-7pm,0.475,58400.0,0.0,0.0,3006000.0,26300.0,671000.0,Ready in 12 months,0.982,"BT pitch: currently 9.6%, outstanding Rs 27L. Monthly saving Rs 1,742. Carry the rate sheet."
CUST104046,P3 - Call this month,Balance Transfer,Wealth Builder,Indiranagar,+91-9945138053,customer104046@example.com,10am-1pm,0.474,42600.0,8900.0,7200.0,979000.0,8600.0,1826000.0,Ready now,0.584,"BT pitch: currently 10.57%, outstanding Rs 25L. Monthly saving Rs 3,242. Carry the rate sheet."
CUST106846,P3 - Call this month,Balance Transfer,Wealth Builder,Koramangala,+91-9189629296,customer106846@example.com,4pm-7pm,0.472,48000.0,10400.0,10100.0,1316000.0,11500.0,936000.0,Ready now,0.998,"BT pitch: currently 10.26%, outstanding Rs 21L. Monthly saving Rs 2,231. Carry the rate sheet."
CUST101077,P3 - Call this month,Balance Transfer,Wealth Builder,Electronic City,+91-9646698095,customer101077@example.com,10am-1pm,0.471,47800.0,17800.0,8200.0,1796000.0,15700.0,1834000.0,Ready now,0.359,"BT pitch: currently 10.41%, outstanding Rs 20L. Monthly saving Rs 2,362. Carry the rate sheet."
CUST103090,P3 - Call this month,Balance Transfer,Wealth Builder,Whitefield,+91-9710513455,customer103090@example.com,1pm-4pm,0.471,50900.0,11700.0,0.0,2620000.0,22900.0,2274000.0,Ready now,0.362,"BT pitch: currently 10.07%, outstanding Rs 24L. Monthly saving Rs 2,273. Carry the rate sheet."
CUST107158,P3 - Call this month,Balance Transfer,Wealth Builder,Indiranagar,+91-9110746597,customer107158@example.com,4pm-7pm,0.471,57800.0,21100.0,0.0,2446000.0,21400.0,2518000.0,Ready now,0.608,"BT pitch: currently 10.2%, outstanding Rs 25L. Monthly saving Rs 2,587. Carry the rate sheet."
CUST101336,P3 - Call this month,Balance Transfer,Steady Saver,Electronic City,+91-9187472839,customer101336@example.com,4pm-7pm,0.469,46000.0,0.0,5400.0,1750000.0,15300.0,1916000.0,Ready now,0.998,"BT pitch: currently 10.18%, outstanding Rs 16L. Monthly saving Rs 1,618. Carry the rate sheet."
CUST102275,P3 - Call this month,Balance Transfer,Wealth Builder,MG Road,+91-9298943471,customer102275@example.com,1pm-4pm,0.469,69500.0,23200.0,4900.0,3017000.0,26400.0,3431000.0,Ready now,0.524,"BT pitch: currently 10.03%, outstanding Rs 24L. Monthly saving Rs 2,250. Carry the rate sheet."
CUST107071,P3 - Call this month,Balance Transfer,Wealth Builder,Whitefield,+91-9116453398,customer107071@example.com,4pm-7pm,0.466,87700.0,23300.0,7500.0,3657000.0,32000.0,2354000.0,Ready now,0.889,"BT pitch: currently 10.51%, outstanding Rs 34L. Monthly saving Rs 4,195. Carry the rate sheet."
CUST103384,P3 - Call this month,Balance Transfer,Steady Saver,Whitefield,+91-9314967480,customer103384@example.com,7pm-9pm,0.462,93500.0,0.0,5700.0,4696000.0,41000.0,2542000.0,Ready now,0.787,"BT pitch: currently 10.89%, outstanding Rs 33L. Monthly saving Rs 4,944. Carry the rate sheet."
CUST102382,P3 - Call this month,Balance Transfer,Steady Saver,Indiranagar,+91-9291304295,customer102382@example.com,7pm-9pm,0.459,77500.0,0.0,9500.0,3346000.0,29200.0,2713000.0,Ready now,0.631,"BT pitch: currently 10.57%, outstanding Rs 24L. Monthly saving Rs 3,101. Carry the rate sheet."
CUST102614,P3 - Call this month,Balance Transfer,Stretched Borrower,MG Road,+91-9261560927,customer102614@example.com,4pm-7pm,0.455,49800.0,12300.0,2800.0,2243000.0,19600.0,190000.0,Not on track,1.0,"BT pitch: currently 9.85%, outstanding Rs 24L. Monthly saving Rs 1,917. Carry the rate sheet."
CUST103597,P3 - Call this month,Balance Transfer,Steady Saver,Electronic City,+91-9497692662,customer103597@example.com,4pm-7pm,0.455,108200.0,0.0,22500.0,3615000.0,31600.0,3851000.0,Ready now,0.999,"BT pitch: currently 10.59%, outstanding Rs 26L. Monthly saving Rs 3,338. Carry the rate sheet."
