customer_id,predicted_monthly_saving,estimated_external_assets,total_estimated_wealth,share_of_wallet,funding_power_today,funding_power_12m,dp_gap_today,months_to_downpayment,dp_readiness_band
CUST100000,1070.0,1175000.0,5651600.0,0.792,5064000.0,5077000.0,-4228000.0,0.0,Ready now
CUST100001,-257.0,0.0,1447900.0,1.0,1448000.0,1448000.0,-98000.0,0.0,Ready now
CUST100002,12688.0,253000.0,412800.0,0.387,286000.0,438000.0,200000.0,16.0,Ready in 24 months
CUST100003,20643.0,2224000.0,2683300.0,0.171,1571000.0,1819000.0,-803000.0,0.0,Ready now
CUST100004,20668.0,8000.0,307200.0,0.974,303000.0,551000.0,572000.0,28.0,Not on track
CUST100005,3916.0,1075000.0,1367100.0,0.214,830000.0,877000.0,109000.0,28.0,Not on track
CUST100006,5414.0,174000.0,303400.0,0.426,216000.0,281000.0,75000.0,14.0,Ready in 24 months
CUST100007,3458.0,0.0,145500.0,1.0,146000.0,187000.0,257000.0,74.0,Not on track
CUST100008,18311.0,2198000.0,6578200.0,0.666,5479000.0,5699000.0,-4855000.0,0.0,Ready now
CUST100009,39946.0,2647000.0,4229300.0,0.374,2906000.0,3385000.0,-1487000.0,0.0,Ready now
CUST100010,19896.0,1850000.0,3638300.0,0.492,2713000.0,2952000.0,-1909000.0,0.0,Ready now
CUST100011,13744.0,0.0,603700.0,1.0,604000.0,769000.0,-42000.0,0.0,Ready now
CUST100012,26323.0,2358000.0,3345000.0,0.295,2166000.0,2482000.0,-875000.0,0.0,Ready now
CUST100013,13802.0,0.0,1267500.0,1.0,1268000.0,1434000.0,-427000.0,0.0,Ready now
CUST100014,39911.0,34000.0,851800.0,0.96,835000.0,1314000.0,705000.0,18.0,Ready in 24 months
CUST100015,14530.0,1793000.0,1826200.0,0.018,930000.0,1104000.0,-376000.0,0.0,Ready now
CUST100016,13124.0,6000.0,515900.0,0.988,513000.0,670000.0,-43000.0,0.0,Ready now
CUST100017,14557.0,5000.0,1554100.0,0.997,1552000.0,1727000.0,91000.0,6.0,Ready in 6 months
CUST100018,27971.0,10000.0,5500200.0,0.998,5495000.0,5831000.0,-4029000.0,0.0,Ready now
CUST100019,2483.0,0.0,1181200.0,1.0,1181000.0,1211000.0,-687000.0,0.0,Ready now
CUST100020,15164.0,800000.0,1043300.0,0.233,643000.0,825000.0,4000.0,0.0,Ready now
CUST100021,9816.0,2000.0,29200.0,0.932,28000.0,146000.0,714000.0,73.0,Not on track
CUST100022,24903.0,148000.0,459100.0,0.678,385000.0,684000.0,416000.0,17.0,Ready in 24 months
CUST100023,12322.0,1559000.0,1720100.0,0.094,941000.0,1089000.0,-675000.0,0.0,Ready now
CUST100024,35210.0,2105000.0,2362700.0,0.109,1310000.0,1733000.0,223000.0,6.0,Ready in 6 months
CUST100025,41112.0,0.0,2963100.0,1.0,2963000.0,3456000.0,-1489000.0,0.0,Ready now
CUST100026,7048.0,913000.0,937100.0,0.026,481000.0,566000.0,2000.0,0.0,Ready now
CUST100027,24004.0,2403000.0,4203000.0,0.428,3002000.0,3290000.0,-1976000.0,0.0,Ready now
CUST100028,16925.0,3989000.0,5431100.0,0.266,3437000.0,3640000.0,-1992000.0,0.0,Ready now
CUST100029,14308.0,1526000.0,2538300.0,0.399,1775000.0,1947000.0,-1174000.0,0.0,Ready now
CUST100030,16345.0,734000.0,940700.0,0.22,574000.0,770000.0,-175000.0,0.0,Ready now
CUST100031,11455.0,2373000.0,2449500.0,0.031,1263000.0,1400000.0,117000.0,10.0,Ready in 12 months
CUST100032,16088.0,2179000.0,3401400.0,0.359,2312000.0,2505000.0,-1506000.0,0.0,Ready now
CUST100033,12296.0,722000.0,1892900.0,0.619,1532000.0,1680000.0,-1156000.0,0.0,Ready now
CUST100034,19395.0,41000.0,173400.0,0.764,153000.0,386000.0,450000.0,23.0,Ready in 24 months
CUST100035,49691.0,4250000.0,5544700.0,0.234,3420000.0,4016000.0,-1046000.0,0.0,Ready now
CUST100036,60802.0,0.0,6462100.0,1.0,6462000.0,7192000.0,-3682000.0,0.0,Ready now
CUST100037,17656.0,6000.0,93600.0,0.936,91000.0,303000.0,630000.0,36.0,Not on track
CUST100038,5448.0,0.0,1248900.0,1.0,1249000.0,1314000.0,-695000.0,0.0,Ready now
CUST100039,8401.0,8000.0,242900.0,0.967,239000.0,340000.0,215000.0,26.0,Not on track
CUST100040,54810.0,4098000.0,6599800.0,0.379,4551000.0,5209000.0,-2110000.0,0.0,Ready now
CUST100041,21977.0,7000.0,192100.0,0.964,189000.0,453000.0,1119000.0,51.0,Not on track
CUST100042,30566.0,4098000.0,4846800.0,0.154,2798000.0,3165000.0,-1279000.0,0.0,Ready now
CUST100043,43751.0,3568000.0,7192900.0,0.504,5409000.0,5934000.0,-3776000.0,0.0,Ready now
CUST100044,10902.0,956000.0,983200.0,0.028,505000.0,636000.0,-35000.0,0.0,Ready now
CUST100045,7.0,0.0,32600.0,1.0,33000.0,33000.0,407000.0,999.0,Not on track
CUST100046,74.0,3000.0,887600.0,0.997,886000.0,887000.0,-463000.0,0.0,Ready now
CUST100047,9654.0,6000.0,165900.0,0.964,163000.0,279000.0,384000.0,40.0,Not on track
CUST100048,7168.0,0.0,345400.0,1.0,345000.0,431000.0,219000.0,31.0,Not on track
CUST100049,9555.0,11000.0,235000.0,0.953,230000.0,345000.0,518000.0,54.0,Not on track
CUST100050,16797.0,2548000.0,4965500.0,0.487,3692000.0,3894000.0,-2555000.0,0.0,Ready now
CUST100051,17394.0,1224000.0,1506200.0,0.187,894000.0,1103000.0,168000.0,10.0,Ready in 12 months
CUST100052,13780.0,3000.0,4020900.0,0.999,4019000.0,4184000.0,-2791000.0,0.0,Ready now
CUST100053,32393.0,10000.0,188400.0,0.947,183000.0,572000.0,779000.0,24.0,Ready in 24 months
CUST100054,12064.0,1905000.0,3558300.0,0.465,2606000.0,2751000.0,-2227000.0,0.0,Ready now
CUST100055,7585.0,2976000.0,3347100.0,0.111,1859000.0,1950000.0,-1155000.0,0.0,Ready now
CUST100056,-312.0,11000.0,168100.0,0.935,163000.0,163000.0,166000.0,999.0,Not on track
CUST100057,4555.0,0.0,109500.0,1.0,110000.0,165000.0,175000.0,38.0,Not on track
CUST100058,19019.0,2306000.0,2674900.0,0.138,1522000.0,1750000.0,-450000.0,0.0,Ready now
CUST100059,44078.0,3982000.0,8133200.0,0.51,6142000.0,6671000.0,-4493000.0,0.0,Ready now
CUST100060,23045.0,0.0,72700.0,1.0,73000.0,350000.0,955000.0,41.0,Not on track
CUST100061,21436.0,240000.0,422500.0,0.432,302000.0,559000.0,428000.0,20.0,Ready in 24 months
CUST100062,2917.0,53000.0,368900.0,0.856,342000.0,377000.0,100000.0,34.0,Not on track
CUST100063,21140.0,0.0,2348800.0,1.0,2349000.0,2603000.0,-889000.0,0.0,Ready now
CUST100064,20367.0,0.0,1267800.0,1.0,1268000.0,1512000.0,-310000.0,0.0,Ready now
CUST100065,27203.0,0.0,61400.0,1.0,61000.0,387000.0,1086000.0,40.0,Not on track
CUST100066,18757.0,0.0,895400.0,1.0,895000.0,1120000.0,-114000.0,0.0,Ready now
CUST100067,9810.0,771000.0,2448400.0,0.685,2063000.0,2181000.0,-1279000.0,0.0,Ready now
CUST100068,6482.0,0.0,1266500.0,1.0,1266000.0,1344000.0,-814000.0,0.0,Ready now
CUST100069,26371.0,497000.0,714200.0,0.304,466000.0,782000.0,658000.0,25.0,Not on track
CUST100070,701.0,4000.0,196100.0,0.98,194000.0,202000.0,81000.0,999.0,Not on track
CUST100071,9951.0,0.0,296100.0,1.0,296000.0,415000.0,298000.0,30.0,Not on track
CUST100072,44576.0,1939000.0,5628500.0,0.656,4659000.0,5194000.0,-3841000.0,0.0,Ready now
CUST100073,27390.0,1866000.0,3778200.0,0.506,2845000.0,3174000.0,-1877000.0,0.0,Ready now
CUST100074,5003.0,1024000.0,1395000.0,0.266,883000.0,943000.0,-527000.0,0.0,Ready now
CUST100075,2119.0,34000.0,229000.0,0.852,212000.0,237000.0,56000.0,26.0,Not on track
CUST100076,18153.0,1178000.0,2138100.0,0.449,1549000.0,1767000.0,-948000.0,0.0,Ready now
CUST100077,7091.0,0.0,2378200.0,1.0,2378000.0,2463000.0,-1544000.0,0.0,Ready now
CUST100078,6685.0,4000.0,150700.0,0.973,149000.0,229000.0,337000.0,50.0,Not on track
CUST100079,31321.0,0.0,454000.0,1.0,454000.0,830000.0,777000.0,25.0,Not on track
CUST100080,14139.0,0.0,63200.0,1.0,63000.0,233000.0,792000.0,56.0,Not on track
CUST100081,11361.0,1719000.0,1963600.0,0.125,1104000.0,1240000.0,-400000.0,0.0,Ready now
CUST100082,14993.0,342000.0,515900.0,0.337,345000.0,525000.0,724000.0,48.0,Not on track
CUST100083,28473.0,2256000.0,5108500.0,0.558,3980000.0,4322000.0,-3027000.0,0.0,Ready now
CUST100084,14904.0,1971000.0,2450500.0,0.196,1465000.0,1644000.0,-616000.0,0.0,Ready now
CUST100085,13399.0,88000.0,146300.0,0.398,102000.0,263000.0,784000.0,59.0,Not on track
CUST100086,8659.0,371000.0,2501600.0,0.852,2316000.0,2420000.0,-1659000.0,0.0,Ready now
CUST100087,11764.0,633000.0,3116300.0,0.797,2800000.0,2941000.0,-1959000.0,0.0,Ready now
CUST100088,13058.0,748000.0,1036400.0,0.278,662000.0,819000.0,444000.0,34.0,Not on track
CUST100089,43095.0,10000.0,4246300.0,0.998,4241000.0,4758000.0,-2500000.0,0.0,Ready now
CUST100090,4376.0,8000.0,1075900.0,0.993,1072000.0,1125000.0,-392000.0,0.0,Ready now
CUST100091,15043.0,531000.0,762100.0,0.303,497000.0,678000.0,620000.0,41.0,Not on track
CUST100092,92094.0,10180000.0,10593500.0,0.039,5504000.0,6609000.0,-2137000.0,0.0,Ready now
CUST100093,19814.0,1238000.0,1301400.0,0.049,682000.0,920000.0,8000.0,0.0,Ready now
CUST100094,24563.0,2882000.0,3179900.0,0.094,1739000.0,2034000.0,-977000.0,0.0,Ready now
CUST100095,14100.0,1426000.0,1816600.0,0.215,1104000.0,1273000.0,-577000.0,0.0,Ready now
CUST100096,7953.0,50000.0,254100.0,0.803,229000.0,324000.0,371000.0,47.0,Not on track
CUST100097,25093.0,984000.0,3014600.0,0.674,2523000.0,2824000.0,-1583000.0,0.0,Ready now
CUST100098,11222.0,3293000.0,3726500.0,0.116,2080000.0,2215000.0,-1231000.0,0.0,Ready now
CUST100099,42005.0,608000.0,856900.0,0.29,553000.0,1057000.0,818000.0,19.0,Ready in 24 months
CUST100100,32429.0,20000.0,267700.0,0.925,258000.0,647000.0,909000.0,28.0,Not on track
CUST100101,17145.0,1471000.0,1662200.0,0.115,927000.0,1133000.0,384000.0,22.0,Ready in 24 months
CUST100102,13846.0,417000.0,942200.0,0.557,734000.0,900000.0,-190000.0,0.0,Ready now
CUST100103,28923.0,2357000.0,2561500.0,0.08,1383000.0,1730000.0,-117000.0,0.0,Ready now
CUST100104,25940.0,2787000.0,3402800.0,0.181,2009000.0,2320000.0,-1103000.0,0.0,Ready now
CUST100105,28282.0,2351000.0,2488800.0,0.055,1313000.0,1652000.0,-259000.0,0.0,Ready now
CUST100106,8299.0,171000.0,1575100.0,0.891,1490000.0,1590000.0,-1168000.0,0.0,Ready now
CUST100107,5418.0,1289000.0,2097300.0,0.385,1453000.0,1518000.0,-837000.0,0.0,Ready now
CUST100108,4328.0,474000.0,935400.0,0.493,698000.0,750000.0,-158000.0,0.0,Ready now
CUST100109,17674.0,14000.0,2438800.0,0.994,2432000.0,2644000.0,-1778000.0,0.0,Ready now
CUST100110,171.0,1426000.0,1689300.0,0.156,976000.0,978000.0,-221000.0,0.0,Ready now
CUST100111,26027.0,279000.0,2101300.0,0.867,1962000.0,2274000.0,-1033000.0,0.0,Ready now
CUST100112,19768.0,1172000.0,1478300.0,0.207,892000.0,1129000.0,-78000.0,0.0,Ready now
CUST100113,20719.0,559000.0,719900.0,0.224,440000.0,689000.0,251000.0,12.0,Ready in 12 months
CUST100114,31828.0,20000.0,2726800.0,0.993,2717000.0,3099000.0,-1441000.0,0.0,Ready now
CUST100115,26467.0,0.0,3276100.0,1.0,3276000.0,3594000.0,-2254000.0,0.0,Ready now
CUST100116,17762.0,7000.0,2611400.0,0.997,2608000.0,2821000.0,-1960000.0,0.0,Ready now
CUST100117,26512.0,31000.0,3501700.0,0.991,3486000.0,3804000.0,-2436000.0,0.0,Ready now
CUST100118,14087.0,3264000.0,4944100.0,0.34,3312000.0,3481000.0,-2109000.0,0.0,Ready now
CUST100119,5384.0,867000.0,986300.0,0.121,553000.0,618000.0,-272000.0,0.0,Ready now
CUST100120,23720.0,1913000.0,2194600.0,0.128,1238000.0,1523000.0,-373000.0,0.0,Ready now
CUST100121,14421.0,0.0,986700.0,1.0,987000.0,1160000.0,-373000.0,0.0,Ready now
CUST100122,16176.0,0.0,861000.0,1.0,861000.0,1055000.0,-29000.0,0.0,Ready now
CUST100123,11078.0,0.0,647500.0,1.0,648000.0,781000.0,-292000.0,0.0,Ready now
CUST100124,2992.0,780000.0,1157700.0,0.326,768000.0,804000.0,-44000.0,0.0,Ready now
CUST100125,22822.0,1583000.0,1999200.0,0.208,1208000.0,1482000.0,-92000.0,0.0,Ready now
CUST100126,10470.0,2103000.0,2198200.0,0.043,1147000.0,1273000.0,-591000.0,0.0,Ready now
CUST100127,9995.0,9000.0,642400.0,0.986,638000.0,758000.0,-189000.0,0.0,Ready now
CUST100128,65022.0,7205000.0,7498900.0,0.039,3896000.0,4676000.0,-1260000.0,0.0,Ready now
CUST100129,35321.0,0.0,1416600.0,1.0,1417000.0,1841000.0,-75000.0,0.0,Ready now
CUST100130,9973.0,23000.0,251200.0,0.908,240000.0,360000.0,220000.0,22.0,Ready in 24 months
CUST100131,13439.0,633000.0,714100.0,0.114,398000.0,559000.0,473000.0,35.0,Not on track
CUST100132,5450.0,708000.0,1912700.0,0.63,1559000.0,1624000.0,-1334000.0,0.0,Ready now
CUST100133,33361.0,609000.0,1009000.0,0.396,704000.0,1104000.0,552000.0,17.0,Ready in 24 months
CUST100134,6238.0,18000.0,624800.0,0.971,616000.0,691000.0,-184000.0,0.0,Ready now
CUST100135,35473.0,0.0,665700.0,1.0,666000.0,1092000.0,592000.0,17.0,Ready in 24 months
CUST100136,32163.0,36000.0,519900.0,0.931,502000.0,888000.0,1154000.0,36.0,Not on track
CUST100137,16720.0,2729000.0,4180200.0,0.347,2816000.0,3017000.0,-2232000.0,0.0,Ready now
CUST100138,3426.0,786000.0,796300.0,0.013,403000.0,444000.0,-65000.0,0.0,Ready now
CUST100139,27253.0,21000.0,377900.0,0.944,367000.0,694000.0,814000.0,30.0,Not on track
CUST100140,19709.0,2734000.0,2806200.0,0.026,1439000.0,1676000.0,-447000.0,0.0,Ready now
CUST100141,14981.0,611000.0,941300.0,0.351,636000.0,816000.0,-33000.0,0.0,Ready now
CUST100142,10397.0,1907000.0,3087900.0,0.382,2134000.0,2259000.0,-1594000.0,0.0,Ready now
CUST100143,27360.0,3020000.0,5771600.0,0.477,4262000.0,4590000.0,-3170000.0,0.0,Ready now
CUST100144,17963.0,2550000.0,3323200.0,0.233,2048000.0,2264000.0,-1152000.0,0.0,Ready now
CUST100145,10292.0,0.0,149900.0,1.0,150000.0,274000.0,300000.0,29.0,Not on track
CUST100146,43557.0,5040000.0,7547100.0,0.332,5027000.0,5550000.0,-3453000.0,0.0,Ready now
CUST100147,57053.0,28000.0,5476400.0,0.995,5462000.0,6147000.0,-3684000.0,0.0,Ready now
CUST100148,31172.0,0.0,1718500.0,1.0,1718000.0,2092000.0,-283000.0,0.0,Ready now
CUST100149,50157.0,1749000.0,1877000.0,0.068,1002000.0,1604000.0,528000.0,11.0,Ready in 12 months
CUST100150,17938.0,3185000.0,7238300.0,0.56,5646000.0,5861000.0,-3250000.0,0.0,Ready now
CUST100151,10937.0,0.0,1282900.0,1.0,1283000.0,1414000.0,-895000.0,0.0,Ready now
CUST100152,7875.0,8000.0,69400.0,0.885,65000.0,160000.0,519000.0,66.0,Not on track
CUST100153,9946.0,0.0,1082100.0,1.0,1082000.0,1201000.0,-277000.0,0.0,Ready now
CUST100154,33245.0,0.0,307600.0,1.0,308000.0,707000.0,842000.0,25.0,Not on track
CUST100155,17950.0,2100000.0,2290700.0,0.083,1241000.0,1456000.0,-479000.0,0.0,Ready now
CUST100156,6167.0,0.0,1412800.0,1.0,1413000.0,1487000.0,-1068000.0,0.0,Ready now
CUST100157,22697.0,2846000.0,3128900.0,0.09,1706000.0,1978000.0,-916000.0,0.0,Ready now
CUST100158,15355.0,1005000.0,1177600.0,0.147,675000.0,859000.0,137000.0,9.0,Ready in 12 months
CUST100159,17912.0,0.0,406500.0,1.0,406000.0,621000.0,459000.0,26.0,Not on track
CUST100160,7654.0,93000.0,177900.0,0.477,131000.0,223000.0,882000.0,115.0,Not on track
CUST100161,4116.0,140000.0,686100.0,0.796,616000.0,665000.0,-365000.0,0.0,Ready now
CUST100162,32131.0,0.0,3205200.0,1.0,3205000.0,3591000.0,-2002000.0,0.0,Ready now
CUST100163,42811.0,2306000.0,5214500.0,0.558,4062000.0,4576000.0,-2340000.0,0.0,Ready now
CUST100164,18072.0,2198000.0,2899600.0,0.242,1801000.0,2018000.0,-795000.0,0.0,Ready now
CUST100165,41418.0,3629000.0,5705200.0,0.364,3891000.0,4388000.0,-2268000.0,0.0,Ready now
CUST100166,20869.0,0.0,499100.0,1.0,499000.0,749000.0,271000.0,13.0,Ready in 24 months
CUST100167,16420.0,366000.0,2057100.0,0.822,1874000.0,2071000.0,-815000.0,0.0,Ready now
CUST100168,-559.0,1838000.0,2656100.0,0.308,1737000.0,1737000.0,-1411000.0,0.0,Ready now
CUST100169,9226.0,0.0,262000.0,1.0,262000.0,373000.0,614000.0,67.0,Not on track
CUST100170,18026.0,1378000.0,3781400.0,0.636,3092000.0,3308000.0,-2378000.0,0.0,Ready now
CUST100171,16315.0,0.0,920600.0,1.0,921000.0,1117000.0,209000.0,13.0,Ready in 24 months
CUST100172,7290.0,2152000.0,2235100.0,0.037,1159000.0,1246000.0,-736000.0,0.0,Ready now
CUST100173,6859.0,1137000.0,1282000.0,0.113,714000.0,796000.0,-238000.0,0.0,Ready now
CUST100174,18343.0,2335000.0,6149300.0,0.62,4982000.0,5202000.0,-3964000.0,0.0,Ready now
CUST100175,25415.0,2530000.0,2658600.0,0.048,1394000.0,1699000.0,-163000.0,0.0,Ready now
CUST100176,17668.0,2000.0,2275200.0,0.999,2274000.0,2486000.0,-1225000.0,0.0,Ready now
CUST100177,8537.0,0.0,484200.0,1.0,484000.0,586000.0,1096000.0,128.0,Not on track
CUST100178,20741.0,3000.0,1088400.0,0.997,1087000.0,1336000.0,-385000.0,0.0,Ready now
CUST100179,14891.0,1835000.0,3983500.0,0.539,3066000.0,3245000.0,-1924000.0,0.0,Ready now
CUST100180,24785.0,1701000.0,1771500.0,0.04,921000.0,1218000.0,-234000.0,0.0,Ready now
CUST100181,10380.0,0.0,1455500.0,1.0,1456000.0,1581000.0,-734000.0,0.0,Ready now
CUST100182,16613.0,311000.0,1901600.0,0.836,1746000.0,1945000.0,-570000.0,0.0,Ready now
CUST100183,85937.0,8485000.0,9228700.0,0.081,4986000.0,6017000.0,-1906000.0,0.0,Ready now
CUST100184,24136.0,4200000.0,4537800.0,0.074,2438000.0,2728000.0,-1227000.0,0.0,Ready now
CUST100185,26356.0,0.0,1784800.0,1.0,1785000.0,2101000.0,-755000.0,0.0,Ready now
CUST100186,47621.0,810000.0,3118500.0,0.74,2714000.0,3285000.0,-1255000.0,0.0,Ready now
CUST100187,6227.0,617000.0,1084300.0,0.431,776000.0,851000.0,-534000.0,0.0,Ready now
CUST100188,9665.0,466000.0,2725100.0,0.829,2492000.0,2608000.0,-1329000.0,0.0,Ready now
CUST100189,29901.0,3693000.0,7038900.0,0.475,5192000.0,5551000.0,-3629000.0,0.0,Ready now
CUST100190,18841.0,0.0,570100.0,1.0,570000.0,796000.0,370000.0,20.0,Ready in 24 months
CUST100191,16545.0,2473000.0,2750300.0,0.101,1514000.0,1713000.0,-794000.0,0.0,Ready now
CUST100192,14984.0,1120000.0,1330800.0,0.158,771000.0,951000.0,-151000.0,0.0,Ready now
CUST100193,12646.0,1693000.0,1962000.0,0.137,1116000.0,1268000.0,-398000.0,0.0,Ready now
CUST100194,13052.0,0.0,1001500.0,1.0,1002000.0,1159000.0,-348000.0,0.0,Ready now
CUST100195,44240.0,1913000.0,2378800.0,0.196,1422000.0,1953000.0,212000.0,5.0,Ready in 6 months
CUST100196,43881.0,2595000.0,4445900.0,0.416,3148000.0,3675000.0,-1410000.0,0.0,Ready now
CUST100197,37056.0,155000.0,1894300.0,0.918,1817000.0,2262000.0,792000.0,21.0,Ready in 24 months
CUST100198,9868.0,0.0,340900.0,1.0,341000.0,459000.0,307000.0,31.0,Not on track
CUST100199,15016.0,13000.0,1924900.0,0.993,1918000.0,2098000.0,-1405000.0,0.0,Ready now
CUST100200,11176.0,19000.0,1129400.0,0.983,1120000.0,1254000.0,-522000.0,0.0,Ready now
CUST100201,5996.0,68000.0,463400.0,0.853,429000.0,501000.0,167000.0,28.0,Not on track
CUST100202,10814.0,1000.0,179200.0,0.994,179000.0,309000.0,421000.0,39.0,Not on track
CUST100203,312.0,1388000.0,1861100.0,0.254,1167000.0,1171000.0,-771000.0,0.0,Ready now
CUST100204,14578.0,2066000.0,4518700.0,0.543,3486000.0,3661000.0,-2242000.0,0.0,Ready now
CUST100205,3872.0,512000.0,701800.0,0.27,446000.0,492000.0,104000.0,27.0,Not on track
CUST100206,-6064.0,0.0,36700.0,1.0,37000.0,37000.0,889000.0,999.0,Not on track
CUST100207,22365.0,3189000.0,3285400.0,0.029,1691000.0,1959000.0,-941000.0,0.0,Ready now
CUST100208,21203.0,727000.0,963300.0,0.245,600000.0,854000.0,241000.0,11.0,Ready in 12 months
CUST100209,52006.0,0.0,260300.0,1.0,260000.0,884000.0,1572000.0,30.0,Not on track
CUST100210,6043.0,1182000.0,1194200.0,0.01,603000.0,676000.0,-198000.0,0.0,Ready now
CUST100211,19020.0,1927000.0,1950500.0,0.012,987000.0,1215000.0,-237000.0,0.0,Ready now
CUST100212,25043.0,3044000.0,4635100.0,0.343,3113000.0,3414000.0,-2179000.0,0.0,Ready now
CUST100213,26798.0,2222000.0,4630900.0,0.52,3520000.0,3842000.0,-2645000.0,0.0,Ready now
CUST100214,21627.0,1362000.0,1448800.0,0.06,768000.0,1028000.0,1257000.0,58.0,Not on track
CUST100215,14703.0,33000.0,70900.0,0.535,54000.0,230000.0,547000.0,37.0,Not on track
CUST100216,9582.0,0.0,171400.0,1.0,171000.0,286000.0,587000.0,61.0,Not on track
CUST100217,22984.0,1872000.0,1942500.0,0.036,1006000.0,1282000.0,-56000.0,0.0,Ready now
CUST100218,5923.0,14000.0,129500.0,0.892,122000.0,193000.0,643000.0,109.0,Not on track
CUST100219,13990.0,1257000.0,2989000.0,0.579,2360000.0,2528000.0,-1772000.0,0.0,Ready now
CUST100220,16798.0,589000.0,3302400.0,0.822,3008000.0,3210000.0,-2450000.0,0.0,Ready now
CUST100221,8604.0,1489000.0,1729100.0,0.139,985000.0,1088000.0,-109000.0,0.0,Ready now
CUST100222,22693.0,9000.0,945900.0,0.99,941000.0,1213000.0,876000.0,39.0,Not on track
CUST100223,3020.0,0.0,609300.0,1.0,609000.0,645000.0,-250000.0,0.0,Ready now
CUST100224,27334.0,2918000.0,3092500.0,0.056,1634000.0,1962000.0,-428000.0,0.0,Ready now
CUST100225,16497.0,1227000.0,4043600.0,0.697,3430000.0,3628000.0,-1558000.0,0.0,Ready now
CUST100226,16953.0,0.0,239000.0,1.0,239000.0,442000.0,528000.0,31.0,Not on track
CUST100227,24365.0,14000.0,361400.0,0.961,354000.0,646000.0,684000.0,28.0,Not on track
CUST100228,24763.0,2257000.0,2415400.0,0.066,1287000.0,1584000.0,-204000.0,0.0,Ready now
CUST100229,13345.0,3130000.0,5118700.0,0.389,3554000.0,3714000.0,-2582000.0,0.0,Ready now
CUST100230,26192.0,4000.0,295700.0,0.986,294000.0,608000.0,739000.0,28.0,Not on track
CUST100231,6486.0,0.0,193500.0,1.0,194000.0,272000.0,414000.0,64.0,Not on track
CUST100232,9414.0,0.0,466500.0,1.0,466000.0,579000.0,766000.0,81.0,Not on track
CUST100233,18224.0,1676000.0,3236400.0,0.482,2398000.0,2617000.0,-1736000.0,0.0,Ready now
CUST100234,7988.0,5000.0,839200.0,0.994,837000.0,933000.0,-207000.0,0.0,Ready now
CUST100235,25267.0,3097000.0,3417900.0,0.094,1869000.0,2172000.0,-960000.0,0.0,Ready now
CUST100236,35719.0,1130000.0,1168500.0,0.033,604000.0,1033000.0,916000.0,26.0,Not on track
CUST100237,25364.0,7484000.0,11664000.0,0.358,7922000.0,8226000.0,-5702000.0,0.0,Ready now
CUST100238,17346.0,0.0,184000.0,1.0,184000.0,392000.0,422000.0,24.0,Ready in 24 months
CUST100239,20015.0,7000.0,201900.0,0.965,198000.0,438000.0,666000.0,33.0,Not on track
CUST100240,4087.0,887000.0,1015500.0,0.127,572000.0,621000.0,-174000.0,0.0,Ready now
CUST100241,26700.0,0.0,5205000.0,1.0,5205000.0,5525000.0,-3491000.0,0.0,Ready now
CUST100242,28551.0,0.0,2395200.0,1.0,2395000.0,2738000.0,-1382000.0,0.0,Ready now
CUST100243,4603.0,4000.0,238400.0,0.983,236000.0,291000.0,518000.0,113.0,Not on track
CUST100244,4148.0,1316000.0,3380100.0,0.611,2722000.0,2772000.0,-1881000.0,0.0,Ready now
CUST100245,16783.0,1005000.0,1691800.0,0.406,1189000.0,1390000.0,-596000.0,0.0,Ready now
CUST100246,12711.0,935000.0,1635500.0,0.428,1168000.0,1321000.0,-481000.0,0.0,Ready now
CUST100247,6353.0,1871000.0,2945200.0,0.365,2010000.0,2086000.0,-411000.0,0.0,Ready now
CUST100248,22904.0,0.0,607300.0,1.0,607000.0,882000.0,205000.0,9.0,Ready in 12 months
CUST100249,20826.0,3155000.0,3556500.0,0.113,1979000.0,2229000.0,-511000.0,0.0,Ready now
CUST100250,21820.0,1140000.0,2204300.0,0.483,1634000.0,1896000.0,-928000.0,0.0,Ready now
CUST100251,7841.0,0.0,218700.0,1.0,219000.0,313000.0,328000.0,42.0,Not on track
CUST100252,27574.0,1483000.0,1699800.0,0.128,958000.0,1289000.0,-96000.0,0.0,Ready now
CUST100253,35565.0,1893000.0,5634100.0,0.664,4688000.0,5115000.0,-3446000.0,0.0,Ready now
CUST100254,36952.0,1219000.0,1247900.0,0.023,638000.0,1081000.0,385000.0,10.0,Ready in 12 months
CUST100255,8232.0,0.0,121700.0,1.0,122000.0,221000.0,456000.0,55.0,Not on track
CUST100256,8449.0,4067000.0,4204800.0,0.033,2171000.0,2272000.0,-1141000.0,0.0,Ready now
CUST100257,3709.0,9000.0,1795300.0,0.995,1791000.0,1836000.0,-1261000.0,0.0,Ready now
CUST100258,21275.0,1421000.0,2719200.0,0.477,2009000.0,2264000.0,-1297000.0,0.0,Ready now
CUST100259,-3480.0,1970000.0,4499100.0,0.562,3514000.0,3514000.0,-2848000.0,0.0,Ready now
CUST100260,10387.0,1000.0,78900.0,0.987,78000.0,203000.0,356000.0,34.0,Not on track
CUST100261,12116.0,1322000.0,1740800.0,0.241,1080000.0,1225000.0,-467000.0,0.0,Ready now
CUST100262,46212.0,0.0,587600.0,1.0,588000.0,1143000.0,1250000.0,27.0,Not on track
CUST100263,49114.0,2895000.0,4547900.0,0.363,3100000.0,3689000.0,-1540000.0,0.0,Ready now
CUST100264,43750.0,7489000.0,7651800.0,0.021,3907000.0,4432000.0,-792000.0,0.0,Ready now
CUST100265,4753.0,153000.0,807500.0,0.811,731000.0,788000.0,85000.0,18.0,Ready in 24 months
CUST100266,9360.0,0.0,106200.0,1.0,106000.0,218000.0,1140000.0,122.0,Not on track
CUST100267,7102.0,7000.0,2513600.0,0.997,2510000.0,2595000.0,-1934000.0,0.0,Ready now
CUST100268,11038.0,7000.0,256000.0,0.973,252000.0,384000.0,489000.0,44.0,Not on track
CUST100269,19724.0,4000.0,728900.0,0.995,727000.0,964000.0,806000.0,41.0,Not on track
CUST100270,24590.0,8000.0,618100.0,0.987,614000.0,909000.0,577000.0,23.0,Ready in 24 months
CUST100271,13096.0,841000.0,2169900.0,0.612,1749000.0,1906000.0,-280000.0,0.0,Ready now
CUST100272,16299.0,18000.0,75400.0,0.761,66000.0,262000.0,585000.0,36.0,Not on track
CUST100273,16081.0,0.0,1271300.0,1.0,1271000.0,1464000.0,-653000.0,0.0,Ready now
CUST100274,10068.0,2070000.0,2109000.0,0.018,1074000.0,1195000.0,-400000.0,0.0,Ready now
CUST100275,14409.0,414000.0,3465000.0,0.881,3258000.0,3431000.0,-2416000.0,0.0,Ready now
CUST100276,4806.0,0.0,3386900.0,1.0,3387000.0,3445000.0,-1141000.0,0.0,Ready now
CUST100277,6513.0,566000.0,602300.0,0.06,319000.0,397000.0,94000.0,14.0,Ready in 24 months
CUST100278,73630.0,3376000.0,4436500.0,0.239,2748000.0,3632000.0,-452000.0,0.0,Ready now
CUST100279,26133.0,0.0,395300.0,1.0,395000.0,709000.0,910000.0,35.0,Not on track
CUST100280,24455.0,149000.0,1845000.0,0.919,1770000.0,2063000.0,-985000.0,0.0,Ready now
CUST100281,13359.0,210000.0,1752000.0,0.88,1647000.0,1807000.0,-778000.0,0.0,Ready now
CUST100282,3943.0,1562000.0,1699000.0,0.081,918000.0,965000.0,-434000.0,0.0,Ready now
CUST100283,17417.0,1367000.0,1595300.0,0.143,912000.0,1121000.0,-289000.0,0.0,Ready now
CUST100284,7146.0,365000.0,620900.0,0.412,438000.0,524000.0,591000.0,83.0,Not on track
CUST100285,7599.0,0.0,2454500.0,1.0,2454000.0,2545000.0,-1796000.0,0.0,Ready now
CUST100286,9999.0,220000.0,1397200.0,0.843,1287000.0,1407000.0,-780000.0,0.0,Ready now
CUST100287,5906.0,10000.0,166200.0,0.94,161000.0,232000.0,533000.0,90.0,Not on track
CUST100288,-619.0,1190000.0,1277500.0,0.068,682000.0,682000.0,-224000.0,0.0,Ready now
CUST100289,8597.0,556000.0,632800.0,0.121,355000.0,458000.0,-30000.0,0.0,Ready now
CUST100290,9996.0,12000.0,88600.0,0.865,83000.0,203000.0,247000.0,25.0,Not on track
CUST100291,38114.0,4457000.0,7826500.0,0.431,5598000.0,6055000.0,-3312000.0,0.0,Ready now
CUST100292,-1045.0,788000.0,2815100.0,0.72,2421000.0,2421000.0,-1859000.0,0.0,Ready now
CUST100293,20533.0,0.0,388300.0,1.0,388000.0,634000.0,947000.0,46.0,Not on track
CUST100294,11794.0,0.0,463400.0,1.0,463000.0,605000.0,355000.0,30.0,Not on track
CUST100295,11344.0,2190000.0,5051600.0,0.566,3957000.0,4093000.0,-3373000.0,0.0,Ready now
CUST100296,39577.0,3579000.0,4012900.0,0.108,2223000.0,2698000.0,-735000.0,0.0,Ready now
CUST100297,17570.0,1980000.0,2323300.0,0.148,1333000.0,1544000.0,-117000.0,0.0,Ready now
CUST100298,39375.0,4642000.0,8642200.0,0.463,6321000.0,6794000.0,-4069000.0,0.0,Ready now
CUST100299,17975.0,606000.0,3053000.0,0.802,2750000.0,2966000.0,-2110000.0,0.0,Ready now
CUST100300,10529.0,2192000.0,2536800.0,0.136,1441000.0,1567000.0,-263000.0,0.0,Ready now
CUST100301,3135.0,2009000.0,4765400.0,0.578,3761000.0,3799000.0,-2628000.0,0.0,Ready now
CUST100302,4747.0,589000.0,881000.0,0.331,586000.0,643000.0,-148000.0,0.0,Ready now
CUST100303,5502.0,1820000.0,2151100.0,0.154,1241000.0,1307000.0,-228000.0,0.0,Ready now
CUST100304,8750.0,436000.0,1325800.0,0.671,1108000.0,1213000.0,-713000.0,0.0,Ready now
CUST100305,25220.0,1899000.0,2626300.0,0.277,1677000.0,1980000.0,-748000.0,0.0,Ready now
CUST100306,16563.0,1852000.0,2413400.0,0.233,1487000.0,1686000.0,-625000.0,0.0,Ready now
CUST100307,3899.0,14000.0,183000.0,0.923,176000.0,223000.0,199000.0,51.0,Not on track
CUST100308,19363.0,783000.0,3026500.0,0.741,2635000.0,2867000.0,-1827000.0,0.0,Ready now
CUST100309,28989.0,0.0,5436100.0,1.0,5436000.0,5784000.0,-4562000.0,0.0,Ready now
CUST100310,13431.0,4000.0,19600.0,0.796,18000.0,179000.0,491000.0,37.0,Not on track
CUST100311,13838.0,24000.0,251400.0,0.905,239000.0,405000.0,2273000.0,164.0,Not on track
CUST100312,20531.0,258000.0,538100.0,0.521,409000.0,655000.0,908000.0,44.0,Not on track
CUST100313,12538.0,1527000.0,1728800.0,0.117,965000.0,1115000.0,-358000.0,0.0,Ready now
CUST100314,1229.0,3171000.0,3712400.0,0.146,2127000.0,2142000.0,-960000.0,0.0,Ready now
CUST100315,5498.0,3671000.0,3975400.0,0.077,2140000.0,2206000.0,-786000.0,0.0,Ready now
CUST100316,7641.0,2000.0,1883600.0,0.999,1883000.0,1975000.0,-904000.0,0.0,Ready now
CUST100317,8585.0,1311000.0,2863000.0,0.542,2208000.0,2311000.0,-1608000.0,0.0,Ready now
CUST100318,49193.0,1191000.0,1414400.0,0.158,819000.0,1409000.0,1830000.0,37.0,Not on track
CUST100319,34923.0,1106000.0,4567400.0,0.758,4014000.0,4433000.0,-2880000.0,0.0,Ready now
CUST100320,10711.0,904000.0,1786800.0,0.494,1335000.0,1464000.0,-849000.0,0.0,Ready now
CUST100321,17311.0,0.0,376800.0,1.0,377000.0,585000.0,507000.0,29.0,Not on track
CUST100322,19787.0,2000.0,292500.0,0.993,292000.0,529000.0,596000.0,30.0,Not on track
CUST100323,26786.0,0.0,70700.0,1.0,71000.0,392000.0,924000.0,34.0,Not on track
CUST100324,15875.0,1332000.0,2637700.0,0.495,1972000.0,2162000.0,-1523000.0,0.0,Ready now
CUST100325,17242.0,0.0,254800.0,1.0,255000.0,462000.0,576000.0,33.0,Not on track
CUST100326,3630.0,924000.0,1035100.0,0.107,573000.0,617000.0,-44000.0,0.0,Ready now
CUST100327,11720.0,2042000.0,2378600.0,0.142,1358000.0,1499000.0,-526000.0,0.0,Ready now
CUST100328,36376.0,815000.0,872100.0,0.065,465000.0,902000.0,738000.0,20.0,Ready in 24 months
CUST100329,5978.0,90000.0,102300.0,0.12,57000.0,129000.0,724000.0,121.0,Not on track
CUST100330,16282.0,627000.0,743800.0,0.157,430000.0,625000.0,428000.0,26.0,Not on track
CUST100331,41290.0,19000.0,393600.0,0.952,384000.0,879000.0,1110000.0,27.0,Not on track
CUST100332,7022.0,0.0,1460900.0,1.0,1461000.0,1545000.0,-825000.0,0.0,Ready now
CUST100333,6272.0,661000.0,2249000.0,0.706,1918000.0,1993000.0,-1201000.0,0.0,Ready now
CUST100334,13618.0,362000.0,1189400.0,0.696,1008000.0,1171000.0,-574000.0,0.0,Ready now
CUST100335,7615.0,556000.0,994900.0,0.441,717000.0,808000.0,-60000.0,0.0,Ready now
CUST100336,3029.0,0.0,1146500.0,1.0,1146000.0,1182000.0,-317000.0,0.0,Ready now
CUST100337,35554.0,0.0,103400.0,1.0,103000.0,530000.0,1262000.0,35.0,Not on track
CUST100338,14765.0,253000.0,1920000.0,0.868,1794000.0,1971000.0,-1257000.0,0.0,Ready now
CUST100339,39596.0,3411000.0,3767200.0,0.095,2062000.0,2537000.0,-970000.0,0.0,Ready now
CUST100340,22119.0,5000.0,219000.0,0.977,216000.0,481000.0,828000.0,37.0,Not on track
CUST100341,3670.0,1166000.0,2337200.0,0.501,1754000.0,1798000.0,-1418000.0,0.0,Ready now
CUST100342,26944.0,2766000.0,3042200.0,0.091,1659000.0,1982000.0,-577000.0,0.0,Ready now
CUST100343,33610.0,571000.0,682400.0,0.163,397000.0,800000.0,1105000.0,33.0,Not on track
CUST100344,4698.0,647000.0,777700.0,0.168,454000.0,510000.0,-69000.0,0.0,Ready now
CUST100345,41129.0,0.0,882300.0,1.0,882000.0,1376000.0,825000.0,20.0,Ready in 24 months
CUST100346,21467.0,1018000.0,2773500.0,0.633,2264000.0,2522000.0,-1533000.0,0.0,Ready now
CUST100347,6710.0,1022000.0,1074200.0,0.049,563000.0,644000.0,-129000.0,0.0,Ready now
CUST100348,18583.0,619000.0,2093400.0,0.704,1784000.0,2007000.0,-808000.0,0.0,Ready now
CUST100349,21824.0,1181000.0,1275800.0,0.074,685000.0,947000.0,817000.0,37.0,Not on track
CUST100350,10818.0,0.0,177800.0,1.0,178000.0,308000.0,684000.0,63.0,Not on track
CUST100351,26967.0,1218000.0,1533200.0,0.206,924000.0,1248000.0,234000.0,9.0,Ready in 12 months
CUST100352,42808.0,4012000.0,4959500.0,0.191,2954000.0,3468000.0,-92000.0,0.0,Ready now
CUST100353,23580.0,2690000.0,3062800.0,0.122,1718000.0,2001000.0,-619000.0,0.0,Ready now
CUST100354,79424.0,59000.0,11044200.0,0.995,11015000.0,11968000.0,-7037000.0,0.0,Ready now
CUST100355,60799.0,0.0,3535300.0,1.0,3535000.0,4265000.0,-1670000.0,0.0,Ready now
CUST100356,20574.0,1987000.0,4184900.0,0.525,3191000.0,3438000.0,-2173000.0,0.0,Ready now
CUST100357,5329.0,0.0,2198400.0,1.0,2198000.0,2262000.0,-1746000.0,0.0,Ready now
CUST100358,13922.0,17000.0,99800.0,0.83,91000.0,258000.0,580000.0,42.0,Not on track
CUST100359,15698.0,0.0,206400.0,1.0,206000.0,394000.0,917000.0,58.0,Not on track
CUST100360,16562.0,821000.0,848600.0,0.033,438000.0,637000.0,444000.0,27.0,Not on track
CUST100361,10580.0,2182000.0,2196200.0,0.006,1105000.0,1232000.0,-295000.0,0.0,Ready now
CUST100362,808.0,911000.0,1891800.0,0.518,1436000.0,1446000.0,-1116000.0,0.0,Ready now
CUST100363,58665.0,763000.0,2987400.0,0.745,2606000.0,3310000.0,-686000.0,0.0,Ready now
CUST100364,28277.0,2954000.0,4377000.0,0.325,2900000.0,3239000.0,-1287000.0,0.0,Ready now
CUST100365,7574.0,772000.0,2089500.0,0.631,1704000.0,1795000.0,-1215000.0,0.0,Ready now
CUST100366,18178.0,603000.0,919400.0,0.344,618000.0,836000.0,462000.0,25.0,Not on track
CUST100367,26046.0,1823000.0,2079900.0,0.124,1168000.0,1481000.0,489000.0,19.0,Ready in 24 months
CUST100368,28399.0,2073000.0,2925600.0,0.291,1889000.0,2230000.0,-316000.0,0.0,Ready now
CUST100369,10614.0,1302000.0,2202600.0,0.409,1552000.0,1679000.0,-851000.0,0.0,Ready now
CUST100370,10730.0,6000.0,442800.0,0.986,440000.0,569000.0,1180000.0,110.0,Not on track
CUST100371,1960.0,1223000.0,1489200.0,0.179,878000.0,902000.0,-298000.0,0.0,Ready now
CUST100372,17977.0,2709000.0,6206300.0,0.564,4852000.0,5068000.0,-3973000.0,0.0,Ready now
CUST100373,8695.0,746000.0,848300.0,0.121,475000.0,579000.0,151000.0,17.0,Ready in 24 months
CUST100374,9548.0,714000.0,733000.0,0.026,376000.0,491000.0,-20000.0,0.0,Ready now
CUST100375,2619.0,745000.0,1550200.0,0.519,1178000.0,1209000.0,-506000.0,0.0,Ready now
CUST100376,25121.0,998000.0,3832500.0,0.74,3334000.0,3635000.0,-2037000.0,0.0,Ready now
CUST100377,19257.0,2738000.0,2928700.0,0.065,1560000.0,1791000.0,-1010000.0,0.0,Ready now
CUST100378,22229.0,0.0,1198700.0,1.0,1199000.0,1466000.0,-231000.0,0.0,Ready now
CUST100379,56108.0,3893000.0,5029500.0,0.226,3083000.0,3756000.0,-1360000.0,0.0,Ready now
CUST100380,8522.0,0.0,1708600.0,1.0,1709000.0,1811000.0,-994000.0,0.0,Ready now
CUST100381,4533.0,1691000.0,1943400.0,0.13,1098000.0,1152000.0,-298000.0,0.0,Ready now
CUST100382,3399.0,577000.0,647600.0,0.109,359000.0,400000.0,-143000.0,0.0,Ready now
CUST100383,6423.0,0.0,1359700.0,1.0,1360000.0,1437000.0,-1034000.0,0.0,Ready now
CUST100384,11984.0,231000.0,1593300.0,0.855,1478000.0,1622000.0,-971000.0,0.0,Ready now
CUST100385,28252.0,16000.0,1873300.0,0.991,1865000.0,2204000.0,-555000.0,0.0,Ready now
CUST100386,15991.0,368000.0,3163400.0,0.884,2979000.0,3171000.0,-2373000.0,0.0,Ready now
CUST100387,8758.0,1333000.0,2673500.0,0.501,2007000.0,2112000.0,-1487000.0,0.0,Ready now
CUST100388,8744.0,35000.0,1318400.0,0.973,1301000.0,1406000.0,-898000.0,0.0,Ready now
CUST100389,14948.0,1084000.0,1739300.0,0.377,1197000.0,1376000.0,-526000.0,0.0,Ready now
CUST100390,34367.0,1459000.0,1541400.0,0.053,812000.0,1224000.0,439000.0,13.0,Ready in 24 months
CUST100391,19890.0,2476000.0,5706800.0,0.566,4469000.0,4708000.0,-3430000.0,0.0,Ready now
CUST100392,28533.0,1000.0,426300.0,0.998,426000.0,768000.0,1201000.0,42.0,Not on track
CUST100393,4866.0,24000.0,58600.0,0.59,47000.0,105000.0,309000.0,64.0,Not on track
CUST100394,9676.0,17000.0,307600.0,0.945,299000.0,415000.0,755000.0,78.0,Not on track
CUST100395,1937.0,1685000.0,1738700.0,0.031,896000.0,919000.0,-200000.0,0.0,Ready now
CUST100396,10907.0,252000.0,316500.0,0.204,190000.0,321000.0,671000.0,62.0,Not on track
CUST100397,24198.0,2553000.0,6777000.0,0.623,5500000.0,5790000.0,-3550000.0,0.0,Ready now
CUST100398,22139.0,1829000.0,2561100.0,0.286,1647000.0,1913000.0,-832000.0,0.0,Ready now
CUST100399,35352.0,1809000.0,2183000.0,0.171,1278000.0,1702000.0,-10000.0,0.0,Ready now
CUST100400,7438.0,1406000.0,1579600.0,0.11,877000.0,966000.0,-341000.0,0.0,Ready now
CUST100401,13495.0,1234000.0,3252200.0,0.621,2635000.0,2797000.0,-1885000.0,0.0,Ready now
CUST100402,5341.0,1030000.0,1062800.0,0.031,548000.0,612000.0,-100000.0,0.0,Ready now
CUST100403,24227.0,603000.0,770500.0,0.217,469000.0,760000.0,312000.0,13.0,Ready in 24 months
CUST100404,13668.0,2000.0,3123700.0,0.999,3123000.0,3287000.0,-2164000.0,0.0,Ready now
CUST100405,53138.0,590000.0,3264300.0,0.819,2969000.0,3607000.0,-1245000.0,0.0,Ready now
CUST100406,15187.0,24000.0,404900.0,0.941,393000.0,575000.0,265000.0,17.0,Ready in 24 months
CUST100407,13054.0,609000.0,2120700.0,0.713,1816000.0,1973000.0,-1055000.0,0.0,Ready now
CUST100408,10045.0,959000.0,974000.0,0.015,494000.0,615000.0,-195000.0,0.0,Ready now
CUST100409,7153.0,90000.0,323300.0,0.722,278000.0,364000.0,442000.0,62.0,Not on track
CUST100410,16113.0,1328000.0,1384400.0,0.041,720000.0,913000.0,-327000.0,0.0,Ready now
CUST100411,7406.0,503000.0,1442800.0,0.651,1191000.0,1280000.0,-883000.0,0.0,Ready now
CUST100412,9802.0,101000.0,690600.0,0.854,640000.0,758000.0,-180000.0,0.0,Ready now
CUST100413,15810.0,0.0,1232700.0,1.0,1233000.0,1423000.0,-265000.0,0.0,Ready now
CUST100414,26289.0,2117000.0,2377500.0,0.11,1319000.0,1634000.0,-578000.0,0.0,Ready now
CUST100415,34518.0,1360000.0,3661400.0,0.629,2981000.0,3395000.0,-1863000.0,0.0,Ready now
CUST100416,20896.0,0.0,362700.0,1.0,363000.0,614000.0,1147000.0,55.0,Not on track
CUST100417,2090.0,1297000.0,1361500.0,0.047,713000.0,738000.0,-365000.0,0.0,Ready now
CUST100418,10966.0,1470000.0,2072200.0,0.291,1337000.0,1469000.0,-888000.0,0.0,Ready now
CUST100419,21756.0,1964000.0,2329100.0,0.157,1347000.0,1608000.0,-399000.0,0.0,Ready now
CUST100420,4830.0,808000.0,977500.0,0.173,574000.0,632000.0,53000.0,11.0,Ready in 12 months
CUST100421,15550.0,2064000.0,3067000.0,0.327,2035000.0,2222000.0,-1472000.0,0.0,Ready now
CUST100422,20437.0,0.0,2602000.0,1.0,2602000.0,2847000.0,-1350000.0,0.0,Ready now
CUST100423,29259.0,784000.0,972600.0,0.194,581000.0,932000.0,441000.0,15.0,Ready in 24 months
CUST100424,22833.0,228000.0,358800.0,0.365,245000.0,519000.0,581000.0,25.0,Not on track
CUST100425,16750.0,2710000.0,4008900.0,0.324,2654000.0,2855000.0,-1798000.0,0.0,Ready now
CUST100426,2081.0,0.0,373400.0,1.0,373000.0,398000.0,562000.0,270.0,Not on track
CUST100427,8528.0,6000.0,641100.0,0.991,638000.0,740000.0,64000.0,8.0,Ready in 12 months
CUST100428,1763.0,0.0,2351200.0,1.0,2351000.0,2372000.0,-1812000.0,0.0,Ready now
CUST100429,15664.0,1977000.0,2113100.0,0.064,1125000.0,1313000.0,-243000.0,0.0,Ready now
CUST100430,13686.0,1430000.0,2359200.0,0.394,1644000.0,1808000.0,-1094000.0,0.0,Ready now
CUST100431,2553.0,1575000.0,1592400.0,0.011,805000.0,836000.0,-1000.0,0.0,Ready now
CUST100432,14100.0,4000.0,33700.0,0.881,32000.0,201000.0,664000.0,47.0,Not on track
CUST100433,14464.0,24000.0,169900.0,0.859,158000.0,332000.0,400000.0,28.0,Not on track
CUST100434,4207.0,1109000.0,1262100.0,0.121,708000.0,758000.0,-26000.0,0.0,Ready now
CUST100435,21825.0,5397000.0,6823200.0,0.209,4125000.0,4387000.0,-1859000.0,0.0,Ready now
CUST100436,22754.0,3735000.0,3953400.0,0.055,2086000.0,2359000.0,-1392000.0,0.0,Ready now
CUST100437,29446.0,1557000.0,1819400.0,0.144,1041000.0,1394000.0,-96000.0,0.0,Ready now
CUST100438,17407.0,2274000.0,2483100.0,0.084,1346000.0,1555000.0,-307000.0,0.0,Ready now
CUST100439,27605.0,3980000.0,4121900.0,0.034,2132000.0,2463000.0,-733000.0,0.0,Ready now
CUST100440,7326.0,34000.0,109400.0,0.689,92000.0,180000.0,648000.0,88.0,Not on track
CUST100441,13048.0,738000.0,2536800.0,0.709,2168000.0,2325000.0,-1557000.0,0.0,Ready now
CUST100442,23221.0,2582000.0,2897200.0,0.109,1606000.0,1885000.0,-630000.0,0.0,Ready now
CUST100443,16949.0,1915000.0,2300700.0,0.168,1343000.0,1546000.0,-383000.0,0.0,Ready now
CUST100444,37136.0,1300000.0,2634100.0,0.506,1984000.0,2430000.0,-718000.0,0.0,Ready now
CUST100445,17913.0,601000.0,4663700.0,0.871,4363000.0,4578000.0,-2864000.0,0.0,Ready now
CUST100446,10148.0,2000.0,151700.0,0.987,151000.0,273000.0,83000.0,8.0,Ready in 12 months
CUST100447,17145.0,604000.0,834300.0,0.276,532000.0,738000.0,-42000.0,0.0,Ready now
CUST100448,5830.0,542000.0,724500.0,0.252,454000.0,524000.0,126000.0,22.0,Ready in 24 months
CUST100449,20098.0,3061000.0,7149400.0,0.572,5619000.0,5860000.0,-4535000.0,0.0,Ready now
CUST100450,17961.0,147000.0,911900.0,0.839,838000.0,1054000.0,-212000.0,0.0,Ready now
CUST100451,8518.0,336000.0,1358400.0,0.753,1190000.0,1292000.0,-812000.0,0.0,Ready now
CUST100452,23522.0,2000.0,1259600.0,0.998,1259000.0,1541000.0,-193000.0,0.0,Ready now
CUST100453,19276.0,0.0,16900.0,1.0,17000.0,248000.0,653000.0,34.0,Not on track
CUST100454,3696.0,655000.0,757400.0,0.135,430000.0,474000.0,-172000.0,0.0,Ready now
CUST100455,8337.0,2979000.0,4154400.0,0.283,2665000.0,2765000.0,-1781000.0,0.0,Ready now
CUST100456,18145.0,1727000.0,2160900.0,0.201,1297000.0,1515000.0,-591000.0,0.0,Ready now
CUST100457,15241.0,2053000.0,9126600.0,0.775,8100000.0,8283000.0,-6561000.0,0.0,Ready now
CUST100458,25647.0,22000.0,186000.0,0.882,175000.0,483000.0,861000.0,34.0,Not on track
CUST100459,14169.0,6000.0,423000.0,0.986,420000.0,590000.0,664000.0,47.0,Not on track
CUST100460,17435.0,5000.0,140700.0,0.964,138000.0,347000.0,648000.0,37.0,Not on track
CUST100461,1448.0,415000.0,1874100.0,0.779,1667000.0,1684000.0,-1111000.0,0.0,Ready now
CUST100462,7902.0,503000.0,838800.0,0.4,587000.0,682000.0,39000.0,5.0,Ready in 6 months
CUST100463,23854.0,14000.0,90900.0,0.846,84000.0,370000.0,1618000.0,68.0,Not on track
CUST100464,16916.0,23000.0,102900.0,0.776,91000.0,294000.0,1073000.0,63.0,Not on track
CUST100465,8622.0,1022000.0,1221200.0,0.163,710000.0,813000.0,-380000.0,0.0,Ready now
CUST100466,10711.0,1158000.0,1305200.0,0.113,726000.0,855000.0,-248000.0,0.0,Ready now
CUST100467,15019.0,706000.0,1933000.0,0.635,1580000.0,1760000.0,-1034000.0,0.0,Ready now
CUST100468,43057.0,0.0,121300.0,1.0,121000.0,638000.0,1563000.0,36.0,Not on track
CUST100469,7385.0,11000.0,397000.0,0.972,392000.0,481000.0,26000.0,4.0,Ready in 6 months
CUST100470,34731.0,3094000.0,3205500.0,0.035,1658000.0,2075000.0,-189000.0,0.0,Ready now
CUST100471,22988.0,1973000.0,3106400.0,0.365,2120000.0,2396000.0,-1096000.0,0.0,Ready now
CUST100472,17385.0,1910000.0,2019100.0,0.054,1064000.0,1273000.0,-148000.0,0.0,Ready now
CUST100473,9729.0,993000.0,3047600.0,0.674,2551000.0,2668000.0,-1925000.0,0.0,Ready now
CUST100474,23572.0,0.0,1029700.0,1.0,1030000.0,1313000.0,766000.0,32.0,Not on track
CUST100475,22686.0,5000.0,134900.0,0.963,132000.0,404000.0,714000.0,31.0,Not on track
CUST100476,10348.0,635000.0,1032500.0,0.385,715000.0,839000.0,-233000.0,0.0,Ready now
CUST100477,12981.0,347000.0,522500.0,0.336,349000.0,505000.0,193000.0,15.0,Ready in 24 months
CUST100478,7502.0,456000.0,1930400.0,0.764,1702000.0,1792000.0,-1266000.0,0.0,Ready now
CUST100479,16169.0,2765000.0,2893900.0,0.045,1511000.0,1705000.0,296000.0,18.0,Ready in 24 months
CUST100480,51982.0,2402000.0,4829000.0,0.503,3628000.0,4252000.0,-1607000.0,0.0,Ready now
CUST100481,24960.0,4569000.0,6703500.0,0.318,4419000.0,4719000.0,-3209000.0,0.0,Ready now
CUST100482,12340.0,2078000.0,4488100.0,0.537,3449000.0,3597000.0,-2525000.0,0.0,Ready now
CUST100483,7642.0,1116000.0,1146200.0,0.026,588000.0,680000.0,-102000.0,0.0,Ready now
CUST100484,3715.0,4000.0,1132400.0,0.996,1130000.0,1175000.0,-841000.0,0.0,Ready now
CUST100485,12928.0,494000.0,1680900.0,0.706,1434000.0,1589000.0,-938000.0,0.0,Ready now
CUST100486,20952.0,5000.0,223300.0,0.978,221000.0,472000.0,634000.0,30.0,Not on track
CUST100487,23999.0,2869000.0,3498600.0,0.18,2064000.0,2352000.0,-596000.0,0.0,Ready now
CUST100488,28555.0,3455000.0,11108000.0,0.689,9380000.0,9723000.0,-7401000.0,0.0,Ready now
CUST100489,18583.0,604000.0,1482300.0,0.593,1180000.0,1403000.0,-503000.0,0.0,Ready now
CUST100490,4836.0,640000.0,695400.0,0.08,375000.0,433000.0,-110000.0,0.0,Ready now
CUST100491,13065.0,437000.0,1430800.0,0.695,1212000.0,1369000.0,-733000.0,0.0,Ready now
CUST100492,20533.0,3350000.0,4787800.0,0.3,3113000.0,3359000.0,-1317000.0,0.0,Ready now
CUST100493,20042.0,2169000.0,5205700.0,0.583,4121000.0,4362000.0,-3125000.0,0.0,Ready now
CUST100494,23871.0,1019000.0,3265900.0,0.688,2756000.0,3042000.0,-1927000.0,0.0,Ready now
CUST100495,6608.0,2000.0,2226300.0,0.999,2225000.0,2304000.0,-1424000.0,0.0,Ready now
CUST100496,2271.0,1520000.0,2344400.0,0.352,1584000.0,1611000.0,-1080000.0,0.0,Ready now
CUST100497,3067.0,969000.0,1520400.0,0.363,1036000.0,1073000.0,-641000.0,0.0,Ready now
CUST100498,22664.0,6513000.0,8890800.0,0.267,5634000.0,5906000.0,-3420000.0,0.0,Ready now
CUST100499,30086.0,5091000.0,5383500.0,0.054,2838000.0,3199000.0,-856000.0,0.0,Ready now
CUST100500,6231.0,653000.0,1782500.0,0.634,1456000.0,1531000.0,-942000.0,0.0,Ready now
CUST100501,12894.0,1097000.0,1426800.0,0.231,878000.0,1033000.0,-466000.0,0.0,Ready now
CUST100502,16907.0,2400000.0,4577800.0,0.476,3378000.0,3581000.0,-2989000.0,0.0,Ready now
CUST100503,21264.0,1321000.0,2249000.0,0.413,1588000.0,1843000.0,-821000.0,0.0,Ready now
CUST100504,18323.0,1578000.0,2929300.0,0.461,2140000.0,2360000.0,-1102000.0,0.0,Ready now
CUST100505,17236.0,2715000.0,3117100.0,0.129,1760000.0,1967000.0,-737000.0,0.0,Ready now
CUST100506,12957.0,861000.0,1008800.0,0.147,578000.0,733000.0,-25000.0,0.0,Ready now
CUST100507,35821.0,3326000.0,3945700.0,0.157,2283000.0,2713000.0,-403000.0,0.0,Ready now
CUST100508,16056.0,579000.0,905300.0,0.36,616000.0,809000.0,215000.0,13.0,Ready in 24 months
CUST100509,28585.0,0.0,1722500.0,1.0,1722000.0,2065000.0,-378000.0,0.0,Ready now
CUST100510,17052.0,1941000.0,3067700.0,0.367,2097000.0,2302000.0,-1228000.0,0.0,Ready now
CUST100511,12951.0,0.0,3015800.0,1.0,3016000.0,3171000.0,-1806000.0,0.0,Ready now
CUST100512,1050.0,0.0,44800.0,1.0,45000.0,58000.0,274000.0,261.0,Not on track
CUST100513,5855.0,1000.0,60900.0,0.984,60000.0,130000.0,1180000.0,202.0,Not on track
CUST100514,7864.0,1819000.0,3117400.0,0.417,2208000.0,2302000.0,-1554000.0,0.0,Ready now
CUST100515,10683.0,6000.0,4333700.0,0.999,4331000.0,4459000.0,-3302000.0,0.0,Ready now
CUST100516,18471.0,62000.0,3763800.0,0.984,3733000.0,3955000.0,-2459000.0,0.0,Ready now
CUST100517,9263.0,1539000.0,1621200.0,0.051,852000.0,963000.0,-188000.0,0.0,Ready now
CUST100518,10115.0,0.0,2007900.0,1.0,2008000.0,2129000.0,-1526000.0,0.0,Ready now
CUST100519,3262.0,1888000.0,1987500.0,0.05,1044000.0,1083000.0,-511000.0,0.0,Ready now
CUST100520,12082.0,0.0,1334200.0,1.0,1334000.0,1479000.0,-536000.0,0.0,Ready now
CUST100521,2794.0,128000.0,1113500.0,0.885,1050000.0,1084000.0,-661000.0,0.0,Ready now
CUST100522,30259.0,766000.0,1291900.0,0.407,909000.0,1272000.0,137000.0,5.0,Ready in 6 months
CUST100523,22922.0,2457000.0,2796200.0,0.121,1568000.0,1843000.0,-703000.0,0.0,Ready now
CUST100524,38607.0,443000.0,2025000.0,0.781,1804000.0,2267000.0,-720000.0,0.0,Ready now
CUST100525,6371.0,1906000.0,2861900.0,0.334,1909000.0,1985000.0,-1251000.0,0.0,Ready now
CUST100526,2843.0,0.0,198100.0,1.0,198000.0,232000.0,278000.0,98.0,Not on track
CUST100527,24130.0,660000.0,746100.0,0.115,416000.0,706000.0,519000.0,22.0,Ready in 24 months
CUST100528,7353.0,0.0,3206000.0,1.0,3206000.0,3294000.0,-2330000.0,0.0,Ready now
CUST100529,22832.0,6000.0,38300.0,0.843,35000.0,309000.0,850000.0,37.0,Not on track
CUST100530,15063.0,1402000.0,2479000.0,0.434,1778000.0,1959000.0,-1174000.0,0.0,Ready now
CUST100531,8507.0,2147000.0,2190100.0,0.02,1117000.0,1219000.0,51000.0,6.0,Ready in 6 months
CUST100532,5031.0,296000.0,1723600.0,0.828,1576000.0,1636000.0,-1143000.0,0.0,Ready now
CUST100533,20969.0,1415000.0,1581800.0,0.105,874000.0,1126000.0,-96000.0,0.0,Ready now
CUST100534,13251.0,1231000.0,1314400.0,0.063,699000.0,858000.0,-133000.0,0.0,Ready now
CUST100535,17028.0,25000.0,839000.0,0.97,826000.0,1030000.0,149000.0,9.0,Ready in 12 months
CUST100536,32131.0,4936000.0,6081600.0,0.188,3614000.0,4000000.0,-1972000.0,0.0,Ready now
CUST100537,9443.0,12000.0,607900.0,0.98,602000.0,715000.0,-88000.0,0.0,Ready now
CUST100538,4743.0,0.0,38100.0,1.0,38000.0,95000.0,318000.0,67.0,Not on track
CUST100539,13383.0,0.0,1681800.0,1.0,1682000.0,1843000.0,-1062000.0,0.0,Ready now
CUST100540,14271.0,0.0,1140400.0,1.0,1140000.0,1311000.0,-583000.0,0.0,Ready now
CUST100541,1861.0,554000.0,1299100.0,0.574,1022000.0,1044000.0,-734000.0,0.0,Ready now
CUST100542,36565.0,1486000.0,2160300.0,0.312,1417000.0,1856000.0,957000.0,26.0,Not on track
CUST100543,14727.0,1107000.0,4358900.0,0.746,3805000.0,3982000.0,-2494000.0,0.0,Ready now
CUST100544,-845.0,2807000.0,3091700.0,0.092,1688000.0,1688000.0,-1168000.0,0.0,Ready now
CUST100545,8100.0,1537000.0,3180600.0,0.517,2412000.0,2509000.0,-1553000.0,0.0,Ready now
CUST100546,15194.0,997000.0,3134100.0,0.682,2636000.0,2818000.0,-1617000.0,0.0,Ready now
CUST100547,10045.0,2135000.0,2147300.0,0.006,1080000.0,1201000.0,-278000.0,0.0,Ready now
CUST100548,8800.0,0.0,3476100.0,1.0,3476000.0,3582000.0,-2828000.0,0.0,Ready now
CUST100549,18816.0,0.0,40100.0,1.0,40000.0,266000.0,577000.0,31.0,Not on track
CUST100550,7160.0,2045000.0,2360800.0,0.134,1338000.0,1424000.0,-650000.0,0.0,Ready now
CUST100551,20053.0,2128000.0,2294600.0,0.073,1231000.0,1472000.0,-400000.0,0.0,Ready now
CUST100552,4971.0,3707000.0,3827000.0,0.031,1974000.0,2034000.0,88000.0,18.0,Ready in 24 months
CUST100553,20240.0,5000.0,1253100.0,0.996,1251000.0,1494000.0,-174000.0,0.0,Ready now
CUST100554,11714.0,1482000.0,1634100.0,0.093,893000.0,1034000.0,-300000.0,0.0,Ready now
CUST100555,25144.0,2429000.0,2474700.0,0.018,1260000.0,1562000.0,-87000.0,0.0,Ready now
CUST100556,27281.0,2758000.0,7974700.0,0.654,6596000.0,6923000.0,-5330000.0,0.0,Ready now
CUST100557,23137.0,1347000.0,2002600.0,0.327,1329000.0,1607000.0,-407000.0,0.0,Ready now
CUST100558,18932.0,1023000.0,1356200.0,0.246,845000.0,1072000.0,121000.0,6.0,Ready in 6 months
CUST100559,15111.0,784000.0,1053700.0,0.256,662000.0,843000.0,-80000.0,0.0,Ready now
CUST100560,686.0,1960000.0,2033400.0,0.036,1053000.0,1061000.0,-255000.0,0.0,Ready now
CUST100561,8927.0,0.0,198800.0,1.0,199000.0,306000.0,293000.0,33.0,Not on track
CUST100562,15505.0,2262000.0,4612900.0,0.51,3482000.0,3668000.0,-2607000.0,0.0,Ready now
CUST100563,196.0,0.0,130900.0,1.0,131000.0,133000.0,353000.0,999.0,Not on track
CUST100564,40416.0,3664000.0,4117200.0,0.11,2285000.0,2770000.0,-665000.0,0.0,Ready now
CUST100565,62676.0,6005000.0,6613700.0,0.092,3611000.0,4363000.0,-1459000.0,0.0,Ready now
CUST100566,10195.0,401000.0,2307900.0,0.826,2107000.0,2229000.0,-1704000.0,0.0,Ready now
CUST100567,20073.0,1898000.0,3366300.0,0.436,2417000.0,2658000.0,-1428000.0,0.0,Ready now
CUST100568,11553.0,1736000.0,2051200.0,0.154,1183000.0,1322000.0,-431000.0,0.0,Ready now
CUST100569,15032.0,2821000.0,3078800.0,0.084,1668000.0,1848000.0,-692000.0,0.0,Ready now
CUST100570,19008.0,0.0,1709300.0,1.0,1709000.0,1937000.0,-669000.0,0.0,Ready now
CUST100571,21505.0,7000.0,93500.0,0.925,90000.0,348000.0,726000.0,34.0,Not on track
CUST100572,16987.0,205000.0,470500.0,0.564,368000.0,572000.0,671000.0,40.0,Not on track
CUST100573,22456.0,1984000.0,2177700.0,0.089,1186000.0,1455000.0,-296000.0,0.0,Ready now
CUST100574,34621.0,2264000.0,5712800.0,0.604,4581000.0,4996000.0,-2817000.0,0.0,Ready now
CUST100575,11475.0,454000.0,1674400.0,0.729,1447000.0,1585000.0,-960000.0,0.0,Ready now
CUST100576,8121.0,0.0,65600.0,1.0,66000.0,163000.0,702000.0,86.0,Not on track
CUST100577,20728.0,3360000.0,6059500.0,0.445,4380000.0,4629000.0,-3100000.0,0.0,Ready now
CUST100578,15465.0,1649000.0,3199700.0,0.485,2375000.0,2561000.0,-1628000.0,0.0,Ready now
CUST100579,17811.0,385000.0,475100.0,0.19,283000.0,497000.0,571000.0,32.0,Not on track
CUST100580,47077.0,1371000.0,7603800.0,0.82,6918000.0,7483000.0,-5190000.0,0.0,Ready now
CUST100581,5394.0,233000.0,279400.0,0.166,163000.0,228000.0,59000.0,11.0,Ready in 12 months
CUST100582,12382.0,0.0,9200.0,1.0,9000.0,158000.0,565000.0,46.0,Not on track
CUST100583,31518.0,2498000.0,2972900.0,0.16,1724000.0,2102000.0,-343000.0,0.0,Ready now
CUST100584,16475.0,602000.0,1873500.0,0.679,1572000.0,1770000.0,-1073000.0,0.0,Ready now
CUST100585,18680.0,15000.0,1500800.0,0.99,1493000.0,1717000.0,-873000.0,0.0,Ready now
CUST100586,2494.0,42000.0,899600.0,0.953,879000.0,909000.0,-347000.0,0.0,Ready now
CUST100587,5996.0,1045000.0,1802600.0,0.42,1280000.0,1352000.0,-750000.0,0.0,Ready now
CUST100588,26360.0,3301000.0,5055100.0,0.347,3405000.0,3721000.0,-2041000.0,0.0,Ready now
CUST100589,28388.0,0.0,1149600.0,1.0,1150000.0,1491000.0,208000.0,7.0,Ready in 12 months
CUST100590,19208.0,0.0,3545400.0,1.0,3545000.0,3775000.0,-2509000.0,0.0,Ready now
CUST100591,21141.0,4574000.0,4887300.0,0.064,2600000.0,2854000.0,-920000.0,0.0,Ready now
CUST100592,12119.0,1161000.0,1236300.0,0.061,656000.0,801000.0,-160000.0,0.0,Ready now
CUST100593,7239.0,7000.0,136600.0,0.949,133000.0,220000.0,672000.0,93.0,Not on track
CUST100594,4171.0,2615000.0,3479400.0,0.248,2172000.0,2222000.0,-697000.0,0.0,Ready now
CUST100595,20795.0,2000.0,2686000.0,0.999,2685000.0,2935000.0,-1400000.0,0.0,Ready now
CUST100596,24983.0,4237000.0,7128900.0,0.406,5010000.0,5310000.0,-3260000.0,0.0,Ready now
CUST100597,5862.0,14000.0,2424700.0,0.994,2418000.0,2488000.0,-1934000.0,0.0,Ready now
CUST100598,51775.0,4615000.0,6921100.0,0.333,4614000.0,5235000.0,-3046000.0,0.0,Ready now
CUST100599,13287.0,346000.0,2805800.0,0.877,2633000.0,2792000.0,-1969000.0,0.0,Ready now
CUST100600,14791.0,0.0,2249800.0,1.0,2250000.0,2427000.0,-1388000.0,0.0,Ready now
CUST100601,31653.0,5430000.0,10889400.0,0.501,8174000.0,8554000.0,-6264000.0,0.0,Ready now
CUST100602,11995.0,1200000.0,1835800.0,0.346,1236000.0,1380000.0,-734000.0,0.0,Ready now
CUST100603,5153.0,1098000.0,2083100.0,0.473,1534000.0,1596000.0,-1208000.0,0.0,Ready now
CUST100604,12356.0,5000.0,280600.0,0.982,278000.0,426000.0,2218000.0,180.0,Not on track
CUST100605,30023.0,2172000.0,2679400.0,0.189,1593000.0,1953000.0,-327000.0,0.0,Ready now
CUST100606,7481.0,2089000.0,3597600.0,0.419,2553000.0,2643000.0,-1799000.0,0.0,Ready now
CUST100607,3401.0,1848000.0,2740000.0,0.326,1816000.0,1857000.0,-1066000.0,0.0,Ready now
CUST100608,2667.0,460000.0,623100.0,0.262,393000.0,425000.0,-245000.0,0.0,Ready now
CUST100609,23876.0,0.0,307800.0,1.0,308000.0,595000.0,792000.0,33.0,Not on track
CUST100610,1747.0,1706000.0,1964100.0,0.131,1111000.0,1132000.0,-521000.0,0.0,Ready now
CUST100611,32119.0,8000.0,403400.0,0.98,399000.0,784000.0,619000.0,19.0,Ready in 24 months
CUST100612,12218.0,0.0,1191800.0,1.0,1192000.0,1339000.0,-186000.0,0.0,Ready now
CUST100613,4971.0,13000.0,312100.0,0.958,306000.0,366000.0,16000.0,3.0,Ready in 6 months
CUST100614,13137.0,0.0,1909600.0,1.0,1910000.0,2068000.0,-971000.0,0.0,Ready now
CUST100615,13436.0,0.0,1735100.0,1.0,1735000.0,1896000.0,-853000.0,0.0,Ready now
CUST100616,29369.0,3124000.0,5408800.0,0.422,3847000.0,4199000.0,-2681000.0,0.0,Ready now
CUST100617,15791.0,218000.0,297400.0,0.267,188000.0,377000.0,717000.0,45.0,Not on track
CUST100618,25153.0,2540000.0,2783300.0,0.087,1513000.0,1815000.0,-583000.0,0.0,Ready now
CUST100619,29294.0,2349000.0,2371000.0,0.009,1196000.0,1548000.0,-116000.0,0.0,Ready now
CUST100620,24275.0,0.0,45800.0,1.0,46000.0,337000.0,832000.0,34.0,Not on track
CUST100621,5074.0,3403000.0,6558200.0,0.481,4857000.0,4918000.0,-3973000.0,0.0,Ready now
CUST100622,16323.0,2014000.0,3311000.0,0.392,2304000.0,2500000.0,-1162000.0,0.0,Ready now
CUST100623,32971.0,39000.0,5564800.0,0.993,5545000.0,5941000.0,-3045000.0,0.0,Ready now
CUST100624,16824.0,1611000.0,1707700.0,0.057,902000.0,1104000.0,-212000.0,0.0,Ready now
CUST100625,23280.0,599000.0,801200.0,0.252,502000.0,781000.0,249000.0,11.0,Ready in 12 months
CUST100626,30720.0,1928000.0,6330700.0,0.695,5367000.0,5736000.0,-3056000.0,0.0,Ready now
CUST100627,-1639.0,0.0,262800.0,1.0,263000.0,263000.0,299000.0,999.0,Not on track
CUST100628,19180.0,3742000.0,4010300.0,0.067,2139000.0,2369000.0,-745000.0,0.0,Ready now
CUST100629,17621.0,2603000.0,5333500.0,0.512,4032000.0,4243000.0,-2972000.0,0.0,Ready now
CUST100630,22431.0,563000.0,2896300.0,0.806,2615000.0,2884000.0,-1855000.0,0.0,Ready now
CUST100631,39687.0,452000.0,3991900.0,0.887,3766000.0,4242000.0,-2420000.0,0.0,Ready now
CUST100632,-5632.0,1516000.0,4194900.0,0.639,3437000.0,3437000.0,-2603000.0,0.0,Ready now
CUST100633,5182.0,771000.0,952500.0,0.191,567000.0,629000.0,-289000.0,0.0,Ready now
CUST100634,22764.0,2576000.0,2688300.0,0.042,1400000.0,1673000.0,-318000.0,0.0,Ready now
CUST100635,10138.0,498000.0,695500.0,0.284,446000.0,568000.0,34000.0,3.0,Ready in 6 months
CUST100636,53507.0,1643000.0,1927400.0,0.148,1106000.0,1748000.0,765000.0,14.0,Ready in 24 months
CUST100637,22424.0,2588000.0,2763300.0,0.063,1469000.0,1738000.0,532000.0,24.0,Ready in 24 months
CUST100638,89511.0,5868000.0,6729700.0,0.128,3796000.0,4870000.0,-1266000.0,0.0,Ready now
CUST100639,9724.0,2637000.0,3014900.0,0.125,1696000.0,1813000.0,-616000.0,0.0,Ready now
CUST100640,22422.0,1200000.0,1954200.0,0.386,1354000.0,1623000.0,-568000.0,0.0,Ready now
CUST100641,33547.0,2429000.0,3627200.0,0.33,2413000.0,2816000.0,-1249000.0,0.0,Ready now
CUST100642,10015.0,3000.0,1508600.0,0.998,1507000.0,1627000.0,-1024000.0,0.0,Ready now
CUST100643,64213.0,9596000.0,10229400.0,0.062,5431000.0,6202000.0,-2495000.0,0.0,Ready now
CUST100644,38063.0,4841000.0,5018000.0,0.035,2598000.0,3055000.0,-797000.0,0.0,Ready now
CUST100645,27057.0,0.0,193100.0,1.0,193000.0,518000.0,961000.0,36.0,Not on track
CUST100646,11838.0,23000.0,2121500.0,0.989,2110000.0,2252000.0,-681000.0,0.0,Ready now
CUST100647,8953.0,1866000.0,4130200.0,0.548,3197000.0,3304000.0,-2749000.0,0.0,Ready now
CUST100648,14330.0,0.0,83100.0,1.0,83000.0,255000.0,410000.0,29.0,Not on track
CUST100649,3142.0,0.0,40800.0,1.0,41000.0,79000.0,193000.0,61.0,Not on track
CUST100650,24874.0,1159000.0,2044400.0,0.433,1465000.0,1763000.0,-432000.0,0.0,Ready now
CUST100651,20008.0,1770000.0,1824500.0,0.03,940000.0,1180000.0,-46000.0,0.0,Ready now
CUST100652,15972.0,19000.0,389800.0,0.951,380000.0,572000.0,677000.0,42.0,Not on track
CUST100653,6928.0,0.0,1978600.0,1.0,1979000.0,2062000.0,-1169000.0,0.0,Ready now
CUST100654,28299.0,3153000.0,3470900.0,0.092,1894000.0,2234000.0,-825000.0,0.0,Ready now
CUST100655,27424.0,2813000.0,3780500.0,0.256,2374000.0,2703000.0,-1103000.0,0.0,Ready now
CUST100656,9062.0,596000.0,687100.0,0.133,389000.0,498000.0,89000.0,10.0,Ready in 12 months
CUST100657,29438.0,4527000.0,4682400.0,0.033,2419000.0,2772000.0,-1262000.0,0.0,Ready now
CUST100658,21672.0,440000.0,1851700.0,0.762,1632000.0,1892000.0,-908000.0,0.0,Ready now
CUST100659,2417.0,0.0,227000.0,1.0,227000.0,256000.0,817000.0,338.0,Not on track
CUST100660,14515.0,2750000.0,4880700.0,0.437,3506000.0,3680000.0,-2178000.0,0.0,Ready now
CUST100661,11831.0,3779000.0,4258000.0,0.112,2368000.0,2510000.0,-709000.0,0.0,Ready now
CUST100662,5247.0,0.0,221100.0,1.0,221000.0,284000.0,836000.0,159.0,Not on track
CUST100663,34477.0,24000.0,2726900.0,0.991,2715000.0,3129000.0,-1631000.0,0.0,Ready now
CUST100664,22424.0,361000.0,2831600.0,0.873,2651000.0,2920000.0,-1649000.0,0.0,Ready now
CUST100665,7853.0,0.0,352700.0,1.0,353000.0,447000.0,12000.0,2.0,Ready in 6 months
CUST100666,7714.0,332000.0,538800.0,0.384,373000.0,466000.0,-71000.0,0.0,Ready now
CUST100667,10715.0,7000.0,2484900.0,0.997,2481000.0,2610000.0,-1619000.0,0.0,Ready now
CUST100668,5967.0,328000.0,1257200.0,0.739,1093000.0,1165000.0,-775000.0,0.0,Ready now
CUST100669,7183.0,1972000.0,2765900.0,0.287,1780000.0,1866000.0,-915000.0,0.0,Ready now
CUST100670,6251.0,1100000.0,1600700.0,0.313,1051000.0,1126000.0,-209000.0,0.0,Ready now
CUST100671,16755.0,1233000.0,3198000.0,0.614,2582000.0,2783000.0,-1746000.0,0.0,Ready now
CUST100672,15489.0,0.0,285200.0,1.0,285000.0,471000.0,485000.0,31.0,Not on track
CUST100673,35222.0,2841000.0,2930300.0,0.03,1510000.0,1933000.0,-155000.0,0.0,Ready now
CUST100674,10290.0,0.0,460700.0,1.0,461000.0,584000.0,636000.0,62.0,Not on track
CUST100675,9724.0,1101000.0,1199400.0,0.082,649000.0,766000.0,-38000.0,0.0,Ready now
CUST100676,4167.0,1692000.0,2345000.0,0.278,1499000.0,1549000.0,-896000.0,0.0,Ready now
CUST100677,17221.0,0.0,590400.0,1.0,590000.0,797000.0,378000.0,22.0,Ready in 24 months
CUST100678,16446.0,595000.0,1259200.0,0.527,962000.0,1159000.0,-160000.0,0.0,Ready now
CUST100679,34018.0,0.0,2029700.0,1.0,2030000.0,2438000.0,816000.0,24.0,Ready in 24 months
CUST100680,8434.0,0.0,109100.0,1.0,109000.0,210000.0,279000.0,33.0,Not on track
CUST100681,6195.0,0.0,306400.0,1.0,306000.0,380000.0,318000.0,51.0,Not on track
CUST100682,4818.0,972000.0,1356100.0,0.283,870000.0,928000.0,-290000.0,0.0,Ready now
CUST100683,32776.0,1000.0,129200.0,0.992,129000.0,522000.0,789000.0,24.0,Ready in 24 months
CUST100684,24118.0,2769000.0,2939100.0,0.058,1555000.0,1844000.0,-706000.0,0.0,Ready now
CUST100685,7624.0,0.0,1328300.0,1.0,1328000.0,1419000.0,-584000.0,0.0,Ready now
CUST100686,16994.0,3373000.0,6031500.0,0.441,4345000.0,4549000.0,-2975000.0,0.0,Ready now
CUST100687,22510.0,32000.0,108000.0,0.704,92000.0,362000.0,936000.0,42.0,Not on track
CUST100688,19254.0,439000.0,5085500.0,0.914,4866000.0,5097000.0,-3609000.0,0.0,Ready now
CUST100689,43203.0,2785000.0,2947600.0,0.055,1555000.0,2073000.0,255000.0,6.0,Ready in 6 months
CUST100690,6777.0,724000.0,796900.0,0.091,435000.0,516000.0,-170000.0,0.0,Ready now
CUST100691,42124.0,605000.0,1104800.0,0.452,802000.0,1307000.0,236000.0,6.0,Ready in 6 months
CUST100692,6619.0,0.0,19600.0,1.0,20000.0,99000.0,500000.0,76.0,Not on track
CUST100693,9950.0,2432000.0,3468900.0,0.299,2253000.0,2372000.0,-1338000.0,0.0,Ready now
CUST100694,11994.0,18000.0,279500.0,0.936,270000.0,414000.0,686000.0,57.0,Not on track
CUST100695,18908.0,1862000.0,3792700.0,0.509,2862000.0,3089000.0,-2148000.0,0.0,Ready now
CUST100696,15978.0,407000.0,1599200.0,0.745,1396000.0,1588000.0,-930000.0,0.0,Ready now
CUST100697,9125.0,2037000.0,3462500.0,0.412,2444000.0,2554000.0,-1078000.0,0.0,Ready now
CUST100698,8684.0,0.0,2126200.0,1.0,2126000.0,2230000.0,-1720000.0,0.0,Ready now
CUST100699,34051.0,469000.0,759500.0,0.382,525000.0,934000.0,917000.0,27.0,Not on track
CUST100700,8697.0,626000.0,1432700.0,0.563,1120000.0,1224000.0,-636000.0,0.0,Ready now
CUST100701,5217.0,10000.0,46500.0,0.785,42000.0,105000.0,829000.0,159.0,Not on track
CUST100702,-3627.0,0.0,1667700.0,1.0,1668000.0,1668000.0,-506000.0,0.0,Ready now
CUST100703,78731.0,8203000.0,9227100.0,0.111,5126000.0,6071000.0,-1897000.0,0.0,Ready now
CUST100704,5941.0,713000.0,820800.0,0.131,464000.0,535000.0,-182000.0,0.0,Ready now
CUST100705,16320.0,1562000.0,2699000.0,0.421,1918000.0,2114000.0,-1221000.0,0.0,Ready now
CUST100706,21176.0,1799000.0,3295000.0,0.454,2396000.0,2650000.0,-1752000.0,0.0,Ready now
CUST100707,34740.0,8958000.0,15012000.0,0.403,10533000.0,10950000.0,-7769000.0,0.0,Ready now
CUST100708,20992.0,0.0,1087500.0,1.0,1088000.0,1340000.0,-216000.0,0.0,Ready now
CUST100709,33403.0,3570000.0,4129500.0,0.135,2344000.0,2745000.0,-972000.0,0.0,Ready now
CUST100710,9600.0,1868000.0,2147500.0,0.13,1214000.0,1329000.0,-419000.0,0.0,Ready now
CUST100711,11385.0,0.0,67300.0,1.0,67000.0,204000.0,477000.0,42.0,Not on track
CUST100712,5967.0,177000.0,565900.0,0.687,477000.0,549000.0,-87000.0,0.0,Ready now
CUST100713,13765.0,33000.0,118600.0,0.722,102000.0,267000.0,508000.0,37.0,Not on track
CUST100714,79677.0,9536000.0,10588200.0,0.099,5820000.0,6776000.0,-2662000.0,0.0,Ready now
CUST100715,20920.0,812000.0,3226800.0,0.748,2821000.0,3072000.0,-1825000.0,0.0,Ready now
CUST100716,35669.0,3541000.0,8235600.0,0.57,6465000.0,6893000.0,-4956000.0,0.0,Ready now
CUST100717,7967.0,96000.0,1146300.0,0.916,1098000.0,1194000.0,-799000.0,0.0,Ready now
CUST100718,8033.0,1949000.0,3694400.0,0.472,2720000.0,2816000.0,-2174000.0,0.0,Ready now
CUST100719,22850.0,1312000.0,3027200.0,0.567,2371000.0,2645000.0,-1087000.0,0.0,Ready now
CUST100720,8655.0,0.0,1178300.0,1.0,1178000.0,1282000.0,-795000.0,0.0,Ready now
CUST100721,10669.0,2000.0,1343500.0,0.999,1342000.0,1470000.0,-382000.0,0.0,Ready now
CUST100722,16889.0,1484000.0,3246200.0,0.543,2504000.0,2707000.0,-1866000.0,0.0,Ready now
CUST100723,43214.0,0.0,417400.0,1.0,417000.0,936000.0,754000.0,17.0,Ready in 24 months
CUST100724,25867.0,2646000.0,8128900.0,0.674,6806000.0,7116000.0,-5596000.0,0.0,Ready now
CUST100725,458.0,1659000.0,3629400.0,0.543,2800000.0,2805000.0,-2015000.0,0.0,Ready now
CUST100726,25493.0,1113000.0,1207200.0,0.078,651000.0,957000.0,881000.0,35.0,Not on track
CUST100727,12717.0,2291000.0,2405100.0,0.047,1260000.0,1413000.0,-375000.0,0.0,Ready now
CUST100728,24953.0,4601000.0,6883200.0,0.332,4583000.0,4882000.0,-2946000.0,0.0,Ready now
CUST100729,9135.0,1875000.0,2129400.0,0.119,1192000.0,1302000.0,-454000.0,0.0,Ready now
CUST100730,20511.0,140000.0,1817500.0,0.923,1748000.0,1994000.0,-994000.0,0.0,Ready now
CUST100731,819.0,1000.0,319100.0,0.997,319000.0,329000.0,-108000.0,0.0,Ready now
CUST100732,1656.0,0.0,143100.0,1.0,143000.0,163000.0,283000.0,171.0,Not on track
CUST100733,38493.0,2946000.0,12493200.0,0.764,11020000.0,11482000.0,-7865000.0,0.0,Ready now
CUST100734,27087.0,1085000.0,3258600.0,0.667,2716000.0,3041000.0,-1371000.0,0.0,Ready now
CUST100735,24239.0,8000.0,201600.0,0.96,198000.0,489000.0,1147000.0,47.0,Not on track
CUST100736,12762.0,14000.0,240400.0,0.942,233000.0,386000.0,330000.0,26.0,Not on track
CUST100737,7757.0,453000.0,1364800.0,0.668,1138000.0,1231000.0,-564000.0,0.0,Ready now
CUST100738,10691.0,20000.0,243700.0,0.918,234000.0,362000.0,456000.0,43.0,Not on track
CUST100739,2341.0,2108000.0,5080900.0,0.585,4027000.0,4055000.0,-3068000.0,0.0,Ready now
CUST100740,60000.0,0.0,740700.0,1.0,741000.0,1461000.0,1841000.0,31.0,Not on track
CUST100741,43039.0,3494000.0,3898600.0,0.104,2152000.0,2668000.0,-684000.0,0.0,Ready now
CUST100742,22200.0,0.0,564700.0,1.0,565000.0,831000.0,483000.0,22.0,Ready in 24 months
CUST100743,18623.0,2257000.0,2339100.0,0.035,1211000.0,1434000.0,-187000.0,0.0,Ready now
CUST100744,31799.0,3604000.0,6551100.0,0.45,4749000.0,5131000.0,-3715000.0,0.0,Ready now
CUST100745,14133.0,755000.0,1168900.0,0.354,791000.0,961000.0,-278000.0,0.0,Ready now
CUST100746,5124.0,0.0,83800.0,1.0,84000.0,145000.0,295000.0,58.0,Not on track
CUST100747,17464.0,6000.0,446500.0,0.987,444000.0,654000.0,803000.0,46.0,Not on track
CUST100748,14677.0,1869000.0,5075200.0,0.632,4141000.0,4317000.0,-3113000.0,0.0,Ready now
CUST100749,2770.0,1037000.0,2316500.0,0.552,1798000.0,1831000.0,-1369000.0,0.0,Ready now
CUST100750,3074.0,0.0,109000.0,1.0,109000.0,146000.0,210000.0,68.0,Not on track
CUST100751,30267.0,0.0,2202000.0,1.0,2202000.0,2565000.0,-652000.0,0.0,Ready now
CUST100752,12638.0,1376000.0,1499100.0,0.082,811000.0,963000.0,-204000.0,0.0,Ready now
CUST100753,13312.0,449000.0,1936900.0,0.768,1712000.0,1872000.0,-817000.0,0.0,Ready now
CUST100754,7711.0,0.0,291600.0,1.0,292000.0,385000.0,577000.0,75.0,Not on track
CUST100755,20303.0,2157000.0,4335500.0,0.502,3257000.0,3501000.0,-2282000.0,0.0,Ready now
CUST100756,8580.0,1676000.0,1688700.0,0.008,851000.0,954000.0,-225000.0,0.0,Ready now
CUST100757,21933.0,22000.0,119400.0,0.816,108000.0,371000.0,733000.0,33.0,Not on track
CUST100758,44011.0,2743000.0,3901800.0,0.297,2530000.0,3058000.0,-1208000.0,0.0,Ready now
CUST100759,9071.0,8000.0,254100.0,0.969,250000.0,359000.0,388000.0,43.0,Not on track
CUST100760,18738.0,1986000.0,2034700.0,0.024,1042000.0,1267000.0,-203000.0,0.0,Ready now
CUST100761,27345.0,2084000.0,2492800.0,0.164,1451000.0,1779000.0,-278000.0,0.0,Ready now
CUST100762,3404.0,2760000.0,4933800.0,0.441,3554000.0,3595000.0,-2454000.0,0.0,Ready now
CUST100763,11649.0,1824000.0,3147700.0,0.421,2236000.0,2376000.0,-1780000.0,0.0,Ready now
CUST100764,19796.0,1118000.0,1387900.0,0.194,829000.0,1067000.0,-45000.0,0.0,Ready now
CUST100765,17596.0,78000.0,804100.0,0.903,765000.0,976000.0,-85000.0,0.0,Ready now
CUST100766,16425.0,2081000.0,3382600.0,0.385,2342000.0,2539000.0,-1738000.0,0.0,Ready now
CUST100767,52035.0,0.0,403400.0,1.0,403000.0,1027000.0,1314000.0,25.0,Not on track
CUST100768,32150.0,984000.0,1130100.0,0.129,638000.0,1024000.0,291000.0,9.0,Ready in 12 months
CUST100769,51597.0,42000.0,234500.0,0.821,214000.0,833000.0,2036000.0,39.0,Not on track
CUST100770,21308.0,16000.0,3298700.0,0.995,3291000.0,3547000.0,-2387000.0,0.0,Ready now
CUST100771,10198.0,1978000.0,5398300.0,0.634,4409000.0,4531000.0,-3577000.0,0.0,Ready now
CUST100772,8623.0,0.0,82200.0,1.0,82000.0,185000.0,276000.0,32.0,Not on track
CUST100773,19949.0,2620000.0,4973500.0,0.473,3664000.0,3903000.0,-2600000.0,0.0,Ready now
CUST100774,29349.0,1180000.0,2320300.0,0.491,1730000.0,2082000.0,-806000.0,0.0,Ready now
CUST100775,17791.0,23000.0,869100.0,0.974,858000.0,1071000.0,-254000.0,0.0,Ready now
CUST100776,11380.0,0.0,301700.0,1.0,302000.0,439000.0,215000.0,19.0,Ready in 24 months
CUST100777,5866.0,124000.0,182700.0,0.321,121000.0,191000.0,329000.0,56.0,Not on track
CUST100778,1124.0,0.0,230300.0,1.0,230000.0,243000.0,836000.0,744.0,Not on track
CUST100779,3782.0,923000.0,1052200.0,0.123,591000.0,636000.0,-275000.0,0.0,Ready now
CUST100780,13884.0,3004000.0,3310300.0,0.093,1808000.0,1975000.0,-1010000.0,0.0,Ready now
CUST100781,9686.0,155000.0,532100.0,0.709,455000.0,571000.0,-59000.0,0.0,Ready now
CUST100782,-2701.0,2362000.0,2385600.0,0.01,1205000.0,1205000.0,-235000.0,0.0,Ready now
CUST100783,17804.0,801000.0,2535700.0,0.684,2135000.0,2349000.0,-1391000.0,0.0,Ready now
CUST100784,8491.0,0.0,13900.0,1.0,14000.0,116000.0,351000.0,41.0,Not on track
CUST100785,42719.0,9000.0,4663800.0,0.998,4659000.0,5172000.0,-3071000.0,0.0,Ready now
CUST100786,7087.0,985000.0,1089200.0,0.096,597000.0,682000.0,-301000.0,0.0,Ready now
CUST100787,6462.0,1555000.0,1817600.0,0.144,1040000.0,1118000.0,-64000.0,0.0,Ready now
CUST100788,38360.0,2510000.0,2954400.0,0.15,1699000.0,2159000.0,-298000.0,0.0,Ready now
CUST100789,44164.0,2828000.0,5487900.0,0.485,4074000.0,4604000.0,-2100000.0,0.0,Ready now
CUST100790,9353.0,344000.0,425600.0,0.192,254000.0,366000.0,132000.0,14.0,Ready in 24 months
CUST100791,7928.0,1467000.0,1537800.0,0.046,804000.0,899000.0,-118000.0,0.0,Ready now
CUST100792,20011.0,0.0,581200.0,1.0,581000.0,821000.0,724000.0,36.0,Not on track
CUST100793,22535.0,0.0,381100.0,1.0,381000.0,651000.0,857000.0,38.0,Not on track
CUST100794,59044.0,2984000.0,3349400.0,0.109,1857000.0,2566000.0,-144000.0,0.0,Ready now
CUST100795,14273.0,86000.0,2806300.0,0.969,2763000.0,2934000.0,332000.0,23.0,Ready in 24 months
CUST100796,6812.0,358000.0,930100.0,0.615,751000.0,833000.0,-111000.0,0.0,Ready now
CUST100797,8124.0,1906000.0,2085700.0,0.086,1133000.0,1230000.0,-76000.0,0.0,Ready now
CUST100798,18711.0,1708000.0,3033300.0,0.437,2179000.0,2404000.0,-1428000.0,0.0,Ready now
CUST100799,10639.0,2000.0,85400.0,0.977,84000.0,212000.0,285000.0,27.0,Not on track
CUST100800,24313.0,9000.0,298400.0,0.97,294000.0,586000.0,654000.0,27.0,Not on track
CUST100801,8807.0,1066000.0,1188900.0,0.103,656000.0,762000.0,-290000.0,0.0,Ready now
CUST100802,13161.0,20000.0,2498900.0,0.992,2489000.0,2647000.0,-1725000.0,0.0,Ready now
CUST100803,9104.0,785000.0,894900.0,0.123,502000.0,611000.0,-69000.0,0.0,Ready now
CUST100804,35435.0,1610000.0,2606500.0,0.382,1802000.0,2227000.0,-568000.0,0.0,Ready now
CUST100805,3559.0,3000.0,25900.0,0.884,24000.0,67000.0,505000.0,142.0,Not on track
CUST100806,9178.0,944000.0,1385700.0,0.319,914000.0,1024000.0,-559000.0,0.0,Ready now
CUST100807,21819.0,13000.0,118100.0,0.89,112000.0,374000.0,1119000.0,51.0,Not on track
CUST100808,9242.0,620000.0,691100.0,0.103,381000.0,492000.0,195000.0,21.0,Ready in 24 months
CUST100809,6646.0,0.0,592200.0,1.0,592000.0,672000.0,-281000.0,0.0,Ready now
CUST100810,7850.0,4000.0,136800.0,0.971,135000.0,229000.0,473000.0,60.0,Not on track
CUST100811,19095.0,0.0,469300.0,1.0,469000.0,698000.0,1044000.0,55.0,Not on track
CUST100812,3010.0,24000.0,4038500.0,0.994,4026000.0,4062000.0,-3542000.0,0.0,Ready now
CUST100813,12750.0,0.0,1769400.0,1.0,1769000.0,1922000.0,-1131000.0,0.0,Ready now
CUST100814,1197.0,823000.0,1214200.0,0.322,803000.0,817000.0,-662000.0,0.0,Ready now
CUST100815,94028.0,10723000.0,11479200.0,0.066,6118000.0,7246000.0,-2640000.0,0.0,Ready now
CUST100816,46663.0,699000.0,995400.0,0.298,646000.0,1206000.0,2022000.0,43.0,Not on track
CUST100817,40257.0,0.0,1163300.0,1.0,1163000.0,1646000.0,-45000.0,0.0,Ready now
CUST100818,15562.0,13000.0,82800.0,0.843,76000.0,263000.0,621000.0,40.0,Not on track
CUST100819,13775.0,333000.0,1546800.0,0.785,1380000.0,1545000.0,-608000.0,0.0,Ready now
CUST100820,28979.0,2688000.0,6132800.0,0.562,4789000.0,5137000.0,-3578000.0,0.0,Ready now
CUST100821,7752.0,12000.0,126700.0,0.905,121000.0,214000.0,513000.0,66.0,Not on track
CUST100822,4790.0,0.0,125200.0,1.0,125000.0,182000.0,354000.0,74.0,Not on track
CUST100823,25482.0,5449000.0,5702700.0,0.044,2978000.0,3284000.0,-1374000.0,0.0,Ready now
CUST100824,10417.0,2373000.0,3273500.0,0.275,2087000.0,2212000.0,-1122000.0,0.0,Ready now
CUST100825,12622.0,40000.0,880200.0,0.955,860000.0,1011000.0,-360000.0,0.0,Ready now
CUST100826,36237.0,1200000.0,5520500.0,0.783,4920000.0,5355000.0,-3481000.0,0.0,Ready now
CUST100827,16482.0,2191000.0,2409800.0,0.091,1314000.0,1512000.0,-778000.0,0.0,Ready now
CUST100828,2996.0,281000.0,704800.0,0.601,564000.0,600000.0,-232000.0,0.0,Ready now
CUST100829,11783.0,1418000.0,1457800.0,0.027,749000.0,890000.0,-287000.0,0.0,Ready now
CUST100830,2164.0,1000.0,204400.0,0.995,204000.0,230000.0,427000.0,197.0,Not on track
CUST100831,8395.0,1000.0,95700.0,0.99,95000.0,196000.0,653000.0,78.0,Not on track
CUST100832,18261.0,0.0,19700.0,1.0,20000.0,239000.0,960000.0,53.0,Not on track
CUST100833,38834.0,4556000.0,8777400.0,0.481,6499000.0,6965000.0,-4827000.0,0.0,Ready now
CUST100834,18207.0,12000.0,1543700.0,0.992,1538000.0,1756000.0,-874000.0,0.0,Ready now
CUST100835,12487.0,8000.0,263600.0,0.97,260000.0,410000.0,525000.0,42.0,Not on track
CUST100836,47462.0,6000.0,2590900.0,0.998,2588000.0,3158000.0,-1140000.0,0.0,Ready now
CUST100837,19710.0,4145000.0,4286900.0,0.033,2214000.0,2451000.0,-1027000.0,0.0,Ready now
CUST100838,-749.0,1334000.0,2436000.0,0.452,1769000.0,1769000.0,-1197000.0,0.0,Ready now
CUST100839,6251.0,0.0,1215300.0,1.0,1215000.0,1290000.0,-344000.0,0.0,Ready now
CUST100840,14868.0,1125000.0,1241700.0,0.094,679000.0,857000.0,102000.0,7.0,Ready in 12 months
CUST100841,15995.0,744000.0,1754600.0,0.576,1383000.0,1575000.0,-829000.0,0.0,Ready now
CUST100842,63423.0,10000.0,4671200.0,0.998,4666000.0,5427000.0,-1946000.0,0.0,Ready now
CUST100843,10574.0,0.0,1480900.0,1.0,1481000.0,1608000.0,-724000.0,0.0,Ready now
CUST100844,16435.0,2970000.0,4931100.0,0.398,3446000.0,3643000.0,-2460000.0,0.0,Ready now
CUST100845,3774.0,1489000.0,1550200.0,0.039,806000.0,851000.0,-458000.0,0.0,Ready now
CUST100846,37761.0,2968000.0,4857700.0,0.389,3374000.0,3827000.0,-1942000.0,0.0,Ready now
CUST100847,12342.0,0.0,772400.0,1.0,772000.0,920000.0,-349000.0,0.0,Ready now
CUST100848,35820.0,0.0,789100.0,1.0,789000.0,1219000.0,1505000.0,42.0,Not on track
CUST100849,53546.0,5812000.0,6206100.0,0.064,3300000.0,3943000.0,-1076000.0,0.0,Ready now
CUST100850,17623.0,1995000.0,2169000.0,0.08,1172000.0,1383000.0,-116000.0,0.0,Ready now
CUST100851,22293.0,1207000.0,2858100.0,0.578,2255000.0,2523000.0,-1205000.0,0.0,Ready now
CUST100852,11490.0,31000.0,175700.0,0.824,160000.0,298000.0,616000.0,54.0,Not on track
CUST100853,7052.0,1145000.0,1912300.0,0.401,1340000.0,1425000.0,-478000.0,0.0,Ready now
CUST100854,14252.0,0.0,24000.0,1.0,24000.0,195000.0,500000.0,35.0,Not on track
CUST100855,14588.0,2935000.0,4513400.0,0.35,3046000.0,3221000.0,-2008000.0,0.0,Ready now
CUST100856,24633.0,0.0,385700.0,1.0,386000.0,682000.0,931000.0,38.0,Not on track
CUST100857,7168.0,1589000.0,3295200.0,0.518,2501000.0,2587000.0,-2093000.0,0.0,Ready now
CUST100858,62552.0,1953000.0,4480500.0,0.564,3504000.0,4255000.0,-1616000.0,0.0,Ready now
CUST100859,19534.0,7000.0,231300.0,0.97,228000.0,462000.0,503000.0,26.0,Not on track
CUST100860,4184.0,5000.0,14900.0,0.664,12000.0,62000.0,605000.0,145.0,Not on track
CUST100861,18428.0,0.0,33000.0,1.0,33000.0,254000.0,1155000.0,63.0,Not on track
CUST100862,23254.0,639000.0,982200.0,0.349,663000.0,942000.0,419000.0,18.0,Ready in 24 months
CUST100863,11800.0,0.0,68800.0,1.0,69000.0,211000.0,347000.0,29.0,Not on track
CUST100864,10300.0,116000.0,1912700.0,0.939,1855000.0,1979000.0,-1075000.0,0.0,Ready now
CUST100865,4749.0,19000.0,386800.0,0.951,377000.0,434000.0,-89000.0,0.0,Ready now
CUST100866,13486.0,36000.0,1565900.0,0.977,1548000.0,1710000.0,-841000.0,0.0,Ready now
CUST100867,10007.0,13000.0,168100.0,0.923,162000.0,282000.0,424000.0,42.0,Not on track
CUST100868,4408.0,3123000.0,3890200.0,0.197,2329000.0,2382000.0,-1584000.0,0.0,Ready now
CUST100869,15191.0,153000.0,1907700.0,0.92,1831000.0,2013000.0,-1163000.0,0.0,Ready now
CUST100870,21391.0,194000.0,725200.0,0.732,628000.0,885000.0,124000.0,6.0,Ready in 6 months
CUST100871,20746.0,1180000.0,8902000.0,0.867,8312000.0,8561000.0,-6817000.0,0.0,Ready now
CUST100872,43222.0,0.0,73100.0,1.0,73000.0,592000.0,2183000.0,51.0,Not on track
CUST100873,17074.0,0.0,113700.0,1.0,114000.0,319000.0,440000.0,26.0,Not on track
CUST100874,23784.0,0.0,1450900.0,1.0,1451000.0,1736000.0,-531000.0,0.0,Ready now
CUST100875,12556.0,3156000.0,3565900.0,0.115,1988000.0,2139000.0,-982000.0,0.0,Ready now
CUST100876,10623.0,1185000.0,3164700.0,0.626,2572000.0,2699000.0,-2156000.0,0.0,Ready now
CUST100877,7933.0,1313000.0,2886900.0,0.545,2230000.0,2325000.0,-1680000.0,0.0,Ready now
CUST100878,1239.0,734000.0,820900.0,0.106,454000.0,469000.0,-129000.0,0.0,Ready now
CUST100879,20634.0,1118000.0,2560100.0,0.563,2001000.0,2249000.0,-1072000.0,0.0,Ready now
CUST100880,4565.0,9000.0,429100.0,0.979,425000.0,480000.0,77000.0,17.0,Ready in 24 months
CUST100881,16476.0,0.0,2215300.0,1.0,2215000.0,2413000.0,-1605000.0,0.0,Ready now
CUST100882,94461.0,6281000.0,13090700.0,0.52,9950000.0,11084000.0,-6365000.0,0.0,Ready now
CUST100883,68998.0,18000.0,3005800.0,0.994,2997000.0,3825000.0,-798000.0,0.0,Ready now
CUST100884,-2972.0,2005000.0,2060600.0,0.027,1058000.0,1058000.0,-582000.0,0.0,Ready now
CUST100885,11038.0,1263000.0,2575300.0,0.51,1944000.0,2076000.0,-1346000.0,0.0,Ready now
CUST100886,8038.0,4016000.0,7392400.0,0.457,5384000.0,5480000.0,-3888000.0,0.0,Ready now
CUST100887,12685.0,85000.0,280800.0,0.697,238000.0,390000.0,362000.0,29.0,Not on track
CUST100888,20136.0,8000.0,427500.0,0.981,424000.0,666000.0,864000.0,43.0,Not on track
CUST100889,27447.0,7143000.0,7635300.0,0.064,4064000.0,4393000.0,-171000.0,0.0,Ready now
CUST100890,-3255.0,1489000.0,6211100.0,0.76,5467000.0,5467000.0,-4340000.0,0.0,Ready now
CUST100891,34553.0,0.0,4326800.0,1.0,4327000.0,4742000.0,-2536000.0,0.0,Ready now
CUST100892,29293.0,14000.0,2466200.0,0.994,2459000.0,2811000.0,-767000.0,0.0,Ready now
CUST100893,8409.0,2000.0,1838900.0,0.999,1838000.0,1939000.0,-1172000.0,0.0,Ready now
CUST100894,12210.0,0.0,2385500.0,1.0,2386000.0,2533000.0,-1502000.0,0.0,Ready now
CUST100895,6242.0,8000.0,377100.0,0.979,373000.0,448000.0,124000.0,20.0,Ready in 24 months
CUST100896,47131.0,4732000.0,5204500.0,0.091,2838000.0,3404000.0,-1148000.0,0.0,Ready now
CUST100897,6126.0,1312000.0,1366500.0,0.04,710000.0,784000.0,-134000.0,0.0,Ready now
CUST100898,4778.0,4000.0,3145500.0,0.999,3144000.0,3201000.0,-1736000.0,0.0,Ready now
CUST100899,21082.0,2000.0,3854000.0,0.999,3853000.0,4106000.0,-2107000.0,0.0,Ready now
CUST100900,17074.0,1327000.0,1450800.0,0.085,787000.0,992000.0,-12000.0,0.0,Ready now
CUST100901,20092.0,800000.0,812900.0,0.016,413000.0,654000.0,278000.0,14.0,Ready in 24 months
CUST100902,25887.0,0.0,126500.0,1.0,126000.0,437000.0,670000.0,26.0,Not on track
CUST100903,7010.0,783000.0,2854000.0,0.726,2462000.0,2546000.0,-1936000.0,0.0,Ready now
CUST100904,28736.0,3092000.0,3236100.0,0.045,1690000.0,2035000.0,-852000.0,0.0,Ready now
CUST100905,6075.0,902000.0,1781300.0,0.494,1330000.0,1403000.0,-803000.0,0.0,Ready now
CUST100906,9282.0,1543000.0,3787600.0,0.593,3016000.0,3127000.0,-2366000.0,0.0,Ready now
CUST100907,27134.0,25000.0,138700.0,0.82,126000.0,452000.0,951000.0,35.0,Not on track
CUST100908,23940.0,2525000.0,7116500.0,0.645,5854000.0,6141000.0,-4732000.0,0.0,Ready now
CUST100909,13758.0,1756000.0,1803400.0,0.026,925000.0,1090000.0,-373000.0,0.0,Ready now
CUST100910,14122.0,1137000.0,1184100.0,0.04,616000.0,785000.0,-182000.0,0.0,Ready now
CUST100911,19639.0,4113000.0,4544900.0,0.095,2488000.0,2724000.0,-1480000.0,0.0,Ready now
CUST100912,7413.0,1717000.0,3265000.0,0.474,2406000.0,2495000.0,-1614000.0,0.0,Ready now
CUST100913,59246.0,0.0,12962000.0,1.0,12962000.0,13673000.0,-10832000.0,0.0,Ready now
CUST100914,10559.0,0.0,233400.0,1.0,233000.0,360000.0,695000.0,66.0,Not on track
CUST100915,25004.0,3049000.0,3115400.0,0.021,1591000.0,1891000.0,-529000.0,0.0,Ready now
CUST100916,8201.0,1953000.0,4071100.0,0.52,3095000.0,3193000.0,-2387000.0,0.0,Ready now
CUST100917,9270.0,12000.0,1247400.0,0.99,1241000.0,1352000.0,-608000.0,0.0,Ready now
CUST100918,124034.0,0.0,12972000.0,1.0,12972000.0,14460000.0,-7335000.0,0.0,Ready now
CUST100919,19935.0,1393000.0,2235700.0,0.377,1539000.0,1778000.0,-707000.0,0.0,Ready now
CUST100920,57350.0,4275000.0,4318700.0,0.01,2181000.0,2869000.0,-304000.0,0.0,Ready now
CUST100921,22816.0,14000.0,2665500.0,0.995,2658000.0,2932000.0,-1620000.0,0.0,Ready now
CUST100922,44160.0,1452000.0,6952600.0,0.791,6227000.0,6757000.0,-4712000.0,0.0,Ready now
CUST100923,9030.0,0.0,23700.0,1.0,24000.0,132000.0,274000.0,30.0,Not on track
CUST100924,67570.0,21000.0,351700.0,0.94,341000.0,1152000.0,2281000.0,34.0,Not on track
CUST100925,30715.0,3000.0,1333800.0,0.998,1332000.0,1701000.0,-276000.0,0.0,Ready now
CUST100926,20722.0,992000.0,1011500.0,0.019,516000.0,765000.0,350000.0,17.0,Ready in 24 months
CUST100927,11925.0,3175000.0,6226000.0,0.49,4638000.0,4781000.0,-3080000.0,0.0,Ready now
CUST100928,23455.0,2566000.0,2909000.0,0.118,1626000.0,1907000.0,-765000.0,0.0,Ready now
CUST100929,255.0,804000.0,861900.0,0.067,460000.0,463000.0,-212000.0,0.0,Ready now
CUST100930,3039.0,1135000.0,2517200.0,0.549,1950000.0,1986000.0,-1705000.0,0.0,Ready now
CUST100931,37670.0,1906000.0,2069400.0,0.079,1116000.0,1568000.0,1354000.0,36.0,Not on track
CUST100932,20200.0,0.0,445200.0,1.0,445000.0,687000.0,441000.0,22.0,Ready in 24 months
CUST100933,12395.0,7000.0,167900.0,0.958,164000.0,313000.0,443000.0,36.0,Not on track
CUST100934,11706.0,4000.0,2406700.0,0.998,2405000.0,2545000.0,-1647000.0,0.0,Ready now
CUST100935,37842.0,3348000.0,3894500.0,0.14,2220000.0,2674000.0,-403000.0,0.0,Ready now
CUST100936,22377.0,0.0,213500.0,1.0,214000.0,483000.0,362000.0,16.0,Ready in 24 months
CUST100937,7377.0,0.0,105800.0,1.0,106000.0,195000.0,1145000.0,155.0,Not on track
CUST100938,19402.0,442000.0,1399600.0,0.684,1179000.0,1412000.0,-341000.0,0.0,Ready now
CUST100939,14891.0,16000.0,188800.0,0.915,181000.0,360000.0,297000.0,20.0,Ready in 24 months
CUST100940,36971.0,1000.0,476500.0,0.998,476000.0,920000.0,1080000.0,29.0,Not on track
CUST100941,21641.0,4259000.0,4492000.0,0.052,2362000.0,2622000.0,-640000.0,0.0,Ready now
CUST100942,11382.0,358000.0,488800.0,0.268,310000.0,447000.0,396000.0,35.0,Not on track
CUST100943,9197.0,0.0,2129700.0,1.0,2130000.0,2240000.0,-1305000.0,0.0,Ready now
CUST100944,17272.0,0.0,199700.0,1.0,200000.0,407000.0,518000.0,30.0,Not on track
CUST100945,8312.0,57000.0,485000.0,0.882,456000.0,556000.0,782000.0,94.0,Not on track
CUST100946,41785.0,0.0,537500.0,1.0,538000.0,1039000.0,1095000.0,26.0,Not on track
CUST100947,17515.0,455000.0,1178700.0,0.614,951000.0,1161000.0,-107000.0,0.0,Ready now
CUST100948,16427.0,1313000.0,1583400.0,0.171,927000.0,1124000.0,-197000.0,0.0,Ready now
CUST100949,20273.0,2026000.0,2177000.0,0.069,1164000.0,1407000.0,-504000.0,0.0,Ready now
CUST100950,5458.0,1602000.0,2631900.0,0.391,1831000.0,1896000.0,-1295000.0,0.0,Ready now
CUST100951,8233.0,86000.0,131000.0,0.344,88000.0,187000.0,274000.0,33.0,Not on track
CUST100952,15398.0,5000.0,244000.0,0.98,242000.0,427000.0,630000.0,41.0,Not on track
CUST100953,16209.0,6000.0,732300.0,0.992,729000.0,924000.0,201000.0,12.0,Ready in 12 months
CUST100954,9209.0,8000.0,164400.0,0.951,160000.0,271000.0,544000.0,59.0,Not on track
CUST100955,21936.0,698000.0,759800.0,0.081,411000.0,674000.0,549000.0,25.0,Not on track
CUST100956,9931.0,7000.0,575900.0,0.988,572000.0,691000.0,-76000.0,0.0,Ready now
CUST100957,16973.0,7000.0,171800.0,0.959,168000.0,372000.0,956000.0,56.0,Not on track
CUST100958,13173.0,2882000.0,5061800.0,0.431,3621000.0,3779000.0,-2542000.0,0.0,Ready now
CUST100959,1063.0,5000.0,215000.0,0.977,212000.0,225000.0,614000.0,578.0,Not on track
CUST100960,29953.0,0.0,1608200.0,1.0,1608000.0,1967000.0,-702000.0,0.0,Ready now
CUST100961,6421.0,1624000.0,1810400.0,0.103,998000.0,1075000.0,209000.0,33.0,Not on track
CUST100962,24049.0,75000.0,1213000.0,0.938,1176000.0,1465000.0,740000.0,31.0,Not on track
CUST100963,38094.0,0.0,3390800.0,1.0,3391000.0,3848000.0,-2071000.0,0.0,Ready now
CUST100964,17951.0,2455000.0,2569300.0,0.044,1342000.0,1557000.0,-349000.0,0.0,Ready now
CUST100965,3349.0,16000.0,1602700.0,0.99,1595000.0,1635000.0,-1323000.0,0.0,Ready now
CUST100966,15095.0,4361000.0,4471900.0,0.025,2291000.0,2472000.0,-1322000.0,0.0,Ready now
CUST100967,2603.0,0.0,2057100.0,1.0,2057000.0,2088000.0,-1312000.0,0.0,Ready now
CUST100968,26863.0,0.0,2128300.0,1.0,2128000.0,2450000.0,-1096000.0,0.0,Ready now
CUST100969,4937.0,0.0,142300.0,1.0,142000.0,201000.0,98000.0,20.0,Ready in 24 months
CUST100970,21996.0,2661000.0,6362100.0,0.582,5032000.0,5296000.0,-2213000.0,0.0,Ready now
CUST100971,4708.0,226000.0,894100.0,0.747,781000.0,837000.0,-459000.0,0.0,Ready now
CUST100972,21766.0,24000.0,4916900.0,0.995,4905000.0,5166000.0,-3719000.0,0.0,Ready now
CUST100973,4331.0,0.0,2601700.0,1.0,2602000.0,2654000.0,-1764000.0,0.0,Ready now
CUST100974,5068.0,319000.0,418200.0,0.237,259000.0,320000.0,123000.0,24.0,Ready in 24 months
CUST100975,71160.0,2673000.0,5332900.0,0.499,3996000.0,4850000.0,-1252000.0,0.0,Ready now
CUST100976,15954.0,2827000.0,3059400.0,0.076,1646000.0,1837000.0,-365000.0,0.0,Ready now
CUST100977,1435.0,1064000.0,1155400.0,0.079,623000.0,640000.0,-298000.0,0.0,Ready now
CUST100978,17478.0,0.0,428400.0,1.0,428000.0,638000.0,243000.0,14.0,Ready in 24 months
CUST100979,32413.0,3694000.0,6822500.0,0.459,4976000.0,5365000.0,-3681000.0,0.0,Ready now
CUST100980,57156.0,58000.0,329000.0,0.824,300000.0,986000.0,2034000.0,36.0,Not on track
CUST100981,3623.0,1434000.0,1625500.0,0.118,908000.0,951000.0,-100000.0,0.0,Ready now
CUST100982,4799.0,0.0,1007000.0,1.0,1007000.0,1065000.0,-771000.0,0.0,Ready now
CUST100983,535.0,2000.0,2741100.0,0.999,2740000.0,2746000.0,-1345000.0,0.0,Ready now
CUST100984,14377.0,1219000.0,1256400.0,0.03,647000.0,820000.0,624000.0,43.0,Not on track
CUST100985,7462.0,63000.0,668700.0,0.906,637000.0,727000.0,-281000.0,0.0,Ready now
CUST100986,20462.0,1510000.0,4205700.0,0.641,3451000.0,3697000.0,-2511000.0,0.0,Ready now
CUST100987,15983.0,2443000.0,4984600.0,0.51,3763000.0,3955000.0,-2741000.0,0.0,Ready now
CUST100988,13107.0,1331000.0,1410900.0,0.057,745000.0,902000.0,97000.0,7.0,Ready in 12 months
CUST100989,5923.0,7000.0,1053900.0,0.993,1050000.0,1121000.0,-472000.0,0.0,Ready now
CUST100990,20367.0,361000.0,539000.0,0.33,358000.0,602000.0,373000.0,18.0,Ready in 24 months
CUST100991,24319.0,819000.0,1816500.0,0.549,1407000.0,1699000.0,-565000.0,0.0,Ready now
CUST100992,34456.0,2988000.0,3142100.0,0.049,1648000.0,2061000.0,-695000.0,0.0,Ready now
CUST100993,28227.0,1952000.0,2172500.0,0.101,1196000.0,1535000.0,58000.0,2.0,Ready in 6 months
CUST100994,5350.0,937000.0,1545600.0,0.394,1077000.0,1141000.0,-758000.0,0.0,Ready now
CUST100995,20265.0,1104000.0,2479700.0,0.555,1928000.0,2171000.0,-940000.0,0.0,Ready now
CUST100996,9884.0,6000.0,344600.0,0.983,342000.0,461000.0,924000.0,93.0,Not on track
CUST100997,14956.0,2435000.0,3089100.0,0.212,1872000.0,2051000.0,-984000.0,0.0,Ready now
CUST100998,7548.0,600000.0,2537900.0,0.764,2238000.0,2329000.0,-1428000.0,0.0,Ready now
CUST100999,15867.0,0.0,2172600.0,1.0,2173000.0,2363000.0,-485000.0,0.0,Ready now
CUST101000,41044.0,793000.0,1107900.0,0.284,711000.0,1204000.0,1230000.0,30.0,Not on track
CUST101001,10733.0,0.0,1938200.0,1.0,1938000.0,2067000.0,-1113000.0,0.0,Ready now
CUST101002,13311.0,10000.0,234800.0,0.957,230000.0,390000.0,720000.0,54.0,Not on track
CUST101003,21077.0,6000.0,3818400.0,0.998,3815000.0,4068000.0,-2357000.0,0.0,Ready now
CUST101004,35827.0,1000.0,573600.0,0.998,573000.0,1003000.0,1309000.0,37.0,Not on track
CUST101005,21235.0,780000.0,1877000.0,0.584,1487000.0,1742000.0,-827000.0,0.0,Ready now
CUST101006,11682.0,359000.0,389600.0,0.079,210000.0,350000.0,249000.0,21.0,Ready in 24 months
CUST101007,7423.0,2041000.0,2225200.0,0.083,1205000.0,1294000.0,-305000.0,0.0,Ready now
CUST101008,9081.0,86000.0,1157500.0,0.926,1114000.0,1223000.0,-548000.0,0.0,Ready now
CUST101009,4775.0,580000.0,647000.0,0.104,357000.0,414000.0,18000.0,4.0,Ready in 6 months
CUST101010,3329.0,1500000.0,1724500.0,0.13,974000.0,1014000.0,-689000.0,0.0,Ready now
CUST101011,27352.0,0.0,40900.0,1.0,41000.0,369000.0,1180000.0,43.0,Not on track
CUST101012,23499.0,4695000.0,8045200.0,0.416,5698000.0,5980000.0,-3542000.0,0.0,Ready now
CUST101013,20356.0,1012000.0,1198200.0,0.155,692000.0,936000.0,-134000.0,0.0,Ready now
CUST101014,14538.0,40000.0,92400.0,0.567,72000.0,246000.0,860000.0,59.0,Not on track
CUST101015,14747.0,0.0,275100.0,1.0,275000.0,452000.0,797000.0,54.0,Not on track
CUST101016,18458.0,224000.0,1036000.0,0.784,924000.0,1145000.0,-296000.0,0.0,Ready now
CUST101017,14771.0,1775000.0,1927500.0,0.079,1040000.0,1217000.0,-350000.0,0.0,Ready now
CUST101018,14088.0,3271000.0,3843500.0,0.149,2208000.0,2377000.0,-1384000.0,0.0,Ready now
CUST101019,4988.0,0.0,126900.0,1.0,127000.0,187000.0,417000.0,84.0,Not on track
CUST101020,2341.0,828000.0,2423100.0,0.658,2009000.0,2037000.0,-1333000.0,0.0,Ready now
CUST101021,17826.0,358000.0,3234000.0,0.889,3055000.0,3269000.0,-2159000.0,0.0,Ready now
CUST101022,27799.0,36000.0,1590300.0,0.977,1572000.0,1906000.0,-596000.0,0.0,Ready now
CUST101023,1478.0,20000.0,1155300.0,0.983,1145000.0,1163000.0,-777000.0,0.0,Ready now
CUST101024,18583.0,4000.0,991300.0,0.996,989000.0,1212000.0,-60000.0,0.0,Ready now
CUST101025,15243.0,49000.0,592800.0,0.917,568000.0,751000.0,-48000.0,0.0,Ready now
CUST101026,8607.0,0.0,723200.0,1.0,723000.0,826000.0,-338000.0,0.0,Ready now
CUST101027,5717.0,1081000.0,1407600.0,0.232,867000.0,936000.0,265000.0,46.0,Not on track
CUST101028,22749.0,200000.0,708800.0,0.718,609000.0,882000.0,346000.0,15.0,Ready in 24 months
CUST101029,-5186.0,5525000.0,5857500.0,0.057,3095000.0,3095000.0,-1025000.0,0.0,Ready now
CUST101030,8397.0,0.0,1567900.0,1.0,1568000.0,1669000.0,-612000.0,0.0,Ready now
CUST101031,28980.0,16000.0,218900.0,0.927,211000.0,559000.0,1398000.0,48.0,Not on track
CUST101032,40963.0,2977000.0,6510500.0,0.543,5022000.0,5514000.0,-3869000.0,0.0,Ready now
CUST101033,14194.0,141000.0,217700.0,0.352,147000.0,317000.0,838000.0,59.0,Not on track
CUST101034,6532.0,1396000.0,1422300.0,0.018,724000.0,802000.0,-294000.0,0.0,Ready now
CUST101035,17454.0,38000.0,2080400.0,0.982,2061000.0,2270000.0,-1297000.0,0.0,Ready now
CUST101036,-2891.0,1129000.0,1194500.0,0.055,630000.0,630000.0,-318000.0,0.0,Ready now
CUST101037,8282.0,0.0,1584000.0,1.0,1584000.0,1683000.0,-839000.0,0.0,Ready now
CUST101038,18183.0,14000.0,334500.0,0.958,328000.0,546000.0,410000.0,23.0,Ready in 24 months
CUST101039,10308.0,27000.0,114400.0,0.764,101000.0,225000.0,317000.0,31.0,Not on track
CUST101040,3721.0,1873000.0,2869300.0,0.347,1933000.0,1978000.0,-1475000.0,0.0,Ready now
CUST101041,10778.0,1019000.0,2516500.0,0.595,2007000.0,2136000.0,-1683000.0,0.0,Ready now
CUST101042,19389.0,3000.0,64200.0,0.953,63000.0,296000.0,677000.0,35.0,Not on track
CUST101043,11373.0,14000.0,413100.0,0.966,406000.0,542000.0,152000.0,13.0,Ready in 24 months
CUST101044,8230.0,1237000.0,1439800.0,0.141,821000.0,920000.0,-123000.0,0.0,Ready now
CUST101045,18842.0,775000.0,1950200.0,0.603,1563000.0,1789000.0,-503000.0,0.0,Ready now
CUST101046,11978.0,1877000.0,1897000.0,0.011,958000.0,1102000.0,-386000.0,0.0,Ready now
CUST101047,10246.0,2000.0,76200.0,0.974,75000.0,198000.0,745000.0,73.0,Not on track
CUST101048,13211.0,1000.0,423000.0,0.998,422000.0,581000.0,82000.0,6.0,Ready in 6 months
CUST101049,18823.0,420000.0,445600.0,0.057,236000.0,462000.0,420000.0,22.0,Ready in 24 months
CUST101050,52684.0,20000.0,426200.0,0.953,416000.0,1048000.0,1516000.0,29.0,Not on track
CUST101051,9138.0,142000.0,650000.0,0.782,579000.0,689000.0,121000.0,13.0,Ready in 24 months
CUST101052,7349.0,170000.0,1192600.0,0.857,1108000.0,1196000.0,-820000.0,0.0,Ready now
CUST101053,7584.0,1926000.0,2570200.0,0.251,1607000.0,1698000.0,-862000.0,0.0,Ready now
CUST101054,14722.0,2158000.0,2400000.0,0.101,1321000.0,1498000.0,-625000.0,0.0,Ready now
CUST101055,19733.0,0.0,674400.0,1.0,674000.0,911000.0,446000.0,23.0,Ready in 24 months
CUST101056,10144.0,2455000.0,2717200.0,0.096,1490000.0,1612000.0,-699000.0,0.0,Ready now
CUST101057,20640.0,2000.0,4019600.0,1.0,4019000.0,4267000.0,-3056000.0,0.0,Ready now
CUST101058,23395.0,1825000.0,1845400.0,0.011,933000.0,1214000.0,10000.0,0.0,Ready now
CUST101059,22887.0,0.0,112100.0,1.0,112000.0,387000.0,773000.0,34.0,Not on track
CUST101060,49706.0,3780000.0,7708400.0,0.51,5818000.0,6414000.0,-4058000.0,0.0,Ready now
CUST101061,1168.0,985000.0,1703600.0,0.422,1211000.0,1225000.0,-929000.0,0.0,Ready now
CUST101062,16523.0,1395000.0,1423000.0,0.02,726000.0,924000.0,-214000.0,0.0,Ready now
CUST101063,9411.0,2000.0,579300.0,0.997,578000.0,691000.0,0.0,0.0,Ready now
CUST101064,9829.0,388000.0,2116600.0,0.817,1923000.0,2041000.0,-1547000.0,0.0,Ready now
CUST101065,16142.0,2194000.0,2324400.0,0.056,1227000.0,1421000.0,-447000.0,0.0,Ready now
CUST101066,9999.0,0.0,1429000.0,1.0,1429000.0,1549000.0,-687000.0,0.0,Ready now
CUST101067,21262.0,0.0,524500.0,1.0,524000.0,779000.0,1089000.0,51.0,Not on track
CUST101068,25901.0,1216000.0,1898000.0,0.359,1290000.0,1601000.0,-341000.0,0.0,Ready now
CUST101069,6766.0,0.0,1839000.0,1.0,1839000.0,1920000.0,-1330000.0,0.0,Ready now
CUST101070,6269.0,6000.0,21500.0,0.721,18000.0,93000.0,374000.0,60.0,Not on track
CUST101071,10410.0,857000.0,2255500.0,0.62,1827000.0,1952000.0,-1492000.0,0.0,Ready now
CUST101072,29747.0,2376000.0,2543700.0,0.066,1356000.0,1713000.0,-450000.0,0.0,Ready now
CUST101073,25991.0,3887000.0,7622700.0,0.49,5679000.0,5991000.0,-4080000.0,0.0,Ready now
CUST101074,6291.0,1238000.0,1499100.0,0.174,880000.0,955000.0,-516000.0,0.0,Ready now
CUST101075,21170.0,0.0,3660300.0,1.0,3660000.0,3914000.0,-2104000.0,0.0,Ready now
CUST101076,6701.0,280000.0,849100.0,0.67,709000.0,789000.0,-1000.0,0.0,Ready now
CUST101077,6553.0,1730000.0,2698700.0,0.359,1834000.0,1913000.0,-1386000.0,0.0,Ready now
CUST101078,19052.0,1525000.0,1688300.0,0.097,926000.0,1155000.0,190000.0,10.0,Ready in 12 months
CUST101079,25737.0,0.0,2256900.0,1.0,2257000.0,2566000.0,-1221000.0,0.0,Ready now
CUST101080,9972.0,0.0,125500.0,1.0,126000.0,246000.0,679000.0,68.0,Not on track
CUST101081,10085.0,1531000.0,3012200.0,0.492,2247000.0,2368000.0,-1413000.0,0.0,Ready now
CUST101082,23829.0,3000.0,232400.0,0.987,231000.0,517000.0,1259000.0,53.0,Not on track
CUST101083,9503.0,0.0,110200.0,1.0,110000.0,224000.0,487000.0,51.0,Not on track
CUST101084,16089.0,2076000.0,3135000.0,0.338,2097000.0,2290000.0,-1139000.0,0.0,Ready now
CUST101085,25075.0,5067000.0,5813600.0,0.128,3280000.0,3581000.0,-967000.0,0.0,Ready now
CUST101086,12021.0,1425000.0,2519800.0,0.434,1807000.0,1951000.0,-1300000.0,0.0,Ready now
CUST101087,13296.0,8000.0,1748900.0,0.995,1745000.0,1905000.0,-1114000.0,0.0,Ready now
CUST101088,24614.0,3473000.0,4676300.0,0.257,2940000.0,3235000.0,-1286000.0,0.0,Ready now
CUST101089,16826.0,3350000.0,3858300.0,0.132,2183000.0,2385000.0,-892000.0,0.0,Ready now
CUST101090,29164.0,1966000.0,4799700.0,0.59,3817000.0,4167000.0,-2267000.0,0.0,Ready now
CUST101091,11900.0,1096000.0,2132900.0,0.486,1585000.0,1728000.0,-1125000.0,0.0,Ready now
CUST101092,10316.0,2000.0,910100.0,0.998,909000.0,1033000.0,255000.0,25.0,Not on track
CUST101093,22017.0,2000.0,2671200.0,0.999,2670000.0,2934000.0,-1811000.0,0.0,Ready now
CUST101094,12983.0,519000.0,1478000.0,0.649,1218000.0,1374000.0,1402000.0,108.0,Not on track
CUST101095,20243.0,3403000.0,7223000.0,0.529,5522000.0,5765000.0,-4309000.0,0.0,Ready now
CUST101096,25328.0,89000.0,1271200.0,0.93,1227000.0,1531000.0,-247000.0,0.0,Ready now
CUST101097,20261.0,14000.0,277700.0,0.95,271000.0,514000.0,628000.0,31.0,Not on track
CUST101098,8353.0,1003000.0,1156700.0,0.133,655000.0,755000.0,364000.0,44.0,Not on track
CUST101099,14819.0,0.0,97000.0,1.0,97000.0,275000.0,1309000.0,88.0,Not on track
CUST101100,21231.0,5000.0,82900.0,0.94,80000.0,335000.0,566000.0,27.0,Not on track
CUST101101,37078.0,0.0,590900.0,1.0,591000.0,1036000.0,1197000.0,32.0,Not on track
CUST101102,8561.0,902000.0,1346000.0,0.33,895000.0,998000.0,-589000.0,0.0,Ready now
CUST101103,32488.0,2401000.0,3225000.0,0.256,2024000.0,2414000.0,-1076000.0,0.0,Ready now
CUST101104,11245.0,0.0,250500.0,1.0,250000.0,385000.0,284000.0,25.0,Not on track
CUST101105,30812.0,0.0,1559400.0,1.0,1559000.0,1929000.0,-660000.0,0.0,Ready now
CUST101106,40489.0,3283000.0,3314500.0,0.01,1673000.0,2159000.0,-49000.0,0.0,Ready now
CUST101107,4439.0,4000.0,408100.0,0.99,406000.0,459000.0,-154000.0,0.0,Ready now
CUST101108,13922.0,2799000.0,4563300.0,0.387,3164000.0,3331000.0,-2339000.0,0.0,Ready now
CUST101109,11637.0,731000.0,910900.0,0.197,545000.0,685000.0,-62000.0,0.0,Ready now
CUST101110,12174.0,356000.0,553300.0,0.357,375000.0,521000.0,131000.0,11.0,Ready in 12 months
CUST101111,11033.0,733000.0,850100.0,0.138,484000.0,616000.0,-2000.0,0.0,Ready now
CUST101112,13740.0,576000.0,781600.0,0.263,494000.0,659000.0,580000.0,42.0,Not on track
CUST101113,11044.0,0.0,47100.0,1.0,47000.0,180000.0,589000.0,53.0,Not on track
CUST101114,41621.0,2298000.0,2558800.0,0.102,1410000.0,1909000.0,31000.0,1.0,Ready in 6 months
CUST101115,49192.0,4838000.0,6842800.0,0.293,4424000.0,5014000.0,-2592000.0,0.0,Ready now
CUST101116,8984.0,377000.0,575000.0,0.344,386000.0,494000.0,508000.0,57.0,Not on track
CUST101117,13802.0,70000.0,206300.0,0.661,171000.0,337000.0,1060000.0,77.0,Not on track
CUST101118,13045.0,3465000.0,3937400.0,0.12,2205000.0,2362000.0,-591000.0,0.0,Ready now
CUST101119,12454.0,381000.0,583700.0,0.347,393000.0,542000.0,233000.0,19.0,Ready in 24 months
CUST101120,36087.0,0.0,711300.0,1.0,711000.0,1144000.0,255000.0,7.0,Ready in 12 months
CUST101121,5822.0,2088000.0,3034700.0,0.312,1991000.0,2061000.0,-1403000.0,0.0,Ready now
CUST101122,11794.0,1036000.0,1112900.0,0.069,595000.0,737000.0,-101000.0,0.0,Ready now
CUST101123,6122.0,2105000.0,2325600.0,0.095,1273000.0,1346000.0,-495000.0,0.0,Ready now
CUST101124,11358.0,6000.0,110800.0,0.946,108000.0,244000.0,848000.0,75.0,Not on track
CUST101125,9541.0,8000.0,372400.0,0.979,368000.0,482000.0,122000.0,13.0,Ready in 24 months
CUST101126,9286.0,0.0,1120000.0,1.0,1120000.0,1231000.0,-597000.0,0.0,Ready now
CUST101127,55403.0,24000.0,444100.0,0.946,432000.0,1097000.0,1815000.0,33.0,Not on track
CUST101128,31803.0,2697000.0,2976600.0,0.094,1628000.0,2010000.0,-488000.0,0.0,Ready now
CUST101129,55367.0,24000.0,2839900.0,0.992,2828000.0,3492000.0,-1000000.0,0.0,Ready now
CUST101130,16136.0,1267000.0,2254000.0,0.438,1620000.0,1814000.0,-815000.0,0.0,Ready now
CUST101131,12301.0,878000.0,2249200.0,0.61,1810000.0,1958000.0,-1146000.0,0.0,Ready now
CUST101132,11535.0,767000.0,1489400.0,0.485,1106000.0,1244000.0,-678000.0,0.0,Ready now
CUST101133,21580.0,3414000.0,5989500.0,0.43,4282000.0,4541000.0,-2673000.0,0.0,Ready now
CUST101134,28271.0,2165000.0,5290700.0,0.591,4208000.0,4547000.0,-3102000.0,0.0,Ready now
CUST101135,2400.0,0.0,1471000.0,1.0,1471000.0,1500000.0,-734000.0,0.0,Ready now
CUST101136,13318.0,1216000.0,2001700.0,0.393,1394000.0,1554000.0,-727000.0,0.0,Ready now
CUST101137,32040.0,2876000.0,4899700.0,0.413,3462000.0,3846000.0,-1917000.0,0.0,Ready now
CUST101138,14326.0,12000.0,184900.0,0.935,179000.0,351000.0,729000.0,51.0,Not on track
CUST101139,13280.0,1478000.0,1778400.0,0.169,1039000.0,1198000.0,-127000.0,0.0,Ready now
CUST101140,8492.0,1979000.0,2009900.0,0.015,1020000.0,1122000.0,-591000.0,0.0,Ready now
CUST101141,6084.0,69000.0,288800.0,0.761,254000.0,327000.0,466000.0,77.0,Not on track
CUST101142,23244.0,12000.0,2812700.0,0.996,2807000.0,3086000.0,-1502000.0,0.0,Ready now
CUST101143,10878.0,42000.0,144200.0,0.709,123000.0,254000.0,366000.0,34.0,Not on track
CUST101144,7874.0,0.0,4146600.0,1.0,4147000.0,4241000.0,-3426000.0,0.0,Ready now
CUST101145,48796.0,13000.0,4462500.0,0.997,4456000.0,5042000.0,-2857000.0,0.0,Ready now
CUST101146,19631.0,363000.0,2577800.0,0.859,2396000.0,2632000.0,-1446000.0,0.0,Ready now
CUST101147,33230.0,19000.0,468100.0,0.959,459000.0,858000.0,1220000.0,37.0,Not on track
CUST101148,8711.0,0.0,5930100.0,1.0,5930000.0,6035000.0,-4930000.0,0.0,Ready now
CUST101149,20664.0,318000.0,585300.0,0.457,426000.0,674000.0,892000.0,43.0,Not on track
CUST101150,14255.0,1493000.0,1678500.0,0.111,932000.0,1103000.0,-174000.0,0.0,Ready now
CUST101151,5700.0,1841000.0,1869200.0,0.015,949000.0,1017000.0,-70000.0,0.0,Ready now
CUST101152,11200.0,2053000.0,2086700.0,0.016,1060000.0,1194000.0,-52000.0,0.0,Ready now
CUST101153,21483.0,252000.0,408100.0,0.383,282000.0,540000.0,502000.0,23.0,Ready in 24 months
CUST101154,15020.0,4000.0,107100.0,0.963,105000.0,285000.0,666000.0,44.0,Not on track
CUST101155,14118.0,1000.0,195300.0,0.995,195000.0,364000.0,553000.0,39.0,Not on track
CUST101156,43478.0,0.0,1049700.0,1.0,1050000.0,1572000.0,2069000.0,48.0,Not on track
CUST101157,7039.0,0.0,627700.0,1.0,628000.0,712000.0,23000.0,3.0,Ready in 6 months
CUST101158,39735.0,9000.0,1773200.0,0.995,1769000.0,2246000.0,-263000.0,0.0,Ready now
CUST101159,9821.0,1685000.0,2024400.0,0.168,1182000.0,1300000.0,-746000.0,0.0,Ready now
CUST101160,55513.0,4442000.0,12023900.0,0.631,9803000.0,10469000.0,-7901000.0,0.0,Ready now
CUST101161,10305.0,15000.0,1010000.0,0.985,1002000.0,1126000.0,-335000.0,0.0,Ready now
CUST101162,7837.0,1569000.0,2240400.0,0.3,1456000.0,1550000.0,-860000.0,0.0,Ready now
CUST101163,6433.0,833000.0,1624000.0,0.487,1208000.0,1285000.0,-812000.0,0.0,Ready now
CUST101164,55013.0,3875000.0,4161100.0,0.069,2224000.0,2884000.0,-491000.0,0.0,Ready now
CUST101165,25184.0,23000.0,380000.0,0.939,368000.0,670000.0,1563000.0,62.0,Not on track
CUST101166,12275.0,519000.0,611000.0,0.151,352000.0,499000.0,195000.0,16.0,Ready in 24 months
CUST101167,31281.0,1936000.0,2342800.0,0.174,1375000.0,1750000.0,409000.0,13.0,Ready in 24 months
CUST101168,7527.0,0.0,173100.0,1.0,173000.0,263000.0,334000.0,44.0,Not on track
CUST101169,18643.0,1257000.0,1406700.0,0.106,778000.0,1002000.0,-165000.0,0.0,Ready now
CUST101170,21298.0,2267000.0,3967400.0,0.429,2834000.0,3090000.0,-2087000.0,0.0,Ready now
CUST101171,16563.0,3694000.0,4141000.0,0.108,2294000.0,2493000.0,-360000.0,0.0,Ready now
CUST101172,37233.0,104000.0,178900.0,0.419,127000.0,574000.0,996000.0,27.0,Not on track
CUST101173,18698.0,6000.0,2425700.0,0.998,2423000.0,2647000.0,-844000.0,0.0,Ready now
CUST101174,42461.0,3912000.0,4660700.0,0.161,2705000.0,3215000.0,-1063000.0,0.0,Ready now
CUST101175,18398.0,1525000.0,2157400.0,0.293,1395000.0,1616000.0,-681000.0,0.0,Ready now
CUST101176,32858.0,2141000.0,3874900.0,0.447,2804000.0,3198000.0,-1826000.0,0.0,Ready now
CUST101177,10772.0,1410000.0,1535100.0,0.081,830000.0,959000.0,-378000.0,0.0,Ready now
CUST101178,14587.0,1197000.0,1346700.0,0.111,748000.0,923000.0,106000.0,7.0,Ready in 12 months
CUST101179,52487.0,7019000.0,13037000.0,0.462,9528000.0,10158000.0,-6930000.0,0.0,Ready now
CUST101180,8625.0,3681000.0,5514600.0,0.332,3674000.0,3778000.0,-2470000.0,0.0,Ready now
CUST101181,7010.0,2000.0,17500.0,0.886,16000.0,100000.0,473000.0,67.0,Not on track
CUST101182,37621.0,0.0,5214000.0,1.0,5214000.0,5665000.0,-2972000.0,0.0,Ready now
CUST101183,13477.0,1832000.0,1868600.0,0.02,953000.0,1115000.0,-11000.0,0.0,Ready now
CUST101184,29291.0,796000.0,893000.0,0.109,495000.0,846000.0,713000.0,24.0,Ready in 24 months
CUST101185,9723.0,255000.0,2144400.0,0.881,2017000.0,2134000.0,-953000.0,0.0,Ready now
CUST101186,27635.0,2404000.0,2817100.0,0.147,1615000.0,1947000.0,-657000.0,0.0,Ready now
CUST101187,6974.0,786000.0,842800.0,0.067,450000.0,534000.0,-131000.0,0.0,Ready now
CUST101188,34929.0,0.0,396300.0,1.0,396000.0,815000.0,1328000.0,38.0,Not on track
CUST101189,3929.0,930000.0,970100.0,0.041,505000.0,552000.0,-149000.0,0.0,Ready now
CUST101190,25591.0,3575000.0,3713700.0,0.037,1926000.0,2233000.0,-427000.0,0.0,Ready now
CUST101191,7779.0,1087000.0,1367400.0,0.205,824000.0,917000.0,-28000.0,0.0,Ready now
CUST101192,8719.0,0.0,98800.0,1.0,99000.0,204000.0,1138000.0,131.0,Not on track
CUST101193,16249.0,526000.0,694100.0,0.242,431000.0,626000.0,411000.0,25.0,Not on track
CUST101194,22095.0,0.0,3904600.0,1.0,3905000.0,4170000.0,-2551000.0,0.0,Ready now
CUST101195,18021.0,25000.0,2594100.0,0.99,2582000.0,2798000.0,-1954000.0,0.0,Ready now
CUST101196,29065.0,1411000.0,1670300.0,0.155,965000.0,1314000.0,177000.0,6.0,Ready in 6 months
CUST101197,33327.0,15000.0,1095500.0,0.986,1088000.0,1488000.0,21000.0,1.0,Ready in 6 months
CUST101198,33242.0,9000.0,326200.0,0.972,322000.0,721000.0,1810000.0,54.0,Not on track
CUST101199,26243.0,4070000.0,4140100.0,0.017,2105000.0,2420000.0,-1009000.0,0.0,Ready now
CUST101200,7384.0,448000.0,476500.0,0.06,252000.0,341000.0,173000.0,23.0,Ready in 24 months
CUST101201,21197.0,26000.0,1138800.0,0.977,1126000.0,1380000.0,-518000.0,0.0,Ready now
CUST101202,7267.0,762000.0,1120600.0,0.32,740000.0,827000.0,597000.0,82.0,Not on track
CUST101203,32930.0,1000.0,3927100.0,1.0,3927000.0,4322000.0,-2422000.0,0.0,Ready now
CUST101204,9838.0,2032000.0,3273400.0,0.379,2257000.0,2375000.0,-1737000.0,0.0,Ready now
CUST101205,29907.0,5386000.0,8472800.0,0.364,5780000.0,6139000.0,-3785000.0,0.0,Ready now
CUST101206,16537.0,7000.0,492400.0,0.986,489000.0,687000.0,365000.0,22.0,Ready in 24 months
CUST101207,19592.0,17000.0,326700.0,0.948,318000.0,553000.0,657000.0,34.0,Not on track
CUST101208,5579.0,133000.0,1176900.0,0.887,1110000.0,1177000.0,-776000.0,0.0,Ready now
CUST101209,49361.0,3223000.0,5136400.0,0.373,3525000.0,4117000.0,-1793000.0,0.0,Ready now
CUST101210,7630.0,26000.0,1059100.0,0.975,1046000.0,1138000.0,-386000.0,0.0,Ready now
CUST101211,19426.0,591000.0,2022900.0,0.708,1727000.0,1960000.0,-1113000.0,0.0,Ready now
CUST101212,8524.0,2184000.0,3455900.0,0.368,2364000.0,2466000.0,-1634000.0,0.0,Ready now
CUST101213,52495.0,0.0,230200.0,1.0,230000.0,860000.0,1749000.0,33.0,Not on track
CUST101214,3415.0,1315000.0,1714800.0,0.233,1057000.0,1098000.0,-77000.0,0.0,Ready now
CUST101215,12201.0,0.0,60600.0,1.0,61000.0,207000.0,512000.0,42.0,Not on track
CUST101216,9763.0,1226000.0,1311900.0,0.065,699000.0,816000.0,62000.0,6.0,Ready in 6 months
CUST101217,36958.0,16000.0,584500.0,0.973,576000.0,1019000.0,1430000.0,39.0,Not on track
CUST101218,5345.0,11000.0,126200.0,0.913,121000.0,185000.0,643000.0,120.0,Not on track
CUST101219,26992.0,1422000.0,1541500.0,0.078,830000.0,1154000.0,198000.0,7.0,Ready in 12 months
CUST101220,43349.0,511000.0,621600.0,0.178,366000.0,886000.0,948000.0,22.0,Ready in 24 months
CUST101221,4932.0,5000.0,771600.0,0.994,769000.0,828000.0,-413000.0,0.0,Ready now
CUST101222,30818.0,3650000.0,5398900.0,0.324,3574000.0,3944000.0,-2336000.0,0.0,Ready now
CUST101223,13812.0,462000.0,490300.0,0.058,259000.0,425000.0,331000.0,24.0,Ready in 24 months
CUST101224,21036.0,545000.0,1464500.0,0.628,1192000.0,1444000.0,-515000.0,0.0,Ready now
CUST101225,35748.0,4008000.0,8860900.0,0.548,6857000.0,7286000.0,-5016000.0,0.0,Ready now
CUST101226,38663.0,4625000.0,5123600.0,0.097,2811000.0,3275000.0,-767000.0,0.0,Ready now
CUST101227,33969.0,1000.0,3737800.0,1.0,3737000.0,4145000.0,-2745000.0,0.0,Ready now
CUST101228,12288.0,1583000.0,3540000.0,0.553,2748000.0,2895000.0,-1518000.0,0.0,Ready now
CUST101229,9981.0,20000.0,446700.0,0.955,437000.0,557000.0,566000.0,57.0,Not on track
CUST101230,50614.0,3000.0,4381900.0,0.999,4380000.0,4987000.0,-2354000.0,0.0,Ready now
CUST101231,50256.0,3262000.0,3607200.0,0.096,1976000.0,2579000.0,-198000.0,0.0,Ready now
CUST101232,11716.0,794000.0,2322400.0,0.658,1925000.0,2066000.0,-879000.0,0.0,Ready now
CUST101233,6584.0,1916000.0,2427900.0,0.211,1470000.0,1549000.0,-884000.0,0.0,Ready now
CUST101234,8477.0,11000.0,255400.0,0.957,250000.0,352000.0,280000.0,33.0,Not on track
CUST101235,18425.0,1483000.0,2528100.0,0.413,1787000.0,2008000.0,-933000.0,0.0,Ready now
CUST101236,19234.0,2113000.0,2261300.0,0.066,1205000.0,1436000.0,-240000.0,0.0,Ready now
CUST101237,5652.0,0.0,143500.0,1.0,144000.0,212000.0,330000.0,58.0,Not on track
CUST101238,12607.0,3000.0,1109600.0,0.997,1108000.0,1259000.0,-346000.0,0.0,Ready now
CUST101239,6143.0,621000.0,1990800.0,0.688,1680000.0,1754000.0,-1227000.0,0.0,Ready now
CUST101240,34218.0,3032000.0,7833300.0,0.613,6317000.0,6728000.0,-5283000.0,0.0,Ready now
CUST101241,7232.0,2378000.0,5687800.0,0.582,4499000.0,4586000.0,-3430000.0,0.0,Ready now
CUST101242,28323.0,0.0,227300.0,1.0,227000.0,567000.0,823000.0,29.0,Not on track
CUST101243,25138.0,5000.0,3832900.0,0.999,3830000.0,4132000.0,-2312000.0,0.0,Ready now
CUST101244,31812.0,0.0,196600.0,1.0,197000.0,579000.0,955000.0,30.0,Not on track
CUST101245,45381.0,4618000.0,5006300.0,0.078,2697000.0,3242000.0,315000.0,7.0,Ready in 12 months
CUST101246,17313.0,20000.0,1014800.0,0.98,1005000.0,1213000.0,-240000.0,0.0,Ready now
CUST101247,4668.0,0.0,581100.0,1.0,581000.0,637000.0,268000.0,57.0,Not on track
CUST101248,22678.0,0.0,1980500.0,1.0,1980000.0,2252000.0,-876000.0,0.0,Ready now
CUST101249,27437.0,4000.0,659800.0,0.994,658000.0,987000.0,421000.0,15.0,Ready in 24 months
CUST101250,2015.0,1060000.0,2172600.0,0.512,1643000.0,1667000.0,-1247000.0,0.0,Ready now
CUST101251,6509.0,20000.0,202000.0,0.901,192000.0,270000.0,262000.0,40.0,Not on track
CUST101252,27516.0,168000.0,308200.0,0.455,224000.0,554000.0,771000.0,28.0,Not on track
CUST101253,8228.0,12000.0,123200.0,0.903,117000.0,216000.0,333000.0,40.0,Not on track
CUST101254,10838.0,5000.0,2167300.0,0.998,2165000.0,2295000.0,-1673000.0,0.0,Ready now
CUST101255,8102.0,1325000.0,1364600.0,0.029,702000.0,799000.0,-108000.0,0.0,Ready now
CUST101256,6119.0,6000.0,301900.0,0.98,299000.0,372000.0,555000.0,91.0,Not on track
CUST101257,1331.0,2921000.0,8015600.0,0.636,6555000.0,6571000.0,-5365000.0,0.0,Ready now
CUST101258,16952.0,1000.0,1517100.0,0.999,1517000.0,1720000.0,-939000.0,0.0,Ready now
CUST101259,34784.0,611000.0,948700.0,0.356,643000.0,1060000.0,889000.0,26.0,Not on track
CUST101260,3416.0,1677000.0,3652700.0,0.541,2814000.0,2855000.0,-2211000.0,0.0,Ready now
CUST101261,10828.0,0.0,148200.0,1.0,148000.0,278000.0,644000.0,59.0,Not on track
CUST101262,28387.0,277000.0,2369800.0,0.883,2231000.0,2572000.0,-980000.0,0.0,Ready now
CUST101263,15834.0,985000.0,2642000.0,0.627,2150000.0,2340000.0,-1285000.0,0.0,Ready now
CUST101264,16136.0,416000.0,2090600.0,0.801,1883000.0,2077000.0,-1249000.0,0.0,Ready now
CUST101265,7883.0,451000.0,603700.0,0.253,378000.0,473000.0,306000.0,39.0,Not on track
CUST101266,10306.0,0.0,433100.0,1.0,433000.0,557000.0,-25000.0,0.0,Ready now
CUST101267,27584.0,2857000.0,4572100.0,0.375,3144000.0,3475000.0,-1944000.0,0.0,Ready now
CUST101268,6569.0,0.0,488900.0,1.0,489000.0,568000.0,-247000.0,0.0,Ready now
CUST101269,8560.0,3977000.0,6937100.0,0.427,4949000.0,5052000.0,-3695000.0,0.0,Ready now
CUST101270,10047.0,2048000.0,4490900.0,0.544,3467000.0,3588000.0,-2393000.0,0.0,Ready now
CUST101271,26756.0,0.0,725900.0,1.0,726000.0,1047000.0,1076000.0,40.0,Not on track
CUST101272,76399.0,6338000.0,15507800.0,0.591,12339000.0,13256000.0,-9986000.0,0.0,Ready now
CUST101273,42291.0,518000.0,887000.0,0.416,628000.0,1135000.0,955000.0,23.0,Ready in 24 months
CUST101274,17401.0,246000.0,2311000.0,0.894,2188000.0,2397000.0,-1621000.0,0.0,Ready now
CUST101275,46379.0,1801000.0,2648500.0,0.32,1748000.0,2305000.0,143000.0,3.0,Ready in 6 months
CUST101276,7302.0,595000.0,656500.0,0.094,359000.0,447000.0,187000.0,26.0,Not on track
CUST101277,2345.0,0.0,44100.0,1.0,44000.0,72000.0,262000.0,112.0,Not on track
CUST101278,62932.0,1548000.0,2503900.0,0.382,1730000.0,2485000.0,522000.0,8.0,Ready in 12 months
CUST101279,27984.0,359000.0,1184100.0,0.697,1005000.0,1341000.0,335000.0,12.0,Ready in 12 months
CUST101280,3792.0,810000.0,857200.0,0.055,452000.0,498000.0,-64000.0,0.0,Ready now
CUST101281,11701.0,1142000.0,1404400.0,0.187,833000.0,973000.0,-330000.0,0.0,Ready now
CUST101282,10691.0,2804000.0,3250100.0,0.137,1848000.0,1976000.0,-819000.0,0.0,Ready now
CUST101283,16713.0,0.0,1098200.0,1.0,1098000.0,1299000.0,-576000.0,0.0,Ready now
CUST101284,11093.0,814000.0,2234400.0,0.636,1827000.0,1960000.0,-1137000.0,0.0,Ready now
CUST101285,61340.0,6828000.0,12314700.0,0.446,8901000.0,9637000.0,-7278000.0,0.0,Ready now
CUST101286,23828.0,2046000.0,6951100.0,0.706,5928000.0,6214000.0,-3027000.0,0.0,Ready now
CUST101287,5794.0,513000.0,1159900.0,0.558,903000.0,973000.0,-98000.0,0.0,Ready now
CUST101288,25097.0,446000.0,486100.0,0.082,263000.0,564000.0,656000.0,26.0,Not on track
CUST101289,27859.0,2584000.0,2983900.0,0.134,1692000.0,2026000.0,-464000.0,0.0,Ready now
CUST101290,12900.0,7000.0,1284700.0,0.995,1281000.0,1436000.0,-653000.0,0.0,Ready now
CUST101291,6733.0,0.0,120100.0,1.0,120000.0,201000.0,179000.0,27.0,Not on track
CUST101292,5800.0,607000.0,730200.0,0.169,427000.0,497000.0,-71000.0,0.0,Ready now
CUST101293,16861.0,2454000.0,6320400.0,0.612,5093000.0,5295000.0,-4137000.0,0.0,Ready now
CUST101294,14840.0,3479000.0,3822100.0,0.09,2083000.0,2261000.0,-779000.0,0.0,Ready now
CUST101295,19188.0,0.0,135400.0,1.0,135000.0,365000.0,667000.0,35.0,Not on track
CUST101296,25542.0,1108000.0,1215300.0,0.088,661000.0,968000.0,649000.0,25.0,Not on track
CUST101297,18445.0,2045000.0,3916000.0,0.478,2894000.0,3115000.0,-1828000.0,0.0,Ready now
CUST101298,33050.0,4614000.0,13083500.0,0.647,10776000.0,11173000.0,-8794000.0,0.0,Ready now
CUST101299,35230.0,2301000.0,2478300.0,0.072,1328000.0,1751000.0,-239000.0,0.0,Ready now
CUST101300,23050.0,2452000.0,3183600.0,0.23,1958000.0,2235000.0,-1241000.0,0.0,Ready now
CUST101301,24956.0,23000.0,358100.0,0.936,347000.0,646000.0,626000.0,25.0,Not on track
CUST101302,20082.0,844000.0,1003200.0,0.159,581000.0,822000.0,290000.0,14.0,Ready in 24 months
CUST101303,11931.0,342000.0,375500.0,0.089,204000.0,347000.0,248000.0,21.0,Ready in 24 months
CUST101304,26059.0,0.0,100200.0,1.0,100000.0,413000.0,1681000.0,65.0,Not on track
CUST101305,16906.0,5000.0,2637100.0,0.998,2635000.0,2838000.0,-1994000.0,0.0,Ready now
CUST101306,18602.0,1894000.0,3734900.0,0.493,2788000.0,3011000.0,-1993000.0,0.0,Ready now
CUST101307,17376.0,449000.0,699300.0,0.358,475000.0,684000.0,191000.0,11.0,Ready in 12 months
CUST101308,7444.0,6000.0,180500.0,0.967,178000.0,267000.0,238000.0,32.0,Not on track
CUST101309,14948.0,93000.0,515600.0,0.82,469000.0,648000.0,481000.0,32.0,Not on track
CUST101310,24747.0,2523000.0,2943800.0,0.143,1682000.0,1979000.0,-777000.0,0.0,Ready now
CUST101311,6029.0,1000.0,828300.0,0.999,828000.0,900000.0,-131000.0,0.0,Ready now
CUST101312,40617.0,0.0,3465400.0,1.0,3465000.0,3952000.0,-1799000.0,0.0,Ready now
CUST101313,21460.0,365000.0,2794800.0,0.869,2612000.0,2870000.0,-1787000.0,0.0,Ready now
CUST101314,4081.0,1374000.0,1485800.0,0.075,799000.0,848000.0,-459000.0,0.0,Ready now
CUST101315,20434.0,4620000.0,7651700.0,0.396,5342000.0,5587000.0,-3665000.0,0.0,Ready now
CUST101316,21618.0,17000.0,2131900.0,0.992,2123000.0,2382000.0,-1029000.0,0.0,Ready now
CUST101317,17477.0,1474000.0,4438400.0,0.668,3701000.0,3911000.0,-2360000.0,0.0,Ready now
CUST101318,28568.0,983000.0,3271500.0,0.7,2780000.0,3123000.0,-1460000.0,0.0,Ready now
CUST101319,4028.0,262000.0,493000.0,0.469,362000.0,410000.0,96000.0,24.0,Ready in 24 months
CUST101320,12990.0,1687000.0,3122200.0,0.46,2279000.0,2435000.0,-1515000.0,0.0,Ready now
CUST101321,-1699.0,3766000.0,4875600.0,0.228,2993000.0,2993000.0,-2003000.0,0.0,Ready now
CUST101322,7272.0,1432000.0,12337000.0,0.884,11621000.0,11708000.0,-9140000.0,0.0,Ready now
CUST101323,25525.0,0.0,1534900.0,1.0,1535000.0,1841000.0,-603000.0,0.0,Ready now
CUST101324,12505.0,1917000.0,2240000.0,0.144,1282000.0,1432000.0,-558000.0,0.0,Ready now
CUST101325,33801.0,4401000.0,5092600.0,0.136,2892000.0,3298000.0,-1386000.0,0.0,Ready now
CUST101326,6684.0,787000.0,843900.0,0.067,450000.0,530000.0,275000.0,41.0,Not on track
CUST101327,33530.0,3026000.0,3148100.0,0.039,1635000.0,2037000.0,-467000.0,0.0,Ready now
CUST101328,7175.0,67000.0,3322300.0,0.98,3289000.0,3375000.0,-2656000.0,0.0,Ready now
CUST101329,8931.0,2349000.0,2404800.0,0.023,1230000.0,1337000.0,-538000.0,0.0,Ready now
CUST101330,6079.0,1507000.0,2123300.0,0.29,1370000.0,1443000.0,-857000.0,0.0,Ready now
CUST101331,4982.0,2000.0,1760600.0,0.999,1760000.0,1820000.0,-1134000.0,0.0,Ready now
CUST101332,8804.0,1878000.0,2492000.0,0.246,1553000.0,1659000.0,-829000.0,0.0,Ready now
CUST101333,16545.0,1990000.0,2094800.0,0.05,1100000.0,1299000.0,281000.0,17.0,Ready in 24 months
CUST101334,3490.0,267000.0,416600.0,0.359,283000.0,325000.0,645000.0,185.0,Not on track
CUST101335,-4876.0,2820000.0,8419500.0,0.665,7010000.0,7010000.0,-6104000.0,0.0,Ready now
CUST101336,12145.0,3000.0,1917200.0,0.998,1916000.0,2062000.0,-1414000.0,0.0,Ready now
CUST101337,13661.0,594000.0,1782000.0,0.667,1485000.0,1649000.0,-763000.0,0.0,Ready now
CUST101338,31162.0,999000.0,1628100.0,0.386,1129000.0,1503000.0,41000.0,1.0,Ready in 6 months
CUST101339,31767.0,3840000.0,8449500.0,0.546,6530000.0,6911000.0,-5292000.0,0.0,Ready now
CUST101340,11219.0,5000.0,1426500.0,0.996,1424000.0,1559000.0,-942000.0,0.0,Ready now
CUST101341,15002.0,2562000.0,4368900.0,0.414,3088000.0,3268000.0,-2080000.0,0.0,Ready now
CUST101342,6056.0,1498000.0,1577400.0,0.05,828000.0,901000.0,-240000.0,0.0,Ready now
CUST101343,29874.0,1022000.0,1504600.0,0.321,994000.0,1352000.0,337000.0,11.0,Ready in 12 months
CUST101344,58596.0,25000.0,260300.0,0.904,248000.0,951000.0,1374000.0,23.0,Ready in 24 months
CUST101345,8569.0,1000.0,123400.0,0.992,123000.0,226000.0,165000.0,19.0,Ready in 24 months
CUST101346,6212.0,0.0,604300.0,1.0,604000.0,679000.0,-56000.0,0.0,Ready now
CUST101347,16720.0,3235000.0,3818200.0,0.153,2201000.0,2402000.0,-1069000.0,0.0,Ready now
CUST101348,16246.0,605000.0,843700.0,0.283,541000.0,736000.0,303000.0,19.0,Ready in 24 months
CUST101349,15220.0,3555000.0,4917700.0,0.277,3140000.0,3323000.0,-1805000.0,0.0,Ready now
CUST101350,21037.0,4000.0,211800.0,0.981,210000.0,462000.0,730000.0,35.0,Not on track
CUST101351,-2156.0,1944000.0,2108200.0,0.078,1136000.0,1136000.0,-791000.0,0.0,Ready now
CUST101352,8767.0,556000.0,711800.0,0.219,434000.0,539000.0,162000.0,18.0,Ready in 24 months
CUST101353,10803.0,1007000.0,1852300.0,0.456,1349000.0,1479000.0,-802000.0,0.0,Ready now
CUST101354,3755.0,775000.0,814700.0,0.049,427000.0,472000.0,126000.0,34.0,Not on track
CUST101355,-2025.0,2284000.0,3402300.0,0.329,2260000.0,2260000.0,-1778000.0,0.0,Ready now
CUST101356,7958.0,2773000.0,5173300.0,0.464,3787000.0,3882000.0,-2586000.0,0.0,Ready now
CUST101357,15699.0,2131000.0,2272700.0,0.062,1207000.0,1395000.0,-291000.0,0.0,Ready now
CUST101358,19225.0,0.0,204200.0,1.0,204000.0,435000.0,511000.0,27.0,Not on track
CUST101359,-1919.0,58000.0,92000.0,0.37,63000.0,63000.0,248000.0,999.0,Not on track
CUST101360,11345.0,0.0,57700.0,1.0,58000.0,194000.0,640000.0,56.0,Not on track
CUST101361,16637.0,0.0,222000.0,1.0,222000.0,422000.0,381000.0,23.0,Ready in 24 months
CUST101362,17163.0,654000.0,861300.0,0.241,534000.0,740000.0,148000.0,9.0,Ready in 12 months
CUST101363,16396.0,0.0,40900.0,1.0,41000.0,238000.0,543000.0,33.0,Not on track
CUST101364,48390.0,1000.0,1230600.0,0.999,1230000.0,1811000.0,350000.0,7.0,Ready in 12 months
CUST101365,6754.0,6000.0,57300.0,0.895,54000.0,135000.0,162000.0,24.0,Ready in 24 months
CUST101366,20945.0,3772000.0,4102300.0,0.081,2216000.0,2467000.0,-1212000.0,0.0,Ready now
CUST101367,18619.0,19000.0,2585500.0,0.993,2576000.0,2799000.0,-1174000.0,0.0,Ready now
CUST101368,9935.0,0.0,1016600.0,1.0,1017000.0,1136000.0,-32000.0,0.0,Ready now
CUST101369,25096.0,0.0,268600.0,1.0,269000.0,570000.0,1857000.0,74.0,Not on track
CUST101370,20400.0,0.0,1701900.0,1.0,1702000.0,1947000.0,-792000.0,0.0,Ready now
CUST101371,13908.0,3000.0,323200.0,0.991,322000.0,489000.0,405000.0,29.0,Not on track
CUST101372,9424.0,2279000.0,2491400.0,0.085,1352000.0,1465000.0,-298000.0,0.0,Ready now
CUST101373,10840.0,0.0,2390800.0,1.0,2391000.0,2521000.0,-1375000.0,0.0,Ready now
CUST101374,13410.0,2651000.0,2943100.0,0.099,1618000.0,1779000.0,-500000.0,0.0,Ready now
CUST101375,17881.0,2416000.0,3719100.0,0.35,2511000.0,2726000.0,-1497000.0,0.0,Ready now
CUST101376,7427.0,2624000.0,2998800.0,0.125,1687000.0,1776000.0,-590000.0,0.0,Ready now
CUST101377,17167.0,47000.0,1969600.0,0.976,1946000.0,2152000.0,-1236000.0,0.0,Ready now
CUST101378,12580.0,4000.0,2618700.0,0.998,2617000.0,2768000.0,-2049000.0,0.0,Ready now
CUST101379,4055.0,7000.0,34100.0,0.795,31000.0,80000.0,427000.0,105.0,Not on track
CUST101380,22155.0,1700000.0,1829600.0,0.071,980000.0,1246000.0,-154000.0,0.0,Ready now
CUST101381,46554.0,4046000.0,4447500.0,0.09,2424000.0,2983000.0,-1034000.0,0.0,Ready now
CUST101382,11176.0,1971000.0,3038200.0,0.351,2053000.0,2187000.0,-1600000.0,0.0,Ready now
CUST101383,24427.0,0.0,827600.0,1.0,828000.0,1121000.0,161000.0,7.0,Ready in 12 months
CUST101384,13493.0,9000.0,30700.0,0.707,26000.0,188000.0,1106000.0,82.0,Not on track
CUST101385,17796.0,0.0,214600.0,1.0,215000.0,429000.0,463000.0,26.0,Not on track
CUST101386,42936.0,4112000.0,7379900.0,0.443,5324000.0,5839000.0,-3416000.0,0.0,Ready now
CUST101387,-1693.0,47000.0,2703500.0,0.983,2680000.0,2680000.0,-1695000.0,0.0,Ready now
CUST101388,23542.0,1328000.0,3670300.0,0.638,3006000.0,3289000.0,-2114000.0,0.0,Ready now
CUST101389,7195.0,0.0,902700.0,1.0,903000.0,989000.0,-199000.0,0.0,Ready now
CUST101390,22671.0,1815000.0,1971200.0,0.079,1064000.0,1336000.0,-273000.0,0.0,Ready now
CUST101391,2330.0,0.0,96900.0,1.0,97000.0,125000.0,239000.0,103.0,Not on track
CUST101392,14614.0,0.0,216600.0,1.0,217000.0,392000.0,198000.0,14.0,Ready in 24 months
CUST101393,25316.0,4000.0,1720800.0,0.998,1719000.0,2023000.0,-469000.0,0.0,Ready now
CUST101394,2139.0,0.0,1037000.0,1.0,1037000.0,1063000.0,-693000.0,0.0,Ready now
CUST101395,22682.0,144000.0,1281200.0,0.888,1209000.0,1481000.0,-527000.0,0.0,Ready now
CUST101396,12002.0,1115000.0,1194100.0,0.066,637000.0,781000.0,95000.0,8.0,Ready in 12 months
CUST101397,46220.0,7001000.0,7065400.0,0.009,3565000.0,4120000.0,-237000.0,0.0,Ready now
CUST101398,18609.0,3152000.0,4292700.0,0.266,2717000.0,2940000.0,-1455000.0,0.0,Ready now
CUST101399,45639.0,16000.0,956100.0,0.983,948000.0,1496000.0,768000.0,17.0,Ready in 24 months
CUST101400,13233.0,1525000.0,2455400.0,0.379,1693000.0,1852000.0,-1101000.0,0.0,Ready now
CUST101401,13276.0,592000.0,3669200.0,0.839,3373000.0,3532000.0,-2481000.0,0.0,Ready now
CUST101402,8073.0,0.0,60300.0,1.0,60000.0,157000.0,295000.0,37.0,Not on track
CUST101403,9217.0,595000.0,880000.0,0.324,582000.0,693000.0,259000.0,28.0,Not on track
CUST101404,18728.0,2516000.0,5200500.0,0.516,3942000.0,4167000.0,-2665000.0,0.0,Ready now
CUST101405,11326.0,14000.0,137500.0,0.898,130000.0,266000.0,357000.0,32.0,Not on track
CUST101406,12232.0,323000.0,526500.0,0.387,365000.0,512000.0,643000.0,53.0,Not on track
CUST101407,12742.0,3062000.0,5660000.0,0.459,4129000.0,4282000.0,-3090000.0,0.0,Ready now
CUST101408,7824.0,0.0,2446300.0,1.0,2446000.0,2540000.0,-1712000.0,0.0,Ready now
CUST101409,4366.0,0.0,146000.0,1.0,146000.0,198000.0,304000.0,70.0,Not on track
CUST101410,14702.0,1781000.0,2879800.0,0.382,1989000.0,2165000.0,-1297000.0,0.0,Ready now
CUST101411,18381.0,2302000.0,3744400.0,0.385,2593000.0,2814000.0,-1759000.0,0.0,Ready now
CUST101412,7218.0,1738000.0,1793900.0,0.031,925000.0,1012000.0,-79000.0,0.0,Ready now
CUST101413,14925.0,1368000.0,1497600.0,0.087,814000.0,993000.0,192000.0,13.0,Ready in 24 months
CUST101414,13703.0,5000.0,1432200.0,0.997,1430000.0,1594000.0,-830000.0,0.0,Ready now
CUST101415,43481.0,631000.0,874500.0,0.278,559000.0,1081000.0,1214000.0,28.0,Not on track
CUST101416,48930.0,15000.0,685500.0,0.978,678000.0,1265000.0,1080000.0,22.0,Ready in 24 months
CUST101417,15664.0,12000.0,79100.0,0.848,73000.0,261000.0,618000.0,39.0,Not on track
CUST101418,-5806.0,2500000.0,2623200.0,0.047,1373000.0,1373000.0,-948000.0,0.0,Ready now
CUST101419,11136.0,4000.0,15300.0,0.739,13000.0,147000.0,681000.0,61.0,Not on track
CUST101420,26909.0,1434000.0,3269100.0,0.561,2552000.0,2875000.0,-1390000.0,0.0,Ready now
CUST101421,15852.0,2996000.0,4574100.0,0.345,3076000.0,3266000.0,-2030000.0,0.0,Ready now
CUST101422,20168.0,41000.0,186200.0,0.78,166000.0,408000.0,730000.0,36.0,Not on track
CUST101423,22364.0,1179000.0,1291300.0,0.087,702000.0,970000.0,113000.0,5.0,Ready in 6 months
CUST101424,12482.0,0.0,150600.0,1.0,151000.0,301000.0,778000.0,62.0,Not on track
CUST101425,20615.0,18000.0,331300.0,0.946,322000.0,569000.0,490000.0,24.0,Ready in 24 months
CUST101426,23821.0,17000.0,227500.0,0.925,219000.0,505000.0,526000.0,22.0,Ready in 24 months
CUST101427,15387.0,149000.0,858700.0,0.826,784000.0,969000.0,102000.0,7.0,Ready in 12 months
CUST101428,19327.0,1742000.0,1930100.0,0.097,1059000.0,1291000.0,-327000.0,0.0,Ready now
CUST101429,16511.0,15000.0,768400.0,0.98,761000.0,959000.0,-214000.0,0.0,Ready now
CUST101430,18780.0,0.0,278800.0,1.0,279000.0,504000.0,556000.0,30.0,Not on track
CUST101431,1416.0,1035000.0,1234100.0,0.161,717000.0,734000.0,-247000.0,0.0,Ready now
CUST101432,11692.0,1838000.0,2048800.0,0.103,1130000.0,1270000.0,-552000.0,0.0,Ready now
CUST101433,19251.0,1998000.0,2305100.0,0.133,1306000.0,1537000.0,366000.0,19.0,Ready in 24 months
CUST101434,9411.0,1350000.0,1488600.0,0.093,814000.0,927000.0,1000.0,0.0,Ready now
CUST101435,50527.0,9000.0,4608200.0,0.998,4604000.0,5210000.0,-2649000.0,0.0,Ready now
CUST101436,29264.0,2680000.0,4167300.0,0.357,2827000.0,3178000.0,-1471000.0,0.0,Ready now
CUST101437,17061.0,9000.0,2276900.0,0.996,2272000.0,2477000.0,-1752000.0,0.0,Ready now
CUST101438,22926.0,4542000.0,4908300.0,0.075,2637000.0,2912000.0,-867000.0,0.0,Ready now
CUST101439,13435.0,1017000.0,2003500.0,0.492,1495000.0,1656000.0,-803000.0,0.0,Ready now
CUST101440,44753.0,2055000.0,7018400.0,0.707,5991000.0,6528000.0,-3332000.0,0.0,Ready now
CUST101441,14334.0,6000.0,941600.0,0.994,939000.0,1111000.0,37000.0,3.0,Ready in 6 months
CUST101442,25291.0,11000.0,1410700.0,0.992,1405000.0,1708000.0,-105000.0,0.0,Ready now
CUST101443,11632.0,11000.0,331600.0,0.967,326000.0,466000.0,469000.0,40.0,Not on track
CUST101444,13190.0,629000.0,659500.0,0.046,345000.0,503000.0,591000.0,45.0,Not on track
CUST101445,-3372.0,0.0,2272300.0,1.0,2272000.0,2272000.0,-1611000.0,0.0,Ready now
CUST101446,10152.0,1476000.0,2739800.0,0.461,2002000.0,2124000.0,-1480000.0,0.0,Ready now
CUST101447,14510.0,3081000.0,5092200.0,0.395,3552000.0,3726000.0,-2554000.0,0.0,Ready now
CUST101448,-11532.0,0.0,5056500.0,1.0,5056000.0,5056000.0,-4433000.0,0.0,Ready now
CUST101449,6658.0,0.0,125000.0,1.0,125000.0,205000.0,351000.0,53.0,Not on track
CUST101450,66844.0,5000.0,6935100.0,0.999,6933000.0,7735000.0,-4791000.0,0.0,Ready now
CUST101451,36711.0,827000.0,2434300.0,0.66,2021000.0,2462000.0,-904000.0,0.0,Ready now
CUST101452,5594.0,1312000.0,1581600.0,0.17,926000.0,993000.0,-238000.0,0.0,Ready now
CUST101453,12311.0,12000.0,155100.0,0.923,149000.0,297000.0,498000.0,40.0,Not on track
CUST101454,62842.0,181000.0,3915700.0,0.954,3825000.0,4579000.0,-1621000.0,0.0,Ready now
CUST101455,16314.0,3077000.0,6262700.0,0.509,4724000.0,4920000.0,-3273000.0,0.0,Ready now
CUST101456,31395.0,6000.0,197800.0,0.97,195000.0,572000.0,1210000.0,39.0,Not on track
CUST101457,13204.0,454000.0,855900.0,0.47,629000.0,787000.0,75000.0,6.0,Ready in 6 months
CUST101458,22708.0,0.0,45200.0,1.0,45000.0,317000.0,1149000.0,51.0,Not on track
CUST101459,18012.0,2288000.0,2367500.0,0.034,1224000.0,1440000.0,-152000.0,0.0,Ready now
CUST101460,32466.0,1641000.0,1693900.0,0.031,873000.0,1263000.0,35000.0,1.0,Ready in 6 months
CUST101461,8600.0,2305000.0,2399700.0,0.039,1247000.0,1350000.0,-427000.0,0.0,Ready now
CUST101462,30109.0,0.0,3869700.0,1.0,3870000.0,4231000.0,-2884000.0,0.0,Ready now
CUST101463,31953.0,0.0,629000.0,1.0,629000.0,1012000.0,790000.0,25.0,Not on track
CUST101464,16643.0,1257000.0,2297300.0,0.453,1669000.0,1869000.0,-795000.0,0.0,Ready now
CUST101465,10577.0,1214000.0,2049300.0,0.408,1442000.0,1569000.0,-1073000.0,0.0,Ready now
CUST101466,3685.0,1977000.0,2250300.0,0.121,1262000.0,1306000.0,311000.0,84.0,Not on track
CUST101467,16029.0,4312000.0,7534800.0,0.428,5379000.0,5571000.0,-3641000.0,0.0,Ready now
CUST101468,24636.0,3304000.0,3694400.0,0.106,2042000.0,2338000.0,-831000.0,0.0,Ready now
CUST101469,29001.0,5078000.0,5299600.0,0.042,2761000.0,3109000.0,-331000.0,0.0,Ready now
CUST101470,25700.0,2691000.0,2790200.0,0.036,1445000.0,1753000.0,-278000.0,0.0,Ready now
CUST101471,13470.0,1109000.0,1394600.0,0.205,840000.0,1002000.0,-210000.0,0.0,Ready now
CUST101472,9872.0,979000.0,1131400.0,0.135,642000.0,760000.0,-176000.0,0.0,Ready now
CUST101473,2931.0,1205000.0,1230300.0,0.021,628000.0,663000.0,-236000.0,0.0,Ready now
CUST101474,16019.0,1182000.0,2372900.0,0.502,1782000.0,1974000.0,-1353000.0,0.0,Ready now
CUST101475,6674.0,1726000.0,2463600.0,0.299,1601000.0,1681000.0,-919000.0,0.0,Ready now
CUST101476,8865.0,450000.0,663400.0,0.322,438000.0,544000.0,304000.0,34.0,Not on track
CUST101477,25680.0,28000.0,305600.0,0.908,292000.0,600000.0,647000.0,25.0,Not on track
CUST101478,21455.0,3748000.0,4117200.0,0.09,2243000.0,2500000.0,-721000.0,0.0,Ready now
CUST101479,11365.0,423000.0,527700.0,0.198,316000.0,452000.0,438000.0,39.0,Not on track
CUST101480,11696.0,0.0,222100.0,1.0,222000.0,362000.0,470000.0,40.0,Not on track
CUST101481,25917.0,0.0,704900.0,1.0,705000.0,1016000.0,75000.0,3.0,Ready in 6 months
CUST101482,17714.0,3070000.0,3251700.0,0.056,1717000.0,1930000.0,-147000.0,0.0,Ready now
CUST101483,-111.0,1550000.0,1788500.0,0.133,1014000.0,1014000.0,-208000.0,0.0,Ready now
CUST101484,8740.0,1992000.0,2181500.0,0.087,1186000.0,1291000.0,-742000.0,0.0,Ready now
CUST101485,52253.0,1845000.0,3843800.0,0.52,2921000.0,3548000.0,-1191000.0,0.0,Ready now
CUST101486,93125.0,8179000.0,17488300.0,0.532,13399000.0,14516000.0,-10895000.0,0.0,Ready now
CUST101487,26349.0,2256000.0,3628100.0,0.378,2500000.0,2816000.0,-1363000.0,0.0,Ready now
CUST101488,33125.0,1586000.0,4039700.0,0.607,3247000.0,3644000.0,-1947000.0,0.0,Ready now
CUST101489,12190.0,1401000.0,1487800.0,0.058,787000.0,933000.0,-239000.0,0.0,Ready now
CUST101490,23311.0,0.0,388900.0,1.0,389000.0,669000.0,554000.0,24.0,Ready in 24 months
CUST101491,21302.0,1920000.0,3708100.0,0.482,2748000.0,3004000.0,-1725000.0,0.0,Ready now
CUST101492,35921.0,13000.0,2303800.0,0.994,2297000.0,2728000.0,-1059000.0,0.0,Ready now
CUST101493,11873.0,112000.0,396100.0,0.717,340000.0,482000.0,475000.0,40.0,Not on track
CUST101494,29194.0,454000.0,1837900.0,0.753,1611000.0,1961000.0,-681000.0,0.0,Ready now
CUST101495,40343.0,2087000.0,2186100.0,0.045,1143000.0,1627000.0,198000.0,5.0,Ready in 6 months
CUST101496,59248.0,24000.0,652800.0,0.963,641000.0,1352000.0,1521000.0,26.0,Not on track
CUST101497,30771.0,3167000.0,3199200.0,0.01,1616000.0,1985000.0,550000.0,18.0,Ready in 24 months
CUST101498,50436.0,0.0,2676300.0,1.0,2676000.0,3281000.0,-809000.0,0.0,Ready now
CUST101499,12053.0,0.0,390900.0,1.0,391000.0,536000.0,625000.0,52.0,Not on track
CUST101500,17737.0,3000.0,1754900.0,0.998,1753000.0,1966000.0,-1047000.0,0.0,Ready now
CUST101501,1211.0,4344000.0,8121200.0,0.465,5949000.0,5964000.0,-5054000.0,0.0,Ready now
CUST101502,15531.0,738000.0,3198100.0,0.769,2829000.0,3015000.0,-2155000.0,0.0,Ready now
CUST101503,2373.0,1785000.0,3088500.0,0.422,2196000.0,2224000.0,-1376000.0,0.0,Ready now
CUST101504,30293.0,6460000.0,7004400.0,0.078,3774000.0,4138000.0,-1362000.0,0.0,Ready now
CUST101505,32930.0,711000.0,2407000.0,0.705,2052000.0,2447000.0,-1009000.0,0.0,Ready now
CUST101506,26830.0,2931000.0,4786700.0,0.388,3321000.0,3643000.0,-2211000.0,0.0,Ready now
CUST101507,6170.0,1174000.0,1282600.0,0.085,696000.0,770000.0,488000.0,79.0,Not on track
CUST101508,16709.0,1833000.0,2075100.0,0.117,1159000.0,1360000.0,-213000.0,0.0,Ready now
CUST101509,5412.0,26000.0,757800.0,0.966,745000.0,810000.0,-389000.0,0.0,Ready now
CUST101510,14579.0,52000.0,691800.0,0.925,666000.0,841000.0,-139000.0,0.0,Ready now
CUST101511,2597.0,0.0,837900.0,1.0,838000.0,869000.0,389000.0,150.0,Not on track
CUST101512,-404.0,210000.0,508200.0,0.587,403000.0,403000.0,-14000.0,0.0,Ready now
CUST101513,20032.0,820000.0,1285600.0,0.362,876000.0,1116000.0,63000.0,3.0,Ready in 6 months
CUST101514,12581.0,18000.0,1290500.0,0.986,1282000.0,1433000.0,-839000.0,0.0,Ready now
CUST101515,5744.0,1074000.0,1993100.0,0.461,1456000.0,1525000.0,-820000.0,0.0,Ready now
CUST101516,4081.0,0.0,2021900.0,1.0,2022000.0,2071000.0,-1201000.0,0.0,Ready now
CUST101517,22063.0,3512000.0,3805900.0,0.077,2050000.0,2315000.0,-477000.0,0.0,Ready now
CUST101518,29833.0,30000.0,2033700.0,0.985,2019000.0,2377000.0,-742000.0,0.0,Ready now
CUST101519,13739.0,449000.0,665100.0,0.325,441000.0,606000.0,106000.0,8.0,Ready in 12 months
CUST101520,20614.0,1163000.0,1344600.0,0.135,763000.0,1010000.0,393000.0,19.0,Ready in 24 months
CUST101521,5570.0,881000.0,1015700.0,0.133,575000.0,642000.0,-192000.0,0.0,Ready now
CUST101522,12432.0,1832000.0,2757700.0,0.336,1842000.0,1991000.0,-1107000.0,0.0,Ready now
CUST101523,13496.0,2551000.0,3382700.0,0.246,2107000.0,2269000.0,-1209000.0,0.0,Ready now
CUST101524,9144.0,8000.0,503300.0,0.984,499000.0,609000.0,252000.0,28.0,Not on track
CUST101525,53907.0,4325000.0,6542400.0,0.339,4380000.0,5027000.0,-2466000.0,0.0,Ready now
CUST101526,9677.0,0.0,209600.0,1.0,210000.0,326000.0,1111000.0,115.0,Not on track
CUST101527,24822.0,2217000.0,5055900.0,0.562,3947000.0,4245000.0,-3045000.0,0.0,Ready now
CUST101528,-480.0,1318000.0,1493100.0,0.117,834000.0,834000.0,41000.0,999.0,Not on track
CUST101529,10220.0,0.0,12800.0,1.0,13000.0,136000.0,302000.0,30.0,Not on track
CUST101530,12202.0,570000.0,876000.0,0.349,591000.0,737000.0,-112000.0,0.0,Ready now
CUST101531,6933.0,0.0,1475400.0,1.0,1475000.0,1558000.0,-1067000.0,0.0,Ready now
CUST101532,20736.0,1316000.0,2652200.0,0.504,1994000.0,2243000.0,-828000.0,0.0,Ready now
CUST101533,35503.0,4040000.0,4276000.0,0.055,2256000.0,2682000.0,-143000.0,0.0,Ready now
CUST101534,9389.0,1404000.0,2718300.0,0.484,2016000.0,2129000.0,-1598000.0,0.0,Ready now
CUST101535,10288.0,1071000.0,3287300.0,0.674,2752000.0,2875000.0,-2037000.0,0.0,Ready now
CUST101536,3160.0,43000.0,735800.0,0.942,714000.0,752000.0,-328000.0,0.0,Ready now
CUST101537,14882.0,1188000.0,1602000.0,0.258,1008000.0,1187000.0,-451000.0,0.0,Ready now
CUST101538,6530.0,1161000.0,3406900.0,0.659,2826000.0,2904000.0,-2165000.0,0.0,Ready now
CUST101539,20017.0,2209000.0,4330400.0,0.49,3226000.0,3466000.0,-2461000.0,0.0,Ready now
CUST101540,3749.0,47000.0,150900.0,0.689,127000.0,172000.0,253000.0,67.0,Not on track
CUST101541,10967.0,456000.0,1153700.0,0.605,926000.0,1058000.0,-70000.0,0.0,Ready now
CUST101542,5890.0,0.0,192900.0,1.0,193000.0,264000.0,287000.0,49.0,Not on track
CUST101543,19454.0,557000.0,1734100.0,0.679,1456000.0,1689000.0,-886000.0,0.0,Ready now
CUST101544,20590.0,2073000.0,2274000.0,0.088,1238000.0,1485000.0,-383000.0,0.0,Ready now
CUST101545,12914.0,1189000.0,3044600.0,0.609,2450000.0,2605000.0,-1680000.0,0.0,Ready now
CUST101546,11115.0,3269000.0,3549100.0,0.079,1915000.0,2048000.0,-1021000.0,0.0,Ready now
CUST101547,15078.0,2147000.0,3215300.0,0.332,2142000.0,2323000.0,-1306000.0,0.0,Ready now
CUST101548,11919.0,2456000.0,2607200.0,0.058,1379000.0,1522000.0,-325000.0,0.0,Ready now
CUST101549,19827.0,2975000.0,5090400.0,0.416,3603000.0,3841000.0,-2171000.0,0.0,Ready now
CUST101550,1390.0,605000.0,818200.0,0.261,516000.0,533000.0,-248000.0,0.0,Ready now
CUST101551,12888.0,1334000.0,1458100.0,0.085,791000.0,946000.0,-218000.0,0.0,Ready now
CUST101552,28681.0,0.0,4133100.0,1.0,4133000.0,4477000.0,-3016000.0,0.0,Ready now
CUST101553,16180.0,806000.0,1299500.0,0.38,896000.0,1090000.0,-144000.0,0.0,Ready now
CUST101554,24727.0,1511000.0,1626400.0,0.071,871000.0,1168000.0,-10000.0,0.0,Ready now
CUST101555,10537.0,0.0,2339200.0,1.0,2339000.0,2465000.0,-1555000.0,0.0,Ready now
CUST101556,8955.0,1275000.0,4732200.0,0.731,4095000.0,4202000.0,-3389000.0,0.0,Ready now
CUST101557,23746.0,1130000.0,2411900.0,0.531,1847000.0,2132000.0,-1072000.0,0.0,Ready now
CUST101558,11659.0,250000.0,2515700.0,0.901,2391000.0,2531000.0,-1862000.0,0.0,Ready now
CUST101559,7896.0,0.0,321700.0,1.0,322000.0,417000.0,686000.0,87.0,Not on track
CUST101560,39343.0,4705000.0,8017800.0,0.413,5665000.0,6137000.0,-3979000.0,0.0,Ready now
CUST101561,14350.0,0.0,155300.0,1.0,155000.0,327000.0,753000.0,52.0,Not on track
CUST101562,12087.0,1127000.0,1190400.0,0.053,627000.0,772000.0,966000.0,80.0,Not on track
CUST101563,11905.0,818000.0,1939600.0,0.578,1531000.0,1674000.0,-830000.0,0.0,Ready now
CUST101564,7010.0,819000.0,978000.0,0.163,568000.0,652000.0,36000.0,5.0,Ready in 6 months
CUST101565,29450.0,9000.0,693300.0,0.987,689000.0,1042000.0,528000.0,18.0,Ready in 24 months
CUST101566,20986.0,1230000.0,1353000.0,0.091,738000.0,990000.0,489000.0,23.0,Ready in 24 months
CUST101567,450.0,2128000.0,4378900.0,0.514,3315000.0,3320000.0,-2705000.0,0.0,Ready now
CUST101568,20086.0,22000.0,266400.0,0.917,255000.0,496000.0,1136000.0,57.0,Not on track
CUST101569,6333.0,1619000.0,1769500.0,0.085,960000.0,1036000.0,-438000.0,0.0,Ready now
CUST101570,5718.0,985000.0,1174900.0,0.162,682000.0,751000.0,88000.0,15.0,Ready in 24 months
CUST101571,38766.0,4298000.0,7368300.0,0.417,5219000.0,5684000.0,-3869000.0,0.0,Ready now
CUST101572,37453.0,3685000.0,8276500.0,0.555,6434000.0,6883000.0,-5064000.0,0.0,Ready now
CUST101573,-2193.0,2704000.0,3239200.0,0.165,1887000.0,1887000.0,-868000.0,0.0,Ready now
CUST101574,31219.0,5000.0,1073900.0,0.995,1071000.0,1446000.0,398000.0,13.0,Ready in 24 months
CUST101575,11058.0,1969000.0,2920500.0,0.326,1936000.0,2069000.0,-1114000.0,0.0,Ready now
CUST101576,9788.0,19000.0,69300.0,0.726,60000.0,177000.0,320000.0,33.0,Not on track
CUST101577,19376.0,12000.0,1736800.0,0.993,1731000.0,1964000.0,-1034000.0,0.0,Ready now
CUST101578,37805.0,3345000.0,5014500.0,0.333,3342000.0,3796000.0,-1980000.0,0.0,Ready now
CUST101579,40188.0,4302000.0,4583800.0,0.061,2433000.0,2915000.0,-1183000.0,0.0,Ready now
CUST101580,13153.0,795000.0,905900.0,0.122,508000.0,666000.0,143000.0,11.0,Ready in 12 months
CUST101581,-4.0,787000.0,2593200.0,0.697,2200000.0,2200000.0,-1825000.0,0.0,Ready now
CUST101582,3081.0,543000.0,2226000.0,0.756,1954000.0,1991000.0,-1402000.0,0.0,Ready now
CUST101583,15327.0,7000.0,2055200.0,0.997,2052000.0,2236000.0,-1297000.0,0.0,Ready now
CUST101584,7548.0,92000.0,130000.0,0.292,84000.0,175000.0,299000.0,40.0,Not on track
CUST101585,9972.0,1103000.0,1709900.0,0.355,1158000.0,1278000.0,-674000.0,0.0,Ready now
CUST101586,19229.0,10000.0,243800.0,0.959,239000.0,470000.0,408000.0,21.0,Ready in 24 months
CUST101587,24905.0,2684000.0,6222800.0,0.569,4881000.0,5180000.0,-4183000.0,0.0,Ready now
CUST101588,21942.0,0.0,86900.0,1.0,87000.0,350000.0,754000.0,34.0,Not on track
CUST101589,10958.0,932000.0,3093900.0,0.699,2628000.0,2759000.0,-1926000.0,0.0,Ready now
CUST101590,17604.0,1946000.0,2624000.0,0.258,1651000.0,1862000.0,-907000.0,0.0,Ready now
CUST101591,5425.0,9000.0,1701000.0,0.995,1696000.0,1761000.0,-1070000.0,0.0,Ready now
CUST101592,45116.0,2394000.0,2858100.0,0.162,1661000.0,2202000.0,-427000.0,0.0,Ready now
CUST101593,2056.0,0.0,2068300.0,1.0,2068000.0,2093000.0,-1377000.0,0.0,Ready now
CUST101594,116401.0,2622000.0,8858300.0,0.704,7547000.0,8944000.0,-2718000.0,0.0,Ready now
CUST101595,7652.0,1868000.0,2758500.0,0.323,1824000.0,1916000.0,-1475000.0,0.0,Ready now
CUST101596,18077.0,12000.0,1973000.0,0.994,1967000.0,2184000.0,-944000.0,0.0,Ready now
CUST101597,5616.0,487000.0,631100.0,0.228,388000.0,455000.0,461000.0,82.0,Not on track
CUST101598,4743.0,4000.0,593800.0,0.993,592000.0,649000.0,-112000.0,0.0,Ready now
CUST101599,22537.0,4544000.0,7434200.0,0.389,5162000.0,5432000.0,-2998000.0,0.0,Ready now
CUST101600,17930.0,555000.0,4202800.0,0.868,3925000.0,4140000.0,-2292000.0,0.0,Ready now
CUST101601,4383.0,899000.0,1021700.0,0.12,572000.0,625000.0,-334000.0,0.0,Ready now
CUST101602,4715.0,2000.0,50600.0,0.96,50000.0,107000.0,402000.0,85.0,Not on track
CUST101603,18618.0,781000.0,3336200.0,0.766,2946000.0,3169000.0,-2020000.0,0.0,Ready now
CUST101604,5085.0,2311000.0,3443900.0,0.329,2288000.0,2349000.0,-1759000.0,0.0,Ready now
CUST101605,10352.0,1229000.0,1721800.0,0.286,1107000.0,1231000.0,-729000.0,0.0,Ready now
CUST101606,20434.0,8000.0,193500.0,0.959,190000.0,435000.0,453000.0,22.0,Ready in 24 months
CUST101607,7159.0,622000.0,740900.0,0.16,430000.0,516000.0,-122000.0,0.0,Ready now
CUST101608,10979.0,1589000.0,3208300.0,0.505,2414000.0,2546000.0,-1680000.0,0.0,Ready now
CUST101609,35420.0,3853000.0,6471100.0,0.405,4545000.0,4970000.0,-3117000.0,0.0,Ready now
CUST101610,40375.0,11000.0,609500.0,0.982,604000.0,1088000.0,929000.0,23.0,Ready in 24 months
CUST101611,4991.0,0.0,1133400.0,1.0,1133000.0,1193000.0,-596000.0,0.0,Ready now
CUST101612,32810.0,12000.0,1937200.0,0.994,1931000.0,2325000.0,179000.0,5.0,Ready in 6 months
CUST101613,9573.0,1697000.0,2079600.0,0.184,1231000.0,1346000.0,-61000.0,0.0,Ready now
CUST101614,31205.0,532000.0,1671400.0,0.682,1405000.0,1779000.0,108000.0,3.0,Ready in 6 months
CUST101615,1535.0,442000.0,1855300.0,0.762,1634000.0,1652000.0,-1037000.0,0.0,Ready now
CUST101616,52546.0,3788000.0,6390300.0,0.407,4496000.0,5127000.0,-2628000.0,0.0,Ready now
CUST101617,480.0,617000.0,1697000.0,0.636,1388000.0,1394000.0,-796000.0,0.0,Ready now
CUST101618,53678.0,1635000.0,5795000.0,0.718,4978000.0,5622000.0,-3225000.0,0.0,Ready now
CUST101619,22215.0,5592000.0,8412300.0,0.335,5616000.0,5883000.0,-3661000.0,0.0,Ready now
CUST101620,23296.0,2341000.0,2475000.0,0.054,1304000.0,1584000.0,-362000.0,0.0,Ready now
CUST101621,18268.0,3202000.0,3529300.0,0.093,1928000.0,2147000.0,-714000.0,0.0,Ready now
CUST101622,27388.0,228000.0,1195700.0,0.809,1082000.0,1411000.0,-176000.0,0.0,Ready now
CUST101623,6913.0,0.0,219200.0,1.0,219000.0,302000.0,439000.0,64.0,Not on track
CUST101624,28020.0,0.0,2508600.0,1.0,2509000.0,2845000.0,-1174000.0,0.0,Ready now
CUST101625,13779.0,2647000.0,3048900.0,0.132,1725000.0,1890000.0,-538000.0,0.0,Ready now
CUST101626,7719.0,906000.0,971500.0,0.067,518000.0,611000.0,-233000.0,0.0,Ready now
CUST101627,12590.0,17000.0,715100.0,0.976,707000.0,858000.0,78000.0,6.0,Ready in 6 months
CUST101628,-6322.0,3539000.0,7535800.0,0.53,5766000.0,5766000.0,-4928000.0,0.0,Ready now
CUST101629,40695.0,1151000.0,1688000.0,0.318,1112000.0,1600000.0,148000.0,4.0,Ready in 6 months
CUST101630,23258.0,1000.0,3079000.0,1.0,3078000.0,3357000.0,-1653000.0,0.0,Ready now
CUST101631,8075.0,939000.0,1774100.0,0.471,1305000.0,1402000.0,-841000.0,0.0,Ready now
CUST101632,4372.0,0.0,1516300.0,1.0,1516000.0,1568000.0,-930000.0,0.0,Ready now
CUST101633,3294.0,0.0,1956200.0,1.0,1956000.0,1996000.0,-1248000.0,0.0,Ready now
CUST101634,17681.0,5628000.0,6064000.0,0.072,3250000.0,3462000.0,-2044000.0,0.0,Ready now
CUST101635,12690.0,4000.0,983400.0,0.996,981000.0,1133000.0,-249000.0,0.0,Ready now
CUST101636,52883.0,3264000.0,7972300.0,0.591,6340000.0,6975000.0,-4657000.0,0.0,Ready now
CUST101637,13181.0,1981000.0,2126600.0,0.068,1136000.0,1294000.0,-528000.0,0.0,Ready now
CUST101638,9893.0,823000.0,1270200.0,0.352,859000.0,978000.0,93000.0,9.0,Ready in 12 months
CUST101639,12445.0,1000.0,1070900.0,0.999,1070000.0,1219000.0,-675000.0,0.0,Ready now
CUST101640,10503.0,22000.0,58900.0,0.626,48000.0,174000.0,763000.0,73.0,Not on track
CUST101641,8607.0,542000.0,983700.0,0.449,713000.0,816000.0,-367000.0,0.0,Ready now
CUST101642,35014.0,0.0,111900.0,1.0,112000.0,532000.0,1927000.0,55.0,Not on track
CUST101643,11681.0,596000.0,802900.0,0.258,505000.0,645000.0,195000.0,17.0,Ready in 24 months
CUST101644,4178.0,4000.0,218400.0,0.982,216000.0,266000.0,159000.0,38.0,Not on track
CUST101645,10353.0,772000.0,1309100.0,0.41,923000.0,1047000.0,-484000.0,0.0,Ready now
CUST101646,12167.0,10000.0,1965600.0,0.995,1961000.0,2107000.0,-1011000.0,0.0,Ready now
CUST101647,9261.0,2000.0,858100.0,0.998,857000.0,968000.0,-146000.0,0.0,Ready now
CUST101648,10861.0,3000.0,1249500.0,0.998,1248000.0,1378000.0,123000.0,11.0,Ready in 12 months
CUST101649,15691.0,1769000.0,1893300.0,0.066,1009000.0,1197000.0,-447000.0,0.0,Ready now
CUST101650,31194.0,29000.0,1139000.0,0.975,1124000.0,1498000.0,173000.0,6.0,Ready in 6 months
CUST101651,2203.0,1678000.0,1931600.0,0.131,1093000.0,1119000.0,-597000.0,0.0,Ready now
CUST101652,29840.0,3777000.0,4061100.0,0.07,2173000.0,2531000.0,-1461000.0,0.0,Ready now
CUST101653,11948.0,451000.0,2504800.0,0.82,2279000.0,2422000.0,-1663000.0,0.0,Ready now
CUST101654,13596.0,1394000.0,1478500.0,0.057,782000.0,945000.0,-314000.0,0.0,Ready now
CUST101655,14876.0,1012000.0,1580500.0,0.36,1074000.0,1253000.0,-417000.0,0.0,Ready now
CUST101656,17072.0,0.0,63300.0,1.0,63000.0,268000.0,501000.0,29.0,Not on track
CUST101657,12438.0,0.0,1716500.0,1.0,1716000.0,1865000.0,-1183000.0,0.0,Ready now
CUST101658,-2330.0,0.0,1041000.0,1.0,1041000.0,1041000.0,-498000.0,0.0,Ready now
CUST101659,10952.0,2202000.0,3911600.0,0.437,2811000.0,2942000.0,-1942000.0,0.0,Ready now
CUST101660,5280.0,2051000.0,2421900.0,0.153,1396000.0,1459000.0,-696000.0,0.0,Ready now
CUST101661,29801.0,38000.0,1964700.0,0.981,1946000.0,2304000.0,-1134000.0,0.0,Ready now
CUST101662,7209.0,21000.0,264500.0,0.921,254000.0,341000.0,47000.0,7.0,Ready in 12 months
CUST101663,30474.0,17000.0,1771700.0,0.99,1763000.0,2129000.0,-445000.0,0.0,Ready now
CUST101664,2530.0,149000.0,573500.0,0.74,499000.0,529000.0,-141000.0,0.0,Ready now
CUST101665,3089.0,4000.0,247300.0,0.984,245000.0,282000.0,249000.0,81.0,Not on track
CUST101666,5462.0,0.0,690200.0,1.0,690000.0,756000.0,-305000.0,0.0,Ready now
CUST101667,33715.0,572000.0,1054400.0,0.458,768000.0,1173000.0,413000.0,12.0,Ready in 12 months
CUST101668,9589.0,485000.0,1156200.0,0.581,914000.0,1029000.0,-539000.0,0.0,Ready now
CUST101669,4401.0,958000.0,1505400.0,0.364,1026000.0,1079000.0,-650000.0,0.0,Ready now
CUST101670,12918.0,1000.0,1177200.0,0.999,1177000.0,1332000.0,-613000.0,0.0,Ready now
CUST101671,7354.0,1153000.0,3853400.0,0.701,3277000.0,3365000.0,-2493000.0,0.0,Ready now
CUST101672,14073.0,680000.0,1971500.0,0.655,1632000.0,1801000.0,-717000.0,0.0,Ready now
CUST101673,6888.0,0.0,336700.0,1.0,337000.0,420000.0,826000.0,120.0,Not on track
CUST101674,14897.0,44000.0,1461200.0,0.97,1439000.0,1618000.0,-499000.0,0.0,Ready now
CUST101675,38498.0,2709000.0,4360100.0,0.379,3006000.0,3468000.0,-1674000.0,0.0,Ready now
CUST101676,18408.0,1000.0,1468300.0,0.999,1468000.0,1689000.0,-512000.0,0.0,Ready now
CUST101677,13935.0,506000.0,1379900.0,0.633,1127000.0,1294000.0,-731000.0,0.0,Ready now
CUST101678,14881.0,1325000.0,1455800.0,0.09,793000.0,972000.0,-83000.0,0.0,Ready now
CUST101679,29949.0,16000.0,703100.0,0.977,695000.0,1054000.0,1146000.0,38.0,Not on track
CUST101680,54422.0,71000.0,515700.0,0.862,480000.0,1133000.0,1351000.0,25.0,Not on track
CUST101681,4838.0,0.0,2186200.0,1.0,2186000.0,2244000.0,-690000.0,0.0,Ready now
CUST101682,26284.0,2945000.0,3335000.0,0.117,1862000.0,2177000.0,-263000.0,0.0,Ready now
CUST101683,16988.0,2731000.0,2904600.0,0.06,1539000.0,1743000.0,-579000.0,0.0,Ready now
CUST101684,10486.0,237000.0,3586900.0,0.934,3468000.0,3594000.0,-2440000.0,0.0,Ready now
CUST101685,14970.0,21000.0,1223100.0,0.983,1213000.0,1393000.0,-382000.0,0.0,Ready now
CUST101686,50710.0,1912000.0,6794100.0,0.719,5838000.0,6447000.0,-4272000.0,0.0,Ready now
CUST101687,15081.0,98000.0,197000.0,0.503,148000.0,329000.0,230000.0,15.0,Ready in 24 months
CUST101688,23186.0,0.0,762300.0,1.0,762000.0,1040000.0,355000.0,15.0,Ready in 24 months
CUST101689,8060.0,21000.0,89600.0,0.766,79000.0,176000.0,189000.0,23.0,Ready in 24 months
CUST101690,13391.0,0.0,86500.0,1.0,86000.0,247000.0,333000.0,25.0,Not on track
CUST101691,9198.0,25000.0,3881400.0,0.994,3869000.0,3979000.0,-2584000.0,0.0,Ready now
CUST101692,14467.0,2505000.0,2633500.0,0.049,1381000.0,1555000.0,-277000.0,0.0,Ready now
CUST101693,24272.0,2000.0,101700.0,0.98,101000.0,392000.0,789000.0,33.0,Not on track
CUST101694,12774.0,2500000.0,5079000.0,0.508,3829000.0,3982000.0,-2899000.0,0.0,Ready now
CUST101695,5540.0,948000.0,2961500.0,0.68,2488000.0,2554000.0,-2034000.0,0.0,Ready now
CUST101696,21732.0,1865000.0,3354000.0,0.444,2422000.0,2683000.0,-1786000.0,0.0,Ready now
CUST101697,6694.0,144000.0,207500.0,0.306,136000.0,216000.0,214000.0,32.0,Not on track
CUST101698,11123.0,0.0,226400.0,1.0,226000.0,359000.0,390000.0,35.0,Not on track
CUST101699,21321.0,347000.0,416800.0,0.167,243000.0,499000.0,1149000.0,54.0,Not on track
CUST101700,17450.0,2667000.0,2900100.0,0.08,1567000.0,1776000.0,-611000.0,0.0,Ready now
CUST101701,49501.0,0.0,10168800.0,1.0,10169000.0,10763000.0,-8408000.0,0.0,Ready now
CUST101702,8397.0,3017000.0,3071300.0,0.018,1563000.0,1664000.0,-415000.0,0.0,Ready now
CUST101703,8049.0,368000.0,384800.0,0.044,201000.0,298000.0,78000.0,10.0,Ready in 12 months
CUST101704,16251.0,6834000.0,12788500.0,0.466,9372000.0,9567000.0,-6743000.0,0.0,Ready now
CUST101705,1511.0,1000.0,420300.0,0.998,420000.0,438000.0,-8000.0,0.0,Ready now
CUST101706,24750.0,0.0,1013300.0,1.0,1013000.0,1310000.0,-113000.0,0.0,Ready now
CUST101707,20411.0,645000.0,2136400.0,0.698,1814000.0,2059000.0,-771000.0,0.0,Ready now
CUST101708,23531.0,0.0,176200.0,1.0,176000.0,458000.0,942000.0,40.0,Not on track
CUST101709,23364.0,1903000.0,4836100.0,0.607,3885000.0,4165000.0,-3091000.0,0.0,Ready now
CUST101710,17410.0,12000.0,1121300.0,0.989,1115000.0,1324000.0,-91000.0,0.0,Ready now
CUST101711,9044.0,1231000.0,1432300.0,0.141,817000.0,926000.0,-305000.0,0.0,Ready now
CUST101712,71588.0,0.0,5592100.0,1.0,5592000.0,6451000.0,-1978000.0,0.0,Ready now
CUST101713,30304.0,155000.0,4165700.0,0.963,4088000.0,4452000.0,-2716000.0,0.0,Ready now
CUST101714,15010.0,4000.0,92200.0,0.957,90000.0,270000.0,822000.0,55.0,Not on track
CUST101715,20081.0,2144000.0,7237700.0,0.704,6166000.0,6407000.0,-3676000.0,0.0,Ready now
CUST101716,9820.0,21000.0,96800.0,0.783,86000.0,204000.0,366000.0,37.0,Not on track
CUST101717,17089.0,3692000.0,4078400.0,0.095,2232000.0,2437000.0,-702000.0,0.0,Ready now
CUST101718,11935.0,554000.0,1779900.0,0.689,1503000.0,1646000.0,-989000.0,0.0,Ready now
CUST101719,8107.0,353000.0,892800.0,0.605,716000.0,813000.0,303000.0,37.0,Not on track
CUST101720,27995.0,1351000.0,3042600.0,0.556,2367000.0,2703000.0,-1250000.0,0.0,Ready now
CUST101721,8128.0,1056000.0,1175000.0,0.101,647000.0,745000.0,-291000.0,0.0,Ready now
CUST101722,6925.0,681000.0,1256900.0,0.458,916000.0,999000.0,-432000.0,0.0,Ready now
CUST101723,66553.0,5029000.0,6270600.0,0.198,3756000.0,4555000.0,-1564000.0,0.0,Ready now
CUST101724,6167.0,1190000.0,1467600.0,0.189,873000.0,947000.0,-276000.0,0.0,Ready now
CUST101725,16470.0,7679000.0,17081000.0,0.55,13242000.0,13440000.0,-11772000.0,0.0,Ready now
CUST101726,13933.0,0.0,2602900.0,1.0,2603000.0,2770000.0,-695000.0,0.0,Ready now
CUST101727,27132.0,13000.0,1584200.0,0.992,1578000.0,1904000.0,-690000.0,0.0,Ready now
CUST101728,22547.0,2025000.0,2287000.0,0.115,1274000.0,1545000.0,-425000.0,0.0,Ready now
CUST101729,22673.0,5309000.0,5869300.0,0.095,3215000.0,3487000.0,-1368000.0,0.0,Ready now
CUST101730,69572.0,0.0,951900.0,1.0,952000.0,1787000.0,1326000.0,19.0,Ready in 24 months
CUST101731,12712.0,2310000.0,2333800.0,0.01,1179000.0,1332000.0,-568000.0,0.0,Ready now
CUST101732,30423.0,0.0,176000.0,1.0,176000.0,541000.0,1963000.0,65.0,Not on track
CUST101733,41594.0,283000.0,3254500.0,0.913,3113000.0,3612000.0,-1793000.0,0.0,Ready now
CUST101734,29243.0,207000.0,3040700.0,0.932,2937000.0,3288000.0,-1129000.0,0.0,Ready now
CUST101735,16465.0,1235000.0,1596300.0,0.226,979000.0,1177000.0,-269000.0,0.0,Ready now
CUST101736,19142.0,1339000.0,2022300.0,0.338,1353000.0,1583000.0,-736000.0,0.0,Ready now
CUST101737,10269.0,0.0,2323300.0,1.0,2323000.0,2446000.0,-1737000.0,0.0,Ready now
CUST101738,12330.0,450000.0,642200.0,0.299,417000.0,565000.0,99000.0,8.0,Ready in 12 months
CUST101739,62255.0,4026000.0,12843600.0,0.687,10831000.0,11578000.0,-8795000.0,0.0,Ready now
CUST101740,12908.0,2475000.0,2664100.0,0.071,1427000.0,1582000.0,-431000.0,0.0,Ready now
CUST101741,6324.0,1134000.0,2125300.0,0.466,1558000.0,1634000.0,-1102000.0,0.0,Ready now
CUST101742,27251.0,3133000.0,5455200.0,0.426,3889000.0,4216000.0,-3316000.0,0.0,Ready now
CUST101743,18021.0,1835000.0,2882000.0,0.363,1964000.0,2180000.0,-1340000.0,0.0,Ready now
CUST101744,9584.0,0.0,208400.0,1.0,208000.0,323000.0,425000.0,44.0,Not on track
CUST101745,1288.0,1855000.0,2705800.0,0.314,1778000.0,1793000.0,707000.0,549.0,Not on track
CUST101746,8398.0,1213000.0,1332100.0,0.089,726000.0,827000.0,-258000.0,0.0,Ready now
CUST101747,13454.0,0.0,1743200.0,1.0,1743000.0,1904000.0,-629000.0,0.0,Ready now
CUST101748,12076.0,503000.0,2618300.0,0.808,2367000.0,2512000.0,-1629000.0,0.0,Ready now
CUST101749,-1614.0,0.0,1167100.0,1.0,1167000.0,1167000.0,-569000.0,0.0,Ready now
CUST101750,7060.0,0.0,121200.0,1.0,121000.0,206000.0,262000.0,37.0,Not on track
CUST101751,18731.0,1796000.0,2455200.0,0.268,1557000.0,1782000.0,-735000.0,0.0,Ready now
CUST101752,3318.0,21000.0,1194500.0,0.982,1184000.0,1224000.0,-638000.0,0.0,Ready now
CUST101753,33378.0,2880000.0,2990100.0,0.037,1550000.0,1951000.0,-337000.0,0.0,Ready now
CUST101754,25218.0,151000.0,1950100.0,0.923,1875000.0,2178000.0,-1036000.0,0.0,Ready now
CUST101755,18102.0,0.0,217600.0,1.0,218000.0,435000.0,630000.0,35.0,Not on track
CUST101756,-673.0,1524000.0,2912200.0,0.477,2150000.0,2150000.0,-1730000.0,0.0,Ready now
CUST101757,23229.0,1319000.0,3740400.0,0.647,3081000.0,3360000.0,-1885000.0,0.0,Ready now
CUST101758,23062.0,1690000.0,3741200.0,0.548,2896000.0,3173000.0,-1854000.0,0.0,Ready now
CUST101759,10103.0,1918000.0,2128100.0,0.099,1169000.0,1290000.0,-463000.0,0.0,Ready now
CUST101760,8653.0,622000.0,647700.0,0.04,337000.0,441000.0,166000.0,19.0,Ready in 24 months
CUST101761,4049.0,896000.0,1238400.0,0.276,790000.0,839000.0,-484000.0,0.0,Ready now
CUST101762,28858.0,0.0,30300.0,1.0,30000.0,376000.0,1355000.0,47.0,Not on track
CUST101763,20633.0,6000.0,1535600.0,0.996,1533000.0,1781000.0,-926000.0,0.0,Ready now
CUST101764,35797.0,3977000.0,4377600.0,0.092,2389000.0,2819000.0,-716000.0,0.0,Ready now
CUST101765,10146.0,469000.0,503900.0,0.069,269000.0,391000.0,665000.0,66.0,Not on track
CUST101766,39029.0,9000.0,3315500.0,0.997,3311000.0,3779000.0,-1827000.0,0.0,Ready now
CUST101767,9056.0,5000.0,4904900.0,0.999,4902000.0,5011000.0,-3972000.0,0.0,Ready now
CUST101768,18376.0,91000.0,175800.0,0.482,130000.0,351000.0,577000.0,31.0,Not on track
CUST101769,17244.0,1489000.0,2545100.0,0.415,1801000.0,2008000.0,-972000.0,0.0,Ready now
CUST101770,7627.0,923000.0,1877600.0,0.508,1416000.0,1508000.0,-902000.0,0.0,Ready now
CUST101771,24643.0,1000.0,1667500.0,0.999,1667000.0,1963000.0,-440000.0,0.0,Ready now
CUST101772,26941.0,2862000.0,2886300.0,0.008,1455000.0,1778000.0,-315000.0,0.0,Ready now
CUST101773,12847.0,2120000.0,2473700.0,0.143,1414000.0,1568000.0,-604000.0,0.0,Ready now
CUST101774,19278.0,1812000.0,3062800.0,0.408,2157000.0,2388000.0,-1299000.0,0.0,Ready now
CUST101775,22275.0,1561000.0,1582900.0,0.014,802000.0,1069000.0,-35000.0,0.0,Ready now
CUST101776,32777.0,1000.0,820500.0,0.999,820000.0,1213000.0,356000.0,11.0,Ready in 12 months
CUST101777,10900.0,0.0,197500.0,1.0,198000.0,329000.0,301000.0,28.0,Not on track
CUST101778,15301.0,6000.0,1544600.0,0.996,1542000.0,1726000.0,-972000.0,0.0,Ready now
CUST101779,8679.0,4000.0,156000.0,0.974,154000.0,258000.0,422000.0,49.0,Not on track
CUST101780,17181.0,1005000.0,1302400.0,0.228,800000.0,1006000.0,120000.0,7.0,Ready in 12 months
CUST101781,27896.0,3105000.0,3174000.0,0.022,1622000.0,1957000.0,-462000.0,0.0,Ready now
CUST101782,14156.0,21000.0,1140500.0,0.982,1130000.0,1300000.0,-548000.0,0.0,Ready now
CUST101783,-5807.0,0.0,2252000.0,1.0,2252000.0,2252000.0,-1306000.0,0.0,Ready now
CUST101784,42138.0,5222000.0,8689700.0,0.399,6079000.0,6585000.0,-4599000.0,0.0,Ready now
CUST101785,12021.0,1966000.0,2099900.0,0.064,1117000.0,1261000.0,-117000.0,0.0,Ready now
CUST101786,53793.0,4188000.0,7807400.0,0.464,5713000.0,6359000.0,-4123000.0,0.0,Ready now
CUST101787,4198.0,65000.0,783800.0,0.917,751000.0,801000.0,-338000.0,0.0,Ready now
CUST101788,7066.0,357000.0,644700.0,0.446,466000.0,551000.0,-151000.0,0.0,Ready now
CUST101789,32707.0,2355000.0,2758000.0,0.146,1580000.0,1972000.0,-298000.0,0.0,Ready now
CUST101790,24864.0,7000.0,309300.0,0.977,306000.0,604000.0,666000.0,27.0,Not on track
CUST101791,-1338.0,415000.0,1126300.0,0.632,919000.0,919000.0,-541000.0,0.0,Ready now
CUST101792,40018.0,9000.0,675100.0,0.987,671000.0,1151000.0,1350000.0,34.0,Not on track
CUST101793,16428.0,0.0,899000.0,1.0,899000.0,1096000.0,79000.0,5.0,Ready in 6 months
CUST101794,37357.0,3389000.0,3947900.0,0.142,2253000.0,2701000.0,-845000.0,0.0,Ready now
CUST101795,17813.0,0.0,87500.0,1.0,88000.0,302000.0,504000.0,28.0,Not on track
CUST101796,64082.0,4003000.0,4431900.0,0.097,2430000.0,3199000.0,-425000.0,0.0,Ready now
CUST101797,11479.0,1204000.0,1480600.0,0.187,879000.0,1017000.0,37000.0,3.0,Ready in 6 months
CUST101798,30655.0,3000.0,3011700.0,0.999,3010000.0,3378000.0,-1360000.0,0.0,Ready now
CUST101799,23087.0,0.0,1006600.0,1.0,1007000.0,1284000.0,-266000.0,0.0,Ready now
CUST101800,6821.0,22000.0,249400.0,0.912,238000.0,320000.0,841000.0,123.0,Not on track
CUST101801,24745.0,2726000.0,2941300.0,0.073,1578000.0,1875000.0,-268000.0,0.0,Ready now
CUST101802,65293.0,35000.0,289200.0,0.879,272000.0,1056000.0,2417000.0,37.0,Not on track
CUST101803,10273.0,2112000.0,2173700.0,0.028,1118000.0,1241000.0,-323000.0,0.0,Ready now
CUST101804,28808.0,544000.0,1994300.0,0.727,1722000.0,2068000.0,-625000.0,0.0,Ready now
CUST101805,21173.0,2175000.0,4598100.0,0.527,3511000.0,3765000.0,-2369000.0,0.0,Ready now
CUST101806,9462.0,990000.0,1295300.0,0.236,800000.0,914000.0,-311000.0,0.0,Ready now
CUST101807,6699.0,0.0,429800.0,1.0,430000.0,510000.0,-136000.0,0.0,Ready now
CUST101808,5576.0,589000.0,648100.0,0.091,354000.0,421000.0,200000.0,36.0,Not on track
CUST101809,37737.0,3806000.0,5583500.0,0.318,3680000.0,4133000.0,-2072000.0,0.0,Ready now
CUST101810,38971.0,14000.0,3719500.0,0.996,3712000.0,4180000.0,-1667000.0,0.0,Ready now
CUST101811,18421.0,414000.0,874500.0,0.527,668000.0,889000.0,-44000.0,0.0,Ready now
CUST101812,4621.0,11000.0,544200.0,0.98,539000.0,594000.0,-264000.0,0.0,Ready now
CUST101813,37433.0,1122000.0,1378800.0,0.186,818000.0,1267000.0,1317000.0,35.0,Not on track
CUST101814,6714.0,1670000.0,1921300.0,0.131,1086000.0,1167000.0,-827000.0,0.0,Ready now
CUST101815,2178.0,0.0,106600.0,1.0,107000.0,133000.0,537000.0,247.0,Not on track
CUST101816,27079.0,4226000.0,6240300.0,0.323,4127000.0,4452000.0,-2071000.0,0.0,Ready now
CUST101817,37559.0,0.0,600800.0,1.0,601000.0,1052000.0,526000.0,14.0,Ready in 24 months
CUST101818,45883.0,35000.0,619100.0,0.943,602000.0,1153000.0,715000.0,16.0,Ready in 24 months
CUST101819,6147.0,1091000.0,1519300.0,0.282,974000.0,1048000.0,-552000.0,0.0,Ready now
CUST101820,4672.0,0.0,229800.0,1.0,230000.0,286000.0,20000.0,4.0,Ready in 6 months
CUST101821,47281.0,3318000.0,10749600.0,0.691,9091000.0,9658000.0,-7355000.0,0.0,Ready now
CUST101822,17146.0,0.0,3915600.0,1.0,3916000.0,4122000.0,-2926000.0,0.0,Ready now
CUST101823,-45.0,0.0,900400.0,1.0,900000.0,900000.0,-581000.0,0.0,Ready now
CUST101824,24898.0,1964000.0,2214900.0,0.113,1233000.0,1532000.0,-398000.0,0.0,Ready now
CUST101825,29075.0,3152000.0,5766900.0,0.453,4191000.0,4540000.0,-2464000.0,0.0,Ready now
CUST101826,30070.0,2736000.0,5605200.0,0.512,4237000.0,4598000.0,-2109000.0,0.0,Ready now
CUST101827,27800.0,342000.0,459300.0,0.255,288000.0,622000.0,524000.0,19.0,Ready in 24 months
CUST101828,19234.0,596000.0,833900.0,0.285,536000.0,767000.0,166000.0,9.0,Ready in 12 months
CUST101829,8476.0,0.0,34200.0,1.0,34000.0,136000.0,758000.0,89.0,Not on track
CUST101830,42296.0,2207000.0,2449800.0,0.099,1346000.0,1854000.0,50000.0,1.0,Ready in 6 months
CUST101831,28439.0,4062000.0,4171700.0,0.026,2141000.0,2482000.0,-220000.0,0.0,Ready now
CUST101832,29416.0,3192000.0,4910300.0,0.35,3314000.0,3667000.0,-2404000.0,0.0,Ready now
CUST101833,20535.0,2138000.0,2219700.0,0.037,1151000.0,1397000.0,-390000.0,0.0,Ready now
CUST101834,23107.0,0.0,50800.0,1.0,51000.0,328000.0,1324000.0,57.0,Not on track
CUST101835,33981.0,4026000.0,4522200.0,0.11,2509000.0,2917000.0,-557000.0,0.0,Ready now
CUST101836,5571.0,295000.0,784100.0,0.624,637000.0,704000.0,-158000.0,0.0,Ready now
CUST101837,20296.0,0.0,158800.0,1.0,159000.0,403000.0,723000.0,36.0,Not on track
CUST101838,34130.0,42000.0,1909000.0,0.978,1888000.0,2298000.0,-378000.0,0.0,Ready now
CUST101839,26153.0,600000.0,1581300.0,0.621,1281000.0,1595000.0,-252000.0,0.0,Ready now
CUST101840,13995.0,2059000.0,3011300.0,0.316,1982000.0,2150000.0,-1493000.0,0.0,Ready now
CUST101841,11120.0,1975000.0,2786400.0,0.291,1799000.0,1932000.0,-712000.0,0.0,Ready now
CUST101842,15512.0,1494000.0,1711900.0,0.127,965000.0,1151000.0,-502000.0,0.0,Ready now
CUST101843,3583.0,923000.0,1812300.0,0.491,1351000.0,1394000.0,-875000.0,0.0,Ready now
CUST101844,24832.0,1996000.0,2242700.0,0.11,1245000.0,1543000.0,-207000.0,0.0,Ready now
CUST101845,9727.0,3000.0,2507100.0,0.999,2506000.0,2623000.0,-1315000.0,0.0,Ready now
CUST101846,12898.0,1854000.0,3513900.0,0.472,2587000.0,2742000.0,-1812000.0,0.0,Ready now
CUST101847,14026.0,5000.0,1613700.0,0.997,1611000.0,1779000.0,-1034000.0,0.0,Ready now
CUST101848,16982.0,0.0,126500.0,1.0,126000.0,330000.0,632000.0,37.0,Not on track
CUST101849,10283.0,78000.0,236900.0,0.671,198000.0,321000.0,412000.0,40.0,Not on track
CUST101850,33645.0,1809000.0,2848100.0,0.365,1944000.0,2348000.0,-944000.0,0.0,Ready now
CUST101851,11858.0,0.0,839200.0,1.0,839000.0,981000.0,-233000.0,0.0,Ready now
CUST101852,14303.0,15000.0,2065800.0,0.993,2058000.0,2230000.0,-1284000.0,0.0,Ready now
CUST101853,15456.0,2000.0,1761500.0,0.999,1760000.0,1945000.0,-938000.0,0.0,Ready now
CUST101854,20753.0,1873000.0,3124400.0,0.401,2188000.0,2437000.0,-1491000.0,0.0,Ready now
CUST101855,54416.0,0.0,4474200.0,1.0,4474000.0,5127000.0,-2506000.0,0.0,Ready now
CUST101856,8952.0,5000.0,2324400.0,0.998,2322000.0,2429000.0,-1572000.0,0.0,Ready now
CUST101857,19166.0,4000.0,375900.0,0.989,374000.0,604000.0,208000.0,11.0,Ready in 12 months
CUST101858,14702.0,1542000.0,2242300.0,0.312,1471000.0,1647000.0,-794000.0,0.0,Ready now
CUST101859,33228.0,126000.0,818800.0,0.846,756000.0,1155000.0,316000.0,10.0,Ready in 12 months
CUST101860,25699.0,4264000.0,6160100.0,0.308,4028000.0,4336000.0,-2529000.0,0.0,Ready now
CUST101861,53222.0,2432000.0,2885500.0,0.157,1670000.0,2309000.0,201000.0,4.0,Ready in 6 months
CUST101862,10210.0,1750000.0,2482500.0,0.295,1608000.0,1731000.0,-1269000.0,0.0,Ready now
CUST101863,23152.0,2762000.0,6631300.0,0.583,5250000.0,5528000.0,-4513000.0,0.0,Ready now
CUST101864,7062.0,1913000.0,2253500.0,0.151,1297000.0,1382000.0,-401000.0,0.0,Ready now
CUST101865,31035.0,2159000.0,4518800.0,0.522,3439000.0,3811000.0,-2362000.0,0.0,Ready now
CUST101866,11499.0,1718000.0,1838200.0,0.065,979000.0,1117000.0,-305000.0,0.0,Ready now
CUST101867,20497.0,4995000.0,5184500.0,0.037,2687000.0,2933000.0,-1423000.0,0.0,Ready now
CUST101868,17650.0,2499000.0,2571000.0,0.028,1322000.0,1534000.0,-320000.0,0.0,Ready now
CUST101869,5609.0,3873000.0,4149400.0,0.067,2213000.0,2280000.0,-1149000.0,0.0,Ready now
CUST101870,15109.0,2512000.0,3151500.0,0.203,1896000.0,2077000.0,-670000.0,0.0,Ready now
CUST101871,20715.0,0.0,223500.0,1.0,224000.0,473000.0,989000.0,48.0,Not on track
CUST101872,2031.0,454000.0,596800.0,0.239,370000.0,394000.0,-52000.0,0.0,Ready now
CUST101873,23654.0,1854000.0,2140400.0,0.134,1213000.0,1497000.0,-225000.0,0.0,Ready now
CUST101874,37269.0,37000.0,6189600.0,0.994,6171000.0,6618000.0,-3834000.0,0.0,Ready now
CUST101875,62507.0,6008000.0,9056700.0,0.337,6053000.0,6803000.0,-3861000.0,0.0,Ready now
CUST101876,2238.0,2992000.0,4482800.0,0.333,2987000.0,3014000.0,-2038000.0,0.0,Ready now
CUST101877,12547.0,5000.0,279700.0,0.982,277000.0,428000.0,548000.0,44.0,Not on track
CUST101878,4672.0,30000.0,42900.0,0.301,28000.0,84000.0,328000.0,70.0,Not on track
CUST101879,13695.0,812000.0,1900900.0,0.573,1495000.0,1659000.0,-803000.0,0.0,Ready now
CUST101880,11849.0,1821000.0,2428700.0,0.25,1518000.0,1660000.0,-790000.0,0.0,Ready now
CUST101881,18813.0,0.0,42300.0,1.0,42000.0,268000.0,804000.0,43.0,Not on track
CUST101882,15496.0,2444000.0,3811800.0,0.359,2590000.0,2776000.0,-1902000.0,0.0,Ready now
CUST101883,21191.0,1910000.0,3308600.0,0.423,2354000.0,2608000.0,-1000000.0,0.0,Ready now
CUST101884,1300.0,0.0,174100.0,1.0,174000.0,190000.0,299000.0,230.0,Not on track
CUST101885,23840.0,12000.0,53500.0,0.776,48000.0,334000.0,980000.0,41.0,Not on track
CUST101886,8235.0,0.0,1035900.0,1.0,1036000.0,1135000.0,-98000.0,0.0,Ready now
CUST101887,5799.0,1598000.0,1769700.0,0.097,971000.0,1041000.0,-333000.0,0.0,Ready now
CUST101888,52770.0,4682000.0,5225100.0,0.104,2884000.0,3517000.0,-594000.0,0.0,Ready now
CUST101889,34655.0,3505000.0,5915500.0,0.407,4163000.0,4579000.0,-3121000.0,0.0,Ready now
CUST101890,5968.0,0.0,178400.0,1.0,178000.0,250000.0,356000.0,60.0,Not on track
CUST101891,8261.0,3045000.0,5454900.0,0.442,3932000.0,4031000.0,-2888000.0,0.0,Ready now
CUST101892,7462.0,6000.0,1010500.0,0.994,1008000.0,1098000.0,-596000.0,0.0,Ready now
CUST101893,12462.0,9000.0,116700.0,0.923,112000.0,262000.0,599000.0,48.0,Not on track
CUST101894,42853.0,1538000.0,2197600.0,0.3,1429000.0,1943000.0,496000.0,12.0,Ready in 12 months
CUST101895,11455.0,15000.0,140900.0,0.894,133000.0,270000.0,934000.0,82.0,Not on track
CUST101896,23404.0,10000.0,295300.0,0.966,290000.0,571000.0,683000.0,29.0,Not on track
CUST101897,28861.0,4061000.0,4302400.0,0.056,2272000.0,2618000.0,-834000.0,0.0,Ready now
CUST101898,19627.0,2209000.0,2394900.0,0.078,1290000.0,1526000.0,-233000.0,0.0,Ready now
CUST101899,5842.0,755000.0,1043600.0,0.277,666000.0,736000.0,122000.0,21.0,Ready in 24 months
CUST101900,36510.0,6000.0,1726200.0,0.997,1723000.0,2161000.0,-399000.0,0.0,Ready now
CUST101901,5567.0,617000.0,1452400.0,0.575,1144000.0,1211000.0,-804000.0,0.0,Ready now
CUST101902,8445.0,9000.0,210600.0,0.957,206000.0,307000.0,267000.0,32.0,Not on track
CUST101903,14922.0,414000.0,687900.0,0.398,481000.0,660000.0,173000.0,12.0,Ready in 12 months
CUST101904,26601.0,0.0,449400.0,1.0,449000.0,768000.0,427000.0,16.0,Ready in 24 months
CUST101905,10684.0,1719000.0,1794200.0,0.042,935000.0,1063000.0,-93000.0,0.0,Ready now
CUST101906,7071.0,5000.0,143500.0,0.965,141000.0,226000.0,183000.0,26.0,Not on track
CUST101907,4043.0,74000.0,237000.0,0.688,200000.0,249000.0,102000.0,25.0,Not on track
CUST101908,10371.0,1248000.0,1419100.0,0.121,795000.0,919000.0,163000.0,16.0,Ready in 24 months
CUST101909,17599.0,0.0,260500.0,1.0,260000.0,471000.0,373000.0,21.0,Ready in 24 months
CUST101910,4469.0,1705000.0,2618000.0,0.349,1766000.0,1820000.0,-1377000.0,0.0,Ready now
CUST101911,15222.0,0.0,1395800.0,1.0,1396000.0,1579000.0,-872000.0,0.0,Ready now
CUST101912,1721.0,11000.0,2011800.0,0.995,2006000.0,2027000.0,-1342000.0,0.0,Ready now
CUST101913,49098.0,4051000.0,6458400.0,0.373,4433000.0,5022000.0,-2532000.0,0.0,Ready now
CUST101914,23850.0,0.0,169900.0,1.0,170000.0,456000.0,534000.0,22.0,Ready in 24 months
CUST101915,43212.0,2869000.0,2914400.0,0.016,1480000.0,1999000.0,129000.0,3.0,Ready in 6 months
CUST101916,4101.0,61000.0,1664200.0,0.963,1634000.0,1683000.0,-886000.0,0.0,Ready now
CUST101917,12496.0,2914000.0,3018700.0,0.035,1562000.0,1712000.0,-325000.0,0.0,Ready now
CUST101918,19828.0,3174000.0,3825700.0,0.17,2239000.0,2477000.0,-783000.0,0.0,Ready now
CUST101919,6790.0,6000.0,1070700.0,0.994,1068000.0,1149000.0,-246000.0,0.0,Ready now
CUST101920,14450.0,2163000.0,2632800.0,0.178,1551000.0,1724000.0,-735000.0,0.0,Ready now
CUST101921,21320.0,1379000.0,1588900.0,0.132,899000.0,1155000.0,-77000.0,0.0,Ready now
CUST101922,-1139.0,0.0,429200.0,1.0,429000.0,429000.0,625000.0,999.0,Not on track
CUST101923,44842.0,478000.0,2895200.0,0.835,2656000.0,3194000.0,-1100000.0,0.0,Ready now
CUST101924,17426.0,32000.0,295300.0,0.892,279000.0,488000.0,703000.0,40.0,Not on track
CUST101925,14759.0,2164000.0,2224000.0,0.027,1142000.0,1319000.0,-720000.0,0.0,Ready now
CUST101926,10946.0,1444000.0,1552900.0,0.07,831000.0,962000.0,-462000.0,0.0,Ready now
CUST101927,18669.0,1946000.0,3339700.0,0.417,2367000.0,2591000.0,-1399000.0,0.0,Ready now
CUST101928,23668.0,0.0,94200.0,1.0,94000.0,378000.0,806000.0,34.0,Not on track
CUST101929,10354.0,5000.0,3877600.0,0.999,3875000.0,3999000.0,-2961000.0,0.0,Ready now
CUST101930,30978.0,23000.0,2566200.0,0.991,2555000.0,2927000.0,-1505000.0,0.0,Ready now
CUST101931,53971.0,3707000.0,4415500.0,0.16,2562000.0,3210000.0,-386000.0,0.0,Ready now
CUST101932,10526.0,8000.0,659600.0,0.988,656000.0,782000.0,-392000.0,0.0,Ready now
CUST101933,4835.0,1365000.0,1765200.0,0.227,1083000.0,1141000.0,-707000.0,0.0,Ready now
CUST101934,10786.0,1082000.0,1205400.0,0.102,664000.0,793000.0,-281000.0,0.0,Ready now
CUST101935,5566.0,1592000.0,4282300.0,0.628,3486000.0,3553000.0,-2872000.0,0.0,Ready now
CUST101936,20741.0,3449000.0,7995800.0,0.569,6271000.0,6520000.0,-4885000.0,0.0,Ready now
CUST101937,5885.0,411000.0,1700500.0,0.758,1495000.0,1566000.0,-976000.0,0.0,Ready now
CUST101938,6606.0,583000.0,633500.0,0.08,342000.0,421000.0,36000.0,5.0,Ready in 6 months
CUST101939,-6765.0,1955000.0,1997500.0,0.021,1020000.0,1020000.0,-270000.0,0.0,Ready now
CUST101940,33797.0,2757000.0,2855200.0,0.034,1477000.0,1883000.0,-269000.0,0.0,Ready now
CUST101941,912.0,608000.0,1044200.0,0.418,740000.0,751000.0,-382000.0,0.0,Ready now
CUST101942,5738.0,0.0,877100.0,1.0,877000.0,946000.0,-468000.0,0.0,Ready now
CUST101943,16590.0,1000.0,102800.0,0.99,102000.0,301000.0,566000.0,34.0,Not on track
CUST101944,26268.0,0.0,187900.0,1.0,188000.0,503000.0,958000.0,36.0,Not on track
CUST101945,26266.0,2866000.0,6249400.0,0.541,4816000.0,5131000.0,-3752000.0,0.0,Ready now
CUST101946,11641.0,0.0,56100.0,1.0,56000.0,196000.0,557000.0,48.0,Not on track
CUST101947,26487.0,2426000.0,2696600.0,0.1,1484000.0,1802000.0,-742000.0,0.0,Ready now
CUST101948,20478.0,2496000.0,5029300.0,0.504,3781000.0,4027000.0,-2727000.0,0.0,Ready now
CUST101949,4772.0,0.0,1001300.0,1.0,1001000.0,1058000.0,-221000.0,0.0,Ready now
CUST101950,10324.0,1063000.0,1437900.0,0.261,906000.0,1030000.0,-615000.0,0.0,Ready now
CUST101951,8402.0,2105000.0,2220100.0,0.052,1168000.0,1269000.0,-616000.0,0.0,Ready now
CUST101952,27982.0,6779000.0,7450500.0,0.09,4061000.0,4397000.0,-1822000.0,0.0,Ready now
CUST101953,3726.0,85000.0,511500.0,0.834,469000.0,514000.0,67000.0,18.0,Ready in 24 months
CUST101954,14354.0,1284000.0,2273000.0,0.435,1631000.0,1803000.0,-1273000.0,0.0,Ready now
CUST101955,11483.0,637000.0,751200.0,0.152,433000.0,571000.0,387000.0,34.0,Not on track
CUST101956,25192.0,2539000.0,2695300.0,0.058,1426000.0,1728000.0,-374000.0,0.0,Ready now
CUST101957,34363.0,3620000.0,4087200.0,0.114,2277000.0,2689000.0,-735000.0,0.0,Ready now
CUST101958,26102.0,23000.0,3950800.0,0.994,3939000.0,4252000.0,-2883000.0,0.0,Ready now
CUST101959,11306.0,0.0,1046700.0,1.0,1047000.0,1183000.0,-340000.0,0.0,Ready now
CUST101960,47726.0,0.0,322900.0,1.0,323000.0,896000.0,1549000.0,32.0,Not on track
CUST101961,13931.0,3397000.0,6401700.0,0.469,4703000.0,4870000.0,-3565000.0,0.0,Ready now
CUST101962,20629.0,0.0,423300.0,1.0,423000.0,671000.0,271000.0,13.0,Ready in 24 months
CUST101963,21085.0,2297000.0,3339000.0,0.312,2190000.0,2443000.0,-1680000.0,0.0,Ready now
CUST101964,22631.0,0.0,414500.0,1.0,414000.0,686000.0,542000.0,24.0,Ready in 24 months
CUST101965,38955.0,1827000.0,1979000.0,0.077,1066000.0,1533000.0,132000.0,3.0,Ready in 6 months
CUST101966,3931.0,1398000.0,1982400.0,0.295,1283000.0,1330000.0,-819000.0,0.0,Ready now
CUST101967,19728.0,2286000.0,3354500.0,0.319,2212000.0,2449000.0,-1184000.0,0.0,Ready now
CUST101968,6337.0,2640000.0,2923700.0,0.097,1604000.0,1680000.0,-913000.0,0.0,Ready now
CUST101969,14038.0,1467000.0,3491400.0,0.58,2758000.0,2926000.0,-2135000.0,0.0,Ready now
CUST101970,6652.0,1804000.0,1878400.0,0.04,976000.0,1056000.0,-232000.0,0.0,Ready now
CUST101971,53197.0,33000.0,364000.0,0.909,348000.0,986000.0,996000.0,19.0,Ready in 24 months
CUST101972,5449.0,1204000.0,1798300.0,0.33,1196000.0,1261000.0,-174000.0,0.0,Ready now
CUST101973,60473.0,23000.0,880400.0,0.974,869000.0,1595000.0,1973000.0,33.0,Not on track
CUST101974,20746.0,0.0,1488900.0,1.0,1489000.0,1738000.0,-878000.0,0.0,Ready now
CUST101975,10173.0,0.0,704800.0,1.0,705000.0,827000.0,357000.0,35.0,Not on track
CUST101976,9199.0,370000.0,617900.0,0.401,433000.0,543000.0,487000.0,53.0,Not on track
CUST101977,31300.0,3797000.0,6089900.0,0.377,4191000.0,4567000.0,-2887000.0,0.0,Ready now
CUST101978,50713.0,0.0,579400.0,1.0,579000.0,1188000.0,963000.0,19.0,Ready in 24 months
CUST101979,32837.0,0.0,244900.0,1.0,245000.0,639000.0,700000.0,21.0,Ready in 24 months
CUST101980,10709.0,940000.0,983900.0,0.045,514000.0,643000.0,59000.0,6.0,Ready in 6 months
CUST101981,6477.0,8000.0,1677300.0,0.995,1673000.0,1751000.0,-977000.0,0.0,Ready now
CUST101982,11848.0,2225000.0,4123000.0,0.46,3010000.0,3152000.0,-2128000.0,0.0,Ready now
CUST101983,16685.0,2987000.0,7204700.0,0.585,5711000.0,5911000.0,-3973000.0,0.0,Ready now
CUST101984,7328.0,133000.0,268100.0,0.504,202000.0,290000.0,280000.0,38.0,Not on track
CUST101985,13318.0,0.0,751600.0,1.0,752000.0,912000.0,-199000.0,0.0,Ready now
CUST101986,10005.0,0.0,2872500.0,1.0,2872000.0,2992000.0,-1718000.0,0.0,Ready now
CUST101987,5725.0,0.0,71100.0,1.0,71000.0,140000.0,448000.0,78.0,Not on track
CUST101988,4267.0,636000.0,747200.0,0.149,429000.0,480000.0,78000.0,18.0,Ready in 24 months
CUST101989,16910.0,846000.0,1341500.0,0.369,918000.0,1121000.0,581000.0,34.0,Not on track
CUST101990,12168.0,713000.0,2290900.0,0.689,1934000.0,2080000.0,-1046000.0,0.0,Ready now
CUST101991,27613.0,2000.0,2884900.0,0.999,2884000.0,3215000.0,-2030000.0,0.0,Ready now
CUST101992,45007.0,2770000.0,6887600.0,0.598,5503000.0,6043000.0,-3538000.0,0.0,Ready now
CUST101993,5517.0,593000.0,635300.0,0.067,339000.0,405000.0,76000.0,14.0,Ready in 24 months
CUST101994,7956.0,0.0,53900.0,1.0,54000.0,149000.0,382000.0,48.0,Not on track
CUST101995,8099.0,24000.0,2290100.0,0.99,2278000.0,2375000.0,-507000.0,0.0,Ready now
CUST101996,8333.0,2588000.0,5213500.0,0.504,3920000.0,4020000.0,-2806000.0,0.0,Ready now
CUST101997,5850.0,0.0,3250700.0,1.0,3251000.0,3321000.0,-1859000.0,0.0,Ready now
CUST101998,16698.0,2560000.0,3292900.0,0.223,2013000.0,2213000.0,-1165000.0,0.0,Ready now
CUST101999,16289.0,14000.0,2719100.0,0.995,2712000.0,2907000.0,-1942000.0,0.0,Ready now
CUST102000,5186.0,70000.0,3155900.0,0.978,3121000.0,3183000.0,-2424000.0,0.0,Ready now
CUST102001,16633.0,2490000.0,2870800.0,0.133,1626000.0,1826000.0,-702000.0,0.0,Ready now
CUST102002,19262.0,8000.0,236300.0,0.966,232000.0,463000.0,1053000.0,55.0,Not on track
CUST102003,14414.0,45000.0,1690600.0,0.973,1668000.0,1841000.0,-854000.0,0.0,Ready now
CUST102004,18513.0,1928000.0,2411200.0,0.2,1447000.0,1669000.0,15000.0,1.0,Ready in 6 months
CUST102005,18948.0,19000.0,1848700.0,0.99,1839000.0,2066000.0,-965000.0,0.0,Ready now
CUST102006,8634.0,1369000.0,2428800.0,0.436,1744000.0,1848000.0,-1265000.0,0.0,Ready now
CUST102007,6325.0,0.0,99500.0,1.0,100000.0,176000.0,226000.0,36.0,Not on track
CUST102008,-2104.0,1709000.0,2848600.0,0.4,1994000.0,1994000.0,-1427000.0,0.0,Ready now
CUST102009,34691.0,15000.0,122800.0,0.878,115000.0,531000.0,1156000.0,33.0,Not on track
CUST102010,27264.0,3109000.0,3336600.0,0.068,1782000.0,2109000.0,-736000.0,0.0,Ready now
CUST102011,28565.0,586000.0,667300.0,0.122,374000.0,717000.0,682000.0,24.0,Ready in 24 months
CUST102012,41544.0,2578000.0,2760800.0,0.066,1472000.0,1971000.0,174000.0,4.0,Ready in 6 months
CUST102013,11407.0,385000.0,563100.0,0.316,371000.0,508000.0,-23000.0,0.0,Ready now
CUST102014,18915.0,1826000.0,3120600.0,0.415,2208000.0,2435000.0,-1474000.0,0.0,Ready now
CUST102015,20647.0,1772000.0,4733000.0,0.626,3847000.0,4095000.0,-3082000.0,0.0,Ready now
CUST102016,30794.0,3216000.0,3703500.0,0.132,2096000.0,2466000.0,-1063000.0,0.0,Ready now
CUST102017,43218.0,0.0,1924200.0,1.0,1924000.0,2443000.0,-617000.0,0.0,Ready now
CUST102018,13955.0,2518000.0,2615900.0,0.037,1357000.0,1524000.0,-481000.0,0.0,Ready now
CUST102019,7382.0,5000.0,64500.0,0.922,62000.0,151000.0,451000.0,61.0,Not on track
CUST102020,29946.0,669000.0,1064300.0,0.371,730000.0,1089000.0,-53000.0,0.0,Ready now
CUST102021,19920.0,1000.0,67500.0,0.985,67000.0,306000.0,990000.0,50.0,Not on track
CUST102022,11905.0,9000.0,95500.0,0.906,91000.0,234000.0,385000.0,32.0,Not on track
CUST102023,9270.0,153000.0,332700.0,0.54,256000.0,367000.0,440000.0,47.0,Not on track
CUST102024,25649.0,2876000.0,6954700.0,0.586,5517000.0,5825000.0,-4321000.0,0.0,Ready now
CUST102025,50259.0,478000.0,1351400.0,0.646,1112000.0,1715000.0,185000.0,4.0,Ready in 6 months
CUST102026,11100.0,759000.0,1270500.0,0.403,891000.0,1024000.0,-435000.0,0.0,Ready now
CUST102027,37953.0,6000.0,453000.0,0.987,450000.0,905000.0,1022000.0,27.0,Not on track
CUST102028,16413.0,0.0,901800.0,1.0,902000.0,1099000.0,-324000.0,0.0,Ready now
CUST102029,8526.0,1539000.0,2532000.0,0.392,1762000.0,1864000.0,-1310000.0,0.0,Ready now
CUST102030,7794.0,2000.0,690900.0,0.997,690000.0,784000.0,-237000.0,0.0,Ready now
CUST102031,32896.0,544000.0,2619500.0,0.792,2348000.0,2743000.0,-1244000.0,0.0,Ready now
CUST102032,23958.0,0.0,3014100.0,1.0,3014000.0,3301000.0,-1957000.0,0.0,Ready now
CUST102033,15574.0,2013000.0,2048800.0,0.017,1042000.0,1229000.0,-196000.0,0.0,Ready now
CUST102034,25753.0,1911000.0,1932000.0,0.011,976000.0,1285000.0,271000.0,11.0,Ready in 12 months
CUST102035,9253.0,1344000.0,2269100.0,0.408,1597000.0,1708000.0,-733000.0,0.0,Ready now
CUST102036,28019.0,2064000.0,2267100.0,0.09,1235000.0,1571000.0,-273000.0,0.0,Ready now
CUST102037,8816.0,1929000.0,2790200.0,0.309,1826000.0,1932000.0,-1054000.0,0.0,Ready now
CUST102038,15115.0,1267000.0,1304300.0,0.029,671000.0,852000.0,-78000.0,0.0,Ready now
CUST102039,36190.0,12000.0,590700.0,0.98,585000.0,1019000.0,749000.0,21.0,Ready in 24 months
CUST102040,8758.0,0.0,5872800.0,1.0,5873000.0,5978000.0,-3877000.0,0.0,Ready now
CUST102041,39916.0,3162000.0,5479300.0,0.423,3898000.0,4377000.0,-1993000.0,0.0,Ready now
CUST102042,15852.0,1867000.0,3370400.0,0.446,2437000.0,2627000.0,-1771000.0,0.0,Ready now
CUST102043,11368.0,838000.0,2414200.0,0.653,1995000.0,2131000.0,-1501000.0,0.0,Ready now
CUST102044,9445.0,119000.0,213100.0,0.442,154000.0,267000.0,343000.0,36.0,Not on track
CUST102045,39218.0,3140000.0,7959900.0,0.606,6390000.0,6861000.0,-4694000.0,0.0,Ready now
CUST102046,28374.0,4000.0,1056500.0,0.996,1054000.0,1394000.0,-62000.0,0.0,Ready now
CUST102047,14324.0,1020000.0,2607200.0,0.609,2097000.0,2269000.0,-1342000.0,0.0,Ready now
CUST102048,11942.0,636000.0,678900.0,0.063,361000.0,504000.0,634000.0,53.0,Not on track
CUST102049,4645.0,19000.0,164000.0,0.884,154000.0,210000.0,423000.0,91.0,Not on track
CUST102050,6400.0,1029000.0,1457700.0,0.294,943000.0,1020000.0,-489000.0,0.0,Ready now
CUST102051,26215.0,0.0,47000.0,1.0,47000.0,362000.0,1010000.0,39.0,Not on track
CUST102052,10367.0,0.0,140400.0,1.0,140000.0,264000.0,477000.0,46.0,Not on track
CUST102053,28341.0,2749000.0,3011600.0,0.087,1637000.0,1977000.0,-652000.0,0.0,Ready now
CUST102054,576.0,1067000.0,1592900.0,0.33,1059000.0,1066000.0,-740000.0,0.0,Ready now
CUST102055,11702.0,4000.0,959400.0,0.996,957000.0,1097000.0,-323000.0,0.0,Ready now
CUST102056,8801.0,10000.0,188600.0,0.947,184000.0,290000.0,694000.0,79.0,Not on track
CUST102057,-442.0,621000.0,780100.0,0.204,470000.0,470000.0,-182000.0,0.0,Ready now
CUST102058,9244.0,0.0,790900.0,1.0,791000.0,902000.0,-318000.0,0.0,Ready now
CUST102059,22431.0,549000.0,2157500.0,0.746,1883000.0,2152000.0,-873000.0,0.0,Ready now
CUST102060,26051.0,3279000.0,3614800.0,0.093,1975000.0,2288000.0,-823000.0,0.0,Ready now
CUST102061,10248.0,1572000.0,2651500.0,0.407,1866000.0,1989000.0,-1232000.0,0.0,Ready now
CUST102062,13358.0,158000.0,303300.0,0.479,224000.0,384000.0,645000.0,48.0,Not on track
CUST102063,11637.0,2101000.0,2513100.0,0.164,1463000.0,1603000.0,-584000.0,0.0,Ready now
CUST102064,2494.0,464000.0,591800.0,0.216,360000.0,390000.0,12000.0,5.0,Ready in 6 months
CUST102065,19470.0,3218000.0,3771500.0,0.147,2162000.0,2396000.0,-371000.0,0.0,Ready now
CUST102066,4689.0,5000.0,1556200.0,0.997,1554000.0,1610000.0,-951000.0,0.0,Ready now
CUST102067,14784.0,1301000.0,3265800.0,0.602,2615000.0,2792000.0,-1891000.0,0.0,Ready now
CUST102068,24101.0,0.0,1319700.0,1.0,1320000.0,1609000.0,-126000.0,0.0,Ready now
CUST102069,11181.0,1000.0,50300.0,0.98,50000.0,184000.0,330000.0,30.0,Not on track
CUST102070,21032.0,2190000.0,2626100.0,0.166,1531000.0,1783000.0,39000.0,2.0,Ready in 6 months
CUST102071,45351.0,2851000.0,4234700.0,0.327,2809000.0,3353000.0,-1133000.0,0.0,Ready now
CUST102072,22288.0,1329000.0,1679400.0,0.209,1015000.0,1282000.0,48000.0,2.0,Ready in 6 months
CUST102073,17979.0,3167000.0,6576200.0,0.518,4993000.0,5209000.0,-3745000.0,0.0,Ready now
CUST102074,14656.0,31000.0,3775300.0,0.992,3760000.0,3936000.0,-2918000.0,0.0,Ready now
CUST102075,16251.0,0.0,1223700.0,1.0,1224000.0,1419000.0,-160000.0,0.0,Ready now
CUST102076,11253.0,11000.0,1789900.0,0.994,1784000.0,1919000.0,-1184000.0,0.0,Ready now
CUST102077,28346.0,31000.0,358800.0,0.914,343000.0,683000.0,632000.0,22.0,Ready in 24 months
CUST102078,22338.0,1640000.0,3657400.0,0.552,2837000.0,3105000.0,-2032000.0,0.0,Ready now
CUST102079,-1407.0,2767000.0,4895700.0,0.435,3512000.0,3512000.0,-2882000.0,0.0,Ready now
CUST102080,44778.0,3460000.0,5208900.0,0.336,3479000.0,4016000.0,-2075000.0,0.0,Ready now
CUST102081,49957.0,0.0,5680200.0,1.0,5680000.0,6279000.0,-2719000.0,0.0,Ready now
CUST102082,25511.0,1990000.0,2100600.0,0.053,1106000.0,1412000.0,-168000.0,0.0,Ready now
CUST102083,8471.0,1971000.0,2395200.0,0.177,1410000.0,1512000.0,-338000.0,0.0,Ready now
CUST102084,11315.0,1576000.0,2025000.0,0.222,1237000.0,1373000.0,-693000.0,0.0,Ready now
CUST102085,29113.0,3272000.0,3632900.0,0.099,1997000.0,2346000.0,-513000.0,0.0,Ready now
CUST102086,21536.0,3000.0,24300.0,0.877,23000.0,281000.0,651000.0,30.0,Not on track
CUST102087,145444.0,0.0,10148800.0,1.0,10149000.0,11894000.0,-5373000.0,0.0,Ready now
CUST102088,12409.0,631000.0,1396600.0,0.548,1081000.0,1230000.0,-722000.0,0.0,Ready now
CUST102089,52788.0,578000.0,7112700.0,0.919,6824000.0,7457000.0,-4627000.0,0.0,Ready now
CUST102090,11967.0,973000.0,2142200.0,0.546,1656000.0,1800000.0,-29000.0,0.0,Ready now
CUST102091,182.0,1796000.0,1896900.0,0.053,999000.0,1001000.0,-616000.0,0.0,Ready now
CUST102092,55576.0,5780000.0,6556200.0,0.118,3666000.0,4333000.0,-505000.0,0.0,Ready now
CUST102093,7649.0,1590000.0,1607600.0,0.011,813000.0,905000.0,-261000.0,0.0,Ready now
CUST102094,11770.0,2002000.0,2752200.0,0.273,1751000.0,1892000.0,-1010000.0,0.0,Ready now
CUST102095,7780.0,0.0,168700.0,1.0,169000.0,262000.0,161000.0,21.0,Ready in 24 months
CUST102096,15691.0,0.0,317900.0,1.0,318000.0,506000.0,604000.0,38.0,Not on track
CUST102097,30744.0,1615000.0,3559000.0,0.546,2752000.0,3121000.0,-1786000.0,0.0,Ready now
CUST102098,9606.0,19000.0,2725800.0,0.993,2716000.0,2831000.0,-2099000.0,0.0,Ready now
CUST102099,75183.0,3614000.0,3989100.0,0.094,2182000.0,3084000.0,1172000.0,16.0,Ready in 24 months
CUST102100,18611.0,2190000.0,2359500.0,0.072,1264000.0,1487000.0,-497000.0,0.0,Ready now
CUST102101,7990.0,722000.0,737100.0,0.02,376000.0,472000.0,-82000.0,0.0,Ready now
CUST102102,1307.0,1962000.0,2411200.0,0.186,1430000.0,1446000.0,-59000.0,0.0,Ready now
CUST102103,12322.0,12000.0,914000.0,0.987,908000.0,1056000.0,-438000.0,0.0,Ready now
CUST102104,32261.0,0.0,658500.0,1.0,658000.0,1045000.0,1416000.0,44.0,Not on track
CUST102105,9033.0,1882000.0,1986600.0,0.053,1046000.0,1154000.0,-71000.0,0.0,Ready now
CUST102106,13081.0,1615000.0,1913700.0,0.156,1106000.0,1263000.0,-522000.0,0.0,Ready now
CUST102107,3131.0,1294000.0,2081800.0,0.378,1435000.0,1473000.0,-1086000.0,0.0,Ready now
CUST102108,29373.0,0.0,5466300.0,1.0,5466000.0,5818000.0,-4112000.0,0.0,Ready now
CUST102109,15096.0,1814000.0,1986800.0,0.087,1080000.0,1261000.0,-333000.0,0.0,Ready now
CUST102110,39470.0,25000.0,2471600.0,0.99,2459000.0,2933000.0,-1107000.0,0.0,Ready now
CUST102111,16987.0,1755000.0,2105100.0,0.166,1228000.0,1432000.0,-456000.0,0.0,Ready now
CUST102112,57240.0,626000.0,1230400.0,0.491,917000.0,1604000.0,1094000.0,19.0,Ready in 24 months
CUST102113,-186.0,250000.0,710700.0,0.648,586000.0,586000.0,-302000.0,0.0,Ready now
CUST102114,6692.0,778000.0,2324600.0,0.665,1936000.0,2016000.0,-1591000.0,0.0,Ready now
CUST102115,50528.0,2767000.0,2805400.0,0.014,1422000.0,2028000.0,78000.0,2.0,Ready in 6 months
CUST102116,12368.0,747000.0,3017200.0,0.752,2644000.0,2792000.0,-1859000.0,0.0,Ready now
CUST102117,14229.0,2121000.0,2568800.0,0.174,1508000.0,1679000.0,-639000.0,0.0,Ready now
CUST102118,5099.0,0.0,157800.0,1.0,158000.0,219000.0,439000.0,86.0,Not on track
CUST102119,6697.0,1700000.0,1803800.0,0.058,954000.0,1034000.0,-378000.0,0.0,Ready now
CUST102120,9532.0,3663000.0,4121900.0,0.111,2290000.0,2404000.0,-928000.0,0.0,Ready now
CUST102121,19040.0,1168000.0,1587600.0,0.264,1004000.0,1232000.0,-216000.0,0.0,Ready now
CUST102122,9127.0,0.0,1141800.0,1.0,1142000.0,1252000.0,-559000.0,0.0,Ready now
CUST102123,27034.0,2772000.0,3911100.0,0.291,2525000.0,2849000.0,-1053000.0,0.0,Ready now
CUST102124,8321.0,0.0,489200.0,1.0,489000.0,589000.0,722000.0,87.0,Not on track
CUST102125,8401.0,1217000.0,2290200.0,0.469,1682000.0,1783000.0,-940000.0,0.0,Ready now
CUST102126,35957.0,0.0,433400.0,1.0,433000.0,864000.0,689000.0,19.0,Ready in 24 months
CUST102127,15354.0,233000.0,250800.0,0.071,134000.0,318000.0,467000.0,30.0,Not on track
CUST102128,14416.0,3389000.0,3635800.0,0.068,1941000.0,2114000.0,-864000.0,0.0,Ready now
CUST102129,14263.0,0.0,263700.0,1.0,264000.0,435000.0,810000.0,57.0,Not on track
CUST102130,11438.0,453000.0,1303300.0,0.652,1077000.0,1214000.0,-550000.0,0.0,Ready now
CUST102131,62941.0,1298000.0,4960500.0,0.738,4312000.0,5067000.0,-1545000.0,0.0,Ready now
CUST102132,9516.0,21000.0,158500.0,0.868,148000.0,262000.0,966000.0,102.0,Not on track
CUST102133,21705.0,1982000.0,2196400.0,0.098,1205000.0,1465000.0,-467000.0,0.0,Ready now
CUST102134,20185.0,1567000.0,2495600.0,0.372,1712000.0,1954000.0,-712000.0,0.0,Ready now
CUST102135,15280.0,4000.0,148000.0,0.973,146000.0,329000.0,495000.0,32.0,Not on track
CUST102136,6092.0,0.0,846500.0,1.0,846000.0,919000.0,-290000.0,0.0,Ready now
CUST102137,15855.0,329000.0,349900.0,0.06,185000.0,375000.0,607000.0,38.0,Not on track
CUST102138,26630.0,196000.0,339600.0,0.423,242000.0,562000.0,578000.0,22.0,Ready in 24 months
CUST102139,15506.0,25000.0,1121700.0,0.978,1109000.0,1295000.0,-447000.0,0.0,Ready now
CUST102140,50735.0,2933000.0,6879100.0,0.574,5413000.0,6022000.0,-3561000.0,0.0,Ready now
CUST102141,18463.0,618000.0,1953300.0,0.684,1644000.0,1866000.0,-968000.0,0.0,Ready now
CUST102142,15938.0,0.0,154100.0,1.0,154000.0,345000.0,467000.0,29.0,Not on track
CUST102143,5637.0,354000.0,506800.0,0.301,330000.0,398000.0,119000.0,21.0,Ready in 24 months
CUST102144,8405.0,5000.0,449600.0,0.989,447000.0,548000.0,1000.0,0.0,Ready now
CUST102145,44003.0,595000.0,1367700.0,0.565,1070000.0,1598000.0,587000.0,13.0,Ready in 24 months
CUST102146,27714.0,2120000.0,2319600.0,0.086,1260000.0,1593000.0,-424000.0,0.0,Ready now
CUST102147,34580.0,3533000.0,3576900.0,0.012,1810000.0,2225000.0,-559000.0,0.0,Ready now
CUST102148,38749.0,1783000.0,6992400.0,0.745,6101000.0,6566000.0,-4981000.0,0.0,Ready now
CUST102149,2037.0,1702000.0,3314400.0,0.486,2463000.0,2487000.0,-1795000.0,0.0,Ready now
CUST102150,16915.0,17000.0,3359800.0,0.995,3351000.0,3554000.0,-2057000.0,0.0,Ready now
CUST102151,21215.0,0.0,695000.0,1.0,695000.0,950000.0,29000.0,1.0,Ready in 6 months
CUST102152,10317.0,1569000.0,1627700.0,0.036,843000.0,967000.0,-270000.0,0.0,Ready now
CUST102153,16729.0,5000.0,2097500.0,0.998,2095000.0,2296000.0,-899000.0,0.0,Ready now
CUST102154,6834.0,225000.0,1416400.0,0.841,1304000.0,1386000.0,-620000.0,0.0,Ready now
CUST102155,26363.0,3099000.0,3139700.0,0.013,1590000.0,1906000.0,-526000.0,0.0,Ready now
CUST102156,11797.0,1557000.0,1719600.0,0.095,941000.0,1083000.0,504000.0,43.0,Not on track
CUST102157,14917.0,23000.0,107400.0,0.786,96000.0,275000.0,808000.0,54.0,Not on track
CUST102158,19179.0,2969000.0,3068100.0,0.032,1584000.0,1814000.0,-424000.0,0.0,Ready now
CUST102159,47984.0,0.0,150700.0,1.0,151000.0,727000.0,1805000.0,38.0,Not on track
CUST102160,34701.0,1294000.0,1429800.0,0.095,783000.0,1199000.0,350000.0,10.0,Ready in 12 months
CUST102161,9094.0,2681000.0,5057900.0,0.47,3717000.0,3826000.0,-2724000.0,0.0,Ready now
CUST102162,4150.0,597000.0,764300.0,0.219,466000.0,516000.0,-107000.0,0.0,Ready now
CUST102163,21521.0,996000.0,15602300.0,0.936,15104000.0,15362000.0,-8738000.0,0.0,Ready now
CUST102164,11475.0,0.0,148300.0,1.0,148000.0,286000.0,300000.0,26.0,Not on track
CUST102165,-468.0,1777000.0,2732500.0,0.35,1844000.0,1844000.0,-1415000.0,0.0,Ready now
CUST102166,2593.0,0.0,303700.0,1.0,304000.0,335000.0,344000.0,133.0,Not on track
CUST102167,72203.0,44000.0,4598900.0,0.99,4577000.0,5443000.0,-1733000.0,0.0,Ready now
CUST102168,3588.0,1727000.0,3553700.0,0.514,2690000.0,2733000.0,-1956000.0,0.0,Ready now
CUST102169,24539.0,2774000.0,3395300.0,0.183,2008000.0,2302000.0,-771000.0,0.0,Ready now
CUST102170,15403.0,1651000.0,1728300.0,0.045,903000.0,1088000.0,-155000.0,0.0,Ready now
CUST102171,5939.0,52000.0,136000.0,0.618,110000.0,181000.0,374000.0,63.0,Not on track
CUST102172,29628.0,19000.0,418800.0,0.955,409000.0,765000.0,550000.0,19.0,Ready in 24 months
CUST102173,13453.0,821000.0,996100.0,0.176,586000.0,747000.0,106000.0,8.0,Ready in 12 months
CUST102174,12048.0,84000.0,1749400.0,0.952,1707000.0,1852000.0,-715000.0,0.0,Ready now
CUST102175,40929.0,2503000.0,3553000.0,0.296,2302000.0,2793000.0,-946000.0,0.0,Ready now
CUST102176,71304.0,22000.0,225000.0,0.902,214000.0,1070000.0,2358000.0,33.0,Not on track
CUST102177,8242.0,1444000.0,2125100.0,0.321,1403000.0,1502000.0,-1092000.0,0.0,Ready now
CUST102178,26792.0,0.0,171700.0,1.0,172000.0,494000.0,746000.0,28.0,Not on track
CUST102179,12056.0,2361000.0,4888700.0,0.517,3708000.0,3853000.0,-2947000.0,0.0,Ready now
CUST102180,6684.0,0.0,2004700.0,1.0,2005000.0,2085000.0,-1210000.0,0.0,Ready now
CUST102181,39510.0,630000.0,17229600.0,0.963,16915000.0,17389000.0,-13334000.0,0.0,Ready now
CUST102182,-5307.0,2809000.0,3418600.0,0.178,2014000.0,2014000.0,-1550000.0,0.0,Ready now
CUST102183,10439.0,3000.0,293800.0,0.99,292000.0,417000.0,64000.0,6.0,Ready in 6 months
CUST102184,10609.0,24000.0,1092700.0,0.978,1081000.0,1208000.0,-545000.0,0.0,Ready now
CUST102185,19536.0,2675000.0,4800600.0,0.443,3463000.0,3697000.0,-2671000.0,0.0,Ready now
CUST102186,21852.0,144000.0,551300.0,0.739,479000.0,741000.0,272000.0,12.0,Ready in 12 months
CUST102187,7817.0,286000.0,621100.0,0.54,478000.0,572000.0,214000.0,27.0,Not on track
CUST102188,8039.0,977000.0,1616600.0,0.396,1128000.0,1224000.0,-813000.0,0.0,Ready now
CUST102189,53464.0,0.0,3922700.0,1.0,3923000.0,4565000.0,-1005000.0,0.0,Ready now
CUST102190,9093.0,257000.0,668700.0,0.616,540000.0,649000.0,623000.0,69.0,Not on track
CUST102191,24878.0,444000.0,2521100.0,0.824,2299000.0,2598000.0,-1567000.0,0.0,Ready now
CUST102192,52060.0,0.0,586300.0,1.0,586000.0,1211000.0,1737000.0,33.0,Not on track
CUST102193,7985.0,1000.0,520800.0,0.998,520000.0,616000.0,28000.0,4.0,Ready in 6 months
CUST102194,22449.0,3158000.0,6274700.0,0.497,4696000.0,4965000.0,-3516000.0,0.0,Ready now
CUST102195,5795.0,785000.0,862700.0,0.09,470000.0,540000.0,-184000.0,0.0,Ready now
CUST102196,18408.0,3399000.0,4263900.0,0.203,2564000.0,2785000.0,-1354000.0,0.0,Ready now
CUST102197,18728.0,2000.0,392600.0,0.995,392000.0,617000.0,170000.0,9.0,Ready in 12 months
CUST102198,21736.0,57000.0,3796000.0,0.985,3768000.0,4029000.0,-2756000.0,0.0,Ready now
CUST102199,27996.0,0.0,3767700.0,1.0,3768000.0,4104000.0,-1749000.0,0.0,Ready now
CUST102200,15635.0,28000.0,146400.0,0.809,132000.0,320000.0,907000.0,58.0,Not on track
CUST102201,7265.0,1120000.0,1166000.0,0.039,606000.0,693000.0,-250000.0,0.0,Ready now
CUST102202,17224.0,0.0,2174300.0,1.0,2174000.0,2381000.0,-1165000.0,0.0,Ready now
CUST102203,30840.0,0.0,322300.0,1.0,322000.0,692000.0,939000.0,30.0,Not on track
CUST102204,26373.0,4612000.0,5681200.0,0.188,3375000.0,3691000.0,-2095000.0,0.0,Ready now
CUST102205,48268.0,381000.0,988000.0,0.614,798000.0,1377000.0,1079000.0,22.0,Ready in 24 months
CUST102206,10449.0,1143000.0,1463300.0,0.219,892000.0,1017000.0,816000.0,78.0,Not on track
CUST102207,25424.0,769000.0,3130500.0,0.754,2746000.0,3051000.0,-1817000.0,0.0,Ready now
CUST102208,14180.0,4000.0,2167200.0,0.998,2165000.0,2335000.0,-1453000.0,0.0,Ready now
CUST102209,10083.0,151000.0,347200.0,0.565,272000.0,393000.0,153000.0,15.0,Ready in 24 months
CUST102210,6197.0,4000.0,1529400.0,0.997,1527000.0,1601000.0,-935000.0,0.0,Ready now
CUST102211,9238.0,0.0,1661500.0,1.0,1662000.0,1773000.0,-404000.0,0.0,Ready now
CUST102212,8443.0,10000.0,88500.0,0.887,84000.0,185000.0,298000.0,35.0,Not on track
CUST102213,8978.0,1462000.0,1522000.0,0.039,791000.0,899000.0,-229000.0,0.0,Ready now
CUST102214,25156.0,1111000.0,1134300.0,0.021,579000.0,881000.0,733000.0,29.0,Not on track
CUST102215,8758.0,1487000.0,1571600.0,0.054,828000.0,933000.0,-210000.0,0.0,Ready now
CUST102216,9756.0,576000.0,709600.0,0.188,422000.0,539000.0,771000.0,79.0,Not on track
CUST102217,14952.0,27000.0,118200.0,0.772,105000.0,284000.0,555000.0,37.0,Not on track
CUST102218,24082.0,15000.0,1817800.0,0.992,1810000.0,2099000.0,-811000.0,0.0,Ready now
CUST102219,13570.0,0.0,65300.0,1.0,65000.0,228000.0,609000.0,45.0,Not on track
CUST102220,7138.0,191000.0,987100.0,0.807,892000.0,978000.0,-568000.0,0.0,Ready now
CUST102221,37551.0,0.0,107600.0,1.0,108000.0,559000.0,1491000.0,40.0,Not on track
CUST102222,18674.0,0.0,100100.0,1.0,100000.0,324000.0,454000.0,24.0,Ready in 24 months
CUST102223,20368.0,1138000.0,2455000.0,0.536,1886000.0,2130000.0,-1179000.0,0.0,Ready now
CUST102224,7055.0,7000.0,184100.0,0.962,181000.0,266000.0,369000.0,52.0,Not on track
CUST102225,4895.0,2522000.0,2737000.0,0.079,1476000.0,1535000.0,-893000.0,0.0,Ready now
CUST102226,36393.0,183000.0,317300.0,0.423,226000.0,663000.0,788000.0,22.0,Ready in 24 months
CUST102227,12677.0,207000.0,570600.0,0.637,467000.0,619000.0,833000.0,66.0,Not on track
CUST102228,9605.0,1466000.0,1577700.0,0.071,845000.0,960000.0,-91000.0,0.0,Ready now
CUST102229,11209.0,8000.0,1974900.0,0.996,1971000.0,2106000.0,-1089000.0,0.0,Ready now
CUST102230,31701.0,0.0,91700.0,1.0,92000.0,472000.0,1026000.0,32.0,Not on track
CUST102231,34229.0,30000.0,104400.0,0.713,89000.0,500000.0,2057000.0,60.0,Not on track
CUST102232,10147.0,141000.0,1177500.0,0.88,1107000.0,1229000.0,-193000.0,0.0,Ready now
CUST102233,14092.0,340000.0,501200.0,0.322,331000.0,500000.0,269000.0,19.0,Ready in 24 months
CUST102234,12225.0,2790000.0,3059800.0,0.088,1665000.0,1812000.0,-971000.0,0.0,Ready now
CUST102235,21403.0,795000.0,1064800.0,0.253,667000.0,924000.0,247000.0,12.0,Ready in 12 months
CUST102236,3277.0,1160000.0,1248400.0,0.071,668000.0,707000.0,-369000.0,0.0,Ready now
CUST102237,5681.0,920000.0,1678100.0,0.452,1218000.0,1286000.0,-823000.0,0.0,Ready now
CUST102238,3578.0,0.0,295700.0,1.0,296000.0,339000.0,90000.0,25.0,Not on track
CUST102239,11171.0,328000.0,355200.0,0.077,191000.0,325000.0,684000.0,61.0,Not on track
CUST102240,5201.0,0.0,1350500.0,1.0,1350000.0,1412000.0,-580000.0,0.0,Ready now
CUST102241,3544.0,2702000.0,3095400.0,0.127,1744000.0,1787000.0,-202000.0,0.0,Ready now
CUST102242,17736.0,0.0,205900.0,1.0,206000.0,419000.0,415000.0,23.0,Ready in 24 months
CUST102243,10108.0,94000.0,152300.0,0.383,105000.0,226000.0,180000.0,18.0,Ready in 24 months
CUST102244,6663.0,0.0,104500.0,1.0,104000.0,184000.0,552000.0,83.0,Not on track
CUST102245,4902.0,26000.0,199100.0,0.869,186000.0,245000.0,545000.0,111.0,Not on track
CUST102246,22293.0,5000.0,702100.0,0.993,700000.0,968000.0,135000.0,6.0,Ready in 6 months
CUST102247,11316.0,1000.0,810900.0,0.999,810000.0,946000.0,-395000.0,0.0,Ready now
CUST102248,5787.0,553000.0,802000.0,0.31,526000.0,595000.0,-170000.0,0.0,Ready now
CUST102249,4271.0,890000.0,1142500.0,0.221,698000.0,749000.0,-382000.0,0.0,Ready now
CUST102250,4205.0,2972000.0,3046300.0,0.024,1560000.0,1610000.0,-625000.0,0.0,Ready now
CUST102251,8449.0,576000.0,1395400.0,0.587,1107000.0,1208000.0,-614000.0,0.0,Ready now
CUST102252,6586.0,995000.0,1007600.0,0.013,510000.0,589000.0,-204000.0,0.0,Ready now
CUST102253,21387.0,1552000.0,4548800.0,0.659,3773000.0,4030000.0,-2418000.0,0.0,Ready now
CUST102254,45128.0,341000.0,502900.0,0.322,332000.0,874000.0,1629000.0,36.0,Not on track
CUST102255,18901.0,1806000.0,3255700.0,0.445,2353000.0,2580000.0,-1407000.0,0.0,Ready now
CUST102256,30759.0,2760000.0,3154200.0,0.125,1774000.0,2143000.0,-640000.0,0.0,Ready now
CUST102257,22825.0,2000.0,1637900.0,0.999,1637000.0,1911000.0,-980000.0,0.0,Ready now
CUST102258,5500.0,0.0,581900.0,1.0,582000.0,648000.0,-226000.0,0.0,Ready now
CUST102259,49882.0,9000.0,126000.0,0.929,122000.0,721000.0,1424000.0,29.0,Not on track
CUST102260,8358.0,22000.0,144100.0,0.847,133000.0,233000.0,815000.0,98.0,Not on track
CUST102261,43533.0,3313000.0,3449900.0,0.04,1793000.0,2315000.0,691000.0,16.0,Ready in 24 months
CUST102262,-3166.0,33000.0,1559500.0,0.979,1543000.0,1543000.0,-1214000.0,0.0,Ready now
CUST102263,12194.0,876000.0,925400.0,0.053,487000.0,633000.0,75000.0,6.0,Ready in 6 months
CUST102264,20808.0,4980000.0,5269500.0,0.055,2780000.0,3030000.0,-825000.0,0.0,Ready now
CUST102265,25315.0,1801000.0,2237800.0,0.195,1337000.0,1641000.0,-418000.0,0.0,Ready now
CUST102266,24192.0,11000.0,3315000.0,0.997,3310000.0,3600000.0,-1775000.0,0.0,Ready now
CUST102267,13770.0,0.0,847000.0,1.0,847000.0,1012000.0,-387000.0,0.0,Ready now
CUST102268,21525.0,1355000.0,1497800.0,0.095,820000.0,1078000.0,316000.0,15.0,Ready in 24 months
CUST102269,9796.0,753000.0,822700.0,0.085,446000.0,564000.0,-142000.0,0.0,Ready now
CUST102270,16334.0,517000.0,600200.0,0.139,342000.0,538000.0,647000.0,40.0,Not on track
CUST102271,13785.0,2275000.0,2510900.0,0.094,1373000.0,1538000.0,-890000.0,0.0,Ready now
CUST102272,15394.0,820000.0,6616700.0,0.876,6207000.0,6392000.0,-4079000.0,0.0,Ready now
CUST102273,20932.0,2000.0,245000.0,0.992,244000.0,495000.0,1060000.0,51.0,Not on track
CUST102274,4668.0,0.0,70300.0,1.0,70000.0,126000.0,238000.0,51.0,Not on track
CUST102275,11482.0,2143000.0,4502600.0,0.524,3431000.0,3569000.0,-2580000.0,0.0,Ready now
CUST102276,13403.0,1570000.0,3113300.0,0.496,2328000.0,2489000.0,-1137000.0,0.0,Ready now
CUST102277,20999.0,1447000.0,1851000.0,0.218,1128000.0,1380000.0,-451000.0,0.0,Ready now
CUST102278,6296.0,11000.0,53300.0,0.794,48000.0,124000.0,384000.0,61.0,Not on track
CUST102279,27026.0,2758000.0,3163100.0,0.128,1784000.0,2108000.0,-404000.0,0.0,Ready now
CUST102280,8552.0,492000.0,1958300.0,0.749,1712000.0,1815000.0,-1099000.0,0.0,Ready now
CUST102281,20589.0,26000.0,335200.0,0.922,322000.0,569000.0,265000.0,13.0,Ready in 24 months
CUST102282,1039.0,762000.0,1087400.0,0.299,706000.0,718000.0,-173000.0,0.0,Ready now
CUST102283,13138.0,622000.0,744700.0,0.165,434000.0,592000.0,180000.0,14.0,Ready in 24 months
CUST102284,27030.0,2775000.0,4424700.0,0.373,3037000.0,3361000.0,-1655000.0,0.0,Ready now
CUST102285,17164.0,4000.0,1821100.0,0.998,1819000.0,2025000.0,-730000.0,0.0,Ready now
CUST102286,7961.0,2349000.0,2490100.0,0.057,1316000.0,1412000.0,-896000.0,0.0,Ready now
CUST102287,1423.0,0.0,591100.0,1.0,591000.0,608000.0,-205000.0,0.0,Ready now
CUST102288,26093.0,1803000.0,2076900.0,0.132,1175000.0,1488000.0,-137000.0,0.0,Ready now
CUST102289,4461.0,23000.0,553200.0,0.958,542000.0,596000.0,125000.0,28.0,Not on track
CUST102290,15297.0,733000.0,1349700.0,0.457,983000.0,1167000.0,-519000.0,0.0,Ready now
CUST102291,22523.0,3437000.0,3707800.0,0.073,1989000.0,2259000.0,-671000.0,0.0,Ready now
CUST102292,40630.0,19000.0,173300.0,0.89,164000.0,652000.0,1633000.0,40.0,Not on track
CUST102293,31123.0,2536000.0,7649000.0,0.668,6381000.0,6754000.0,-5040000.0,0.0,Ready now
CUST102294,5754.0,4000.0,1674400.0,0.998,1672000.0,1741000.0,-546000.0,0.0,Ready now
CUST102295,11170.0,1229000.0,1296000.0,0.052,682000.0,816000.0,-192000.0,0.0,Ready now
CUST102296,13891.0,660000.0,1511300.0,0.563,1181000.0,1348000.0,-45000.0,0.0,Ready now
CUST102297,2893.0,9000.0,2516400.0,0.996,2512000.0,2547000.0,-1832000.0,0.0,Ready now
CUST102298,34129.0,4000.0,94000.0,0.957,92000.0,502000.0,1357000.0,40.0,Not on track
CUST102299,9542.0,0.0,364500.0,1.0,364000.0,479000.0,1148000.0,120.0,Not on track
CUST102300,44317.0,0.0,2596500.0,1.0,2596000.0,3128000.0,-1053000.0,0.0,Ready now
CUST102301,16713.0,21000.0,831800.0,0.975,821000.0,1022000.0,-254000.0,0.0,Ready now
CUST102302,8316.0,482000.0,998800.0,0.517,758000.0,858000.0,-343000.0,0.0,Ready now
CUST102303,3796.0,1867000.0,3949900.0,0.527,3016000.0,3062000.0,-2174000.0,0.0,Ready now
CUST102304,10788.0,1000.0,110800.0,0.991,110000.0,239000.0,516000.0,48.0,Not on track
CUST102305,11331.0,690000.0,766000.0,0.099,421000.0,557000.0,152000.0,13.0,Ready in 24 months
CUST102306,60731.0,8000.0,3656000.0,0.998,3652000.0,4381000.0,-1828000.0,0.0,Ready now
CUST102307,13019.0,1726000.0,1860400.0,0.072,997000.0,1153000.0,-399000.0,0.0,Ready now
CUST102308,6212.0,0.0,193600.0,1.0,194000.0,269000.0,496000.0,80.0,Not on track
CUST102309,4723.0,2000.0,165000.0,0.988,164000.0,221000.0,275000.0,58.0,Not on track
CUST102310,24072.0,2378000.0,2530900.0,0.06,1342000.0,1631000.0,-319000.0,0.0,Ready now
CUST102311,23096.0,2000.0,4135900.0,1.0,4135000.0,4412000.0,-2344000.0,0.0,Ready now
CUST102312,16855.0,12000.0,277000.0,0.957,271000.0,473000.0,1547000.0,92.0,Not on track
CUST102313,14391.0,4507000.0,7072700.0,0.363,4819000.0,4992000.0,-3147000.0,0.0,Ready now
CUST102314,10779.0,1231000.0,1364700.0,0.098,749000.0,878000.0,204000.0,19.0,Ready in 24 months
CUST102315,39790.0,3326000.0,3388400.0,0.018,1725000.0,2202000.0,-151000.0,0.0,Ready now
CUST102316,15054.0,1877000.0,2128100.0,0.118,1190000.0,1371000.0,-103000.0,0.0,Ready now
CUST102317,17030.0,246000.0,495400.0,0.503,372000.0,576000.0,424000.0,25.0,Not on track
CUST102318,20325.0,2746000.0,6114500.0,0.551,4742000.0,4986000.0,-3884000.0,0.0,Ready now
CUST102319,27430.0,3428000.0,3904600.0,0.122,2191000.0,2520000.0,-884000.0,0.0,Ready now
CUST102320,13184.0,426000.0,456100.0,0.066,243000.0,401000.0,267000.0,20.0,Ready in 24 months
CUST102321,4922.0,0.0,140600.0,1.0,141000.0,200000.0,442000.0,90.0,Not on track
CUST102322,11787.0,1944000.0,5531100.0,0.649,4559000.0,4700000.0,-3805000.0,0.0,Ready now
CUST102323,13296.0,1072000.0,1209800.0,0.114,674000.0,834000.0,-201000.0,0.0,Ready now
CUST102324,4740.0,149000.0,1416200.0,0.895,1342000.0,1399000.0,-939000.0,0.0,Ready now
CUST102325,8318.0,979000.0,1177400.0,0.169,688000.0,788000.0,116000.0,14.0,Ready in 24 months
CUST102326,24688.0,3743000.0,3889700.0,0.038,2018000.0,2314000.0,-391000.0,0.0,Ready now
CUST102327,10704.0,2893000.0,4937900.0,0.414,3491000.0,3619000.0,-2567000.0,0.0,Ready now
CUST102328,12391.0,3185000.0,3366500.0,0.054,1774000.0,1923000.0,-832000.0,0.0,Ready now
CUST102329,14525.0,451000.0,1838500.0,0.755,1613000.0,1787000.0,-529000.0,0.0,Ready now
CUST102330,22846.0,48000.0,6475800.0,0.993,6452000.0,6726000.0,-4091000.0,0.0,Ready now
CUST102331,11244.0,1697000.0,1772900.0,0.043,924000.0,1059000.0,-412000.0,0.0,Ready now
CUST102332,10035.0,2143000.0,2444500.0,0.123,1373000.0,1493000.0,-420000.0,0.0,Ready now
CUST102333,12463.0,84000.0,140200.0,0.401,98000.0,248000.0,640000.0,51.0,Not on track
CUST102334,5967.0,745000.0,1272100.0,0.414,900000.0,972000.0,-380000.0,0.0,Ready now
CUST102335,18331.0,5284000.0,5559300.0,0.05,2917000.0,3137000.0,-1432000.0,0.0,Ready now
CUST102336,22750.0,806000.0,1000300.0,0.194,597000.0,870000.0,254000.0,11.0,Ready in 12 months
CUST102337,33086.0,2948000.0,3261400.0,0.096,1787000.0,2184000.0,-383000.0,0.0,Ready now
CUST102338,14165.0,2829000.0,5932000.0,0.523,4518000.0,4688000.0,-3642000.0,0.0,Ready now
CUST102339,16002.0,0.0,3771300.0,1.0,3771000.0,3963000.0,-2185000.0,0.0,Ready now
CUST102340,10226.0,9000.0,21300.0,0.577,17000.0,140000.0,586000.0,57.0,Not on track
CUST102341,32060.0,55000.0,712000.0,0.923,684000.0,1069000.0,862000.0,27.0,Not on track
CUST102342,22310.0,1501000.0,1920600.0,0.218,1170000.0,1438000.0,64000.0,3.0,Ready in 6 months
CUST102343,7165.0,4000.0,115900.0,0.965,114000.0,200000.0,231000.0,32.0,Not on track
CUST102344,13914.0,13000.0,3396400.0,0.996,3390000.0,3557000.0,-2870000.0,0.0,Ready now
CUST102345,9750.0,0.0,103700.0,1.0,104000.0,221000.0,1308000.0,134.0,Not on track
CUST102346,46615.0,2426000.0,4480500.0,0.459,3268000.0,3827000.0,-1605000.0,0.0,Ready now
CUST102347,24947.0,1570000.0,4141600.0,0.621,3357000.0,3656000.0,-2384000.0,0.0,Ready now
CUST102348,10084.0,984000.0,2118900.0,0.536,1627000.0,1748000.0,-999000.0,0.0,Ready now
CUST102349,10144.0,1250000.0,1317800.0,0.051,693000.0,815000.0,-290000.0,0.0,Ready now
CUST102350,26379.0,2994000.0,3293300.0,0.091,1796000.0,2113000.0,-618000.0,0.0,Ready now
CUST102351,18961.0,1855000.0,1900000.0,0.024,972000.0,1200000.0,-171000.0,0.0,Ready now
CUST102352,13914.0,1954000.0,3053200.0,0.36,2076000.0,2243000.0,-1258000.0,0.0,Ready now
CUST102353,19520.0,383000.0,1819400.0,0.789,1628000.0,1862000.0,-867000.0,0.0,Ready now
CUST102354,18869.0,18000.0,485200.0,0.963,476000.0,702000.0,894000.0,47.0,Not on track
CUST102355,12838.0,15000.0,1526000.0,0.99,1518000.0,1672000.0,430000.0,33.0,Not on track
CUST102356,13940.0,0.0,373300.0,1.0,373000.0,540000.0,1283000.0,92.0,Not on track
CUST102357,7414.0,551000.0,878400.0,0.373,603000.0,692000.0,188000.0,25.0,Not on track
CUST102358,12315.0,19000.0,1374600.0,0.986,1365000.0,1513000.0,-852000.0,0.0,Ready now
CUST102359,31967.0,2928000.0,3221000.0,0.091,1757000.0,2141000.0,-675000.0,0.0,Ready now
CUST102360,41349.0,41000.0,1908400.0,0.979,1888000.0,2384000.0,-61000.0,0.0,Ready now
CUST102361,30821.0,0.0,3362400.0,1.0,3362000.0,3732000.0,-2064000.0,0.0,Ready now
CUST102362,10002.0,970000.0,1136100.0,0.146,651000.0,771000.0,301000.0,30.0,Not on track
CUST102363,16266.0,0.0,270200.0,1.0,270000.0,465000.0,506000.0,31.0,Not on track
CUST102364,13644.0,1350000.0,1699500.0,0.206,1024000.0,1188000.0,154000.0,11.0,Ready in 12 months
CUST102365,39916.0,17000.0,483400.0,0.965,475000.0,954000.0,1291000.0,32.0,Not on track
CUST102366,20120.0,1653000.0,4486400.0,0.632,3660000.0,3901000.0,-2692000.0,0.0,Ready now
CUST102367,29642.0,0.0,2067900.0,1.0,2068000.0,2424000.0,-1126000.0,0.0,Ready now
CUST102368,11365.0,1433000.0,1456600.0,0.016,740000.0,876000.0,-288000.0,0.0,Ready now
CUST102369,28671.0,5689000.0,6374000.0,0.107,3530000.0,3874000.0,-590000.0,0.0,Ready now
CUST102370,18744.0,0.0,46100.0,1.0,46000.0,271000.0,516000.0,28.0,Not on track
CUST102371,19971.0,347000.0,361400.0,0.04,188000.0,428000.0,418000.0,21.0,Ready in 24 months
CUST102372,8401.0,0.0,1177200.0,1.0,1177000.0,1278000.0,-101000.0,0.0,Ready now
CUST102373,25446.0,2719000.0,4077700.0,0.333,2718000.0,3023000.0,-1822000.0,0.0,Ready now
CUST102374,17825.0,3444000.0,3897000.0,0.116,2175000.0,2389000.0,-522000.0,0.0,Ready now
CUST102375,29059.0,1802000.0,2273500.0,0.207,1372000.0,1721000.0,310000.0,11.0,Ready in 12 months
CUST102376,15424.0,1099000.0,1628200.0,0.325,1079000.0,1264000.0,-539000.0,0.0,Ready now
CUST102377,750.0,717000.0,3355500.0,0.786,2997000.0,3006000.0,-2557000.0,0.0,Ready now
CUST102378,16792.0,0.0,184900.0,1.0,185000.0,387000.0,455000.0,27.0,Not on track
CUST102379,37923.0,856000.0,2624900.0,0.674,2197000.0,2652000.0,-1040000.0,0.0,Ready now
CUST102380,22005.0,7000.0,307500.0,0.977,304000.0,568000.0,924000.0,42.0,Not on track
CUST102381,21233.0,590000.0,1099200.0,0.463,804000.0,1059000.0,20000.0,1.0,Ready in 6 months
CUST102382,25200.0,1226000.0,3326100.0,0.631,2713000.0,3015000.0,-1879000.0,0.0,Ready now
CUST102383,2265.0,1550000.0,2933800.0,0.472,2159000.0,2186000.0,-1937000.0,0.0,Ready now
CUST102384,12158.0,18000.0,1335300.0,0.987,1326000.0,1472000.0,-756000.0,0.0,Ready now
CUST102385,3605.0,0.0,941900.0,1.0,942000.0,985000.0,-613000.0,0.0,Ready now
CUST102386,20157.0,782000.0,866300.0,0.097,475000.0,717000.0,283000.0,14.0,Ready in 24 months
CUST102387,27155.0,2813000.0,4172800.0,0.326,2766000.0,3092000.0,-1702000.0,0.0,Ready now
CUST102388,13840.0,1486000.0,2154700.0,0.31,1412000.0,1578000.0,-906000.0,0.0,Ready now
CUST102389,21075.0,938000.0,3437300.0,0.727,2968000.0,3221000.0,-1992000.0,0.0,Ready now
CUST102390,24557.0,4638000.0,4954500.0,0.064,2636000.0,2931000.0,-1433000.0,0.0,Ready now
CUST102391,8832.0,190000.0,592300.0,0.679,497000.0,603000.0,96000.0,11.0,Ready in 12 months
CUST102392,4661.0,22000.0,254300.0,0.913,243000.0,299000.0,599000.0,129.0,Not on track
CUST102393,7197.0,2690000.0,2773000.0,0.03,1428000.0,1514000.0,-463000.0,0.0,Ready now
CUST102394,17448.0,0.0,324500.0,1.0,324000.0,533000.0,327000.0,19.0,Ready in 24 months
CUST102395,9288.0,0.0,140600.0,1.0,141000.0,252000.0,358000.0,39.0,Not on track
CUST102396,21946.0,408000.0,578100.0,0.294,374000.0,637000.0,421000.0,19.0,Ready in 24 months
CUST102397,18095.0,18000.0,109600.0,0.836,101000.0,318000.0,681000.0,38.0,Not on track
CUST102398,12220.0,0.0,532400.0,1.0,532000.0,679000.0,299000.0,24.0,Ready in 24 months
CUST102399,23630.0,609000.0,825800.0,0.263,521000.0,805000.0,304000.0,13.0,Ready in 24 months
CUST102400,20022.0,4484000.0,7973500.0,0.438,5732000.0,5972000.0,-3563000.0,0.0,Ready now
CUST102401,25144.0,31000.0,279400.0,0.889,264000.0,566000.0,630000.0,25.0,Not on track
CUST102402,9908.0,1345000.0,2500600.0,0.462,1828000.0,1947000.0,-1408000.0,0.0,Ready now
CUST102403,27433.0,730000.0,1035900.0,0.295,671000.0,1000000.0,224000.0,8.0,Ready in 12 months
CUST102404,36841.0,1463000.0,1913100.0,0.235,1182000.0,1624000.0,1194000.0,32.0,Not on track
CUST102405,4939.0,815000.0,1016500.0,0.198,609000.0,668000.0,118000.0,24.0,Ready in 24 months
CUST102406,16750.0,5000.0,1585700.0,0.997,1583000.0,1784000.0,-787000.0,0.0,Ready now
CUST102407,9913.0,1349000.0,1768500.0,0.237,1094000.0,1213000.0,-243000.0,0.0,Ready now
CUST102408,12609.0,1000.0,3535500.0,1.0,3535000.0,3686000.0,-2207000.0,0.0,Ready now
CUST102409,19220.0,1673000.0,1917200.0,0.127,1081000.0,1312000.0,-232000.0,0.0,Ready now
CUST102410,10213.0,573000.0,1095100.0,0.477,809000.0,932000.0,-345000.0,0.0,Ready now
CUST102411,7533.0,1516000.0,1610300.0,0.059,852000.0,942000.0,-260000.0,0.0,Ready now
CUST102412,16243.0,1000.0,1742000.0,0.999,1742000.0,1937000.0,-783000.0,0.0,Ready now
CUST102413,29025.0,3901000.0,9612500.0,0.594,7662000.0,8010000.0,-6367000.0,0.0,Ready now
CUST102414,22836.0,1349000.0,1424300.0,0.053,750000.0,1024000.0,-9000.0,0.0,Ready now
CUST102415,9010.0,7000.0,222400.0,0.969,219000.0,327000.0,636000.0,71.0,Not on track
CUST102416,26617.0,0.0,2382500.0,1.0,2382000.0,2701000.0,-1369000.0,0.0,Ready now
CUST102417,15678.0,1554000.0,3063500.0,0.493,2286000.0,2474000.0,-1614000.0,0.0,Ready now
CUST102418,28856.0,4000.0,175900.0,0.977,174000.0,520000.0,772000.0,27.0,Not on track
CUST102419,42835.0,0.0,345400.0,1.0,345000.0,859000.0,907000.0,21.0,Ready in 24 months
CUST102420,5285.0,0.0,105400.0,1.0,105000.0,168000.0,442000.0,84.0,Not on track
CUST102421,18932.0,6000.0,245100.0,0.976,242000.0,469000.0,446000.0,24.0,Ready in 24 months
CUST102422,5504.0,1383000.0,1466800.0,0.057,775000.0,841000.0,-326000.0,0.0,Ready now
CUST102423,5516.0,0.0,148500.0,1.0,148000.0,214000.0,432000.0,78.0,Not on track
CUST102424,12887.0,41000.0,627400.0,0.935,607000.0,762000.0,-7000.0,0.0,Ready now
CUST102425,44638.0,0.0,3316300.0,1.0,3316000.0,3852000.0,-1881000.0,0.0,Ready now
CUST102426,4068.0,335000.0,389200.0,0.139,222000.0,271000.0,113000.0,28.0,Not on track
CUST102427,20910.0,0.0,168200.0,1.0,168000.0,419000.0,618000.0,30.0,Not on track
CUST102428,25544.0,0.0,1696200.0,1.0,1696000.0,2003000.0,-718000.0,0.0,Ready now
CUST102429,32982.0,4673000.0,6549000.0,0.286,4212000.0,4608000.0,-2689000.0,0.0,Ready now
CUST102430,65785.0,97000.0,906800.0,0.893,858000.0,1647000.0,1336000.0,20.0,Ready in 24 months
CUST102431,15804.0,1879000.0,3792000.0,0.504,2852000.0,3042000.0,-2198000.0,0.0,Ready now
CUST102432,17017.0,19000.0,1470000.0,0.987,1460000.0,1664000.0,-162000.0,0.0,Ready now
CUST102433,10531.0,2238000.0,4442600.0,0.496,3324000.0,3450000.0,-2472000.0,0.0,Ready now
CUST102434,26593.0,2332000.0,4492200.0,0.481,3326000.0,3645000.0,-2384000.0,0.0,Ready now
CUST102435,25293.0,11000.0,3489800.0,0.997,3484000.0,3788000.0,-2579000.0,0.0,Ready now
CUST102436,8496.0,933000.0,1982000.0,0.529,1516000.0,1618000.0,-1184000.0,0.0,Ready now
CUST102437,27063.0,11000.0,321300.0,0.966,316000.0,641000.0,652000.0,24.0,Ready in 24 months
CUST102438,14912.0,1890000.0,2193000.0,0.138,1248000.0,1427000.0,-477000.0,0.0,Ready now
CUST102439,5603.0,0.0,206300.0,1.0,206000.0,273000.0,440000.0,79.0,Not on track
CUST102440,27927.0,17000.0,2361800.0,0.993,2353000.0,2688000.0,-1353000.0,0.0,Ready now
CUST102441,6525.0,0.0,168400.0,1.0,168000.0,246000.0,176000.0,27.0,Not on track
CUST102442,19944.0,0.0,2230000.0,1.0,2230000.0,2469000.0,-1191000.0,0.0,Ready now
CUST102443,30866.0,0.0,30900.0,1.0,31000.0,401000.0,971000.0,31.0,Not on track
CUST102444,4063.0,0.0,3224500.0,1.0,3224000.0,3273000.0,-2836000.0,0.0,Ready now
CUST102445,3208.0,1489000.0,1938100.0,0.232,1194000.0,1232000.0,-796000.0,0.0,Ready now
CUST102446,11512.0,0.0,95600.0,1.0,96000.0,234000.0,208000.0,18.0,Ready in 24 months
CUST102447,16754.0,2590000.0,4146100.0,0.375,2851000.0,3052000.0,-1645000.0,0.0,Ready now
CUST102448,29909.0,1000.0,2223200.0,1.0,2223000.0,2582000.0,-1570000.0,0.0,Ready now
CUST102449,26103.0,1187000.0,1268800.0,0.064,675000.0,988000.0,288000.0,11.0,Ready in 12 months
CUST102450,21512.0,1341000.0,2120400.0,0.368,1450000.0,1708000.0,-664000.0,0.0,Ready now
CUST102451,9761.0,385000.0,955300.0,0.597,763000.0,880000.0,-385000.0,0.0,Ready now
CUST102452,21227.0,0.0,58000.0,1.0,58000.0,313000.0,882000.0,42.0,Not on track
CUST102453,1735.0,1376000.0,1406600.0,0.022,719000.0,740000.0,-236000.0,0.0,Ready now
CUST102454,16778.0,1182000.0,2207800.0,0.465,1617000.0,1818000.0,-980000.0,0.0,Ready now
CUST102455,20331.0,25000.0,2917600.0,0.991,2905000.0,3149000.0,-985000.0,0.0,Ready now
CUST102456,8739.0,761000.0,893200.0,0.148,513000.0,618000.0,-193000.0,0.0,Ready now
CUST102457,9714.0,9000.0,73500.0,0.878,69000.0,186000.0,361000.0,37.0,Not on track
CUST102458,21409.0,1579000.0,1721800.0,0.083,932000.0,1189000.0,181000.0,8.0,Ready in 12 months
CUST102459,7038.0,1328000.0,2602400.0,0.49,1938000.0,2022000.0,-1194000.0,0.0,Ready now
CUST102460,2999.0,0.0,1371300.0,1.0,1371000.0,1407000.0,-606000.0,0.0,Ready now
CUST102461,22535.0,2561000.0,2829300.0,0.095,1549000.0,1819000.0,-413000.0,0.0,Ready now
CUST102462,13411.0,1602000.0,1900300.0,0.157,1099000.0,1260000.0,-357000.0,0.0,Ready now
CUST102463,3207.0,144000.0,166400.0,0.135,94000.0,132000.0,294000.0,92.0,Not on track
CUST102464,13819.0,1626000.0,1903900.0,0.146,1091000.0,1257000.0,-505000.0,0.0,Ready now
CUST102465,24543.0,806000.0,3001400.0,0.731,2598000.0,2893000.0,-1847000.0,0.0,Ready now
CUST102466,26508.0,0.0,23400.0,1.0,23000.0,341000.0,940000.0,35.0,Not on track
CUST102467,24411.0,1159000.0,2724000.0,0.575,2144000.0,2437000.0,-992000.0,0.0,Ready now
CUST102468,16134.0,292000.0,1561800.0,0.813,1416000.0,1610000.0,-675000.0,0.0,Ready now
CUST102469,28272.0,0.0,773500.0,1.0,774000.0,1113000.0,219000.0,8.0,Ready in 12 months
CUST102470,25043.0,0.0,3170800.0,1.0,3171000.0,3472000.0,-1841000.0,0.0,Ready now
CUST102471,11495.0,1922000.0,4290100.0,0.552,3329000.0,3467000.0,-2315000.0,0.0,Ready now
CUST102472,12920.0,10000.0,603700.0,0.983,599000.0,754000.0,-51000.0,0.0,Ready now
CUST102473,16236.0,578000.0,1820000.0,0.682,1531000.0,1726000.0,-781000.0,0.0,Ready now
CUST102474,18571.0,0.0,55000.0,1.0,55000.0,278000.0,673000.0,36.0,Not on track
CUST102475,12791.0,556000.0,2312700.0,0.76,2035000.0,2188000.0,-1415000.0,0.0,Ready now
CUST102476,10446.0,801000.0,877500.0,0.087,477000.0,602000.0,377000.0,36.0,Not on track
CUST102477,21777.0,1158000.0,1565100.0,0.26,986000.0,1247000.0,-54000.0,0.0,Ready now
CUST102478,5789.0,539000.0,686400.0,0.215,417000.0,486000.0,219000.0,38.0,Not on track
CUST102479,24015.0,0.0,2180100.0,1.0,2180000.0,2468000.0,-1345000.0,0.0,Ready now
CUST102480,23888.0,2277000.0,2532200.0,0.101,1394000.0,1681000.0,-494000.0,0.0,Ready now
CUST102481,24377.0,2836000.0,3044100.0,0.068,1626000.0,1919000.0,266000.0,11.0,Ready in 12 months
CUST102482,13337.0,234000.0,545700.0,0.571,429000.0,589000.0,839000.0,63.0,Not on track
CUST102483,22595.0,0.0,330000.0,1.0,330000.0,601000.0,1081000.0,48.0,Not on track
CUST102484,18439.0,3321000.0,3432800.0,0.033,1772000.0,1993000.0,-353000.0,0.0,Ready now
CUST102485,13110.0,8000.0,2674000.0,0.997,2670000.0,2827000.0,-2180000.0,0.0,Ready now
CUST102486,35942.0,2755000.0,5040500.0,0.453,3663000.0,4094000.0,-1689000.0,0.0,Ready now
CUST102487,18690.0,26000.0,124000.0,0.79,111000.0,335000.0,962000.0,51.0,Not on track
CUST102488,27823.0,19000.0,281100.0,0.932,272000.0,606000.0,603000.0,22.0,Ready in 24 months
CUST102489,257.0,1211000.0,1311200.0,0.076,706000.0,709000.0,-502000.0,0.0,Ready now
CUST102490,277.0,1499000.0,2345900.0,0.361,1596000.0,1599000.0,-1310000.0,0.0,Ready now
CUST102491,4269.0,0.0,27100.0,1.0,27000.0,78000.0,341000.0,80.0,Not on track
CUST102492,19067.0,0.0,222700.0,1.0,223000.0,452000.0,652000.0,34.0,Not on track
CUST102493,17208.0,0.0,27900.0,1.0,28000.0,234000.0,586000.0,34.0,Not on track
CUST102494,7841.0,14000.0,1541100.0,0.991,1534000.0,1628000.0,-1015000.0,0.0,Ready now
CUST102495,13565.0,954000.0,1006100.0,0.052,529000.0,692000.0,-101000.0,0.0,Ready now
CUST102496,37207.0,3201000.0,3793600.0,0.156,2193000.0,2639000.0,-784000.0,0.0,Ready now
CUST102497,6603.0,2444000.0,2564600.0,0.047,1343000.0,1422000.0,-400000.0,0.0,Ready now
CUST102498,37050.0,3584000.0,3801300.0,0.057,2009000.0,2454000.0,-95000.0,0.0,Ready now
CUST102499,52394.0,128000.0,3584500.0,0.964,3520000.0,4149000.0,-2166000.0,0.0,Ready now
CUST102500,20357.0,1951000.0,4770300.0,0.591,3795000.0,4039000.0,-2891000.0,0.0,Ready now
CUST102501,51520.0,3816000.0,8399500.0,0.546,6492000.0,7110000.0,-4839000.0,0.0,Ready now
CUST102502,12438.0,27000.0,4107800.0,0.993,4094000.0,4243000.0,-3597000.0,0.0,Ready now
CUST102503,4116.0,3000.0,32500.0,0.908,31000.0,80000.0,459000.0,112.0,Not on track
CUST102504,14805.0,4000.0,941800.0,0.996,940000.0,1118000.0,-78000.0,0.0,Ready now
CUST102505,20047.0,0.0,229200.0,1.0,229000.0,470000.0,861000.0,43.0,Not on track
CUST102506,174226.0,0.0,876700.0,1.0,877000.0,2968000.0,6777000.0,39.0,Not on track
CUST102507,26198.0,420000.0,2821300.0,0.851,2611000.0,2925000.0,-834000.0,0.0,Ready now
CUST102508,20109.0,0.0,1182100.0,1.0,1182000.0,1423000.0,-192000.0,0.0,Ready now
CUST102509,19668.0,2848000.0,3004300.0,0.052,1580000.0,1816000.0,-742000.0,0.0,Ready now
CUST102510,26474.0,0.0,1192300.0,1.0,1192000.0,1510000.0,65000.0,2.0,Ready in 6 months
CUST102511,19387.0,0.0,1134800.0,1.0,1135000.0,1368000.0,-433000.0,0.0,Ready now
CUST102512,25839.0,986000.0,4253900.0,0.768,3761000.0,4071000.0,-3138000.0,0.0,Ready now
CUST102513,14941.0,1053000.0,3593600.0,0.707,3067000.0,3246000.0,-2149000.0,0.0,Ready now
CUST102514,13718.0,609000.0,735900.0,0.172,431000.0,596000.0,167000.0,12.0,Ready in 12 months
CUST102515,39606.0,0.0,5364700.0,1.0,5365000.0,5840000.0,-4247000.0,0.0,Ready now
CUST102516,17663.0,1542000.0,1885300.0,0.182,1114000.0,1326000.0,234000.0,13.0,Ready in 24 months
CUST102517,11241.0,22000.0,149700.0,0.853,139000.0,274000.0,407000.0,36.0,Not on track
CUST102518,3005.0,2184000.0,2311300.0,0.055,1219000.0,1255000.0,-487000.0,0.0,Ready now
CUST102519,32722.0,2932000.0,5988400.0,0.51,4522000.0,4915000.0,-3058000.0,0.0,Ready now
CUST102520,10549.0,3000.0,2233500.0,0.999,2232000.0,2359000.0,-1654000.0,0.0,Ready now
CUST102521,16219.0,1766000.0,1977800.0,0.107,1095000.0,1290000.0,-414000.0,0.0,Ready now
CUST102522,19846.0,7000.0,1362200.0,0.995,1359000.0,1597000.0,-663000.0,0.0,Ready now
CUST102523,9318.0,351000.0,441000.0,0.204,266000.0,378000.0,471000.0,51.0,Not on track
CUST102524,19871.0,6059000.0,6478800.0,0.065,3449000.0,3687000.0,-1678000.0,0.0,Ready now
CUST102525,11627.0,2423000.0,5240500.0,0.538,4029000.0,4169000.0,-3131000.0,0.0,Ready now
CUST102526,22036.0,2668000.0,2844900.0,0.062,1511000.0,1775000.0,-538000.0,0.0,Ready now
CUST102527,10185.0,619000.0,882100.0,0.298,573000.0,695000.0,158000.0,16.0,Ready in 24 months
CUST102528,14757.0,1118000.0,1321100.0,0.154,762000.0,939000.0,46000.0,3.0,Ready in 6 months
CUST102529,12072.0,3000.0,998200.0,0.997,997000.0,1142000.0,-359000.0,0.0,Ready now
CUST102530,9518.0,973000.0,2289100.0,0.575,1803000.0,1917000.0,-761000.0,0.0,Ready now
CUST102531,-4583.0,806000.0,817200.0,0.014,414000.0,414000.0,138000.0,999.0,Not on track
CUST102532,35717.0,3127000.0,3558800.0,0.121,1995000.0,2424000.0,-343000.0,0.0,Ready now
CUST102533,21321.0,1224000.0,1924500.0,0.364,1312000.0,1568000.0,-373000.0,0.0,Ready now
CUST102534,12841.0,5000.0,123400.0,0.959,121000.0,275000.0,848000.0,66.0,Not on track
CUST102535,14451.0,1629000.0,1765100.0,0.077,951000.0,1124000.0,-173000.0,0.0,Ready now
CUST102536,36179.0,0.0,1196300.0,1.0,1196000.0,1630000.0,-3000.0,0.0,Ready now
CUST102537,19595.0,0.0,92100.0,1.0,92000.0,327000.0,1749000.0,89.0,Not on track
CUST102538,4846.0,562000.0,905000.0,0.379,624000.0,682000.0,-34000.0,0.0,Ready now
CUST102539,28053.0,20000.0,935300.0,0.979,925000.0,1262000.0,213000.0,8.0,Ready in 12 months
CUST102540,5904.0,0.0,91700.0,1.0,92000.0,163000.0,160000.0,27.0,Not on track
CUST102541,37567.0,108000.0,3220300.0,0.966,3166000.0,3617000.0,-1878000.0,0.0,Ready now
CUST102542,14807.0,0.0,2042500.0,1.0,2042000.0,2220000.0,-1103000.0,0.0,Ready now
CUST102543,4467.0,656000.0,758300.0,0.135,430000.0,484000.0,-86000.0,0.0,Ready now
CUST102544,9573.0,0.0,133500.0,1.0,134000.0,249000.0,248000.0,26.0,Not on track
CUST102545,18778.0,4542000.0,7679000.0,0.409,5408000.0,5633000.0,-4794000.0,0.0,Ready now
CUST102546,6173.0,13000.0,626500.0,0.979,620000.0,694000.0,-188000.0,0.0,Ready now
CUST102547,16169.0,0.0,2043600.0,1.0,2044000.0,2238000.0,-1592000.0,0.0,Ready now
CUST102548,8526.0,1869000.0,2102700.0,0.111,1168000.0,1270000.0,-368000.0,0.0,Ready now
CUST102549,23265.0,20000.0,70400.0,0.716,60000.0,339000.0,839000.0,36.0,Not on track
CUST102550,16983.0,847000.0,1172400.0,0.278,749000.0,953000.0,-109000.0,0.0,Ready now
CUST102551,14076.0,0.0,134200.0,1.0,134000.0,303000.0,482000.0,34.0,Not on track
CUST102552,19546.0,1074000.0,1644400.0,0.347,1107000.0,1342000.0,-331000.0,0.0,Ready now
CUST102553,35413.0,0.0,1440700.0,1.0,1441000.0,1866000.0,-321000.0,0.0,Ready now
CUST102554,21044.0,12000.0,268900.0,0.955,263000.0,516000.0,593000.0,28.0,Not on track
CUST102555,1738.0,0.0,86600.0,1.0,87000.0,108000.0,615000.0,354.0,Not on track
CUST102556,5109.0,2000.0,709700.0,0.997,709000.0,770000.0,-179000.0,0.0,Ready now
CUST102557,33939.0,1868000.0,2211200.0,0.155,1277000.0,1684000.0,-71000.0,0.0,Ready now
CUST102558,21291.0,0.0,1041400.0,1.0,1041000.0,1296000.0,-143000.0,0.0,Ready now
CUST102559,1764.0,733000.0,2902100.0,0.747,2536000.0,2557000.0,-2007000.0,0.0,Ready now
CUST102560,2563.0,21000.0,208200.0,0.899,198000.0,229000.0,306000.0,119.0,Not on track
CUST102561,15119.0,858000.0,1022000.0,0.16,593000.0,774000.0,1006000.0,67.0,Not on track
CUST102562,9801.0,1294000.0,1369100.0,0.055,722000.0,840000.0,-62000.0,0.0,Ready now
CUST102563,32644.0,0.0,243300.0,1.0,243000.0,635000.0,1031000.0,32.0,Not on track
CUST102564,9659.0,315000.0,585800.0,0.462,428000.0,544000.0,580000.0,60.0,Not on track
CUST102565,17646.0,9000.0,746200.0,0.988,742000.0,954000.0,44000.0,2.0,Ready in 6 months
CUST102566,29445.0,1000.0,1899500.0,0.999,1899000.0,2252000.0,-827000.0,0.0,Ready now
CUST102567,43455.0,228000.0,2210000.0,0.897,2096000.0,2617000.0,-538000.0,0.0,Ready now
CUST102568,20324.0,0.0,1332900.0,1.0,1333000.0,1577000.0,-152000.0,0.0,Ready now
CUST102569,5561.0,0.0,1853200.0,1.0,1853000.0,1920000.0,-1226000.0,0.0,Ready now
CUST102570,23895.0,0.0,224200.0,1.0,224000.0,511000.0,1664000.0,70.0,Not on track
CUST102571,7964.0,1363000.0,1382200.0,0.014,701000.0,797000.0,-272000.0,0.0,Ready now
CUST102572,11656.0,667000.0,2027900.0,0.671,1694000.0,1834000.0,-1126000.0,0.0,Ready now
CUST102573,20353.0,1123000.0,2503200.0,0.551,1942000.0,2186000.0,-1157000.0,0.0,Ready now
CUST102574,28433.0,5416000.0,9800700.0,0.447,7093000.0,7434000.0,-5078000.0,0.0,Ready now
CUST102575,18762.0,25000.0,444200.0,0.944,432000.0,657000.0,1157000.0,62.0,Not on track
CUST102576,8662.0,0.0,1052600.0,1.0,1053000.0,1157000.0,-633000.0,0.0,Ready now
CUST102577,4616.0,1365000.0,1432700.0,0.047,750000.0,805000.0,-44000.0,0.0,Ready now
CUST102578,9718.0,589000.0,1011000.0,0.417,716000.0,833000.0,-204000.0,0.0,Ready now
CUST102579,18007.0,2079000.0,2365500.0,0.121,1326000.0,1542000.0,-614000.0,0.0,Ready now
CUST102580,18702.0,3836000.0,5342200.0,0.282,3424000.0,3648000.0,-2042000.0,0.0,Ready now
CUST102581,34724.0,3930000.0,5400700.0,0.272,3436000.0,3853000.0,-2480000.0,0.0,Ready now
CUST102582,12197.0,2037000.0,2432400.0,0.163,1414000.0,1560000.0,-529000.0,0.0,Ready now
CUST102583,11059.0,10000.0,205000.0,0.951,200000.0,333000.0,601000.0,54.0,Not on track
CUST102584,31172.0,18000.0,276200.0,0.935,267000.0,641000.0,678000.0,22.0,Ready in 24 months
CUST102585,36297.0,3374000.0,4322900.0,0.22,2636000.0,3072000.0,-1241000.0,0.0,Ready now
CUST102586,43391.0,5085000.0,5406300.0,0.059,2864000.0,3385000.0,342000.0,8.0,Ready in 12 months
CUST102587,16224.0,1118000.0,2502400.0,0.553,1943000.0,2138000.0,-1395000.0,0.0,Ready now
CUST102588,23813.0,4411000.0,7313300.0,0.397,5108000.0,5394000.0,-3406000.0,0.0,Ready now
CUST102589,26107.0,4000.0,179700.0,0.978,178000.0,491000.0,942000.0,36.0,Not on track
CUST102590,39531.0,573000.0,696100.0,0.177,410000.0,884000.0,1084000.0,27.0,Not on track
CUST102591,17529.0,1996000.0,4111600.0,0.515,3114000.0,3324000.0,-2027000.0,0.0,Ready now
CUST102592,50318.0,0.0,179700.0,1.0,180000.0,784000.0,1821000.0,36.0,Not on track
CUST102593,6755.0,0.0,2302800.0,1.0,2303000.0,2384000.0,-1462000.0,0.0,Ready now
CUST102594,7623.0,138000.0,536700.0,0.743,468000.0,559000.0,146000.0,19.0,Ready in 24 months
CUST102595,22775.0,790000.0,1096900.0,0.28,702000.0,975000.0,539000.0,24.0,Ready in 24 months
CUST102596,63006.0,1191000.0,1306800.0,0.089,711000.0,1467000.0,1030000.0,16.0,Ready in 24 months
CUST102597,23162.0,2015000.0,2207200.0,0.087,1200000.0,1478000.0,-388000.0,0.0,Ready now
CUST102598,523.0,0.0,473700.0,1.0,474000.0,480000.0,-223000.0,0.0,Ready now
CUST102599,14551.0,0.0,1789900.0,1.0,1790000.0,1965000.0,-1059000.0,0.0,Ready now
CUST102600,3894.0,0.0,1514800.0,1.0,1515000.0,1562000.0,-473000.0,0.0,Ready now
CUST102601,18187.0,1387000.0,1512600.0,0.083,819000.0,1037000.0,-189000.0,0.0,Ready now
CUST102602,17049.0,5000.0,69800.0,0.928,67000.0,272000.0,707000.0,41.0,Not on track
CUST102603,45996.0,3963000.0,5120500.0,0.226,3139000.0,3691000.0,-1537000.0,0.0,Ready now
CUST102604,3294.0,13000.0,123300.0,0.895,117000.0,157000.0,239000.0,73.0,Not on track
CUST102605,3423.0,637000.0,1901100.0,0.665,1583000.0,1624000.0,-952000.0,0.0,Ready now
CUST102606,18718.0,0.0,313200.0,1.0,313000.0,538000.0,383000.0,20.0,Ready in 24 months
CUST102607,52072.0,0.0,2002200.0,1.0,2002000.0,2627000.0,265000.0,5.0,Ready in 6 months
CUST102608,4450.0,1264000.0,1430800.0,0.117,799000.0,852000.0,-68000.0,0.0,Ready now
CUST102609,41067.0,3299000.0,4668000.0,0.293,3018000.0,3511000.0,-1900000.0,0.0,Ready now
CUST102610,17050.0,2327000.0,4157900.0,0.44,2994000.0,3199000.0,-2029000.0,0.0,Ready now
CUST102611,23345.0,2088000.0,4696500.0,0.555,3652000.0,3932000.0,-2613000.0,0.0,Ready now
CUST102612,72963.0,3579000.0,3855200.0,0.072,2066000.0,2942000.0,328000.0,4.0,Ready in 6 months
CUST102613,14920.0,715000.0,1476600.0,0.516,1119000.0,1298000.0,-551000.0,0.0,Ready now
CUST102614,3634.0,0.0,190100.0,1.0,190000.0,234000.0,440000.0,121.0,Not on track
CUST102615,21100.0,352000.0,1370300.0,0.743,1194000.0,1447000.0,251000.0,12.0,Ready in 12 months
CUST102616,19254.0,0.0,765100.0,1.0,765000.0,996000.0,-57000.0,0.0,Ready now
CUST102617,16870.0,2028000.0,4068800.0,0.502,3055000.0,3257000.0,-2194000.0,0.0,Ready now
CUST102618,11021.0,2788000.0,2890300.0,0.035,1496000.0,1628000.0,-538000.0,0.0,Ready now
CUST102619,22482.0,9000.0,819700.0,0.989,815000.0,1085000.0,751000.0,33.0,Not on track
CUST102620,30781.0,2632000.0,3451500.0,0.237,2136000.0,2505000.0,-872000.0,0.0,Ready now
CUST102621,11718.0,0.0,1137900.0,1.0,1138000.0,1279000.0,-720000.0,0.0,Ready now
CUST102622,16138.0,2620000.0,3368200.0,0.222,2058000.0,2252000.0,-1148000.0,0.0,Ready now
CUST102623,26363.0,1484000.0,1688600.0,0.121,947000.0,1263000.0,-176000.0,0.0,Ready now
CUST102624,11070.0,1095000.0,1297700.0,0.156,750000.0,883000.0,-320000.0,0.0,Ready now
CUST102625,9057.0,1180000.0,2802800.0,0.579,2213000.0,2322000.0,-1671000.0,0.0,Ready now
CUST102626,16889.0,0.0,58400.0,1.0,58000.0,261000.0,484000.0,29.0,Not on track
CUST102627,17815.0,2549000.0,3800300.0,0.329,2526000.0,2740000.0,-1420000.0,0.0,Ready now
CUST102628,17288.0,400000.0,549200.0,0.272,349000.0,556000.0,955000.0,55.0,Not on track
CUST102629,28607.0,4000.0,2151200.0,0.998,2149000.0,2492000.0,-137000.0,0.0,Ready now
CUST102630,-1365.0,0.0,14300.0,1.0,14000.0,14000.0,414000.0,999.0,Not on track
CUST102631,16132.0,2174000.0,3619900.0,0.399,2533000.0,2727000.0,-1575000.0,0.0,Ready now
CUST102632,4051.0,0.0,86300.0,1.0,86000.0,135000.0,567000.0,140.0,Not on track
CUST102633,1939.0,1980000.0,4411900.0,0.551,3422000.0,3445000.0,-2834000.0,0.0,Ready now
CUST102634,12437.0,0.0,119200.0,1.0,119000.0,268000.0,340000.0,27.0,Not on track
CUST102635,8210.0,901000.0,1580400.0,0.43,1130000.0,1229000.0,-548000.0,0.0,Ready now
CUST102636,16379.0,1902000.0,1968800.0,0.034,1018000.0,1215000.0,-183000.0,0.0,Ready now
CUST102637,21902.0,0.0,3074700.0,1.0,3075000.0,3338000.0,-2385000.0,0.0,Ready now
CUST102638,6056.0,0.0,1059000.0,1.0,1059000.0,1132000.0,-495000.0,0.0,Ready now
CUST102639,22209.0,3570000.0,6391300.0,0.441,4606000.0,4873000.0,-2580000.0,0.0,Ready now
CUST102640,54263.0,9000.0,8535100.0,0.999,8531000.0,9182000.0,-5283000.0,0.0,Ready now
CUST102641,19608.0,2300000.0,2502800.0,0.081,1353000.0,1588000.0,-700000.0,0.0,Ready now
CUST102642,3288.0,0.0,60000.0,1.0,60000.0,99000.0,122000.0,37.0,Not on track
CUST102643,16683.0,3043000.0,5366900.0,0.433,3845000.0,4045000.0,-2637000.0,0.0,Ready now
CUST102644,4696.0,3000.0,265700.0,0.989,264000.0,320000.0,-130000.0,0.0,Ready now
CUST102645,3514.0,192000.0,870700.0,0.779,775000.0,817000.0,-379000.0,0.0,Ready now
CUST102646,8723.0,2640000.0,2664000.0,0.009,1344000.0,1449000.0,-271000.0,0.0,Ready now
CUST102647,3552.0,762000.0,801300.0,0.049,420000.0,463000.0,-4000.0,0.0,Ready now
CUST102648,19651.0,1399000.0,2237700.0,0.375,1538000.0,1774000.0,-834000.0,0.0,Ready now
CUST102649,14724.0,1102000.0,2346100.0,0.53,1795000.0,1972000.0,-1323000.0,0.0,Ready now
CUST102650,20199.0,1858000.0,1905000.0,0.025,976000.0,1218000.0,-105000.0,0.0,Ready now
CUST102651,46876.0,3957000.0,4947300.0,0.2,2969000.0,3532000.0,-1231000.0,0.0,Ready now
CUST102652,17189.0,13000.0,1427400.0,0.991,1421000.0,1627000.0,-811000.0,0.0,Ready now
CUST102653,5992.0,13000.0,858300.0,0.985,852000.0,924000.0,-1000.0,0.0,Ready now
CUST102654,6021.0,6000.0,542000.0,0.989,539000.0,611000.0,27000.0,4.0,Ready in 6 months
CUST102655,16545.0,1832000.0,2636000.0,0.305,1720000.0,1919000.0,-1038000.0,0.0,Ready now
CUST102656,5667.0,1037000.0,1125900.0,0.079,607000.0,675000.0,47000.0,8.0,Ready in 12 months
CUST102657,99.0,482000.0,3573900.0,0.865,3333000.0,3334000.0,-2073000.0,0.0,Ready now
CUST102658,8537.0,17000.0,1153600.0,0.985,1145000.0,1247000.0,-753000.0,0.0,Ready now
CUST102659,2198.0,23000.0,173900.0,0.868,162000.0,188000.0,310000.0,141.0,Not on track
CUST102660,10191.0,571000.0,3216400.0,0.822,2931000.0,3053000.0,-2219000.0,0.0,Ready now
CUST102661,36905.0,2501000.0,5771400.0,0.567,4521000.0,4964000.0,-3136000.0,0.0,Ready now
CUST102662,11508.0,0.0,1241200.0,1.0,1241000.0,1379000.0,-624000.0,0.0,Ready now
CUST102663,-1333.0,1845000.0,3409700.0,0.459,2487000.0,2487000.0,-1713000.0,0.0,Ready now
CUST102664,7190.0,682000.0,1548900.0,0.56,1208000.0,1294000.0,-725000.0,0.0,Ready now
CUST102665,6350.0,588000.0,1012000.0,0.419,718000.0,794000.0,389000.0,61.0,Not on track
CUST102666,10384.0,0.0,143300.0,1.0,143000.0,268000.0,500000.0,48.0,Not on track
CUST102667,12782.0,1073000.0,2201400.0,0.513,1665000.0,1818000.0,-1018000.0,0.0,Ready now
CUST102668,21813.0,0.0,5511600.0,1.0,5512000.0,5774000.0,-3562000.0,0.0,Ready now
CUST102669,29115.0,1983000.0,3164100.0,0.373,2173000.0,2522000.0,-986000.0,0.0,Ready now
CUST102670,12013.0,3629000.0,3964200.0,0.085,2150000.0,2294000.0,-1172000.0,0.0,Ready now
CUST102671,27686.0,1948000.0,2215300.0,0.121,1241000.0,1573000.0,-406000.0,0.0,Ready now
CUST102672,28194.0,0.0,60400.0,1.0,60000.0,398000.0,885000.0,31.0,Not on track
CUST102673,107.0,1364000.0,1381800.0,0.013,700000.0,701000.0,-414000.0,0.0,Ready now
CUST102674,26993.0,872000.0,3808400.0,0.771,3372000.0,3696000.0,-2248000.0,0.0,Ready now
CUST102675,28614.0,0.0,1408100.0,1.0,1408000.0,1751000.0,-426000.0,0.0,Ready now
CUST102676,12848.0,6000.0,204600.0,0.971,202000.0,356000.0,444000.0,35.0,Not on track
CUST102677,3808.0,0.0,76600.0,1.0,77000.0,123000.0,273000.0,72.0,Not on track
CUST102678,18648.0,746000.0,1699500.0,0.561,1326000.0,1550000.0,-357000.0,0.0,Ready now
CUST102679,3610.0,104000.0,266500.0,0.61,214000.0,257000.0,201000.0,56.0,Not on track
CUST102680,14634.0,2017000.0,3710800.0,0.456,2702000.0,2878000.0,-1984000.0,0.0,Ready now
CUST102681,7105.0,41000.0,220900.0,0.814,200000.0,285000.0,669000.0,94.0,Not on track
CUST102682,6304.0,0.0,210200.0,1.0,210000.0,286000.0,452000.0,72.0,Not on track
CUST102683,4287.0,2369000.0,2860700.0,0.172,1676000.0,1727000.0,-788000.0,0.0,Ready now
CUST102684,5634.0,0.0,2697500.0,1.0,2698000.0,2766000.0,-1531000.0,0.0,Ready now
CUST102685,8581.0,6000.0,805800.0,0.993,803000.0,906000.0,-109000.0,0.0,Ready now
CUST102686,11425.0,0.0,713900.0,1.0,714000.0,851000.0,299000.0,26.0,Not on track
CUST102687,14577.0,0.0,136900.0,1.0,137000.0,312000.0,751000.0,52.0,Not on track
CUST102688,35059.0,3169000.0,5863300.0,0.46,4279000.0,4700000.0,-1897000.0,0.0,Ready now
CUST102689,5157.0,1890000.0,5301300.0,0.643,4356000.0,4418000.0,-3702000.0,0.0,Ready now
CUST102690,3317.0,0.0,6400.0,1.0,6000.0,46000.0,269000.0,81.0,Not on track
CUST102691,37916.0,372000.0,1152000.0,0.677,966000.0,1421000.0,538000.0,14.0,Ready in 24 months
CUST102692,6899.0,0.0,382800.0,1.0,383000.0,466000.0,844000.0,122.0,Not on track
CUST102693,41375.0,35000.0,1461300.0,0.976,1444000.0,1940000.0,0.0,0.0,Ready now
CUST102694,15539.0,1335000.0,1411800.0,0.054,744000.0,930000.0,413000.0,27.0,Not on track
CUST102695,2696.0,0.0,1027900.0,1.0,1028000.0,1060000.0,586000.0,217.0,Not on track
CUST102696,3970.0,69000.0,826200.0,0.916,792000.0,840000.0,-16000.0,0.0,Ready now
CUST102697,21752.0,290000.0,1858200.0,0.844,1713000.0,1974000.0,-40000.0,0.0,Ready now
CUST102698,4093.0,1116000.0,4215400.0,0.735,3657000.0,3706000.0,-3211000.0,0.0,Ready now
CUST102699,15198.0,3496000.0,5734000.0,0.39,3986000.0,4168000.0,-2718000.0,0.0,Ready now
CUST102700,20844.0,2522000.0,3360600.0,0.25,2100000.0,2350000.0,-1091000.0,0.0,Ready now
CUST102701,13024.0,2825000.0,3348400.0,0.156,1936000.0,2092000.0,-700000.0,0.0,Ready now
CUST102702,13941.0,3695000.0,4166300.0,0.113,2319000.0,2486000.0,-857000.0,0.0,Ready now
CUST102703,3481.0,0.0,244200.0,1.0,244000.0,286000.0,-24000.0,0.0,Ready now
CUST102704,5962.0,1333000.0,4367500.0,0.695,3701000.0,3773000.0,-2849000.0,0.0,Ready now
CUST102705,19970.0,170000.0,2569100.0,0.934,2484000.0,2724000.0,-1740000.0,0.0,Ready now
CUST102706,10902.0,1206000.0,1282400.0,0.06,679000.0,810000.0,142000.0,13.0,Ready in 24 months
CUST102707,19390.0,822000.0,2578000.0,0.681,2167000.0,2400000.0,-1306000.0,0.0,Ready now
CUST102708,52681.0,1650000.0,2699200.0,0.389,1874000.0,2506000.0,-258000.0,0.0,Ready now
CUST102709,21193.0,17000.0,990700.0,0.983,982000.0,1236000.0,-78000.0,0.0,Ready now
CUST102710,12770.0,1237000.0,4843500.0,0.745,4225000.0,4378000.0,-3455000.0,0.0,Ready now
CUST102711,5920.0,445000.0,1862800.0,0.761,1640000.0,1711000.0,-1164000.0,0.0,Ready now
CUST102712,37682.0,17000.0,3611000.0,0.995,3602000.0,4054000.0,-1717000.0,0.0,Ready now
CUST102713,15339.0,103000.0,364400.0,0.717,313000.0,497000.0,301000.0,20.0,Ready in 24 months
CUST102714,15883.0,6000.0,412700.0,0.985,410000.0,601000.0,320000.0,20.0,Ready in 24 months
CUST102715,31073.0,4819000.0,4906800.0,0.018,2497000.0,2870000.0,-526000.0,0.0,Ready now
CUST102716,19785.0,9000.0,1584000.0,0.994,1580000.0,1817000.0,-853000.0,0.0,Ready now
CUST102717,16566.0,0.0,767300.0,1.0,767000.0,966000.0,-66000.0,0.0,Ready now
CUST102718,14441.0,0.0,2617800.0,1.0,2618000.0,2791000.0,-1921000.0,0.0,Ready now
CUST102719,5366.0,946000.0,1174000.0,0.194,701000.0,765000.0,-339000.0,0.0,Ready now
CUST102720,6912.0,554000.0,660800.0,0.162,384000.0,467000.0,-22000.0,0.0,Ready now
CUST102721,1550.0,0.0,51300.0,1.0,51000.0,70000.0,586000.0,378.0,Not on track
CUST102722,2569.0,1239000.0,1923100.0,0.356,1304000.0,1335000.0,-925000.0,0.0,Ready now
CUST102723,8123.0,0.0,195300.0,1.0,195000.0,292000.0,671000.0,83.0,Not on track
CUST102724,13461.0,0.0,28100.0,1.0,28000.0,190000.0,580000.0,43.0,Not on track
CUST102725,26173.0,265000.0,435600.0,0.392,303000.0,617000.0,495000.0,19.0,Ready in 24 months
CUST102726,7381.0,336000.0,660000.0,0.491,492000.0,581000.0,-136000.0,0.0,Ready now
CUST102727,18322.0,29000.0,239100.0,0.879,225000.0,445000.0,733000.0,40.0,Not on track
CUST102728,35895.0,5000.0,2686000.0,0.998,2684000.0,3115000.0,-1605000.0,0.0,Ready now
CUST102729,33716.0,2889000.0,3102600.0,0.069,1658000.0,2063000.0,-663000.0,0.0,Ready now
CUST102730,15992.0,2180000.0,3128400.0,0.303,2038000.0,2230000.0,-1124000.0,0.0,Ready now
CUST102731,3893.0,1900000.0,3020500.0,0.371,2070000.0,2117000.0,-1554000.0,0.0,Ready now
CUST102732,9729.0,330000.0,2240600.0,0.853,2076000.0,2193000.0,-1275000.0,0.0,Ready now
CUST102733,21723.0,0.0,618600.0,1.0,619000.0,880000.0,1218000.0,56.0,Not on track
CUST102734,12835.0,3000.0,1279500.0,0.998,1278000.0,1432000.0,-706000.0,0.0,Ready now
CUST102735,33434.0,2010000.0,2154900.0,0.067,1150000.0,1551000.0,292000.0,9.0,Ready in 12 months
CUST102736,10873.0,338000.0,406300.0,0.168,237000.0,367000.0,1182000.0,109.0,Not on track
CUST102737,5975.0,718000.0,756600.0,0.051,398000.0,470000.0,18000.0,3.0,Ready in 6 months
CUST102738,-3331.0,0.0,1118100.0,1.0,1118000.0,1118000.0,-693000.0,0.0,Ready now
CUST102739,13810.0,3000.0,70500.0,0.957,69000.0,235000.0,539000.0,39.0,Not on track
CUST102740,9551.0,0.0,71900.0,1.0,72000.0,187000.0,396000.0,41.0,Not on track
CUST102741,39614.0,3918000.0,5363100.0,0.269,3404000.0,3879000.0,-2173000.0,0.0,Ready now
CUST102742,32754.0,2524000.0,2765200.0,0.087,1503000.0,1896000.0,-247000.0,0.0,Ready now
CUST102743,12981.0,702000.0,1592300.0,0.559,1241000.0,1397000.0,-426000.0,0.0,Ready now
CUST102744,11165.0,628000.0,817300.0,0.232,503000.0,637000.0,-64000.0,0.0,Ready now
CUST102745,20982.0,25000.0,341300.0,0.927,329000.0,581000.0,773000.0,37.0,Not on track
CUST102746,12473.0,14000.0,1416300.0,0.99,1409000.0,1559000.0,-895000.0,0.0,Ready now
CUST102747,8942.0,238000.0,2729000.0,0.913,2610000.0,2717000.0,-1671000.0,0.0,Ready now
CUST102748,17595.0,384000.0,562700.0,0.318,371000.0,582000.0,250000.0,14.0,Ready in 24 months
CUST102749,19026.0,27000.0,470100.0,0.943,457000.0,685000.0,691000.0,36.0,Not on track
CUST102750,-1990.0,0.0,213000.0,1.0,213000.0,213000.0,511000.0,999.0,Not on track
CUST102751,-3080.0,1875000.0,2269700.0,0.174,1332000.0,1332000.0,-886000.0,0.0,Ready now
CUST102752,10331.0,3030000.0,3321500.0,0.088,1806000.0,1930000.0,-1056000.0,0.0,Ready now
CUST102753,24618.0,1409000.0,1651200.0,0.147,947000.0,1242000.0,-92000.0,0.0,Ready now
CUST102754,11772.0,14000.0,115700.0,0.879,109000.0,250000.0,935000.0,79.0,Not on track
CUST102755,-6028.0,9000.0,685200.0,0.987,681000.0,681000.0,225000.0,999.0,Not on track
CUST102756,2908.0,0.0,275600.0,1.0,276000.0,311000.0,103000.0,35.0,Not on track
CUST102757,17806.0,0.0,2783600.0,1.0,2784000.0,2998000.0,-1571000.0,0.0,Ready now
CUST102758,34186.0,3254000.0,5287100.0,0.385,3660000.0,4070000.0,-2134000.0,0.0,Ready now
CUST102759,22403.0,2039000.0,2082600.0,0.021,1063000.0,1332000.0,-98000.0,0.0,Ready now
CUST102760,18382.0,0.0,78700.0,1.0,79000.0,300000.0,752000.0,41.0,Not on track
CUST102761,5873.0,2344000.0,4052900.0,0.422,2881000.0,2951000.0,-1987000.0,0.0,Ready now
CUST102762,17848.0,11000.0,176500.0,0.938,171000.0,385000.0,655000.0,37.0,Not on track
CUST102763,8806.0,1477000.0,1800600.0,0.18,1062000.0,1168000.0,-332000.0,0.0,Ready now
CUST102764,2830.0,894000.0,1070800.0,0.165,624000.0,658000.0,-77000.0,0.0,Ready now
CUST102765,34572.0,0.0,353200.0,1.0,353000.0,768000.0,879000.0,25.0,Not on track
CUST102766,43217.0,6966000.0,9739200.0,0.285,6256000.0,6775000.0,-3647000.0,0.0,Ready now
CUST102767,6684.0,0.0,1044900.0,1.0,1045000.0,1125000.0,-453000.0,0.0,Ready now
CUST102768,45967.0,1871000.0,5371900.0,0.652,4436000.0,4988000.0,-3189000.0,0.0,Ready now
CUST102769,31703.0,2463000.0,5349800.0,0.54,4118000.0,4498000.0,-2063000.0,0.0,Ready now
CUST102770,7605.0,1685000.0,1837900.0,0.083,995000.0,1086000.0,-498000.0,0.0,Ready now
CUST102771,4546.0,0.0,81200.0,1.0,81000.0,136000.0,275000.0,60.0,Not on track
CUST102772,26037.0,0.0,106800.0,1.0,107000.0,419000.0,838000.0,32.0,Not on track
CUST102773,13404.0,2754000.0,4324500.0,0.363,2948000.0,3109000.0,-2412000.0,0.0,Ready now
CUST102774,16271.0,1897000.0,3354200.0,0.434,2406000.0,2601000.0,-1798000.0,0.0,Ready now
CUST102775,22136.0,2540000.0,2739200.0,0.073,1469000.0,1735000.0,-455000.0,0.0,Ready now
CUST102776,18513.0,25000.0,72700.0,0.656,60000.0,282000.0,764000.0,41.0,Not on track
CUST102777,110983.0,19000.0,1302800.0,0.985,1293000.0,2625000.0,2416000.0,22.0,Ready in 24 months
CUST102778,3862.0,11000.0,701800.0,0.984,696000.0,742000.0,-103000.0,0.0,Ready now
CUST102779,14580.0,3037000.0,5544500.0,0.452,4026000.0,4201000.0,-3050000.0,0.0,Ready now
CUST102780,32768.0,19000.0,680900.0,0.972,671000.0,1064000.0,707000.0,22.0,Ready in 24 months
CUST102781,53437.0,2979000.0,7013500.0,0.575,5524000.0,6165000.0,-4014000.0,0.0,Ready now
CUST102782,24310.0,0.0,466900.0,1.0,467000.0,759000.0,617000.0,25.0,Not on track
CUST102783,13577.0,436000.0,933700.0,0.533,716000.0,879000.0,85000.0,6.0,Ready in 6 months
CUST102784,12848.0,4000.0,190600.0,0.979,189000.0,343000.0,571000.0,44.0,Not on track
CUST102785,-30.0,0.0,64600.0,1.0,65000.0,65000.0,171000.0,999.0,Not on track
CUST102786,928.0,1877000.0,2178000.0,0.138,1240000.0,1251000.0,-473000.0,0.0,Ready now
CUST102787,1611.0,763000.0,1087200.0,0.298,706000.0,725000.0,302000.0,187.0,Not on track
CUST102788,11858.0,3274000.0,6764000.0,0.516,5127000.0,5269000.0,-4135000.0,0.0,Ready now
CUST102789,55693.0,0.0,4226400.0,1.0,4226000.0,4894000.0,-1794000.0,0.0,Ready now
CUST102790,19809.0,8000.0,3969300.0,0.998,3965000.0,4203000.0,-2550000.0,0.0,Ready now
CUST102791,25464.0,425000.0,997200.0,0.574,785000.0,1091000.0,651000.0,26.0,Not on track
CUST102792,10366.0,2518000.0,3469600.0,0.274,2211000.0,2335000.0,-1228000.0,0.0,Ready now
CUST102793,21229.0,3303000.0,3369600.0,0.02,1718000.0,1973000.0,166000.0,8.0,Ready in 12 months
CUST102794,12308.0,529000.0,1955900.0,0.73,1691000.0,1839000.0,-885000.0,0.0,Ready now
CUST102795,24795.0,3033000.0,3347700.0,0.094,1831000.0,2129000.0,-295000.0,0.0,Ready now
CUST102796,14481.0,2080000.0,2546600.0,0.183,1507000.0,1681000.0,-187000.0,0.0,Ready now
CUST102797,8098.0,2608000.0,7797200.0,0.666,6493000.0,6590000.0,-5286000.0,0.0,Ready now
CUST102798,9940.0,0.0,160300.0,1.0,160000.0,279000.0,299000.0,30.0,Not on track
CUST102799,26048.0,0.0,3303400.0,1.0,3303000.0,3616000.0,-1995000.0,0.0,Ready now
CUST102800,19626.0,1032000.0,2965300.0,0.652,2449000.0,2685000.0,-1252000.0,0.0,Ready now
CUST102801,7027.0,3000.0,1796700.0,0.998,1795000.0,1879000.0,-533000.0,0.0,Ready now
CUST102802,24494.0,3124000.0,3952300.0,0.21,2390000.0,2684000.0,-1370000.0,0.0,Ready now
CUST102803,16560.0,33000.0,312800.0,0.895,296000.0,495000.0,732000.0,44.0,Not on track
CUST102804,61180.0,4164000.0,4475200.0,0.07,2393000.0,3127000.0,-493000.0,0.0,Ready now
CUST102805,2794.0,2165000.0,2277800.0,0.05,1195000.0,1229000.0,-689000.0,0.0,Ready now
CUST102806,5827.0,993000.0,1032200.0,0.038,536000.0,606000.0,204000.0,35.0,Not on track
CUST102807,13176.0,0.0,122800.0,1.0,123000.0,281000.0,276000.0,21.0,Ready in 24 months
CUST102808,31643.0,1000.0,1869700.0,0.999,1869000.0,2249000.0,-547000.0,0.0,Ready now
CUST102809,19649.0,2577000.0,3205700.0,0.196,1917000.0,2153000.0,-793000.0,0.0,Ready now
CUST102810,8732.0,1721000.0,1969900.0,0.126,1109000.0,1214000.0,-387000.0,0.0,Ready now
CUST102811,10428.0,334000.0,530800.0,0.371,364000.0,489000.0,208000.0,20.0,Ready in 24 months
CUST102812,5728.0,459000.0,2027300.0,0.774,1798000.0,1867000.0,-1210000.0,0.0,Ready now
CUST102813,4260.0,778000.0,861500.0,0.097,472000.0,523000.0,209000.0,49.0,Not on track
CUST102814,23841.0,0.0,251600.0,1.0,252000.0,538000.0,713000.0,30.0,Not on track
CUST102815,24583.0,0.0,300800.0,1.0,301000.0,596000.0,577000.0,23.0,Ready in 24 months
CUST102816,6715.0,642000.0,715100.0,0.102,394000.0,475000.0,-15000.0,0.0,Ready now
CUST102817,16737.0,1114000.0,3799100.0,0.707,3242000.0,3443000.0,-2428000.0,0.0,Ready now
CUST102818,16394.0,2173000.0,2323500.0,0.065,1237000.0,1434000.0,-567000.0,0.0,Ready now
CUST102819,13765.0,836000.0,1039900.0,0.196,622000.0,787000.0,109000.0,8.0,Ready in 12 months
CUST102820,11213.0,5000.0,697300.0,0.993,695000.0,830000.0,-131000.0,0.0,Ready now
CUST102821,11361.0,2168000.0,4706100.0,0.539,3622000.0,3758000.0,-2744000.0,0.0,Ready now
CUST102822,11852.0,8000.0,851300.0,0.991,847000.0,989000.0,-274000.0,0.0,Ready now
CUST102823,28138.0,2616000.0,5826700.0,0.551,4519000.0,4857000.0,-2645000.0,0.0,Ready now
CUST102824,3848.0,1309000.0,1352200.0,0.032,698000.0,744000.0,-364000.0,0.0,Ready now
CUST102825,4575.0,1288000.0,1344500.0,0.042,700000.0,755000.0,-87000.0,0.0,Ready now
CUST102826,3247.0,1172000.0,1455200.0,0.195,869000.0,908000.0,-277000.0,0.0,Ready now
CUST102827,29857.0,1543000.0,1665200.0,0.073,894000.0,1252000.0,234000.0,8.0,Ready in 12 months
CUST102828,48893.0,5220000.0,9824500.0,0.469,7214000.0,7801000.0,-5431000.0,0.0,Ready now
CUST102829,39931.0,3065000.0,6438300.0,0.524,4906000.0,5385000.0,-3630000.0,0.0,Ready now
CUST102830,15746.0,11000.0,1121800.0,0.99,1116000.0,1305000.0,-597000.0,0.0,Ready now
CUST102831,5089.0,1745000.0,3136700.0,0.444,2264000.0,2325000.0,-1730000.0,0.0,Ready now
CUST102832,7696.0,339000.0,473300.0,0.284,304000.0,396000.0,235000.0,31.0,Not on track
CUST102833,977.0,1857000.0,3593300.0,0.483,2665000.0,2677000.0,-1817000.0,0.0,Ready now
CUST102834,7119.0,1731000.0,1761200.0,0.017,896000.0,981000.0,-403000.0,0.0,Ready now
CUST102835,9954.0,12000.0,162500.0,0.926,156000.0,275000.0,202000.0,20.0,Ready in 24 months
CUST102836,19067.0,1299000.0,2516700.0,0.484,1867000.0,2096000.0,-773000.0,0.0,Ready now
CUST102837,61141.0,8000.0,403300.0,0.98,399000.0,1133000.0,1465000.0,24.0,Ready in 24 months
CUST102838,17716.0,0.0,274200.0,1.0,274000.0,487000.0,547000.0,31.0,Not on track
CUST102839,27463.0,2931000.0,3917300.0,0.252,2452000.0,2782000.0,-1399000.0,0.0,Ready now
CUST102840,12682.0,839000.0,1831100.0,0.542,1412000.0,1564000.0,-987000.0,0.0,Ready now
CUST102841,3537.0,768000.0,777400.0,0.012,393000.0,435000.0,-114000.0,0.0,Ready now
CUST102842,6432.0,977000.0,1060200.0,0.078,572000.0,649000.0,-179000.0,0.0,Ready now
CUST102843,9624.0,7000.0,337200.0,0.979,334000.0,449000.0,441000.0,46.0,Not on track
CUST102844,6322.0,4000.0,715500.0,0.994,714000.0,790000.0,135000.0,21.0,Ready in 24 months
CUST102845,21868.0,12000.0,230500.0,0.948,224000.0,486000.0,1078000.0,49.0,Not on track
CUST102846,20237.0,2165000.0,4469400.0,0.516,3387000.0,3630000.0,-2601000.0,0.0,Ready now
CUST102847,36991.0,2842000.0,6302400.0,0.549,4881000.0,5325000.0,-3257000.0,0.0,Ready now
CUST102848,26040.0,2584000.0,2767700.0,0.066,1476000.0,1788000.0,-139000.0,0.0,Ready now
CUST102849,18268.0,5000.0,4156000.0,0.999,4154000.0,4373000.0,-3430000.0,0.0,Ready now
CUST102850,10624.0,1516000.0,2196900.0,0.31,1439000.0,1566000.0,-839000.0,0.0,Ready now
CUST102851,8821.0,606000.0,1497600.0,0.595,1195000.0,1301000.0,-855000.0,0.0,Ready now
CUST102852,28209.0,2114000.0,3442200.0,0.386,2385000.0,2724000.0,-594000.0,0.0,Ready now
CUST102853,4974.0,499000.0,1322000.0,0.623,1072000.0,1132000.0,-514000.0,0.0,Ready now
CUST102854,9525.0,623000.0,764300.0,0.185,453000.0,567000.0,-81000.0,0.0,Ready now
CUST102855,12924.0,0.0,302300.0,1.0,302000.0,457000.0,376000.0,29.0,Not on track
CUST102856,6747.0,641000.0,1220800.0,0.475,900000.0,981000.0,-480000.0,0.0,Ready now
CUST102857,9747.0,1344000.0,3166500.0,0.576,2494000.0,2611000.0,-1665000.0,0.0,Ready now
CUST102858,19634.0,567000.0,916400.0,0.381,633000.0,869000.0,137000.0,7.0,Ready in 12 months
CUST102859,4841.0,8000.0,669700.0,0.988,666000.0,724000.0,907000.0,187.0,Not on track
CUST102860,15035.0,2132000.0,2449900.0,0.13,1384000.0,1564000.0,-3000.0,0.0,Ready now
CUST102861,40142.0,0.0,2434900.0,1.0,2435000.0,2917000.0,-1047000.0,0.0,Ready now
CUST102862,30814.0,600000.0,921100.0,0.349,621000.0,991000.0,478000.0,16.0,Ready in 24 months
CUST102863,14653.0,1340000.0,1670400.0,0.198,1000000.0,1176000.0,-491000.0,0.0,Ready now
CUST102864,2773.0,0.0,1051500.0,1.0,1052000.0,1085000.0,-807000.0,0.0,Ready now
CUST102865,-2067.0,5000.0,258300.0,0.981,256000.0,256000.0,277000.0,999.0,Not on track
CUST102866,9769.0,4488000.0,10276500.0,0.563,8032000.0,8149000.0,-6450000.0,0.0,Ready now
CUST102867,23497.0,0.0,1680300.0,1.0,1680000.0,1962000.0,-805000.0,0.0,Ready now
CUST102868,8258.0,1330000.0,2553800.0,0.479,1889000.0,1988000.0,-1023000.0,0.0,Ready now
CUST102869,35708.0,0.0,690700.0,1.0,691000.0,1119000.0,973000.0,27.0,Not on track
CUST102870,15773.0,3119000.0,3508700.0,0.111,1949000.0,2138000.0,-823000.0,0.0,Ready now
CUST102871,11298.0,0.0,100600.0,1.0,101000.0,237000.0,580000.0,51.0,Not on track
CUST102872,13994.0,0.0,2519300.0,1.0,2519000.0,2687000.0,-1328000.0,0.0,Ready now
CUST102873,6368.0,4000.0,110200.0,0.964,108000.0,184000.0,358000.0,56.0,Not on track
CUST102874,21195.0,2540000.0,5698500.0,0.554,4428000.0,4682000.0,-3282000.0,0.0,Ready now
CUST102875,31421.0,3386000.0,4246300.0,0.203,2553000.0,2930000.0,-1411000.0,0.0,Ready now
CUST102876,8594.0,1519000.0,1748600.0,0.131,989000.0,1092000.0,-480000.0,0.0,Ready now
CUST102877,6318.0,2130000.0,2466600.0,0.136,1402000.0,1478000.0,-969000.0,0.0,Ready now
CUST102878,4020.0,0.0,616600.0,1.0,617000.0,665000.0,1076000.0,268.0,Not on track
CUST102879,3571.0,725000.0,1717100.0,0.578,1355000.0,1398000.0,-1097000.0,0.0,Ready now
CUST102880,25650.0,2782000.0,7101400.0,0.608,5710000.0,6018000.0,-4148000.0,0.0,Ready now
CUST102881,9373.0,17000.0,3367100.0,0.995,3359000.0,3471000.0,-2766000.0,0.0,Ready now
CUST102882,57821.0,0.0,558500.0,1.0,558000.0,1252000.0,1535000.0,27.0,Not on track
CUST102883,16728.0,135000.0,1355800.0,0.9,1288000.0,1489000.0,-641000.0,0.0,Ready now
CUST102884,12431.0,3000.0,223700.0,0.987,222000.0,371000.0,592000.0,48.0,Not on track
CUST102885,24507.0,103000.0,3151600.0,0.967,3100000.0,3394000.0,-1414000.0,0.0,Ready now
CUST102886,15991.0,4207000.0,4699100.0,0.105,2596000.0,2788000.0,-840000.0,0.0,Ready now
CUST102887,27104.0,3924000.0,6405200.0,0.387,4443000.0,4768000.0,-3458000.0,0.0,Ready now
CUST102888,9638.0,248000.0,1051400.0,0.764,927000.0,1043000.0,-350000.0,0.0,Ready now
CUST102889,29114.0,0.0,1933700.0,1.0,1934000.0,2283000.0,-901000.0,0.0,Ready now
CUST102890,13083.0,1688000.0,1817400.0,0.071,973000.0,1130000.0,19000.0,1.0,Ready in 6 months
CUST102891,16925.0,329000.0,569400.0,0.422,405000.0,608000.0,152000.0,9.0,Ready in 12 months
CUST102892,21367.0,3000.0,94300.0,0.968,93000.0,349000.0,1312000.0,61.0,Not on track
CUST102893,13733.0,1198000.0,1372100.0,0.127,773000.0,938000.0,-206000.0,0.0,Ready now
CUST102894,16128.0,639000.0,880800.0,0.275,561000.0,755000.0,-41000.0,0.0,Ready now
CUST102895,7387.0,1095000.0,2103300.0,0.479,1556000.0,1645000.0,-1178000.0,0.0,Ready now
CUST102896,44183.0,0.0,319500.0,1.0,320000.0,850000.0,1031000.0,23.0,Ready in 24 months
CUST102897,5168.0,0.0,1669400.0,1.0,1669000.0,1731000.0,-1314000.0,0.0,Ready now
CUST102898,10646.0,120000.0,166800.0,0.281,107000.0,235000.0,669000.0,63.0,Not on track
CUST102899,4889.0,741000.0,1730800.0,0.572,1360000.0,1419000.0,-918000.0,0.0,Ready now
CUST102900,16044.0,3186000.0,5427200.0,0.413,3834000.0,4027000.0,-2408000.0,0.0,Ready now
CUST102901,13390.0,0.0,96900.0,1.0,97000.0,258000.0,306000.0,23.0,Ready in 24 months
CUST102902,14179.0,225000.0,264200.0,0.148,152000.0,322000.0,317000.0,22.0,Ready in 24 months
CUST102903,-801.0,0.0,2234800.0,1.0,2235000.0,2235000.0,-1677000.0,0.0,Ready now
CUST102904,17087.0,104000.0,1369600.0,0.924,1318000.0,1523000.0,-338000.0,0.0,Ready now
CUST102905,3092.0,2719000.0,4954200.0,0.451,3595000.0,3632000.0,-2779000.0,0.0,Ready now
CUST102906,13703.0,1586000.0,2837400.0,0.441,2044000.0,2208000.0,-1576000.0,0.0,Ready now
CUST102907,24004.0,0.0,405600.0,1.0,406000.0,694000.0,1435000.0,60.0,Not on track
CUST102908,9147.0,366000.0,552900.0,0.338,370000.0,480000.0,223000.0,24.0,Ready in 24 months
CUST102909,11445.0,424000.0,565200.0,0.25,353000.0,490000.0,197000.0,17.0,Ready in 24 months
CUST102910,11860.0,8000.0,58500.0,0.863,54000.0,196000.0,412000.0,35.0,Not on track
CUST102911,7419.0,0.0,502900.0,1.0,503000.0,592000.0,-155000.0,0.0,Ready now
CUST102912,19071.0,4000.0,95100.0,0.958,93000.0,322000.0,460000.0,24.0,Ready in 24 months
CUST102913,30235.0,0.0,257300.0,1.0,257000.0,620000.0,1187000.0,39.0,Not on track
CUST102914,6799.0,4000.0,1055500.0,0.996,1054000.0,1136000.0,-555000.0,0.0,Ready now
CUST102915,26887.0,0.0,774700.0,1.0,775000.0,1098000.0,36000.0,1.0,Ready in 6 months
CUST102916,4699.0,739000.0,848800.0,0.129,479000.0,535000.0,20000.0,4.0,Ready in 6 months
CUST102917,6688.0,888000.0,1059400.0,0.162,615000.0,695000.0,-126000.0,0.0,Ready now
CUST102918,12459.0,1337000.0,1710700.0,0.218,1042000.0,1192000.0,542000.0,44.0,Not on track
CUST102919,14095.0,0.0,4497000.0,1.0,4497000.0,4666000.0,-2787000.0,0.0,Ready now
CUST102920,30063.0,3442000.0,7069600.0,0.513,5349000.0,5710000.0,-3830000.0,0.0,Ready now
CUST102921,3110.0,1259000.0,1404200.0,0.103,775000.0,812000.0,-426000.0,0.0,Ready now
CUST102922,8316.0,1031000.0,1474900.0,0.301,959000.0,1059000.0,-450000.0,0.0,Ready now
CUST102923,33226.0,5763000.0,8939900.0,0.355,6058000.0,6457000.0,-3392000.0,0.0,Ready now
CUST102924,18162.0,2117000.0,2383500.0,0.112,1325000.0,1543000.0,-725000.0,0.0,Ready now
CUST102925,6224.0,532000.0,594400.0,0.105,328000.0,403000.0,102000.0,16.0,Ready in 24 months
CUST102926,28710.0,3269000.0,8277100.0,0.605,6643000.0,6988000.0,-5356000.0,0.0,Ready now
CUST102927,12945.0,0.0,287200.0,1.0,287000.0,442000.0,737000.0,57.0,Not on track
CUST102928,24782.0,0.0,286400.0,1.0,286000.0,583000.0,1032000.0,42.0,Not on track
CUST102929,9065.0,177000.0,1258600.0,0.859,1170000.0,1279000.0,-859000.0,0.0,Ready now
CUST102930,4068.0,155000.0,2072900.0,0.925,1995000.0,2044000.0,-1244000.0,0.0,Ready now
CUST102931,12701.0,3744000.0,7062800.0,0.47,5191000.0,5343000.0,-3894000.0,0.0,Ready now
CUST102932,3442.0,774000.0,807500.0,0.041,420000.0,461000.0,34000.0,10.0,Ready in 12 months
CUST102933,36546.0,2402000.0,7432500.0,0.677,6232000.0,6671000.0,-4394000.0,0.0,Ready now
CUST102934,10438.0,1203000.0,1234000.0,0.025,632000.0,757000.0,-204000.0,0.0,Ready now
CUST102935,19949.0,12000.0,171200.0,0.93,165000.0,404000.0,773000.0,39.0,Not on track
CUST102936,22563.0,0.0,306900.0,1.0,307000.0,578000.0,1413000.0,63.0,Not on track
CUST102937,6064.0,934000.0,1044000.0,0.105,577000.0,650000.0,-20000.0,0.0,Ready now
CUST102938,11655.0,4000.0,373300.0,0.989,371000.0,511000.0,765000.0,66.0,Not on track
CUST102939,37944.0,3128000.0,7913300.0,0.605,6349000.0,6804000.0,-5303000.0,0.0,Ready now
CUST102940,15453.0,2765000.0,3085500.0,0.104,1703000.0,1888000.0,-891000.0,0.0,Ready now
CUST102941,18195.0,3000.0,470100.0,0.994,469000.0,687000.0,406000.0,22.0,Ready in 24 months
CUST102942,11007.0,610000.0,725600.0,0.159,421000.0,553000.0,219000.0,20.0,Ready in 24 months
CUST102943,27230.0,2982000.0,4975200.0,0.401,3484000.0,3811000.0,-2391000.0,0.0,Ready now
CUST102944,20073.0,5000.0,825000.0,0.994,822000.0,1063000.0,120000.0,6.0,Ready in 6 months
CUST102945,8097.0,0.0,1294300.0,1.0,1294000.0,1391000.0,-934000.0,0.0,Ready now
CUST102946,34775.0,0.0,559000.0,1.0,559000.0,976000.0,806000.0,23.0,Ready in 24 months
CUST102947,11019.0,806000.0,1450000.0,0.444,1047000.0,1179000.0,-419000.0,0.0,Ready now
CUST102948,11903.0,0.0,29600.0,1.0,30000.0,173000.0,460000.0,39.0,Not on track
CUST102949,7080.0,1122000.0,1156500.0,0.03,596000.0,681000.0,51000.0,7.0,Ready in 12 months
CUST102950,17816.0,674000.0,1525000.0,0.558,1188000.0,1402000.0,-554000.0,0.0,Ready now
CUST102951,21280.0,1103000.0,1168000.0,0.056,616000.0,871000.0,255000.0,12.0,Ready in 12 months
CUST102952,7716.0,0.0,152000.0,1.0,152000.0,245000.0,381000.0,49.0,Not on track
CUST102953,29408.0,636000.0,956100.0,0.335,638000.0,991000.0,400000.0,14.0,Ready in 24 months
CUST102954,18716.0,0.0,5126300.0,1.0,5126000.0,5351000.0,-4405000.0,0.0,Ready now
CUST102955,4000.0,2043000.0,2290900.0,0.108,1269000.0,1317000.0,-225000.0,0.0,Ready now
CUST102956,7894.0,622000.0,1585900.0,0.608,1275000.0,1370000.0,-850000.0,0.0,Ready now
CUST102957,11898.0,4000.0,70800.0,0.944,69000.0,212000.0,559000.0,47.0,Not on track
CUST102958,5861.0,1657000.0,3769800.0,0.56,2941000.0,3011000.0,-1988000.0,0.0,Ready now
CUST102959,6138.0,0.0,474900.0,1.0,475000.0,549000.0,-105000.0,0.0,Ready now
CUST102960,1522.0,84000.0,1357100.0,0.938,1315000.0,1333000.0,-890000.0,0.0,Ready now
CUST102961,2716.0,1362000.0,1459100.0,0.067,778000.0,811000.0,-506000.0,0.0,Ready now
CUST102962,7963.0,0.0,620300.0,1.0,620000.0,716000.0,294000.0,37.0,Not on track
CUST102963,32824.0,145000.0,10797100.0,0.987,10725000.0,11119000.0,-8549000.0,0.0,Ready now
CUST102964,9337.0,0.0,76600.0,1.0,77000.0,189000.0,373000.0,40.0,Not on track
CUST102965,21718.0,1932000.0,2040300.0,0.053,1074000.0,1335000.0,416000.0,19.0,Ready in 24 months
CUST102966,13238.0,597000.0,1431200.0,0.583,1133000.0,1292000.0,-613000.0,0.0,Ready now
CUST102967,8477.0,0.0,39900.0,1.0,40000.0,142000.0,473000.0,56.0,Not on track
CUST102968,47611.0,5551000.0,6067600.0,0.085,3292000.0,3863000.0,-1124000.0,0.0,Ready now
CUST102969,8883.0,2097000.0,3751000.0,0.441,2702000.0,2809000.0,-123000.0,0.0,Ready now
CUST102970,10343.0,213000.0,426100.0,0.5,320000.0,444000.0,528000.0,51.0,Not on track
CUST102971,24997.0,702000.0,972900.0,0.278,622000.0,922000.0,159000.0,6.0,Ready in 6 months
CUST102972,20146.0,1876000.0,5249400.0,0.643,4311000.0,4553000.0,-3288000.0,0.0,Ready now
CUST102973,19503.0,8000.0,289300.0,0.972,285000.0,519000.0,473000.0,24.0,Ready in 24 months
CUST102974,1626.0,2308000.0,2505500.0,0.079,1352000.0,1372000.0,-572000.0,0.0,Ready now
CUST102975,36267.0,3324000.0,5041400.0,0.341,3379000.0,3814000.0,-2135000.0,0.0,Ready now
CUST102976,62759.0,0.0,3929000.0,1.0,3929000.0,4682000.0,-1652000.0,0.0,Ready now
CUST102977,7077.0,348000.0,492300.0,0.293,318000.0,403000.0,338000.0,48.0,Not on track
CUST102978,31058.0,0.0,73100.0,1.0,73000.0,446000.0,781000.0,25.0,Not on track
CUST102979,19703.0,26000.0,52700.0,0.507,40000.0,276000.0,516000.0,26.0,Not on track
CUST102980,7436.0,4543000.0,7189200.0,0.368,4918000.0,5007000.0,-3611000.0,0.0,Ready now
CUST102981,17359.0,0.0,4542100.0,1.0,4542000.0,4750000.0,-1644000.0,0.0,Ready now
CUST102982,26518.0,3246000.0,3381400.0,0.04,1758000.0,2076000.0,-605000.0,0.0,Ready now
CUST102983,11494.0,0.0,157800.0,1.0,158000.0,296000.0,1320000.0,115.0,Not on track
CUST102984,45086.0,4491000.0,5645700.0,0.205,3400000.0,3941000.0,-1840000.0,0.0,Ready now
CUST102985,29170.0,0.0,426400.0,1.0,426000.0,776000.0,1442000.0,49.0,Not on track
CUST102986,26277.0,9366000.0,9924200.0,0.056,5241000.0,5556000.0,-2625000.0,0.0,Ready now
CUST102987,6034.0,714000.0,761400.0,0.062,404000.0,476000.0,-119000.0,0.0,Ready now
CUST102988,28029.0,122000.0,507700.0,0.76,447000.0,783000.0,891000.0,32.0,Not on track
CUST102989,621.0,0.0,580600.0,1.0,581000.0,588000.0,-299000.0,0.0,Ready now
CUST102990,3684.0,2324000.0,2742100.0,0.152,1580000.0,1624000.0,-561000.0,0.0,Ready now
CUST102991,32732.0,155000.0,2357000.0,0.934,2280000.0,2673000.0,-975000.0,0.0,Ready now
CUST102992,2642.0,0.0,89000.0,1.0,89000.0,121000.0,454000.0,172.0,Not on track
CUST102993,6899.0,614000.0,694900.0,0.116,388000.0,471000.0,-160000.0,0.0,Ready now
CUST102994,13488.0,2278000.0,2724000.0,0.164,1585000.0,1747000.0,-729000.0,0.0,Ready now
CUST102995,16318.0,10000.0,271100.0,0.963,266000.0,462000.0,654000.0,40.0,Not on track
CUST102996,9949.0,0.0,1547800.0,1.0,1548000.0,1667000.0,-850000.0,0.0,Ready now
CUST102997,2333.0,368000.0,472100.0,0.221,288000.0,316000.0,336000.0,144.0,Not on track
CUST102998,13468.0,798000.0,837100.0,0.047,438000.0,600000.0,195000.0,14.0,Ready in 24 months
CUST102999,20752.0,98000.0,181900.0,0.461,133000.0,382000.0,728000.0,35.0,Not on track
CUST103000,12882.0,511000.0,535600.0,0.046,280000.0,435000.0,384000.0,30.0,Not on track
CUST103001,40091.0,3148000.0,3510400.0,0.103,1936000.0,2417000.0,-689000.0,0.0,Ready now
CUST103002,10043.0,553000.0,2911900.0,0.81,2635000.0,2756000.0,-1839000.0,0.0,Ready now
CUST103003,12652.0,0.0,124900.0,1.0,125000.0,277000.0,294000.0,23.0,Ready in 24 months
CUST103004,30475.0,754000.0,938400.0,0.197,561000.0,927000.0,522000.0,17.0,Ready in 24 months
CUST103005,19960.0,23000.0,3362000.0,0.993,3350000.0,3590000.0,-2270000.0,0.0,Ready now
CUST103006,45352.0,7000.0,217700.0,0.968,214000.0,758000.0,1388000.0,31.0,Not on track
CUST103007,32073.0,3890000.0,4010000.0,0.03,2065000.0,2450000.0,-791000.0,0.0,Ready now
CUST103008,17094.0,1965000.0,3570000.0,0.45,2588000.0,2793000.0,-1955000.0,0.0,Ready now
CUST103009,9899.0,3216000.0,3709000.0,0.133,2101000.0,2220000.0,-79000.0,0.0,Ready now
CUST103010,12749.0,651000.0,721300.0,0.097,396000.0,549000.0,100000.0,8.0,Ready in 12 months
CUST103011,13016.0,2470000.0,4537900.0,0.456,3303000.0,3459000.0,-2297000.0,0.0,Ready now
CUST103012,14919.0,3357000.0,3744300.0,0.103,2066000.0,2245000.0,-621000.0,0.0,Ready now
CUST103013,27215.0,2515000.0,5800000.0,0.566,4542000.0,4869000.0,-3258000.0,0.0,Ready now
CUST103014,52991.0,5721000.0,11587300.0,0.506,8727000.0,9363000.0,-6386000.0,0.0,Ready now
CUST103015,16473.0,2441000.0,2514800.0,0.029,1294000.0,1492000.0,581000.0,35.0,Not on track
CUST103016,29543.0,1766000.0,2067900.0,0.146,1185000.0,1540000.0,-259000.0,0.0,Ready now
CUST103017,12052.0,5000.0,392600.0,0.987,390000.0,535000.0,935000.0,78.0,Not on track
CUST103018,27795.0,2370000.0,2739600.0,0.135,1555000.0,1889000.0,-555000.0,0.0,Ready now
CUST103019,6609.0,6000.0,80700.0,0.926,78000.0,157000.0,378000.0,57.0,Not on track
CUST103020,19883.0,0.0,923700.0,1.0,924000.0,1163000.0,12000.0,1.0,Ready in 6 months
CUST103021,43346.0,0.0,1849300.0,1.0,1849000.0,2369000.0,310000.0,7.0,Ready in 12 months
CUST103022,24878.0,12000.0,161300.0,0.926,155000.0,454000.0,1215000.0,49.0,Not on track
CUST103023,82063.0,6622000.0,10343300.0,0.36,7032000.0,8017000.0,-4256000.0,0.0,Ready now
CUST103024,1132.0,1426000.0,1575300.0,0.095,862000.0,876000.0,-285000.0,0.0,Ready now
CUST103025,747.0,8000.0,80200.0,0.9,76000.0,85000.0,635000.0,999.0,Not on track
CUST103026,36943.0,735000.0,836700.0,0.122,469000.0,912000.0,625000.0,17.0,Ready in 24 months
CUST103027,11921.0,3543000.0,3720500.0,0.048,1949000.0,2092000.0,-513000.0,0.0,Ready now
CUST103028,14995.0,2038000.0,2652400.0,0.232,1633000.0,1813000.0,-980000.0,0.0,Ready now
CUST103029,25433.0,2904000.0,5192500.0,0.441,3740000.0,4045000.0,-2452000.0,0.0,Ready now
CUST103030,36155.0,0.0,674400.0,1.0,674000.0,1108000.0,800000.0,22.0,Ready in 24 months
CUST103031,2364.0,902000.0,1691100.0,0.467,1240000.0,1268000.0,-818000.0,0.0,Ready now
CUST103032,19129.0,8000.0,507100.0,0.984,503000.0,733000.0,53000.0,3.0,Ready in 6 months
CUST103033,38733.0,3890000.0,4367000.0,0.109,2422000.0,2887000.0,-954000.0,0.0,Ready now
CUST103034,26052.0,0.0,1414800.0,1.0,1415000.0,1728000.0,-576000.0,0.0,Ready now
CUST103035,8232.0,24000.0,601100.0,0.96,589000.0,688000.0,-194000.0,0.0,Ready now
CUST103036,15162.0,1135000.0,1805000.0,0.371,1238000.0,1420000.0,-460000.0,0.0,Ready now
CUST103037,25239.0,1362000.0,1385400.0,0.017,704000.0,1007000.0,424000.0,17.0,Ready in 24 months
CUST103038,21116.0,0.0,57400.0,1.0,57000.0,310000.0,586000.0,28.0,Not on track
CUST103039,17973.0,0.0,390500.0,1.0,390000.0,606000.0,552000.0,31.0,Not on track
CUST103040,19945.0,3676000.0,5664500.0,0.351,3826000.0,4065000.0,-2398000.0,0.0,Ready now
CUST103041,8706.0,2375000.0,4143300.0,0.427,2956000.0,3060000.0,-2158000.0,0.0,Ready now
CUST103042,20889.0,11000.0,1019500.0,0.989,1014000.0,1265000.0,-204000.0,0.0,Ready now
CUST103043,14133.0,6000.0,3028200.0,0.998,3025000.0,3195000.0,-1933000.0,0.0,Ready now
CUST103044,7485.0,2003000.0,3027900.0,0.338,2026000.0,2116000.0,-1134000.0,0.0,Ready now
CUST103045,7907.0,860000.0,1102200.0,0.22,672000.0,767000.0,-287000.0,0.0,Ready now
CUST103046,17834.0,546000.0,590400.0,0.075,317000.0,531000.0,195000.0,11.0,Ready in 12 months
CUST103047,19383.0,22000.0,1898700.0,0.988,1888000.0,2121000.0,-860000.0,0.0,Ready now
CUST103048,31991.0,3679000.0,7656200.0,0.519,5817000.0,6201000.0,-4155000.0,0.0,Ready now
CUST103049,28169.0,1460000.0,5007300.0,0.708,4277000.0,4615000.0,-2876000.0,0.0,Ready now
CUST103050,-3072.0,5533000.0,9769800.0,0.434,7003000.0,7003000.0,-5444000.0,0.0,Ready now
CUST103051,11040.0,777000.0,841300.0,0.076,453000.0,585000.0,39000.0,4.0,Ready in 6 months
CUST103052,15157.0,7000.0,105200.0,0.933,102000.0,284000.0,440000.0,29.0,Not on track
CUST103053,15468.0,0.0,7086900.0,1.0,7087000.0,7273000.0,-5206000.0,0.0,Ready now
CUST103054,8923.0,0.0,938300.0,1.0,938000.0,1045000.0,-320000.0,0.0,Ready now
CUST103055,13148.0,1219000.0,1385600.0,0.12,776000.0,934000.0,-199000.0,0.0,Ready now
CUST103056,8413.0,0.0,131600.0,1.0,132000.0,233000.0,656000.0,78.0,Not on track
CUST103057,12778.0,3343000.0,3548300.0,0.058,1877000.0,2030000.0,842000.0,66.0,Not on track
CUST103058,7919.0,17000.0,2209500.0,0.992,2201000.0,2296000.0,-1621000.0,0.0,Ready now
CUST103059,14501.0,3220000.0,5385300.0,0.402,3775000.0,3949000.0,-2736000.0,0.0,Ready now
CUST103060,16492.0,3100000.0,3333800.0,0.07,1784000.0,1982000.0,-578000.0,0.0,Ready now
CUST103061,11270.0,0.0,1071400.0,1.0,1071000.0,1206000.0,-693000.0,0.0,Ready now
CUST103062,26647.0,2873000.0,4189700.0,0.314,2753000.0,3073000.0,-1770000.0,0.0,Ready now
CUST103063,1401.0,9000.0,631300.0,0.986,627000.0,644000.0,-111000.0,0.0,Ready now
CUST103064,22454.0,0.0,452100.0,1.0,452000.0,721000.0,939000.0,42.0,Not on track
CUST103065,41214.0,0.0,504100.0,1.0,504000.0,999000.0,1354000.0,33.0,Not on track
CUST103066,-474.0,0.0,2282800.0,1.0,2283000.0,2283000.0,-1801000.0,0.0,Ready now
CUST103067,22722.0,157000.0,1620800.0,0.903,1542000.0,1815000.0,-707000.0,0.0,Ready now
CUST103068,59799.0,189000.0,2393300.0,0.921,2299000.0,3017000.0,696000.0,12.0,Ready in 12 months
CUST103069,13976.0,0.0,1414700.0,1.0,1415000.0,1583000.0,-863000.0,0.0,Ready now
CUST103070,8484.0,337000.0,446900.0,0.246,278000.0,380000.0,23000.0,3.0,Ready in 6 months
CUST103071,33482.0,5569000.0,5751700.0,0.032,2967000.0,3369000.0,-993000.0,0.0,Ready now
CUST103072,14607.0,1850000.0,2487200.0,0.256,1562000.0,1737000.0,-596000.0,0.0,Ready now
CUST103073,8910.0,16000.0,699700.0,0.977,692000.0,799000.0,174000.0,20.0,Ready in 24 months
CUST103074,50236.0,8332000.0,15239800.0,0.453,11074000.0,11677000.0,-9049000.0,0.0,Ready now
CUST103075,11189.0,929000.0,1088500.0,0.147,624000.0,758000.0,-132000.0,0.0,Ready now
CUST103076,4955.0,1327000.0,2820700.0,0.53,2157000.0,2216000.0,-1332000.0,0.0,Ready now
CUST103077,-761.0,0.0,650900.0,1.0,651000.0,651000.0,-217000.0,0.0,Ready now
CUST103078,28863.0,430000.0,629700.0,0.317,415000.0,761000.0,758000.0,26.0,Not on track
CUST103079,13151.0,1949000.0,3249200.0,0.4,2275000.0,2433000.0,-1599000.0,0.0,Ready now
CUST103080,12944.0,1180000.0,1877600.0,0.372,1288000.0,1443000.0,-736000.0,0.0,Ready now
CUST103081,25686.0,14000.0,5072900.0,0.997,5066000.0,5374000.0,-3637000.0,0.0,Ready now
CUST103082,6993.0,1013000.0,2756300.0,0.632,2250000.0,2334000.0,-1408000.0,0.0,Ready now
CUST103083,15369.0,345000.0,376100.0,0.083,204000.0,388000.0,326000.0,21.0,Ready in 24 months
CUST103084,8522.0,0.0,67900.0,1.0,68000.0,170000.0,362000.0,42.0,Not on track
CUST103085,17738.0,2596000.0,2704900.0,0.04,1407000.0,1620000.0,-444000.0,0.0,Ready now
CUST103086,8167.0,0.0,718600.0,1.0,719000.0,817000.0,-289000.0,0.0,Ready now
CUST103087,19225.0,1521000.0,1731300.0,0.121,971000.0,1202000.0,-186000.0,0.0,Ready now
CUST103088,8532.0,3296000.0,5842100.0,0.436,4194000.0,4296000.0,-2762000.0,0.0,Ready now
CUST103089,40587.0,0.0,308700.0,1.0,309000.0,796000.0,1075000.0,26.0,Not on track
CUST103090,12115.0,2132000.0,3339500.0,0.362,2274000.0,2419000.0,-1549000.0,0.0,Ready now
CUST103091,29532.0,2414000.0,3250800.0,0.257,2044000.0,2398000.0,-1132000.0,0.0,Ready now
CUST103092,15490.0,22000.0,1169300.0,0.981,1158000.0,1344000.0,-628000.0,0.0,Ready now
CUST103093,31433.0,1354000.0,2185700.0,0.381,1509000.0,1886000.0,-447000.0,0.0,Ready now
CUST103094,17367.0,1992000.0,2230500.0,0.107,1234000.0,1442000.0,-660000.0,0.0,Ready now
CUST103095,471.0,1297000.0,1388700.0,0.066,740000.0,746000.0,-532000.0,0.0,Ready now
CUST103096,27329.0,19000.0,1560200.0,0.988,1551000.0,1879000.0,-365000.0,0.0,Ready now
CUST103097,10389.0,992000.0,1690600.0,0.413,1195000.0,1320000.0,-826000.0,0.0,Ready now
CUST103098,12183.0,1037000.0,2036100.0,0.491,1518000.0,1664000.0,-1056000.0,0.0,Ready now
CUST103099,18213.0,0.0,982400.0,1.0,982000.0,1201000.0,-400000.0,0.0,Ready now
CUST103100,11510.0,1655000.0,1856300.0,0.108,1029000.0,1167000.0,-411000.0,0.0,Ready now
CUST103101,40808.0,2427000.0,7220400.0,0.664,6007000.0,6497000.0,-4109000.0,0.0,Ready now
CUST103102,40186.0,2266000.0,2916000.0,0.223,1783000.0,2265000.0,-458000.0,0.0,Ready now
CUST103103,20060.0,1098000.0,4155000.0,0.736,3606000.0,3847000.0,-2852000.0,0.0,Ready now
CUST103104,26495.0,28000.0,338700.0,0.917,325000.0,643000.0,695000.0,26.0,Not on track
CUST103105,22576.0,2147000.0,2449500.0,0.123,1376000.0,1647000.0,-595000.0,0.0,Ready now
CUST103106,48514.0,0.0,4851300.0,1.0,4851000.0,5433000.0,-3049000.0,0.0,Ready now
CUST103107,11580.0,1132000.0,1940000.0,0.416,1374000.0,1513000.0,-974000.0,0.0,Ready now
CUST103108,47286.0,3355000.0,6491000.0,0.483,4814000.0,5381000.0,-3610000.0,0.0,Ready now
CUST103109,17632.0,239000.0,2469000.0,0.903,2350000.0,2562000.0,-1703000.0,0.0,Ready now
CUST103110,14008.0,2421000.0,3524000.0,0.313,2314000.0,2482000.0,-1204000.0,0.0,Ready now
CUST103111,22025.0,2545000.0,2898100.0,0.122,1626000.0,1890000.0,-348000.0,0.0,Ready now
CUST103112,11980.0,128000.0,866300.0,0.852,802000.0,946000.0,629000.0,53.0,Not on track
CUST103113,45124.0,153000.0,2682600.0,0.943,2606000.0,3147000.0,-873000.0,0.0,Ready now
CUST103114,6107.0,340000.0,367200.0,0.074,197000.0,270000.0,213000.0,35.0,Not on track
CUST103115,43704.0,5000.0,540900.0,0.991,538000.0,1062000.0,1101000.0,25.0,Not on track
CUST103116,1593.0,1485000.0,3858100.0,0.615,3116000.0,3135000.0,-2358000.0,0.0,Ready now
CUST103117,18486.0,595000.0,843100.0,0.294,546000.0,768000.0,-67000.0,0.0,Ready now
CUST103118,75287.0,0.0,2067800.0,1.0,2068000.0,2971000.0,672000.0,9.0,Ready in 12 months
CUST103119,31487.0,0.0,3284000.0,1.0,3284000.0,3662000.0,-2136000.0,0.0,Ready now
CUST103120,6075.0,259000.0,2571600.0,0.899,2442000.0,2515000.0,-1720000.0,0.0,Ready now
CUST103121,20379.0,2786000.0,2880100.0,0.033,1487000.0,1732000.0,-260000.0,0.0,Ready now
CUST103122,15154.0,1414000.0,5351300.0,0.736,4644000.0,4826000.0,-4066000.0,0.0,Ready now
CUST103123,20579.0,1705000.0,2465600.0,0.308,1613000.0,1860000.0,-815000.0,0.0,Ready now
CUST103124,-4582.0,1364000.0,1441700.0,0.054,760000.0,760000.0,-464000.0,0.0,Ready now
CUST103125,11777.0,1308000.0,1425500.0,0.082,772000.0,913000.0,-76000.0,0.0,Ready now
CUST103126,9962.0,21000.0,118900.0,0.823,108000.0,228000.0,622000.0,62.0,Not on track
CUST103127,9774.0,2967000.0,4093600.0,0.275,2610000.0,2727000.0,-1538000.0,0.0,Ready now
CUST103128,41976.0,3777000.0,3991100.0,0.054,2103000.0,2607000.0,-558000.0,0.0,Ready now
CUST103129,25101.0,1829000.0,2038200.0,0.103,1124000.0,1425000.0,-276000.0,0.0,Ready now
CUST103130,13175.0,0.0,449200.0,1.0,449000.0,607000.0,1958000.0,149.0,Not on track
CUST103131,28211.0,2047000.0,3958800.0,0.483,2935000.0,3274000.0,-1937000.0,0.0,Ready now
CUST103132,41688.0,3987000.0,8986300.0,0.556,6993000.0,7493000.0,-5047000.0,0.0,Ready now
CUST103133,7362.0,10000.0,463300.0,0.978,458000.0,546000.0,888000.0,121.0,Not on track
CUST103134,35568.0,1272000.0,6385300.0,0.801,5749000.0,6176000.0,-3624000.0,0.0,Ready now
CUST103135,-2607.0,3380000.0,3491100.0,0.032,1801000.0,1801000.0,392000.0,999.0,Not on track
CUST103136,1449.0,10000.0,1156100.0,0.991,1151000.0,1168000.0,-781000.0,0.0,Ready now
CUST103137,15350.0,1549000.0,5549400.0,0.721,4775000.0,4959000.0,-3643000.0,0.0,Ready now
CUST103138,25085.0,1386000.0,1610000.0,0.139,917000.0,1218000.0,-79000.0,0.0,Ready now
CUST103139,12290.0,1118000.0,3919200.0,0.715,3360000.0,3507000.0,-2498000.0,0.0,Ready now
CUST103140,11667.0,2020000.0,4494600.0,0.551,3485000.0,3625000.0,-2809000.0,0.0,Ready now
CUST103141,12038.0,1737000.0,2446500.0,0.29,1578000.0,1722000.0,-968000.0,0.0,Ready now
CUST103142,7516.0,1226000.0,1523300.0,0.195,910000.0,1000000.0,-338000.0,0.0,Ready now
CUST103143,14737.0,0.0,16900.0,1.0,17000.0,194000.0,713000.0,48.0,Not on track
CUST103144,30284.0,2464000.0,4189300.0,0.412,2957000.0,3320000.0,-1375000.0,0.0,Ready now
CUST103145,4628.0,1725000.0,1982700.0,0.13,1120000.0,1176000.0,-500000.0,0.0,Ready now
CUST103146,10127.0,0.0,1490700.0,1.0,1491000.0,1613000.0,-650000.0,0.0,Ready now
CUST103147,14796.0,150000.0,401700.0,0.627,327000.0,505000.0,270000.0,18.0,Ready in 24 months
CUST103148,13682.0,716000.0,1800800.0,0.602,1443000.0,1607000.0,-840000.0,0.0,Ready now
CUST103149,14655.0,0.0,261800.0,1.0,262000.0,438000.0,619000.0,42.0,Not on track
CUST103150,32568.0,2823000.0,3283200.0,0.14,1872000.0,2263000.0,-695000.0,0.0,Ready now
CUST103151,26650.0,0.0,583500.0,1.0,584000.0,904000.0,1274000.0,48.0,Not on track
CUST103152,3726.0,0.0,31500.0,1.0,32000.0,77000.0,514000.0,138.0,Not on track
CUST103153,6026.0,0.0,43400.0,1.0,43000.0,115000.0,639000.0,106.0,Not on track
CUST103154,26612.0,0.0,1368600.0,1.0,1369000.0,1688000.0,-366000.0,0.0,Ready now
CUST103155,13371.0,0.0,1210000.0,1.0,1210000.0,1370000.0,-660000.0,0.0,Ready now
CUST103156,47480.0,3000.0,184000.0,0.984,182000.0,752000.0,1530000.0,32.0,Not on track
CUST103157,19172.0,0.0,3821100.0,1.0,3821000.0,4051000.0,-3187000.0,0.0,Ready now
CUST103158,33102.0,11000.0,4260700.0,0.997,4255000.0,4652000.0,-2840000.0,0.0,Ready now
CUST103159,17671.0,2626000.0,2797000.0,0.061,1484000.0,1696000.0,-595000.0,0.0,Ready now
CUST103160,4609.0,0.0,266500.0,1.0,266000.0,321000.0,451000.0,98.0,Not on track
CUST103161,63270.0,3865000.0,4466300.0,0.135,2534000.0,3293000.0,-318000.0,0.0,Ready now
CUST103162,8640.0,2778000.0,2842700.0,0.023,1454000.0,1558000.0,-663000.0,0.0,Ready now
CUST103163,35691.0,0.0,488700.0,1.0,489000.0,917000.0,1143000.0,32.0,Not on track
CUST103164,11790.0,1546000.0,3985100.0,0.612,3212000.0,3353000.0,-2494000.0,0.0,Ready now
CUST103165,16790.0,3000.0,779800.0,0.996,778000.0,979000.0,-279000.0,0.0,Ready now
CUST103166,8428.0,2160000.0,2431300.0,0.112,1351000.0,1452000.0,-665000.0,0.0,Ready now
CUST103167,20693.0,0.0,959400.0,1.0,959000.0,1207000.0,-151000.0,0.0,Ready now
CUST103168,13721.0,876000.0,2197500.0,0.601,1760000.0,1925000.0,-1357000.0,0.0,Ready now
CUST103169,5352.0,0.0,36600.0,1.0,37000.0,101000.0,1210000.0,226.0,Not on track
CUST103170,21872.0,0.0,419300.0,1.0,419000.0,681000.0,959000.0,44.0,Not on track
CUST103171,48291.0,0.0,2625900.0,1.0,2626000.0,3205000.0,-1138000.0,0.0,Ready now
CUST103172,36287.0,420000.0,3196000.0,0.869,2986000.0,3421000.0,-2031000.0,0.0,Ready now
CUST103173,31255.0,4096000.0,4948200.0,0.172,2900000.0,3275000.0,-1302000.0,0.0,Ready now
CUST103174,648.0,1448000.0,1483100.0,0.024,759000.0,767000.0,-230000.0,0.0,Ready now
CUST103175,4083.0,1774000.0,1863000.0,0.048,976000.0,1025000.0,-457000.0,0.0,Ready now
CUST103176,18803.0,3807000.0,4253700.0,0.105,2350000.0,2576000.0,-842000.0,0.0,Ready now
CUST103177,19803.0,87000.0,478600.0,0.818,435000.0,673000.0,518000.0,26.0,Not on track
CUST103178,24746.0,779000.0,1025100.0,0.24,636000.0,933000.0,346000.0,14.0,Ready in 24 months
CUST103179,21409.0,6000.0,60200.0,0.9,57000.0,314000.0,583000.0,27.0,Not on track
CUST103180,19356.0,576000.0,975900.0,0.41,688000.0,920000.0,73000.0,4.0,Ready in 6 months
CUST103181,26249.0,794000.0,1257600.0,0.369,861000.0,1176000.0,286000.0,11.0,Ready in 12 months
CUST103182,7081.0,711000.0,800700.0,0.112,445000.0,530000.0,-72000.0,0.0,Ready now
CUST103183,8076.0,1174000.0,1417900.0,0.172,831000.0,928000.0,-526000.0,0.0,Ready now
CUST103184,13620.0,3383000.0,3755200.0,0.099,2064000.0,2227000.0,-662000.0,0.0,Ready now
CUST103185,16996.0,1656000.0,1792100.0,0.076,964000.0,1168000.0,-327000.0,0.0,Ready now
CUST103186,-245.0,2982000.0,3355600.0,0.111,1865000.0,1865000.0,-1199000.0,0.0,Ready now
CUST103187,29618.0,5138000.0,8044700.0,0.361,5476000.0,5831000.0,-3510000.0,0.0,Ready now
CUST103188,8188.0,2000.0,152900.0,0.987,152000.0,250000.0,394000.0,48.0,Not on track
CUST103189,8039.0,144000.0,208400.0,0.309,136000.0,232000.0,254000.0,32.0,Not on track
CUST103190,17719.0,0.0,308300.0,1.0,308000.0,521000.0,556000.0,31.0,Not on track
CUST103191,8187.0,1571000.0,2745500.0,0.428,1960000.0,2058000.0,-1313000.0,0.0,Ready now
CUST103192,6360.0,2145000.0,4073800.0,0.473,3001000.0,3077000.0,-2022000.0,0.0,Ready now
CUST103193,21511.0,2398000.0,3817400.0,0.372,2618000.0,2876000.0,-1466000.0,0.0,Ready now
CUST103194,26381.0,1271000.0,1566900.0,0.189,931000.0,1248000.0,-12000.0,0.0,Ready now
CUST103195,13676.0,0.0,168900.0,1.0,169000.0,333000.0,845000.0,62.0,Not on track
CUST103196,26459.0,0.0,264800.0,1.0,265000.0,583000.0,1418000.0,54.0,Not on track
CUST103197,32985.0,3378000.0,5388600.0,0.373,3700000.0,4096000.0,-2590000.0,0.0,Ready now
CUST103198,13058.0,2263000.0,2415100.0,0.063,1284000.0,1441000.0,-379000.0,0.0,Ready now
CUST103199,15098.0,2462000.0,3361700.0,0.268,2131000.0,2312000.0,-1022000.0,0.0,Ready now
CUST103200,13026.0,8000.0,638600.0,0.987,635000.0,791000.0,-177000.0,0.0,Ready now
CUST103201,16296.0,0.0,1959900.0,1.0,1960000.0,2156000.0,-1307000.0,0.0,Ready now
CUST103202,10466.0,1940000.0,1983100.0,0.022,1013000.0,1139000.0,-199000.0,0.0,Ready now
CUST103203,2035.0,858000.0,900700.0,0.047,472000.0,496000.0,-158000.0,0.0,Ready now
CUST103204,16321.0,8000.0,1211800.0,0.993,1208000.0,1404000.0,-403000.0,0.0,Ready now
CUST103205,8206.0,13000.0,3344500.0,0.996,3338000.0,3436000.0,-1957000.0,0.0,Ready now
CUST103206,15819.0,0.0,47800.0,1.0,48000.0,238000.0,556000.0,35.0,Not on track
CUST103207,19314.0,639000.0,987900.0,0.353,668000.0,900000.0,549000.0,28.0,Not on track
CUST103208,21546.0,148000.0,1782600.0,0.917,1709000.0,1968000.0,-171000.0,0.0,Ready now
CUST103209,10226.0,11000.0,175900.0,0.937,170000.0,293000.0,628000.0,61.0,Not on track
CUST103210,3489.0,0.0,627800.0,1.0,628000.0,670000.0,15000.0,4.0,Ready in 6 months
CUST103211,21489.0,1016000.0,3599000.0,0.718,3091000.0,3349000.0,-2247000.0,0.0,Ready now
CUST103212,6729.0,0.0,77100.0,1.0,77000.0,158000.0,413000.0,61.0,Not on track
CUST103213,20600.0,4000.0,16500.0,0.758,14000.0,261000.0,762000.0,37.0,Not on track
CUST103214,4303.0,21000.0,1392300.0,0.985,1382000.0,1434000.0,-812000.0,0.0,Ready now
CUST103215,19391.0,1565000.0,3657800.0,0.572,2875000.0,3108000.0,-2080000.0,0.0,Ready now
CUST103216,6674.0,1363000.0,2111500.0,0.354,1430000.0,1510000.0,-904000.0,0.0,Ready now
CUST103217,22162.0,39000.0,133200.0,0.707,114000.0,380000.0,919000.0,41.0,Not on track
CUST103218,52069.0,3725000.0,5096100.0,0.269,3234000.0,3859000.0,-1487000.0,0.0,Ready now
CUST103219,29579.0,5140000.0,5496700.0,0.065,2927000.0,3282000.0,-1125000.0,0.0,Ready now
CUST103220,4783.0,0.0,511200.0,1.0,511000.0,568000.0,-185000.0,0.0,Ready now
CUST103221,12121.0,1679000.0,1877600.0,0.106,1038000.0,1183000.0,-327000.0,0.0,Ready now
CUST103222,18005.0,0.0,510100.0,1.0,510000.0,726000.0,693000.0,38.0,Not on track
CUST103223,32219.0,3010000.0,5909500.0,0.491,4404000.0,4791000.0,-3234000.0,0.0,Ready now
CUST103224,2748.0,1688000.0,1801700.0,0.063,958000.0,991000.0,-543000.0,0.0,Ready now
CUST103225,12873.0,0.0,1788500.0,1.0,1788000.0,1942000.0,-1077000.0,0.0,Ready now
CUST103226,11960.0,2056000.0,2160000.0,0.048,1132000.0,1276000.0,-344000.0,0.0,Ready now
CUST103227,947.0,791000.0,1041400.0,0.24,646000.0,657000.0,-292000.0,0.0,Ready now
CUST103228,11191.0,552000.0,776200.0,0.289,500000.0,634000.0,790000.0,71.0,Not on track
CUST103229,51101.0,1993000.0,2085100.0,0.044,1089000.0,1702000.0,615000.0,12.0,Ready in 12 months
CUST103230,23017.0,3000.0,228600.0,0.987,227000.0,503000.0,493000.0,21.0,Ready in 24 months
CUST103231,3676.0,0.0,1088500.0,1.0,1088000.0,1132000.0,-692000.0,0.0,Ready now
CUST103232,48836.0,0.0,3236900.0,1.0,3237000.0,3823000.0,-1567000.0,0.0,Ready now
CUST103233,23141.0,1182000.0,1379800.0,0.143,789000.0,1067000.0,111000.0,5.0,Ready in 6 months
CUST103234,16136.0,10000.0,2900500.0,0.997,2896000.0,3090000.0,-1742000.0,0.0,Ready now
CUST103235,7267.0,333000.0,1200100.0,0.723,1034000.0,1121000.0,-776000.0,0.0,Ready now
CUST103236,10207.0,5000.0,644800.0,0.992,642000.0,764000.0,-277000.0,0.0,Ready now
CUST103237,19063.0,13000.0,99000.0,0.869,92000.0,321000.0,754000.0,40.0,Not on track
CUST103238,15127.0,3599000.0,4061300.0,0.114,2262000.0,2444000.0,-605000.0,0.0,Ready now
CUST103239,10641.0,1562000.0,1751000.0,0.108,970000.0,1098000.0,-406000.0,0.0,Ready now
CUST103240,12006.0,21000.0,234300.0,0.91,224000.0,368000.0,718000.0,60.0,Not on track
CUST103241,7716.0,1361000.0,1396800.0,0.026,716000.0,809000.0,-364000.0,0.0,Ready now
CUST103242,12354.0,0.0,13500.0,1.0,14000.0,162000.0,468000.0,38.0,Not on track
CUST103243,3350.0,827000.0,964100.0,0.142,551000.0,591000.0,-166000.0,0.0,Ready now
CUST103244,26779.0,2043000.0,2452600.0,0.167,1431000.0,1752000.0,-268000.0,0.0,Ready now
CUST103245,2440.0,0.0,763600.0,1.0,764000.0,793000.0,-408000.0,0.0,Ready now
CUST103246,11148.0,1652000.0,1901400.0,0.131,1075000.0,1209000.0,28000.0,3.0,Ready in 6 months
CUST103247,12549.0,1909000.0,2165300.0,0.118,1211000.0,1362000.0,-645000.0,0.0,Ready now
CUST103248,42719.0,10000.0,4253900.0,0.998,4249000.0,4762000.0,-2355000.0,0.0,Ready now
CUST103249,17237.0,3000.0,202900.0,0.985,201000.0,408000.0,1205000.0,70.0,Not on track
CUST103250,8064.0,2303000.0,6186700.0,0.628,5035000.0,5132000.0,-3842000.0,0.0,Ready now
CUST103251,17171.0,6957000.0,7808600.0,0.109,4330000.0,4536000.0,-2637000.0,0.0,Ready now
CUST103252,6522.0,1035000.0,1118000.0,0.074,600000.0,678000.0,-17000.0,0.0,Ready now
CUST103253,12829.0,519000.0,2881700.0,0.82,2622000.0,2776000.0,-1784000.0,0.0,Ready now
CUST103254,8627.0,0.0,686400.0,1.0,686000.0,790000.0,-344000.0,0.0,Ready now
CUST103255,18376.0,13000.0,946000.0,0.986,940000.0,1161000.0,-101000.0,0.0,Ready now
CUST103256,34732.0,0.0,291000.0,1.0,291000.0,708000.0,1130000.0,33.0,Not on track
CUST103257,32644.0,81000.0,509600.0,0.841,469000.0,861000.0,1013000.0,31.0,Not on track
CUST103258,12544.0,35000.0,2115600.0,0.983,2098000.0,2249000.0,-1584000.0,0.0,Ready now
CUST103259,2736.0,3000.0,828900.0,0.996,827000.0,860000.0,-461000.0,0.0,Ready now
CUST103260,16397.0,6000.0,1428400.0,0.996,1425000.0,1622000.0,-639000.0,0.0,Ready now
CUST103261,7436.0,271000.0,325200.0,0.167,190000.0,279000.0,246000.0,33.0,Not on track
CUST103262,6081.0,0.0,115100.0,1.0,115000.0,188000.0,473000.0,78.0,Not on track
CUST103263,12195.0,3707000.0,3962900.0,0.065,2109000.0,2255000.0,-723000.0,0.0,Ready now
CUST103264,31864.0,528000.0,2150700.0,0.754,1887000.0,2269000.0,-797000.0,0.0,Ready now
CUST103265,10341.0,367000.0,1733100.0,0.788,1550000.0,1674000.0,-669000.0,0.0,Ready now
CUST103266,10863.0,1945000.0,2022000.0,0.038,1050000.0,1180000.0,-571000.0,0.0,Ready now
CUST103267,-2608.0,0.0,349200.0,1.0,349000.0,349000.0,637000.0,999.0,Not on track
CUST103268,24399.0,1747000.0,1860600.0,0.061,987000.0,1280000.0,12000.0,0.0,Ready now
CUST103269,6177.0,1038000.0,1063000.0,0.024,544000.0,618000.0,74000.0,12.0,Ready in 12 months
CUST103270,12354.0,922000.0,1917400.0,0.519,1456000.0,1604000.0,-883000.0,0.0,Ready now
CUST103271,8419.0,15000.0,370000.0,0.959,362000.0,463000.0,-40000.0,0.0,Ready now
CUST103272,4511.0,114000.0,188000.0,0.394,131000.0,185000.0,322000.0,71.0,Not on track
CUST103273,-2922.0,3009000.0,3100100.0,0.029,1596000.0,1596000.0,-902000.0,0.0,Ready now
CUST103274,2372.0,405000.0,1801000.0,0.775,1598000.0,1626000.0,-968000.0,0.0,Ready now
CUST103275,6860.0,0.0,298000.0,1.0,298000.0,380000.0,138000.0,20.0,Ready in 24 months
CUST103276,8552.0,0.0,274000.0,1.0,274000.0,377000.0,530000.0,62.0,Not on track
CUST103277,22548.0,19000.0,3917900.0,0.995,3908000.0,4179000.0,-2768000.0,0.0,Ready now
CUST103278,37457.0,20000.0,2951400.0,0.993,2941000.0,3390000.0,-1721000.0,0.0,Ready now
CUST103279,23582.0,0.0,228100.0,1.0,228000.0,511000.0,336000.0,14.0,Ready in 24 months
CUST103280,8934.0,0.0,205800.0,1.0,206000.0,313000.0,756000.0,85.0,Not on track
CUST103281,8143.0,621000.0,1995300.0,0.689,1685000.0,1783000.0,-1082000.0,0.0,Ready now
CUST103282,26375.0,0.0,1969500.0,1.0,1970000.0,2286000.0,-1196000.0,0.0,Ready now
CUST103283,20408.0,1110000.0,1381700.0,0.197,827000.0,1072000.0,81000.0,4.0,Ready in 6 months
CUST103284,15338.0,2750000.0,6503300.0,0.577,5128000.0,5312000.0,-4310000.0,0.0,Ready now
CUST103285,30455.0,11000.0,316600.0,0.965,311000.0,676000.0,1189000.0,39.0,Not on track
CUST103286,17563.0,3243000.0,6636900.0,0.511,5015000.0,5226000.0,-3789000.0,0.0,Ready now
CUST103287,24681.0,1389000.0,1997300.0,0.305,1303000.0,1599000.0,-399000.0,0.0,Ready now
CUST103288,21901.0,0.0,1885700.0,1.0,1886000.0,2149000.0,-1044000.0,0.0,Ready now
CUST103289,13230.0,1441000.0,1900300.0,0.242,1180000.0,1339000.0,-493000.0,0.0,Ready now
CUST103290,6203.0,25000.0,135700.0,0.816,123000.0,197000.0,101000.0,16.0,Ready in 24 months
CUST103291,39918.0,2797000.0,6904700.0,0.595,5506000.0,5985000.0,-3790000.0,0.0,Ready now
CUST103292,13247.0,1078000.0,1306900.0,0.175,768000.0,927000.0,-64000.0,0.0,Ready now
CUST103293,30368.0,987000.0,1799900.0,0.452,1306000.0,1670000.0,214000.0,7.0,Ready in 12 months
CUST103294,25781.0,1886000.0,2122400.0,0.111,1179000.0,1488000.0,-290000.0,0.0,Ready now
CUST103295,43356.0,1320000.0,1831900.0,0.279,1172000.0,1692000.0,386000.0,9.0,Ready in 12 months
CUST103296,8713.0,0.0,2173000.0,1.0,2173000.0,2278000.0,-1244000.0,0.0,Ready now
CUST103297,32802.0,43000.0,2400900.0,0.982,2379000.0,2773000.0,-814000.0,0.0,Ready now
CUST103298,16587.0,1501000.0,2408200.0,0.377,1658000.0,1857000.0,-921000.0,0.0,Ready now
CUST103299,9496.0,441000.0,596300.0,0.26,376000.0,490000.0,77000.0,8.0,Ready in 12 months
CUST103300,24981.0,1825000.0,2011000.0,0.092,1098000.0,1398000.0,-213000.0,0.0,Ready now
CUST103301,6866.0,0.0,73300.0,1.0,73000.0,155000.0,233000.0,34.0,Not on track
CUST103302,11671.0,14000.0,1052100.0,0.987,1045000.0,1185000.0,-408000.0,0.0,Ready now
CUST103303,7194.0,0.0,542400.0,1.0,542000.0,628000.0,-98000.0,0.0,Ready now
CUST103304,17571.0,1311000.0,1421100.0,0.077,766000.0,977000.0,-115000.0,0.0,Ready now
CUST103305,31290.0,0.0,166300.0,1.0,166000.0,541000.0,944000.0,30.0,Not on track
CUST103306,12889.0,0.0,253700.0,1.0,254000.0,409000.0,577000.0,45.0,Not on track
CUST103307,4278.0,0.0,270900.0,1.0,271000.0,322000.0,248000.0,58.0,Not on track
CUST103308,19697.0,0.0,4732500.0,1.0,4732000.0,4968000.0,-4210000.0,0.0,Ready now
CUST103309,16227.0,1690000.0,3361900.0,0.497,2517000.0,2712000.0,-1823000.0,0.0,Ready now
CUST103310,84275.0,3000.0,1486300.0,0.998,1485000.0,2496000.0,1851000.0,22.0,Ready in 24 months
CUST103311,28932.0,643000.0,3111600.0,0.793,2790000.0,3137000.0,-1637000.0,0.0,Ready now
CUST103312,12292.0,0.0,203600.0,1.0,204000.0,352000.0,440000.0,36.0,Not on track
CUST103313,42956.0,0.0,1875800.0,1.0,1876000.0,2391000.0,-340000.0,0.0,Ready now
CUST103314,27220.0,3530000.0,6348000.0,0.444,4583000.0,4910000.0,-2741000.0,0.0,Ready now
CUST103315,13535.0,9000.0,1694400.0,0.995,1690000.0,1852000.0,-1018000.0,0.0,Ready now
CUST103316,6843.0,1203000.0,1727400.0,0.304,1126000.0,1208000.0,-639000.0,0.0,Ready now
CUST103317,670.0,0.0,81400.0,1.0,81000.0,89000.0,329000.0,999.0,Not on track
CUST103318,22129.0,335000.0,517700.0,0.353,350000.0,616000.0,360000.0,16.0,Ready in 24 months
CUST103319,18172.0,1750000.0,2140900.0,0.183,1266000.0,1484000.0,-486000.0,0.0,Ready now
CUST103320,2437.0,0.0,1296900.0,1.0,1297000.0,1326000.0,-858000.0,0.0,Ready now
CUST103321,19196.0,0.0,170700.0,1.0,171000.0,401000.0,633000.0,33.0,Not on track
CUST103322,26515.0,812000.0,834800.0,0.027,429000.0,747000.0,465000.0,18.0,Ready in 24 months
CUST103323,15422.0,17000.0,2182000.0,0.992,2174000.0,2359000.0,-1268000.0,0.0,Ready now
CUST103324,12178.0,0.0,348100.0,1.0,348000.0,494000.0,756000.0,62.0,Not on track
CUST103325,17470.0,4000.0,2870000.0,0.999,2868000.0,3078000.0,-1802000.0,0.0,Ready now
CUST103326,29597.0,3051000.0,7345700.0,0.585,5820000.0,6175000.0,-3392000.0,0.0,Ready now
CUST103327,18547.0,3931000.0,6181100.0,0.364,4216000.0,4439000.0,-2854000.0,0.0,Ready now
CUST103328,21183.0,4000.0,340000.0,0.988,338000.0,592000.0,618000.0,29.0,Not on track
CUST103329,10685.0,17000.0,1071400.0,0.984,1063000.0,1191000.0,-524000.0,0.0,Ready now
CUST103330,22118.0,3000.0,1560700.0,0.998,1559000.0,1824000.0,-852000.0,0.0,Ready now
CUST103331,7480.0,324000.0,1732700.0,0.813,1571000.0,1661000.0,-1085000.0,0.0,Ready now
CUST103332,3024.0,1859000.0,4176600.0,0.555,3247000.0,3283000.0,-2177000.0,0.0,Ready now
CUST103333,33281.0,12000.0,137100.0,0.912,131000.0,530000.0,888000.0,27.0,Not on track
CUST103334,24837.0,2000.0,34900.0,0.943,34000.0,332000.0,1515000.0,61.0,Not on track
CUST103335,17955.0,448000.0,1238700.0,0.638,1015000.0,1230000.0,-70000.0,0.0,Ready now
CUST103336,-2987.0,11000.0,1690600.0,0.993,1685000.0,1685000.0,-183000.0,0.0,Ready now
CUST103337,41458.0,539000.0,4550900.0,0.882,4281000.0,4778000.0,-2867000.0,0.0,Ready now
CUST103338,5457.0,13000.0,147300.0,0.912,141000.0,206000.0,207000.0,38.0,Not on track
CUST103339,9373.0,0.0,1106300.0,1.0,1106000.0,1218000.0,-780000.0,0.0,Ready now
CUST103340,13021.0,11000.0,291300.0,0.962,286000.0,442000.0,700000.0,54.0,Not on track
CUST103341,11155.0,1894000.0,2308900.0,0.18,1362000.0,1496000.0,-873000.0,0.0,Ready now
CUST103342,23133.0,0.0,1138000.0,1.0,1138000.0,1416000.0,-260000.0,0.0,Ready now
CUST103343,14134.0,0.0,2022500.0,1.0,2022000.0,2192000.0,-1009000.0,0.0,Ready now
CUST103344,23320.0,2000.0,2061900.0,0.999,2061000.0,2341000.0,-1488000.0,0.0,Ready now
CUST103345,2754.0,1135000.0,1442100.0,0.213,875000.0,908000.0,-251000.0,0.0,Ready now
CUST103346,16636.0,0.0,189500.0,1.0,190000.0,390000.0,428000.0,26.0,Not on track
CUST103347,27925.0,3600000.0,3625200.0,0.007,1825000.0,2160000.0,-548000.0,0.0,Ready now
CUST103348,17940.0,3312000.0,6911500.0,0.521,5256000.0,5471000.0,-4276000.0,0.0,Ready now
CUST103349,11450.0,3000.0,232800.0,0.987,231000.0,368000.0,446000.0,39.0,Not on track
CUST103350,4677.0,0.0,562900.0,1.0,563000.0,619000.0,-113000.0,0.0,Ready now
CUST103351,55038.0,0.0,5307800.0,1.0,5308000.0,5968000.0,-3819000.0,0.0,Ready now
CUST103352,82933.0,24000.0,2185800.0,0.989,2174000.0,3169000.0,202000.0,2.0,Ready in 6 months
CUST103353,23372.0,41000.0,356300.0,0.885,336000.0,616000.0,619000.0,26.0,Not on track
CUST103354,23899.0,0.0,169200.0,1.0,169000.0,456000.0,659000.0,28.0,Not on track
CUST103355,41782.0,4610000.0,4900400.0,0.059,2595000.0,3096000.0,-922000.0,0.0,Ready now
CUST103356,10321.0,3028000.0,3371700.0,0.102,1858000.0,1982000.0,-604000.0,0.0,Ready now
CUST103357,11637.0,1973000.0,3999500.0,0.507,3013000.0,3153000.0,-2292000.0,0.0,Ready now
CUST103358,-1095.0,0.0,532600.0,1.0,533000.0,533000.0,349000.0,999.0,Not on track
CUST103359,3501.0,1881000.0,1894000.0,0.007,954000.0,996000.0,-464000.0,0.0,Ready now
CUST103360,6600.0,448000.0,1402900.0,0.681,1179000.0,1258000.0,-603000.0,0.0,Ready now
CUST103361,22704.0,3083000.0,3197600.0,0.036,1656000.0,1928000.0,-468000.0,0.0,Ready now
CUST103362,22794.0,0.0,2516200.0,1.0,2516000.0,2790000.0,-1466000.0,0.0,Ready now
CUST103363,30691.0,690000.0,950300.0,0.274,605000.0,973000.0,759000.0,25.0,Not on track
CUST103364,45804.0,5243000.0,5705100.0,0.081,3084000.0,3634000.0,-1284000.0,0.0,Ready now
CUST103365,2136.0,556000.0,898200.0,0.381,620000.0,646000.0,-364000.0,0.0,Ready now
CUST103366,9586.0,1842000.0,2006200.0,0.082,1085000.0,1200000.0,-428000.0,0.0,Ready now
CUST103367,58852.0,6796000.0,10114500.0,0.328,6716000.0,7422000.0,-4692000.0,0.0,Ready now
CUST103368,2227.0,11000.0,27600.0,0.601,22000.0,49000.0,508000.0,228.0,Not on track
CUST103369,10924.0,1364000.0,1494500.0,0.087,812000.0,943000.0,-206000.0,0.0,Ready now
CUST103370,8202.0,1072000.0,1129200.0,0.051,593000.0,691000.0,-237000.0,0.0,Ready now
CUST103371,16577.0,1806000.0,1986900.0,0.091,1084000.0,1283000.0,-226000.0,0.0,Ready now
CUST103372,6197.0,37000.0,492700.0,0.925,474000.0,548000.0,723000.0,117.0,Not on track
CUST103373,16641.0,13000.0,379400.0,0.966,373000.0,573000.0,181000.0,11.0,Ready in 12 months
CUST103374,2857.0,1050000.0,1154000.0,0.09,629000.0,663000.0,-39000.0,0.0,Ready now
CUST103375,1265.0,2152000.0,2291600.0,0.061,1216000.0,1231000.0,-668000.0,0.0,Ready now
CUST103376,7715.0,6000.0,2985500.0,0.998,2982000.0,3075000.0,-1875000.0,0.0,Ready now
CUST103377,17345.0,1910000.0,4174400.0,0.542,3219000.0,3427000.0,-2319000.0,0.0,Ready now
CUST103378,13854.0,1426000.0,1509700.0,0.055,797000.0,963000.0,-307000.0,0.0,Ready now
CUST103379,23304.0,569000.0,751500.0,0.243,467000.0,747000.0,449000.0,19.0,Ready in 24 months
CUST103380,4327.0,3000.0,1287500.0,0.998,1286000.0,1338000.0,-626000.0,0.0,Ready now
CUST103381,1204.0,539000.0,1045400.0,0.484,776000.0,790000.0,-458000.0,0.0,Ready now
CUST103382,22781.0,430000.0,507500.0,0.153,292000.0,565000.0,1102000.0,48.0,Not on track
CUST103383,30420.0,1916000.0,1995800.0,0.04,1038000.0,1403000.0,-192000.0,0.0,Ready now
CUST103384,24341.0,606000.0,2844900.0,0.787,2542000.0,2834000.0,-1372000.0,0.0,Ready now
CUST103385,17141.0,0.0,1241000.0,1.0,1241000.0,1447000.0,-630000.0,0.0,Ready now
CUST103386,16549.0,3401000.0,4870600.0,0.302,3170000.0,3369000.0,-1814000.0,0.0,Ready now
CUST103387,7798.0,2337000.0,5362300.0,0.564,4194000.0,4288000.0,-2883000.0,0.0,Ready now
CUST103388,36732.0,471000.0,820600.0,0.426,585000.0,1026000.0,1797000.0,49.0,Not on track
CUST103389,24373.0,3377000.0,5892200.0,0.427,4204000.0,4496000.0,-2715000.0,0.0,Ready now
CUST103390,22628.0,4000.0,224300.0,0.982,222000.0,494000.0,979000.0,43.0,Not on track
CUST103391,8993.0,1543000.0,1604600.0,0.038,833000.0,941000.0,-509000.0,0.0,Ready now
CUST103392,1960.0,1321000.0,3275300.0,0.597,2615000.0,2639000.0,-1675000.0,0.0,Ready now
CUST103393,12877.0,0.0,599600.0,1.0,600000.0,755000.0,-175000.0,0.0,Ready now
CUST103394,13349.0,0.0,215500.0,1.0,216000.0,376000.0,237000.0,18.0,Ready in 24 months
CUST103395,53016.0,2148000.0,2702200.0,0.205,1628000.0,2264000.0,1007000.0,19.0,Ready in 24 months
CUST103396,7671.0,1081000.0,1700000.0,0.364,1160000.0,1252000.0,-954000.0,0.0,Ready now
CUST103397,4815.0,369000.0,488500.0,0.245,304000.0,362000.0,-16000.0,0.0,Ready now
CUST103398,29740.0,0.0,3659500.0,1.0,3660000.0,4017000.0,-2547000.0,0.0,Ready now
CUST103399,8784.0,363000.0,569300.0,0.362,388000.0,493000.0,92000.0,10.0,Ready in 12 months
CUST103400,5748.0,2064000.0,3959000.0,0.479,2927000.0,2996000.0,-1714000.0,0.0,Ready now
CUST103401,3580.0,1423000.0,2592100.0,0.451,1881000.0,1924000.0,-1508000.0,0.0,Ready now
CUST103402,26807.0,0.0,835400.0,1.0,835000.0,1157000.0,-34000.0,0.0,Ready now
CUST103403,32687.0,3929000.0,4117500.0,0.046,2153000.0,2545000.0,-351000.0,0.0,Ready now
CUST103404,14514.0,1213000.0,1355200.0,0.105,749000.0,923000.0,-237000.0,0.0,Ready now
CUST103405,17225.0,603000.0,2502400.0,0.759,2201000.0,2408000.0,-1291000.0,0.0,Ready now
CUST103406,-1393.0,2582000.0,4616200.0,0.441,3325000.0,3325000.0,-2469000.0,0.0,Ready now
CUST103407,16609.0,1247000.0,1788600.0,0.303,1165000.0,1364000.0,-473000.0,0.0,Ready now
CUST103408,25896.0,53000.0,90200.0,0.412,64000.0,375000.0,1054000.0,41.0,Not on track
CUST103409,19466.0,422000.0,2629000.0,0.839,2418000.0,2652000.0,-1419000.0,0.0,Ready now
CUST103410,14813.0,960000.0,3511200.0,0.727,3031000.0,3209000.0,-2163000.0,0.0,Ready now
CUST103411,622.0,6054000.0,6773700.0,0.106,3747000.0,3754000.0,-1699000.0,0.0,Ready now
CUST103412,106018.0,4252000.0,13710600.0,0.69,11585000.0,12857000.0,-7809000.0,0.0,Ready now
CUST103413,14238.0,3254000.0,3629700.0,0.104,2003000.0,2174000.0,-933000.0,0.0,Ready now
CUST103414,22296.0,66000.0,1658500.0,0.96,1626000.0,1894000.0,-688000.0,0.0,Ready now
CUST103415,2577.0,0.0,4184400.0,1.0,4184000.0,4215000.0,-3478000.0,0.0,Ready now
CUST103416,6985.0,25000.0,2017300.0,0.988,2005000.0,2089000.0,-1285000.0,0.0,Ready now
CUST103417,3744.0,14000.0,64700.0,0.784,58000.0,103000.0,391000.0,104.0,Not on track
CUST103418,15307.0,1823000.0,3316600.0,0.45,2405000.0,2589000.0,-1436000.0,0.0,Ready now
CUST103419,17960.0,1515000.0,1549000.0,0.022,792000.0,1008000.0,668000.0,37.0,Not on track
CUST103420,11470.0,0.0,356300.0,1.0,356000.0,494000.0,120000.0,10.0,Ready in 12 months
CUST103421,10915.0,0.0,1686200.0,1.0,1686000.0,1817000.0,-1080000.0,0.0,Ready now
CUST103422,18414.0,6000.0,1220300.0,0.995,1217000.0,1438000.0,-476000.0,0.0,Ready now
CUST103423,10864.0,0.0,1281900.0,1.0,1282000.0,1412000.0,-818000.0,0.0,Ready now
CUST103424,58107.0,3345000.0,4188300.0,0.201,2516000.0,3213000.0,287000.0,5.0,Ready in 6 months
CUST103425,18871.0,1857000.0,3167100.0,0.414,2239000.0,2465000.0,-1578000.0,0.0,Ready now
CUST103426,20284.0,0.0,838900.0,1.0,839000.0,1082000.0,-1000.0,0.0,Ready now
CUST103427,20945.0,201000.0,1614100.0,0.875,1514000.0,1765000.0,-614000.0,0.0,Ready now
CUST103428,15478.0,0.0,33100.0,1.0,33000.0,219000.0,534000.0,35.0,Not on track
CUST103429,31726.0,2122000.0,4083700.0,0.48,3023000.0,3404000.0,-2055000.0,0.0,Ready now
CUST103430,1944.0,1497000.0,1645600.0,0.09,897000.0,920000.0,-191000.0,0.0,Ready now
CUST103431,98247.0,9719000.0,20302800.0,0.521,15443000.0,16622000.0,-13377000.0,0.0,Ready now
CUST103432,41562.0,0.0,2893800.0,1.0,2894000.0,3393000.0,-1452000.0,0.0,Ready now
CUST103433,14005.0,1256000.0,2125000.0,0.409,1497000.0,1665000.0,-836000.0,0.0,Ready now
CUST103434,35917.0,19000.0,528900.0,0.964,519000.0,950000.0,757000.0,21.0,Ready in 24 months
CUST103435,26052.0,22000.0,566200.0,0.961,555000.0,868000.0,279000.0,11.0,Ready in 12 months
CUST103436,27990.0,761000.0,1426700.0,0.467,1046000.0,1382000.0,-26000.0,0.0,Ready now
CUST103437,20516.0,1028000.0,1224800.0,0.161,711000.0,957000.0,83000.0,4.0,Ready in 6 months
CUST103438,20706.0,0.0,214300.0,1.0,214000.0,462000.0,518000.0,25.0,Not on track
CUST103439,2262.0,796000.0,1768300.0,0.55,1370000.0,1397000.0,-1056000.0,0.0,Ready now
CUST103440,4397.0,343000.0,474900.0,0.278,303000.0,356000.0,69000.0,16.0,Ready in 24 months
CUST103441,12340.0,1321000.0,1358200.0,0.027,698000.0,846000.0,495000.0,40.0,Not on track
CUST103442,18702.0,1939000.0,2232500.0,0.131,1263000.0,1487000.0,-363000.0,0.0,Ready now
CUST103443,35860.0,214000.0,1000200.0,0.786,893000.0,1323000.0,645000.0,18.0,Ready in 24 months
CUST103444,8291.0,5000.0,70300.0,0.929,68000.0,167000.0,325000.0,39.0,Not on track
CUST103445,8093.0,451000.0,1259600.0,0.642,1034000.0,1131000.0,-461000.0,0.0,Ready now
CUST103446,27303.0,25000.0,243800.0,0.897,231000.0,559000.0,1073000.0,39.0,Not on track
CUST103447,10803.0,0.0,659600.0,1.0,660000.0,790000.0,92000.0,9.0,Ready in 12 months
CUST103448,47357.0,16000.0,4472200.0,0.996,4464000.0,5032000.0,-2944000.0,0.0,Ready now
CUST103449,17719.0,92000.0,114800.0,0.199,69000.0,282000.0,939000.0,53.0,Not on track
CUST103450,55232.0,475000.0,7059200.0,0.933,6822000.0,7485000.0,-4492000.0,0.0,Ready now
CUST103451,36713.0,3390000.0,5789400.0,0.414,4094000.0,4535000.0,-2918000.0,0.0,Ready now
CUST103452,27303.0,2217000.0,4481600.0,0.505,3373000.0,3701000.0,-2626000.0,0.0,Ready now
CUST103453,12140.0,19000.0,6151900.0,0.997,6142000.0,6288000.0,-5435000.0,0.0,Ready now
CUST103454,16598.0,454000.0,1567200.0,0.71,1340000.0,1539000.0,-475000.0,0.0,Ready now
CUST103455,10070.0,0.0,62300.0,1.0,62000.0,183000.0,317000.0,31.0,Not on track
CUST103456,29611.0,22000.0,274000.0,0.92,263000.0,618000.0,924000.0,31.0,Not on track
CUST103457,33741.0,2461000.0,13533300.0,0.818,12303000.0,12708000.0,-10372000.0,0.0,Ready now
CUST103458,6626.0,0.0,20300.0,1.0,20000.0,100000.0,299000.0,45.0,Not on track
CUST103459,23976.0,25000.0,1613800.0,0.985,1601000.0,1889000.0,-347000.0,0.0,Ready now
CUST103460,5510.0,773000.0,964800.0,0.199,578000.0,644000.0,-300000.0,0.0,Ready now
CUST103461,16319.0,0.0,1345700.0,1.0,1346000.0,1542000.0,-366000.0,0.0,Ready now
CUST103462,12120.0,473000.0,1489300.0,0.682,1253000.0,1398000.0,-315000.0,0.0,Ready now
CUST103463,29404.0,3311000.0,5527400.0,0.401,3872000.0,4225000.0,-2431000.0,0.0,Ready now
CUST103464,8697.0,2174000.0,2544100.0,0.145,1457000.0,1561000.0,-355000.0,0.0,Ready now
CUST103465,26186.0,5613000.0,5732200.0,0.021,2926000.0,3240000.0,-1153000.0,0.0,Ready now
CUST103466,41309.0,3000.0,2779400.0,0.999,2778000.0,3274000.0,-1367000.0,0.0,Ready now
CUST103467,14071.0,1820000.0,3567300.0,0.49,2657000.0,2826000.0,-2110000.0,0.0,Ready now
CUST103468,26686.0,1112000.0,1385800.0,0.198,830000.0,1150000.0,664000.0,25.0,Not on track
CUST103469,13531.0,1510000.0,1744200.0,0.134,989000.0,1151000.0,-141000.0,0.0,Ready now
CUST103470,14144.0,1107000.0,1355300.0,0.183,802000.0,972000.0,-104000.0,0.0,Ready now
CUST103471,5191.0,1679000.0,2788800.0,0.398,1949000.0,2011000.0,-1551000.0,0.0,Ready now
CUST103472,36260.0,4838000.0,4904400.0,0.014,2485000.0,2920000.0,-574000.0,0.0,Ready now
CUST103473,24074.0,20000.0,1111600.0,0.982,1102000.0,1391000.0,-248000.0,0.0,Ready now
CUST103474,10832.0,766000.0,1360200.0,0.437,977000.0,1107000.0,-621000.0,0.0,Ready now
CUST103475,24999.0,3000.0,3210700.0,0.999,3209000.0,3509000.0,-2029000.0,0.0,Ready now
CUST103476,15600.0,6000.0,1593600.0,0.996,1591000.0,1778000.0,-1061000.0,0.0,Ready now
CUST103477,9043.0,1984000.0,2237800.0,0.113,1246000.0,1355000.0,-521000.0,0.0,Ready now
CUST103478,1186.0,1830000.0,2614500.0,0.3,1700000.0,1714000.0,-960000.0,0.0,Ready now
CUST103479,11594.0,1118000.0,1200700.0,0.069,642000.0,781000.0,50000.0,4.0,Ready in 6 months
CUST103480,80498.0,4162000.0,9200300.0,0.548,7119000.0,8085000.0,-3689000.0,0.0,Ready now
CUST103481,30607.0,35000.0,136000.0,0.743,118000.0,485000.0,1528000.0,50.0,Not on track
CUST103482,13914.0,1000.0,1214100.0,0.999,1214000.0,1381000.0,192000.0,14.0,Ready in 24 months
CUST103483,9740.0,2944000.0,4189200.0,0.297,2717000.0,2834000.0,-1718000.0,0.0,Ready now
CUST103484,33208.0,522000.0,777600.0,0.329,517000.0,915000.0,998000.0,30.0,Not on track
CUST103485,24623.0,0.0,288900.0,1.0,289000.0,584000.0,831000.0,34.0,Not on track
CUST103486,14408.0,3445000.0,3642500.0,0.054,1920000.0,2093000.0,-683000.0,0.0,Ready now
CUST103487,17645.0,0.0,2545300.0,1.0,2545000.0,2757000.0,-1234000.0,0.0,Ready now
CUST103488,33140.0,421000.0,1320100.0,0.681,1110000.0,1508000.0,-53000.0,0.0,Ready now
CUST103489,41323.0,0.0,799300.0,1.0,799000.0,1295000.0,787000.0,19.0,Ready in 24 months
CUST103490,15923.0,86000.0,909000.0,0.905,866000.0,1057000.0,-62000.0,0.0,Ready now
CUST103491,7619.0,2244000.0,2360900.0,0.05,1239000.0,1330000.0,-219000.0,0.0,Ready now
CUST103492,13370.0,1360000.0,2610800.0,0.479,1931000.0,2091000.0,-1324000.0,0.0,Ready now
CUST103493,3605.0,451000.0,535600.0,0.158,310000.0,353000.0,334000.0,93.0,Not on track
CUST103494,8308.0,10000.0,108100.0,0.907,103000.0,203000.0,199000.0,24.0,Ready in 24 months
CUST103495,11808.0,14000.0,229800.0,0.939,223000.0,365000.0,478000.0,40.0,Not on track
CUST103496,42712.0,0.0,1953200.0,1.0,1953000.0,2466000.0,-524000.0,0.0,Ready now
CUST103497,26983.0,7000.0,3137100.0,0.998,3134000.0,3458000.0,-1713000.0,0.0,Ready now
CUST103498,5838.0,1091000.0,2317400.0,0.529,1772000.0,1842000.0,-1200000.0,0.0,Ready now
CUST103499,32950.0,83000.0,3576200.0,0.977,3535000.0,3930000.0,-2299000.0,0.0,Ready now
CUST103500,10419.0,0.0,963300.0,1.0,963000.0,1088000.0,-389000.0,0.0,Ready now
CUST103501,3166.0,60000.0,272300.0,0.78,242000.0,280000.0,778000.0,246.0,Not on track
CUST103502,8457.0,1915000.0,2124700.0,0.099,1167000.0,1268000.0,-452000.0,0.0,Ready now
CUST103503,6552.0,0.0,210100.0,1.0,210000.0,289000.0,340000.0,52.0,Not on track
CUST103504,8186.0,0.0,144100.0,1.0,144000.0,242000.0,235000.0,29.0,Not on track
CUST103505,17335.0,652000.0,1442800.0,0.548,1117000.0,1325000.0,-501000.0,0.0,Ready now
CUST103506,25677.0,1752000.0,3721400.0,0.529,2845000.0,3153000.0,-1852000.0,0.0,Ready now
CUST103507,28399.0,1008000.0,2269300.0,0.556,1765000.0,2106000.0,-683000.0,0.0,Ready now
CUST103508,1082.0,595000.0,901800.0,0.34,604000.0,617000.0,-338000.0,0.0,Ready now
CUST103509,-1140.0,341000.0,451200.0,0.244,281000.0,281000.0,157000.0,999.0,Not on track
CUST103510,8413.0,0.0,3446600.0,1.0,3447000.0,3548000.0,-2632000.0,0.0,Ready now
CUST103511,63824.0,2789000.0,4850300.0,0.425,3456000.0,4222000.0,-1452000.0,0.0,Ready now
CUST103512,4643.0,1302000.0,2003200.0,0.35,1352000.0,1408000.0,-779000.0,0.0,Ready now
CUST103513,39877.0,3214000.0,6143900.0,0.477,4537000.0,5016000.0,-3270000.0,0.0,Ready now
CUST103514,6546.0,988000.0,1116300.0,0.115,622000.0,701000.0,-262000.0,0.0,Ready now
CUST103515,20605.0,364000.0,2144400.0,0.83,1962000.0,2209000.0,-1168000.0,0.0,Ready now
CUST103516,3623.0,1303000.0,3514600.0,0.629,2863000.0,2906000.0,-2291000.0,0.0,Ready now
CUST103517,13782.0,995000.0,1719900.0,0.421,1222000.0,1387000.0,-753000.0,0.0,Ready now
CUST103518,5646.0,502000.0,1637900.0,0.694,1387000.0,1455000.0,-761000.0,0.0,Ready now
CUST103519,27781.0,0.0,465300.0,1.0,465000.0,798000.0,1013000.0,36.0,Not on track
CUST103520,7189.0,36000.0,86300.0,0.583,68000.0,154000.0,612000.0,85.0,Not on track
CUST103521,8669.0,33000.0,118100.0,0.721,102000.0,206000.0,526000.0,61.0,Not on track
CUST103522,27023.0,0.0,768200.0,1.0,768000.0,1092000.0,332000.0,12.0,Ready in 12 months
CUST103523,23937.0,1861000.0,2973800.0,0.374,2043000.0,2330000.0,-1238000.0,0.0,Ready now
CUST103524,16484.0,0.0,3250200.0,1.0,3250000.0,3448000.0,-2438000.0,0.0,Ready now
CUST103525,26141.0,0.0,33300.0,1.0,33000.0,347000.0,1093000.0,42.0,Not on track
CUST103526,10977.0,84000.0,1132300.0,0.926,1090000.0,1222000.0,-736000.0,0.0,Ready now
CUST103527,13218.0,1863000.0,2991200.0,0.377,2060000.0,2219000.0,-1570000.0,0.0,Ready now
CUST103528,19865.0,0.0,3660200.0,1.0,3660000.0,3898000.0,-2325000.0,0.0,Ready now
CUST103529,7044.0,0.0,2764600.0,1.0,2765000.0,2850000.0,-1943000.0,0.0,Ready now
CUST103530,9458.0,0.0,337000.0,1.0,337000.0,450000.0,793000.0,84.0,Not on track
CUST103531,20876.0,2353000.0,2452600.0,0.041,1276000.0,1527000.0,552000.0,26.0,Not on track
CUST103532,15387.0,0.0,229000.0,1.0,229000.0,414000.0,1284000.0,83.0,Not on track
CUST103533,10073.0,1048000.0,1570300.0,0.333,1046000.0,1167000.0,-734000.0,0.0,Ready now
CUST103534,15283.0,1867000.0,3362900.0,0.445,2429000.0,2612000.0,-1494000.0,0.0,Ready now
CUST103535,45981.0,2137000.0,2456100.0,0.13,1388000.0,1940000.0,78000.0,2.0,Ready in 6 months
CUST103536,31469.0,0.0,3544800.0,1.0,3545000.0,3923000.0,-2378000.0,0.0,Ready now
CUST103537,27733.0,3154000.0,3412300.0,0.076,1835000.0,2168000.0,-748000.0,0.0,Ready now
CUST103538,7218.0,3000.0,135200.0,0.978,134000.0,221000.0,302000.0,42.0,Not on track
CUST103539,4228.0,0.0,239000.0,1.0,239000.0,290000.0,489000.0,116.0,Not on track
CUST103540,8702.0,24000.0,472900.0,0.949,461000.0,565000.0,408000.0,47.0,Not on track
CUST103541,11896.0,1106000.0,2619900.0,0.578,2067000.0,2210000.0,-1581000.0,0.0,Ready now
CUST103542,14955.0,675000.0,963000.0,0.299,626000.0,805000.0,526000.0,35.0,Not on track
CUST103543,15162.0,782000.0,1268300.0,0.383,877000.0,1059000.0,58000.0,4.0,Ready in 6 months
CUST103544,8957.0,621000.0,1567200.0,0.604,1257000.0,1364000.0,-888000.0,0.0,Ready now
CUST103545,10943.0,22000.0,853400.0,0.974,842000.0,973000.0,-258000.0,0.0,Ready now
CUST103546,14307.0,2048000.0,3420400.0,0.401,2396000.0,2568000.0,-1537000.0,0.0,Ready now
CUST103547,8767.0,590000.0,2531400.0,0.767,2236000.0,2341000.0,-1307000.0,0.0,Ready now
CUST103548,40869.0,3906000.0,4515500.0,0.135,2562000.0,3052000.0,-771000.0,0.0,Ready now
CUST103549,20865.0,2831000.0,2910200.0,0.027,1495000.0,1745000.0,-171000.0,0.0,Ready now
CUST103550,9710.0,555000.0,802200.0,0.308,525000.0,642000.0,-213000.0,0.0,Ready now
CUST103551,5051.0,147000.0,210300.0,0.301,137000.0,198000.0,271000.0,54.0,Not on track
CUST103552,18114.0,2076000.0,2299200.0,0.097,1261000.0,1478000.0,-393000.0,0.0,Ready now
CUST103553,8946.0,408000.0,914700.0,0.554,711000.0,818000.0,143000.0,16.0,Ready in 24 months
CUST103554,21523.0,0.0,2648700.0,1.0,2649000.0,2907000.0,-1020000.0,0.0,Ready now
CUST103555,52013.0,7187000.0,7820800.0,0.081,4227000.0,4851000.0,-1873000.0,0.0,Ready now
CUST103556,38133.0,31000.0,120800.0,0.743,105000.0,563000.0,773000.0,20.0,Ready in 24 months
CUST103557,18288.0,0.0,1143100.0,1.0,1143000.0,1362000.0,-431000.0,0.0,Ready now
CUST103558,43525.0,750000.0,1600100.0,0.531,1225000.0,1747000.0,155000.0,4.0,Ready in 6 months
CUST103559,32679.0,1608000.0,3163700.0,0.492,2360000.0,2752000.0,-1133000.0,0.0,Ready now
CUST103560,14214.0,0.0,147500.0,1.0,148000.0,319000.0,426000.0,30.0,Not on track
CUST103561,6610.0,329000.0,445100.0,0.261,281000.0,360000.0,-29000.0,0.0,Ready now
CUST103562,22241.0,26000.0,116300.0,0.776,103000.0,370000.0,812000.0,37.0,Not on track
CUST103563,8081.0,15000.0,79600.0,0.812,72000.0,169000.0,397000.0,49.0,Not on track
CUST103564,5752.0,296000.0,1654800.0,0.821,1507000.0,1576000.0,-949000.0,0.0,Ready now
CUST103565,8641.0,0.0,85400.0,1.0,85000.0,189000.0,548000.0,63.0,Not on track
CUST103566,37288.0,3103000.0,4719200.0,0.342,3168000.0,3615000.0,-2062000.0,0.0,Ready now
CUST103567,20797.0,3961000.0,4127100.0,0.04,2147000.0,2397000.0,-762000.0,0.0,Ready now
CUST103568,17957.0,0.0,1659000.0,1.0,1659000.0,1874000.0,-835000.0,0.0,Ready now
CUST103569,15394.0,716000.0,901100.0,0.205,543000.0,728000.0,123000.0,8.0,Ready in 12 months
CUST103570,1602.0,1084000.0,1129800.0,0.041,588000.0,607000.0,-294000.0,0.0,Ready now
CUST103571,29294.0,0.0,2246500.0,1.0,2246000.0,2598000.0,-1222000.0,0.0,Ready now
CUST103572,12944.0,4000.0,2179700.0,0.998,2178000.0,2333000.0,-1608000.0,0.0,Ready now
CUST103573,1155.0,547000.0,565400.0,0.033,292000.0,306000.0,-16000.0,0.0,Ready now
CUST103574,51467.0,3795000.0,4267000.0,0.111,2370000.0,2988000.0,-594000.0,0.0,Ready now
CUST103575,4862.0,1385000.0,4108300.0,0.663,3416000.0,3474000.0,-3216000.0,0.0,Ready now
CUST103576,4844.0,3000.0,28600.0,0.895,27000.0,85000.0,677000.0,140.0,Not on track
CUST103577,10525.0,811000.0,902900.0,0.102,497000.0,623000.0,379000.0,36.0,Not on track
CUST103578,6249.0,1342000.0,1747600.0,0.232,1077000.0,1152000.0,-329000.0,0.0,Ready now
CUST103579,16610.0,0.0,1914600.0,1.0,1915000.0,2114000.0,-1305000.0,0.0,Ready now
CUST103580,32381.0,1962000.0,5439400.0,0.639,4458000.0,4847000.0,-3359000.0,0.0,Ready now
CUST103581,12477.0,3675000.0,8613900.0,0.573,6776000.0,6926000.0,-5099000.0,0.0,Ready now
CUST103582,29069.0,0.0,1871600.0,1.0,1872000.0,2221000.0,-598000.0,0.0,Ready now
CUST103583,26233.0,3000.0,234600.0,0.987,233000.0,548000.0,703000.0,27.0,Not on track
CUST103584,13666.0,2169000.0,3802400.0,0.43,2718000.0,2882000.0,-1958000.0,0.0,Ready now
CUST103585,4910.0,2836000.0,5104600.0,0.444,3687000.0,3746000.0,-2714000.0,0.0,Ready now
CUST103586,21067.0,2000.0,439800.0,0.995,439000.0,692000.0,461000.0,22.0,Ready in 24 months
CUST103587,17042.0,2614000.0,2916600.0,0.104,1610000.0,1815000.0,-872000.0,0.0,Ready now
CUST103588,8041.0,2363000.0,4588500.0,0.485,3407000.0,3503000.0,-2669000.0,0.0,Ready now
CUST103589,20993.0,339000.0,1618300.0,0.791,1449000.0,1701000.0,-494000.0,0.0,Ready now
CUST103590,25159.0,3211000.0,3262500.0,0.016,1657000.0,1959000.0,-500000.0,0.0,Ready now
CUST103591,15294.0,13000.0,844600.0,0.985,838000.0,1022000.0,-171000.0,0.0,Ready now
CUST103592,54538.0,1414000.0,2014800.0,0.298,1308000.0,1962000.0,154000.0,3.0,Ready in 6 months
CUST103593,13732.0,939000.0,1584800.0,0.407,1115000.0,1280000.0,-628000.0,0.0,Ready now
CUST103594,8406.0,1163000.0,1515900.0,0.233,934000.0,1035000.0,120000.0,14.0,Ready in 24 months
CUST103595,6518.0,1000.0,126600.0,0.992,126000.0,204000.0,532000.0,82.0,Not on track
CUST103596,7978.0,1911000.0,2062100.0,0.073,1107000.0,1203000.0,596000.0,75.0,Not on track
CUST103597,35602.0,3000.0,3852900.0,0.999,3851000.0,4278000.0,-2951000.0,0.0,Ready now
CUST103598,7011.0,0.0,2055900.0,1.0,2056000.0,2140000.0,-1177000.0,0.0,Ready now
CUST103599,47366.0,33000.0,1339200.0,0.975,1323000.0,1891000.0,635000.0,13.0,Ready in 24 months
CUST103600,947.0,0.0,200800.0,1.0,201000.0,212000.0,245000.0,999.0,Not on track
CUST103601,7453.0,639000.0,2274600.0,0.719,1955000.0,2044000.0,-956000.0,0.0,Ready now
CUST103602,13122.0,1579000.0,1740300.0,0.093,951000.0,1108000.0,-261000.0,0.0,Ready now
CUST103603,31628.0,15000.0,412900.0,0.964,405000.0,785000.0,809000.0,26.0,Not on track
CUST103604,10164.0,2000.0,118100.0,0.983,117000.0,239000.0,311000.0,31.0,Not on track
CUST103605,15262.0,0.0,51000.0,1.0,51000.0,234000.0,855000.0,56.0,Not on track
CUST103606,16869.0,28000.0,1385800.0,0.98,1372000.0,1574000.0,-620000.0,0.0,Ready now
CUST103607,7965.0,1446000.0,1672400.0,0.135,949000.0,1045000.0,315000.0,40.0,Not on track
CUST103608,1957.0,1829000.0,2556400.0,0.285,1642000.0,1665000.0,-1242000.0,0.0,Ready now
CUST103609,121036.0,3922000.0,5002000.0,0.216,3041000.0,4493000.0,1567000.0,13.0,Ready in 24 months
CUST103610,9491.0,773000.0,1874100.0,0.588,1488000.0,1602000.0,-1065000.0,0.0,Ready now
CUST103611,25665.0,3167000.0,3513400.0,0.099,1930000.0,2238000.0,-816000.0,0.0,Ready now
CUST103612,8313.0,3080000.0,3213700.0,0.042,1674000.0,1774000.0,-530000.0,0.0,Ready now
CUST103613,31512.0,0.0,111800.0,1.0,112000.0,490000.0,1185000.0,38.0,Not on track
CUST103614,22358.0,16000.0,1254400.0,0.987,1246000.0,1514000.0,-479000.0,0.0,Ready now
CUST103615,7451.0,3197000.0,4180100.0,0.235,2582000.0,2671000.0,-1464000.0,0.0,Ready now
CUST103616,9479.0,800000.0,972500.0,0.177,572000.0,686000.0,176000.0,19.0,Ready in 24 months
CUST103617,49407.0,18000.0,797800.0,0.977,789000.0,1382000.0,1361000.0,28.0,Not on track
CUST103618,4330.0,25000.0,1602500.0,0.984,1590000.0,1642000.0,-989000.0,0.0,Ready now
CUST103619,13578.0,0.0,224900.0,1.0,225000.0,388000.0,516000.0,38.0,Not on track
CUST103620,14123.0,15000.0,34500.0,0.565,27000.0,196000.0,616000.0,44.0,Not on track
CUST103621,13936.0,5000.0,75100.0,0.933,73000.0,240000.0,489000.0,35.0,Not on track
CUST103622,1966.0,916000.0,1012400.0,0.095,554000.0,578000.0,-62000.0,0.0,Ready now
CUST103623,3723.0,1873000.0,2147100.0,0.128,1211000.0,1256000.0,-258000.0,0.0,Ready now
CUST103624,10809.0,5000.0,578000.0,0.991,576000.0,706000.0,-19000.0,0.0,Ready now
CUST103625,12306.0,384000.0,408100.0,0.059,216000.0,364000.0,350000.0,28.0,Not on track
CUST103626,12075.0,12000.0,578900.0,0.979,573000.0,718000.0,-208000.0,0.0,Ready now
CUST103627,31035.0,0.0,337700.0,1.0,338000.0,710000.0,816000.0,26.0,Not on track
CUST103628,24729.0,2925000.0,3129600.0,0.065,1667000.0,1964000.0,-665000.0,0.0,Ready now
CUST103629,19189.0,10000.0,47100.0,0.788,42000.0,272000.0,962000.0,50.0,Not on track
CUST103630,5744.0,233000.0,542800.0,0.571,426000.0,495000.0,251000.0,44.0,Not on track
CUST103631,21671.0,0.0,20800.0,1.0,21000.0,281000.0,1211000.0,56.0,Not on track
CUST103632,16944.0,1349000.0,1553700.0,0.132,879000.0,1082000.0,-167000.0,0.0,Ready now
CUST103633,27664.0,2267000.0,2472700.0,0.083,1339000.0,1671000.0,-435000.0,0.0,Ready now
CUST103634,24956.0,10000.0,3515400.0,0.997,3510000.0,3809000.0,-2585000.0,0.0,Ready now
CUST103635,4736.0,879000.0,919800.0,0.044,480000.0,537000.0,-199000.0,0.0,Ready now
CUST103636,65632.0,2041000.0,2639600.0,0.227,1619000.0,2407000.0,1114000.0,17.0,Ready in 24 months
CUST103637,10074.0,3496000.0,3598100.0,0.028,1850000.0,1971000.0,-797000.0,0.0,Ready now
CUST103638,21911.0,92000.0,412100.0,0.777,366000.0,629000.0,718000.0,33.0,Not on track
CUST103639,23726.0,775000.0,4863400.0,0.841,4476000.0,4761000.0,-3507000.0,0.0,Ready now
CUST103640,24865.0,7923000.0,8353700.0,0.052,4392000.0,4690000.0,-2179000.0,0.0,Ready now
CUST103641,22097.0,4804000.0,5290000.0,0.092,2888000.0,3153000.0,-1138000.0,0.0,Ready now
CUST103642,25714.0,428000.0,520900.0,0.178,307000.0,616000.0,873000.0,34.0,Not on track
CUST103643,16297.0,0.0,57100.0,1.0,57000.0,253000.0,639000.0,39.0,Not on track
CUST103644,6333.0,473000.0,585000.0,0.191,348000.0,424000.0,242000.0,38.0,Not on track
CUST103645,11831.0,410000.0,540600.0,0.242,336000.0,478000.0,66000.0,6.0,Ready in 6 months
CUST103646,4493.0,13000.0,198200.0,0.934,192000.0,246000.0,400000.0,89.0,Not on track
CUST103647,29869.0,1000.0,227700.0,0.996,227000.0,585000.0,1154000.0,39.0,Not on track
CUST103648,41711.0,1275000.0,4110900.0,0.69,3473000.0,3974000.0,-2112000.0,0.0,Ready now
CUST103649,7050.0,2040000.0,2465300.0,0.173,1445000.0,1530000.0,-973000.0,0.0,Ready now
CUST103650,13716.0,799000.0,2131500.0,0.625,1732000.0,1897000.0,-965000.0,0.0,Ready now
CUST103651,15329.0,0.0,392500.0,1.0,392000.0,576000.0,913000.0,60.0,Not on track
CUST103652,8769.0,3097000.0,4672800.0,0.337,3124000.0,3229000.0,-1628000.0,0.0,Ready now
CUST103653,-864.0,35000.0,140700.0,0.751,123000.0,123000.0,125000.0,999.0,Not on track
CUST103654,32822.0,766000.0,2363500.0,0.676,1980000.0,2374000.0,-957000.0,0.0,Ready now
CUST103655,28069.0,8062000.0,8830400.0,0.087,4799000.0,5136000.0,-3763000.0,0.0,Ready now
CUST103656,19356.0,1875000.0,1997700.0,0.061,1060000.0,1292000.0,-204000.0,0.0,Ready now
CUST103657,6684.0,798000.0,909800.0,0.123,511000.0,591000.0,-155000.0,0.0,Ready now
CUST103658,8442.0,1391000.0,1608800.0,0.135,913000.0,1014000.0,-384000.0,0.0,Ready now
CUST103659,6821.0,0.0,377000.0,1.0,377000.0,459000.0,-51000.0,0.0,Ready now
CUST103660,8693.0,1694000.0,3494300.0,0.515,2647000.0,2751000.0,-2013000.0,0.0,Ready now
CUST103661,5595.0,7000.0,739200.0,0.991,736000.0,803000.0,-273000.0,0.0,Ready now
CUST103662,17007.0,2076000.0,4255700.0,0.512,3218000.0,3422000.0,-1639000.0,0.0,Ready now
CUST103663,37495.0,31000.0,2500600.0,0.988,2485000.0,2935000.0,-1150000.0,0.0,Ready now
CUST103664,31034.0,1939000.0,2175900.0,0.109,1206000.0,1578000.0,-29000.0,0.0,Ready now
CUST103665,56490.0,2398000.0,6526300.0,0.633,5327000.0,6005000.0,-3497000.0,0.0,Ready now
CUST103666,12810.0,2064000.0,2500600.0,0.175,1469000.0,1623000.0,-722000.0,0.0,Ready now
CUST103667,12220.0,3003000.0,4918600.0,0.389,3417000.0,3564000.0,-2388000.0,0.0,Ready now
CUST103668,4147.0,316000.0,1260500.0,0.749,1102000.0,1152000.0,1255000.0,303.0,Not on track
CUST103669,18169.0,2575000.0,6352100.0,0.595,5065000.0,5283000.0,-4150000.0,0.0,Ready now
CUST103670,45025.0,2385000.0,3360400.0,0.29,2168000.0,2708000.0,-841000.0,0.0,Ready now
CUST103671,11130.0,200000.0,1873100.0,0.893,1773000.0,1907000.0,-1097000.0,0.0,Ready now
CUST103672,21275.0,1107000.0,1181300.0,0.063,628000.0,883000.0,177000.0,8.0,Ready in 12 months
CUST103673,10481.0,1216000.0,1419300.0,0.143,811000.0,937000.0,-211000.0,0.0,Ready now
CUST103674,18686.0,2037000.0,2463300.0,0.173,1445000.0,1669000.0,559000.0,30.0,Not on track
CUST103675,4252.0,3000.0,39800.0,0.925,38000.0,89000.0,268000.0,63.0,Not on track
CUST103676,27897.0,28000.0,4992800.0,0.994,4979000.0,5314000.0,-4040000.0,0.0,Ready now
CUST103677,35230.0,2745000.0,2886200.0,0.049,1514000.0,1937000.0,-189000.0,0.0,Ready now
CUST103678,5452.0,450000.0,504400.0,0.108,279000.0,344000.0,165000.0,30.0,Not on track
CUST103679,49526.0,2026000.0,3906500.0,0.481,2894000.0,3488000.0,-1344000.0,0.0,Ready now
CUST103680,11670.0,646000.0,1445200.0,0.553,1122000.0,1262000.0,-416000.0,0.0,Ready now
CUST103681,11748.0,1362000.0,2235100.0,0.391,1554000.0,1695000.0,-1042000.0,0.0,Ready now
CUST103682,35794.0,1547000.0,1598600.0,0.032,825000.0,1255000.0,365000.0,10.0,Ready in 12 months
CUST103683,4293.0,0.0,524000.0,1.0,524000.0,576000.0,133000.0,31.0,Not on track
CUST103684,16655.0,589000.0,861900.0,0.317,567000.0,767000.0,160000.0,10.0,Ready in 12 months
CUST103685,10316.0,1636000.0,4152100.0,0.606,3334000.0,3458000.0,-2815000.0,0.0,Ready now
CUST103686,6405.0,0.0,112300.0,1.0,112000.0,189000.0,327000.0,51.0,Not on track
CUST103687,11268.0,0.0,793000.0,1.0,793000.0,928000.0,-311000.0,0.0,Ready now
CUST103688,30912.0,2985000.0,5108600.0,0.416,3616000.0,3987000.0,-2302000.0,0.0,Ready now
CUST103689,7526.0,1909000.0,2250600.0,0.152,1296000.0,1386000.0,-444000.0,0.0,Ready now
CUST103690,24096.0,2610000.0,4087600.0,0.361,2783000.0,3072000.0,-1655000.0,0.0,Ready now
CUST103691,9885.0,9000.0,250300.0,0.964,246000.0,365000.0,580000.0,59.0,Not on track
CUST103692,10245.0,58000.0,386700.0,0.85,358000.0,481000.0,660000.0,64.0,Not on track
CUST103693,8726.0,0.0,871600.0,1.0,872000.0,977000.0,-324000.0,0.0,Ready now
CUST103694,15269.0,6000.0,87500.0,0.931,84000.0,267000.0,596000.0,39.0,Not on track
CUST103695,43986.0,6082000.0,6616300.0,0.081,3575000.0,4103000.0,-1244000.0,0.0,Ready now
CUST103696,6372.0,3328000.0,5532300.0,0.398,3868000.0,3944000.0,-2638000.0,0.0,Ready now
CUST103697,22713.0,1542000.0,2533700.0,0.391,1763000.0,2036000.0,-1015000.0,0.0,Ready now
CUST103698,9738.0,969000.0,976500.0,0.008,492000.0,609000.0,-152000.0,0.0,Ready now
CUST103699,11498.0,1448000.0,2261500.0,0.36,1538000.0,1676000.0,-1115000.0,0.0,Ready now
CUST103700,5361.0,0.0,14200.0,1.0,14000.0,78000.0,475000.0,89.0,Not on track
CUST103701,9441.0,1918000.0,2720100.0,0.295,1761000.0,1874000.0,-1151000.0,0.0,Ready now
CUST103702,15414.0,2892000.0,5148200.0,0.438,3702000.0,3887000.0,-2821000.0,0.0,Ready now
CUST103703,14080.0,3000.0,238300.0,0.987,237000.0,406000.0,830000.0,59.0,Not on track
CUST103704,7479.0,588000.0,3061000.0,0.808,2767000.0,2857000.0,-1741000.0,0.0,Ready now
CUST103705,14911.0,2000.0,1242100.0,0.998,1241000.0,1420000.0,-651000.0,0.0,Ready now
CUST103706,47024.0,5050000.0,6639200.0,0.239,4114000.0,4678000.0,-2008000.0,0.0,Ready now
CUST103707,8756.0,1001000.0,1257600.0,0.204,757000.0,862000.0,-65000.0,0.0,Ready now
CUST103708,2871.0,2722000.0,3026500.0,0.101,1666000.0,1700000.0,-623000.0,0.0,Ready now
CUST103709,10376.0,2032000.0,3720900.0,0.454,2705000.0,2830000.0,-1991000.0,0.0,Ready now
CUST103710,28549.0,0.0,525500.0,1.0,526000.0,869000.0,632000.0,22.0,Ready in 24 months
CUST103711,32746.0,0.0,3108000.0,1.0,3108000.0,3501000.0,-308000.0,0.0,Ready now
CUST103712,8878.0,151000.0,1268200.0,0.881,1193000.0,1300000.0,-803000.0,0.0,Ready now
CUST103713,-399.0,0.0,652100.0,1.0,652000.0,652000.0,-233000.0,0.0,Ready now
CUST103714,3863.0,736000.0,1667700.0,0.559,1300000.0,1346000.0,-791000.0,0.0,Ready now
CUST103715,17960.0,402000.0,928000.0,0.567,727000.0,943000.0,-36000.0,0.0,Ready now
CUST103716,10459.0,1021000.0,2469700.0,0.587,1959000.0,2085000.0,-1312000.0,0.0,Ready now
CUST103717,15233.0,799000.0,1158600.0,0.31,759000.0,942000.0,-171000.0,0.0,Ready now
CUST103718,13292.0,2481000.0,2666800.0,0.07,1426000.0,1586000.0,-818000.0,0.0,Ready now
CUST103719,22295.0,9000.0,1143500.0,0.992,1139000.0,1407000.0,563000.0,25.0,Not on track
CUST103720,15581.0,2114000.0,4632500.0,0.544,3576000.0,3763000.0,-2657000.0,0.0,Ready now
CUST103721,13046.0,0.0,381300.0,1.0,381000.0,538000.0,564000.0,43.0,Not on track
CUST103722,28442.0,6000.0,365900.0,0.984,363000.0,704000.0,814000.0,29.0,Not on track
CUST103723,-3707.0,690000.0,2835200.0,0.757,2490000.0,2490000.0,-1661000.0,0.0,Ready now
CUST103724,18864.0,1367000.0,3797600.0,0.64,3114000.0,3340000.0,-1789000.0,0.0,Ready now
CUST103725,27328.0,2370000.0,3927500.0,0.397,2742000.0,3070000.0,-1625000.0,0.0,Ready now
CUST103726,21899.0,1564000.0,3494800.0,0.552,2713000.0,2976000.0,-1723000.0,0.0,Ready now
CUST103727,11443.0,1211000.0,2778300.0,0.564,2173000.0,2310000.0,-1569000.0,0.0,Ready now
CUST103728,31799.0,2038000.0,2899600.0,0.297,1881000.0,2263000.0,-1025000.0,0.0,Ready now
CUST103729,9996.0,1736000.0,1787300.0,0.029,919000.0,1039000.0,-269000.0,0.0,Ready now
CUST103730,10233.0,1361000.0,1394800.0,0.024,714000.0,837000.0,-74000.0,0.0,Ready now
CUST103731,22371.0,0.0,1317100.0,1.0,1317000.0,1585000.0,-225000.0,0.0,Ready now
CUST103732,8781.0,0.0,2895200.0,1.0,2895000.0,3000000.0,-1481000.0,0.0,Ready now
CUST103733,39363.0,0.0,3615500.0,1.0,3616000.0,4088000.0,-2191000.0,0.0,Ready now
CUST103734,23874.0,827000.0,2758000.0,0.7,2344000.0,2630000.0,-1371000.0,0.0,Ready now
CUST103735,6760.0,371000.0,486600.0,0.238,301000.0,382000.0,218000.0,32.0,Not on track
CUST103736,53675.0,0.0,591900.0,1.0,592000.0,1236000.0,1530000.0,29.0,Not on track
CUST103737,3812.0,0.0,263200.0,1.0,263000.0,309000.0,409000.0,107.0,Not on track
CUST103738,6047.0,365000.0,440300.0,0.171,258000.0,331000.0,526000.0,87.0,Not on track
CUST103739,36864.0,1358000.0,2540500.0,0.465,1862000.0,2304000.0,-665000.0,0.0,Ready now
CUST103740,10502.0,1000.0,2798100.0,1.0,2798000.0,2924000.0,-2006000.0,0.0,Ready now
CUST103741,4617.0,916000.0,995300.0,0.08,537000.0,592000.0,17000.0,4.0,Ready in 6 months
CUST103742,4528.0,10000.0,1471400.0,0.993,1466000.0,1520000.0,-752000.0,0.0,Ready now
CUST103743,15913.0,474000.0,509800.0,0.07,273000.0,464000.0,365000.0,23.0,Ready in 24 months
CUST103744,521.0,1482000.0,2555500.0,0.42,1814000.0,1820000.0,-1438000.0,0.0,Ready now
CUST103745,11253.0,439000.0,614400.0,0.285,395000.0,530000.0,64000.0,6.0,Ready in 6 months
CUST103746,39966.0,1021000.0,1163300.0,0.122,653000.0,1133000.0,959000.0,24.0,Ready in 24 months
CUST103747,37954.0,447000.0,518800.0,0.138,295000.0,750000.0,1090000.0,29.0,Not on track
CUST103748,10126.0,1541000.0,1611200.0,0.044,841000.0,963000.0,-441000.0,0.0,Ready now
CUST103749,12357.0,397000.0,665200.0,0.403,467000.0,615000.0,1079000.0,87.0,Not on track
CUST103750,9372.0,603000.0,5552800.0,0.891,5251000.0,5363000.0,-4322000.0,0.0,Ready now
CUST103751,12131.0,999000.0,1279600.0,0.219,780000.0,926000.0,-108000.0,0.0,Ready now
CUST103752,11052.0,988000.0,1045500.0,0.055,552000.0,685000.0,-15000.0,0.0,Ready now
CUST103753,24392.0,1769000.0,6583500.0,0.731,5699000.0,5992000.0,-4726000.0,0.0,Ready now
CUST103754,47321.0,48000.0,2458200.0,0.98,2434000.0,3002000.0,-265000.0,0.0,Ready now
CUST103755,27596.0,0.0,4511600.0,1.0,4512000.0,4843000.0,-3513000.0,0.0,Ready now
CUST103756,8035.0,22000.0,2297100.0,0.99,2286000.0,2382000.0,-653000.0,0.0,Ready now
CUST103757,22433.0,795000.0,934300.0,0.149,537000.0,806000.0,355000.0,16.0,Ready in 24 months
CUST103758,46855.0,1519000.0,5668900.0,0.732,4909000.0,5471000.0,-3337000.0,0.0,Ready now
CUST103759,12234.0,8000.0,2461600.0,0.997,2458000.0,2605000.0,-1539000.0,0.0,Ready now
CUST103760,3033.0,607000.0,649200.0,0.065,346000.0,382000.0,-126000.0,0.0,Ready now
CUST103761,12160.0,45000.0,79800.0,0.436,57000.0,203000.0,634000.0,52.0,Not on track
CUST103762,12667.0,0.0,243900.0,1.0,244000.0,396000.0,815000.0,64.0,Not on track
CUST103763,19760.0,0.0,1138100.0,1.0,1138000.0,1375000.0,-59000.0,0.0,Ready now
CUST103764,17494.0,1928000.0,2049200.0,0.059,1085000.0,1295000.0,-695000.0,0.0,Ready now
CUST103765,23015.0,12000.0,306300.0,0.961,300000.0,576000.0,706000.0,31.0,Not on track
CUST103766,19210.0,0.0,2120600.0,1.0,2121000.0,2352000.0,-1381000.0,0.0,Ready now
CUST103767,-1813.0,4615000.0,7210400.0,0.36,4903000.0,4903000.0,-3979000.0,0.0,Ready now
CUST103768,26393.0,2135000.0,4814300.0,0.557,3747000.0,4064000.0,-2084000.0,0.0,Ready now
CUST103769,12314.0,736000.0,1862400.0,0.605,1494000.0,1642000.0,-890000.0,0.0,Ready now
CUST103770,9134.0,509000.0,949100.0,0.464,695000.0,805000.0,-305000.0,0.0,Ready now
CUST103771,7941.0,589000.0,1485200.0,0.603,1191000.0,1286000.0,-877000.0,0.0,Ready now
CUST103772,4886.0,3199000.0,3227400.0,0.009,1628000.0,1687000.0,-287000.0,0.0,Ready now
CUST103773,9366.0,0.0,1432500.0,1.0,1432000.0,1544000.0,-594000.0,0.0,Ready now
CUST103774,11012.0,176000.0,341500.0,0.485,254000.0,386000.0,283000.0,26.0,Not on track
CUST103775,25697.0,2013000.0,4179400.0,0.518,3173000.0,3481000.0,-2143000.0,0.0,Ready now
CUST103776,8436.0,3000.0,665200.0,0.995,664000.0,765000.0,-208000.0,0.0,Ready now
CUST103777,21897.0,338000.0,3202000.0,0.894,3033000.0,3296000.0,-1558000.0,0.0,Ready now
CUST103778,16018.0,1609000.0,2615300.0,0.385,1811000.0,2003000.0,-991000.0,0.0,Ready now
CUST103779,10951.0,1626000.0,3494500.0,0.535,2682000.0,2813000.0,-2105000.0,0.0,Ready now
CUST103780,2672.0,0.0,1366000.0,1.0,1366000.0,1398000.0,-863000.0,0.0,Ready now
CUST103781,20680.0,1727000.0,2986000.0,0.422,2122000.0,2370000.0,-1451000.0,0.0,Ready now
CUST103782,25360.0,1885000.0,3661000.0,0.485,2718000.0,3022000.0,-1662000.0,0.0,Ready now
CUST103783,31028.0,0.0,1908800.0,1.0,1909000.0,2281000.0,-133000.0,0.0,Ready now
CUST103784,38668.0,9000.0,262100.0,0.966,258000.0,722000.0,1107000.0,29.0,Not on track
CUST103785,13398.0,0.0,350400.0,1.0,350000.0,511000.0,723000.0,54.0,Not on track
CUST103786,17251.0,1000.0,2558500.0,1.0,2558000.0,2765000.0,-1744000.0,0.0,Ready now
CUST103787,15360.0,0.0,27900.0,1.0,28000.0,212000.0,717000.0,47.0,Not on track
CUST103788,6498.0,0.0,351400.0,1.0,351000.0,429000.0,58000.0,9.0,Ready in 12 months
CUST103789,14992.0,1215000.0,2565200.0,0.526,1958000.0,2138000.0,-976000.0,0.0,Ready now
CUST103790,18342.0,1713000.0,1878700.0,0.088,1022000.0,1242000.0,-482000.0,0.0,Ready now
CUST103791,22875.0,3514000.0,3814600.0,0.079,2058000.0,2332000.0,-236000.0,0.0,Ready now
CUST103792,17491.0,1574000.0,3054800.0,0.485,2268000.0,2478000.0,-1446000.0,0.0,Ready now
CUST103793,44583.0,0.0,1198300.0,1.0,1198000.0,1733000.0,243000.0,5.0,Ready in 6 months
CUST103794,14303.0,24000.0,128200.0,0.813,116000.0,288000.0,592000.0,41.0,Not on track
CUST103795,10424.0,1510000.0,1629300.0,0.073,874000.0,999000.0,-338000.0,0.0,Ready now
CUST103796,14214.0,180000.0,278400.0,0.353,188000.0,359000.0,1153000.0,81.0,Not on track
CUST103797,15425.0,2411000.0,3289000.0,0.267,2084000.0,2269000.0,-946000.0,0.0,Ready now
CUST103798,25649.0,3056000.0,3159100.0,0.033,1631000.0,1939000.0,-467000.0,0.0,Ready now
CUST103799,13475.0,2307000.0,2400500.0,0.039,1247000.0,1409000.0,-423000.0,0.0,Ready now
CUST103800,-1117.0,0.0,1756600.0,1.0,1757000.0,1757000.0,-520000.0,0.0,Ready now
CUST103801,21349.0,111000.0,226200.0,0.509,171000.0,427000.0,430000.0,20.0,Ready in 24 months
CUST103802,3909.0,622000.0,1330700.0,0.533,1020000.0,1067000.0,-664000.0,0.0,Ready now
CUST103803,21301.0,0.0,268400.0,1.0,268000.0,524000.0,604000.0,28.0,Not on track
CUST103804,41157.0,0.0,212200.0,1.0,212000.0,706000.0,1434000.0,35.0,Not on track
CUST103805,12123.0,663000.0,1100000.0,0.397,768000.0,913000.0,-172000.0,0.0,Ready now
CUST103806,5599.0,340000.0,457400.0,0.257,287000.0,354000.0,-13000.0,0.0,Ready now
CUST103807,4732.0,18000.0,61000.0,0.705,52000.0,109000.0,568000.0,120.0,Not on track
CUST103808,36650.0,363000.0,2139200.0,0.83,1958000.0,2398000.0,-671000.0,0.0,Ready now
CUST103809,12063.0,1953000.0,2191700.0,0.109,1215000.0,1360000.0,-555000.0,0.0,Ready now
CUST103810,41153.0,2856000.0,3123500.0,0.086,1696000.0,2190000.0,-80000.0,0.0,Ready now
CUST103811,63255.0,7233000.0,7468200.0,0.031,3852000.0,4611000.0,-1360000.0,0.0,Ready now
CUST103812,7314.0,442000.0,1188900.0,0.628,968000.0,1056000.0,-657000.0,0.0,Ready now
CUST103813,9934.0,1521000.0,1777200.0,0.144,1017000.0,1136000.0,-361000.0,0.0,Ready now
CUST103814,7058.0,477000.0,597400.0,0.202,359000.0,444000.0,-137000.0,0.0,Ready now
CUST103815,8577.0,3024000.0,7590200.0,0.602,6078000.0,6181000.0,-4698000.0,0.0,Ready now
CUST103816,10332.0,1488000.0,3004100.0,0.505,2260000.0,2384000.0,-1743000.0,0.0,Ready now
CUST103817,19858.0,1112000.0,1302400.0,0.146,746000.0,984000.0,35000.0,2.0,Ready in 6 months
CUST103818,13242.0,2121000.0,7181400.0,0.705,6121000.0,6280000.0,-4558000.0,0.0,Ready now
CUST103819,5900.0,925000.0,1873400.0,0.506,1411000.0,1482000.0,-901000.0,0.0,Ready now
CUST103820,983.0,697000.0,1816200.0,0.616,1468000.0,1480000.0,-1109000.0,0.0,Ready now
CUST103821,5517.0,0.0,480600.0,1.0,481000.0,547000.0,-256000.0,0.0,Ready now
CUST103822,22033.0,0.0,85400.0,1.0,85000.0,349000.0,1786000.0,81.0,Not on track
CUST103823,32266.0,4557000.0,5140300.0,0.113,2862000.0,3249000.0,-1518000.0,0.0,Ready now
CUST103824,1067.0,1458000.0,3083700.0,0.527,2355000.0,2368000.0,-1499000.0,0.0,Ready now
CUST103825,-1840.0,244000.0,1108600.0,0.78,987000.0,987000.0,-790000.0,0.0,Ready now
CUST103826,38986.0,3298000.0,4652100.0,0.291,3003000.0,3471000.0,-1498000.0,0.0,Ready now
CUST103827,46337.0,8000.0,854300.0,0.991,850000.0,1406000.0,3080000.0,66.0,Not on track
CUST103828,8252.0,804000.0,1702200.0,0.528,1300000.0,1399000.0,-545000.0,0.0,Ready now
CUST103829,16645.0,1090000.0,2143900.0,0.492,1599000.0,1799000.0,-1056000.0,0.0,Ready now
CUST103830,34927.0,4255000.0,6376000.0,0.333,4248000.0,4667000.0,-2404000.0,0.0,Ready now
CUST103831,2918.0,0.0,144900.0,1.0,145000.0,180000.0,355000.0,122.0,Not on track
CUST103832,8982.0,8000.0,1803600.0,0.996,1800000.0,1908000.0,-975000.0,0.0,Ready now
CUST103833,6564.0,1000.0,23500.0,0.957,23000.0,102000.0,182000.0,28.0,Not on track
CUST103834,8683.0,363000.0,473500.0,0.233,292000.0,396000.0,250000.0,29.0,Not on track
CUST103835,5904.0,1677000.0,2448800.0,0.315,1610000.0,1681000.0,-1167000.0,0.0,Ready now
CUST103836,48322.0,0.0,4177600.0,1.0,4178000.0,4758000.0,-2318000.0,0.0,Ready now
CUST103837,10658.0,15000.0,92500.0,0.838,85000.0,213000.0,447000.0,42.0,Not on track
CUST103838,17455.0,1896000.0,1950100.0,0.028,1002000.0,1211000.0,-151000.0,0.0,Ready now
CUST103839,21444.0,1314000.0,1369800.0,0.041,713000.0,970000.0,71000.0,3.0,Ready in 6 months
CUST103840,4319.0,2046000.0,2239300.0,0.086,1216000.0,1268000.0,-311000.0,0.0,Ready now
CUST103841,22469.0,3217000.0,6504300.0,0.505,4896000.0,5166000.0,-3732000.0,0.0,Ready now
CUST103842,31103.0,26000.0,110700.0,0.765,98000.0,471000.0,867000.0,28.0,Not on track
CUST103843,9828.0,0.0,234700.0,1.0,235000.0,353000.0,482000.0,49.0,Not on track
CUST103844,7674.0,75000.0,226700.0,0.669,189000.0,281000.0,415000.0,54.0,Not on track
CUST103845,4591.0,3309000.0,3379900.0,0.021,1725000.0,1780000.0,-629000.0,0.0,Ready now
CUST103846,10250.0,2000.0,10700.0,0.813,10000.0,133000.0,373000.0,36.0,Not on track
CUST103847,59306.0,598000.0,673600.0,0.112,375000.0,1087000.0,1919000.0,32.0,Not on track
CUST103848,21052.0,102000.0,934800.0,0.891,884000.0,1137000.0,-68000.0,0.0,Ready now
CUST103849,18355.0,1000.0,237900.0,0.996,237000.0,457000.0,376000.0,20.0,Ready in 24 months
CUST103850,21016.0,689000.0,2345100.0,0.706,2001000.0,2253000.0,-1036000.0,0.0,Ready now
CUST103851,13651.0,11000.0,38500.0,0.714,33000.0,197000.0,610000.0,45.0,Not on track
CUST103852,21160.0,0.0,673000.0,1.0,673000.0,927000.0,233000.0,11.0,Ready in 12 months
CUST103853,7744.0,454000.0,1624400.0,0.721,1397000.0,1490000.0,-834000.0,0.0,Ready now
CUST103854,39461.0,1349000.0,1578100.0,0.145,904000.0,1378000.0,292000.0,7.0,Ready in 12 months
CUST103855,9169.0,2000.0,1960300.0,0.999,1959000.0,2069000.0,-1006000.0,0.0,Ready now
CUST103856,23974.0,1477000.0,2008800.0,0.265,1270000.0,1558000.0,-181000.0,0.0,Ready now
CUST103857,41985.0,3324000.0,6377000.0,0.479,4715000.0,5219000.0,-2635000.0,0.0,Ready now
CUST103858,14330.0,915000.0,1814200.0,0.496,1357000.0,1529000.0,-783000.0,0.0,Ready now
CUST103859,2713.0,1533000.0,3787300.0,0.595,3021000.0,3054000.0,-2237000.0,0.0,Ready now
CUST103860,6817.0,0.0,497000.0,1.0,497000.0,579000.0,-247000.0,0.0,Ready now
CUST103861,9052.0,3192000.0,3936400.0,0.189,2340000.0,2449000.0,-1166000.0,0.0,Ready now
CUST103862,14770.0,2023000.0,2314100.0,0.126,1303000.0,1480000.0,-679000.0,0.0,Ready now
CUST103863,11127.0,2844000.0,3007100.0,0.054,1585000.0,1719000.0,-713000.0,0.0,Ready now
CUST103864,22675.0,1840000.0,1895300.0,0.029,975000.0,1247000.0,-59000.0,0.0,Ready now
CUST103865,17524.0,4000.0,58500.0,0.932,56000.0,266000.0,686000.0,39.0,Not on track
CUST103866,83836.0,0.0,3820900.0,1.0,3821000.0,4827000.0,-368000.0,0.0,Ready now
CUST103867,30331.0,0.0,257500.0,1.0,258000.0,622000.0,562000.0,19.0,Ready in 24 months
CUST103868,20435.0,0.0,2326900.0,1.0,2327000.0,2572000.0,-1610000.0,0.0,Ready now
CUST103869,5542.0,801000.0,1595200.0,0.498,1195000.0,1262000.0,-731000.0,0.0,Ready now
CUST103870,31369.0,0.0,520000.0,1.0,520000.0,896000.0,1023000.0,33.0,Not on track
CUST103871,13430.0,2703000.0,4290900.0,0.37,2939000.0,3100000.0,-2007000.0,0.0,Ready now
CUST103872,28399.0,0.0,290000.0,1.0,290000.0,631000.0,561000.0,20.0,Ready in 24 months
CUST103873,40715.0,0.0,409100.0,1.0,409000.0,898000.0,931000.0,23.0,Ready in 24 months
CUST103874,6972.0,995000.0,1182200.0,0.158,685000.0,769000.0,255000.0,37.0,Not on track
CUST103875,5157.0,1000.0,58600.0,0.983,58000.0,120000.0,230000.0,45.0,Not on track
CUST103876,7066.0,19000.0,825200.0,0.977,816000.0,901000.0,-491000.0,0.0,Ready now
CUST103877,9435.0,1204000.0,2567100.0,0.531,1965000.0,2078000.0,-1531000.0,0.0,Ready now
CUST103878,15565.0,0.0,1263300.0,1.0,1263000.0,1450000.0,-675000.0,0.0,Ready now
CUST103879,17225.0,0.0,154500.0,1.0,154000.0,361000.0,406000.0,24.0,Ready in 24 months
CUST103880,18012.0,4677000.0,8132300.0,0.425,5794000.0,6010000.0,-4137000.0,0.0,Ready now
CUST103881,33238.0,1000.0,550300.0,0.998,550000.0,949000.0,1070000.0,32.0,Not on track
CUST103882,11636.0,13000.0,352900.0,0.963,346000.0,486000.0,52000.0,4.0,Ready in 6 months
CUST103883,24436.0,6000.0,1541500.0,0.996,1538000.0,1831000.0,-468000.0,0.0,Ready now
CUST103884,14067.0,388000.0,3604000.0,0.892,3410000.0,3579000.0,-2752000.0,0.0,Ready now
CUST103885,7143.0,41000.0,1023900.0,0.96,1003000.0,1089000.0,-54000.0,0.0,Ready now
CUST103886,10199.0,750000.0,893900.0,0.161,519000.0,641000.0,145000.0,14.0,Ready in 24 months
CUST103887,13992.0,1102000.0,1186900.0,0.072,636000.0,804000.0,121000.0,9.0,Ready in 12 months
CUST103888,31712.0,7000.0,451000.0,0.984,448000.0,829000.0,612000.0,19.0,Ready in 24 months
CUST103889,39678.0,3431000.0,3824000.0,0.103,2108000.0,2584000.0,-614000.0,0.0,Ready now
CUST103890,49636.0,1956000.0,2123600.0,0.079,1146000.0,1742000.0,963000.0,19.0,Ready in 24 months
CUST103891,16959.0,0.0,110800.0,1.0,111000.0,315000.0,436000.0,26.0,Not on track
CUST103892,9949.0,451000.0,1210600.0,0.627,985000.0,1104000.0,-609000.0,0.0,Ready now
CUST103893,5699.0,4248000.0,7436500.0,0.429,5312000.0,5380000.0,-4065000.0,0.0,Ready now
CUST103894,41484.0,1580000.0,3763700.0,0.58,2974000.0,3472000.0,-1398000.0,0.0,Ready now
CUST103895,18077.0,11000.0,3335500.0,0.997,3330000.0,3547000.0,-1974000.0,0.0,Ready now
CUST103896,3702.0,922000.0,1049900.0,0.122,589000.0,633000.0,18000.0,5.0,Ready in 6 months
CUST103897,17166.0,1763000.0,3054400.0,0.423,2173000.0,2379000.0,-1593000.0,0.0,Ready now
CUST103898,33413.0,2928000.0,5427900.0,0.461,3964000.0,4365000.0,-2669000.0,0.0,Ready now
CUST103899,20704.0,891000.0,1043700.0,0.146,598000.0,846000.0,39000.0,2.0,Ready in 6 months
CUST103900,30553.0,2063000.0,3717000.0,0.445,2686000.0,3053000.0,-1837000.0,0.0,Ready now
CUST103901,103218.0,6959000.0,8288500.0,0.16,4809000.0,6048000.0,-569000.0,0.0,Ready now
CUST103902,82273.0,4287000.0,9061500.0,0.527,6918000.0,7905000.0,-4420000.0,0.0,Ready now
CUST103903,29106.0,2905000.0,2939800.0,0.012,1487000.0,1836000.0,-273000.0,0.0,Ready now
CUST103904,12334.0,0.0,1405300.0,1.0,1405000.0,1553000.0,-866000.0,0.0,Ready now
CUST103905,4588.0,0.0,1954000.0,1.0,1954000.0,2009000.0,-1605000.0,0.0,Ready now
CUST103906,17825.0,0.0,124700.0,1.0,125000.0,339000.0,1068000.0,60.0,Not on track
CUST103907,23712.0,1989000.0,8752200.0,0.773,7758000.0,8043000.0,-6276000.0,0.0,Ready now
CUST103908,8274.0,0.0,1572600.0,1.0,1573000.0,1672000.0,-919000.0,0.0,Ready now
CUST103909,19718.0,1704000.0,2802300.0,0.392,1950000.0,2187000.0,-1160000.0,0.0,Ready now
CUST103910,24259.0,12000.0,74000.0,0.838,68000.0,359000.0,968000.0,40.0,Not on track
CUST103911,7024.0,8000.0,1447500.0,0.994,1444000.0,1528000.0,-950000.0,0.0,Ready now
CUST103912,9589.0,0.0,1432500.0,1.0,1432000.0,1547000.0,-1060000.0,0.0,Ready now
CUST103913,11784.0,886000.0,2148800.0,0.588,1706000.0,1847000.0,-1242000.0,0.0,Ready now
CUST103914,38957.0,3387000.0,3678700.0,0.079,1985000.0,2452000.0,-683000.0,0.0,Ready now
CUST103915,13237.0,0.0,682800.0,1.0,683000.0,842000.0,273000.0,21.0,Ready in 24 months
CUST103916,37805.0,2757000.0,2956500.0,0.067,1578000.0,2032000.0,18000.0,0.0,Ready now
CUST103917,5314.0,0.0,752400.0,1.0,752000.0,816000.0,-490000.0,0.0,Ready now
CUST103918,10561.0,0.0,438400.0,1.0,438000.0,565000.0,26000.0,2.0,Ready in 6 months
CUST103919,24013.0,3165000.0,3393800.0,0.067,1811000.0,2099000.0,-797000.0,0.0,Ready now
CUST103920,7338.0,1323000.0,2729000.0,0.515,2068000.0,2156000.0,-1427000.0,0.0,Ready now
CUST103921,7097.0,6000.0,420200.0,0.986,417000.0,502000.0,127000.0,18.0,Ready in 24 months
CUST103922,24112.0,4000.0,2331800.0,0.998,2330000.0,2619000.0,-1327000.0,0.0,Ready now
CUST103923,7733.0,4000.0,2293900.0,0.998,2292000.0,2385000.0,-1540000.0,0.0,Ready now
CUST103924,7617.0,38000.0,194400.0,0.805,175000.0,266000.0,274000.0,36.0,Not on track
CUST103925,7369.0,7000.0,33200.0,0.789,30000.0,118000.0,512000.0,69.0,Not on track
CUST103926,27030.0,10000.0,1474300.0,0.993,1469000.0,1793000.0,-567000.0,0.0,Ready now
CUST103927,13445.0,0.0,2880300.0,1.0,2880000.0,3041000.0,-1811000.0,0.0,Ready now
CUST103928,5017.0,297000.0,412100.0,0.279,264000.0,324000.0,169000.0,34.0,Not on track
CUST103929,21045.0,2001000.0,2728200.0,0.267,1728000.0,1981000.0,-826000.0,0.0,Ready now
CUST103930,36753.0,1378000.0,1602200.0,0.14,913000.0,1354000.0,860000.0,23.0,Ready in 24 months
CUST103931,44007.0,7802000.0,8767800.0,0.11,4867000.0,5395000.0,-2235000.0,0.0,Ready now
CUST103932,11188.0,933000.0,1028400.0,0.093,562000.0,696000.0,-190000.0,0.0,Ready now
CUST103933,5362.0,3060000.0,3108200.0,0.016,1578000.0,1642000.0,-576000.0,0.0,Ready now
CUST103934,21007.0,992000.0,1025500.0,0.033,530000.0,782000.0,372000.0,18.0,Ready in 24 months
CUST103935,18217.0,0.0,134600.0,1.0,135000.0,354000.0,683000.0,37.0,Not on track
CUST103936,4974.0,665000.0,1715700.0,0.612,1383000.0,1443000.0,-840000.0,0.0,Ready now
CUST103937,40689.0,1019000.0,1077900.0,0.055,568000.0,1056000.0,878000.0,22.0,Ready in 24 months
CUST103938,19132.0,1996000.0,2554900.0,0.219,1557000.0,1787000.0,-148000.0,0.0,Ready now
CUST103939,16669.0,0.0,229700.0,1.0,230000.0,430000.0,2808000.0,168.0,Not on track
CUST103940,3836.0,384000.0,1915900.0,0.8,1724000.0,1770000.0,-1318000.0,0.0,Ready now
CUST103941,5410.0,1072000.0,1363100.0,0.214,827000.0,892000.0,-414000.0,0.0,Ready now
CUST103942,59445.0,700000.0,3663800.0,0.809,3314000.0,4027000.0,-1543000.0,0.0,Ready now
CUST103943,22572.0,0.0,1630200.0,1.0,1630000.0,1901000.0,-775000.0,0.0,Ready now
CUST103944,18162.0,13000.0,1597300.0,0.992,1591000.0,1809000.0,-801000.0,0.0,Ready now
CUST103945,31813.0,747000.0,2101700.0,0.645,1728000.0,2110000.0,-819000.0,0.0,Ready now
CUST103946,11593.0,0.0,349400.0,1.0,349000.0,488000.0,50000.0,4.0,Ready in 6 months
CUST103947,16953.0,0.0,1440400.0,1.0,1440000.0,1643000.0,-244000.0,0.0,Ready now
CUST103948,26205.0,821000.0,958400.0,0.143,548000.0,862000.0,404000.0,15.0,Ready in 24 months
CUST103949,30174.0,0.0,5019900.0,1.0,5020000.0,5382000.0,-3669000.0,0.0,Ready now
CUST103950,39754.0,3631000.0,5901600.0,0.385,4086000.0,4563000.0,-2564000.0,0.0,Ready now
CUST103951,35751.0,3428000.0,8117000.0,0.578,6403000.0,6832000.0,-5236000.0,0.0,Ready now
CUST103952,22851.0,2526000.0,2700400.0,0.065,1437000.0,1711000.0,-492000.0,0.0,Ready now
CUST103953,13556.0,4728000.0,5754800.0,0.178,3391000.0,3554000.0,-1553000.0,0.0,Ready now
CUST103954,27548.0,9000.0,62100.0,0.855,58000.0,389000.0,1264000.0,46.0,Not on track
CUST103955,15429.0,245000.0,1434700.0,0.829,1312000.0,1497000.0,-552000.0,0.0,Ready now
CUST103956,18704.0,14000.0,609900.0,0.977,603000.0,827000.0,58000.0,3.0,Ready in 6 months
CUST103957,5035.0,6000.0,2173700.0,0.997,2171000.0,2231000.0,-1537000.0,0.0,Ready now
CUST103958,3267.0,0.0,719700.0,1.0,720000.0,759000.0,109000.0,33.0,Not on track
CUST103959,16662.0,359000.0,1843200.0,0.805,1664000.0,1864000.0,-1155000.0,0.0,Ready now
CUST103960,17516.0,1859000.0,2831300.0,0.343,1902000.0,2112000.0,-998000.0,0.0,Ready now
CUST103961,4804.0,2000.0,104000.0,0.981,103000.0,161000.0,551000.0,115.0,Not on track
CUST103962,12525.0,671000.0,1899300.0,0.647,1564000.0,1714000.0,-1034000.0,0.0,Ready now
CUST103963,16226.0,760000.0,864000.0,0.12,484000.0,679000.0,90000.0,6.0,Ready in 6 months
CUST103964,11791.0,2023000.0,3872000.0,0.478,2860000.0,3001000.0,-2263000.0,0.0,Ready now
CUST103965,38464.0,14000.0,1272700.0,0.989,1266000.0,1728000.0,186000.0,5.0,Ready in 6 months
CUST103966,1111.0,0.0,15300.0,1.0,15000.0,28000.0,304000.0,274.0,Not on track
CUST103967,5451.0,0.0,88100.0,1.0,88000.0,153000.0,268000.0,49.0,Not on track
CUST103968,18462.0,11343000.0,11722600.0,0.032,6051000.0,6273000.0,-4215000.0,0.0,Ready now
CUST103969,43435.0,2000.0,55800.0,0.964,55000.0,576000.0,1327000.0,31.0,Not on track
CUST103970,21846.0,4054000.0,4425900.0,0.084,2399000.0,2661000.0,-819000.0,0.0,Ready now
CUST103971,18195.0,3251000.0,6732500.0,0.517,5107000.0,5325000.0,-3212000.0,0.0,Ready now
CUST103972,19328.0,488000.0,838000.0,0.418,594000.0,826000.0,325000.0,17.0,Ready in 24 months
CUST103973,23602.0,368000.0,550100.0,0.331,366000.0,649000.0,560000.0,24.0,Ready in 24 months
CUST103974,31174.0,2793000.0,7865700.0,0.645,6469000.0,6843000.0,-5058000.0,0.0,Ready now
CUST103975,45382.0,1689000.0,2315600.0,0.271,1471000.0,2016000.0,475000.0,10.0,Ready in 12 months
CUST103976,32450.0,2577000.0,4729300.0,0.455,3441000.0,3830000.0,-2093000.0,0.0,Ready now
CUST103977,16598.0,4176000.0,9009600.0,0.536,6922000.0,7121000.0,-5994000.0,0.0,Ready now
CUST103978,3490.0,710000.0,743400.0,0.045,388000.0,430000.0,-54000.0,0.0,Ready now
CUST103979,6098.0,595000.0,847700.0,0.298,550000.0,623000.0,-60000.0,0.0,Ready now
CUST103980,62243.0,5504000.0,6063400.0,0.092,3311000.0,4058000.0,-987000.0,0.0,Ready now
CUST103981,16340.0,0.0,533800.0,1.0,534000.0,730000.0,948000.0,58.0,Not on track
CUST103982,5057.0,937000.0,1464100.0,0.36,996000.0,1057000.0,-804000.0,0.0,Ready now
CUST103983,10675.0,1458000.0,1493300.0,0.024,764000.0,892000.0,-267000.0,0.0,Ready now
CUST103984,22357.0,0.0,2584800.0,1.0,2585000.0,2853000.0,-845000.0,0.0,Ready now
CUST103985,17764.0,15000.0,698100.0,0.979,691000.0,904000.0,422000.0,24.0,Ready in 24 months
CUST103986,11431.0,1660000.0,4052200.0,0.59,3222000.0,3359000.0,-2136000.0,0.0,Ready now
CUST103987,25360.0,552000.0,1375800.0,0.599,1100000.0,1404000.0,-96000.0,0.0,Ready now
CUST103988,28004.0,1863000.0,4277800.0,0.564,3346000.0,3682000.0,-2487000.0,0.0,Ready now
CUST103989,3153.0,0.0,89300.0,1.0,89000.0,127000.0,443000.0,141.0,Not on track
CUST103990,14425.0,1559000.0,2350100.0,0.337,1571000.0,1744000.0,-1057000.0,0.0,Ready now
CUST103991,25779.0,0.0,1614200.0,1.0,1614000.0,1923000.0,29000.0,1.0,Ready in 6 months
CUST103992,14123.0,2688000.0,3192600.0,0.158,1849000.0,2018000.0,-733000.0,0.0,Ready now
CUST103993,11369.0,2508000.0,2542800.0,0.014,1289000.0,1425000.0,-105000.0,0.0,Ready now
CUST103994,30275.0,2374000.0,4662200.0,0.491,3475000.0,3838000.0,-2173000.0,0.0,Ready now
CUST103995,37634.0,2909000.0,4092700.0,0.289,2638000.0,3090000.0,-1080000.0,0.0,Ready now
CUST103996,23111.0,0.0,1199200.0,1.0,1199000.0,1476000.0,45000.0,2.0,Ready in 6 months
CUST103997,19141.0,1362000.0,4812000.0,0.717,4131000.0,4361000.0,-2894000.0,0.0,Ready now
CUST103998,12704.0,2250000.0,2325000.0,0.032,1200000.0,1352000.0,-462000.0,0.0,Ready now
CUST103999,8699.0,801000.0,2006800.0,0.601,1606000.0,1710000.0,-989000.0,0.0,Ready now
CUST104000,13884.0,2092000.0,3328800.0,0.372,2283000.0,2450000.0,-1498000.0,0.0,Ready now
CUST104001,43594.0,32000.0,418000.0,0.923,402000.0,925000.0,929000.0,21.0,Ready in 24 months
CUST104002,17201.0,0.0,116600.0,1.0,117000.0,323000.0,1274000.0,74.0,Not on track
CUST104003,45519.0,4359000.0,4418600.0,0.013,2239000.0,2785000.0,-827000.0,0.0,Ready now
CUST104004,14840.0,464000.0,1430800.0,0.676,1199000.0,1377000.0,-517000.0,0.0,Ready now
CUST104005,6692.0,0.0,286500.0,1.0,286000.0,366000.0,374000.0,56.0,Not on track
CUST104006,16152.0,340000.0,3008700.0,0.887,2839000.0,3033000.0,-1910000.0,0.0,Ready now
CUST104007,26590.0,6589000.0,12930800.0,0.49,9636000.0,9955000.0,-7582000.0,0.0,Ready now
CUST104008,8723.0,1000.0,302900.0,0.997,302000.0,407000.0,644000.0,74.0,Not on track
CUST104009,32023.0,2411000.0,3134800.0,0.231,1929000.0,2313000.0,-721000.0,0.0,Ready now
CUST104010,24875.0,5000.0,2057000.0,0.998,2054000.0,2352000.0,-1081000.0,0.0,Ready now
CUST104011,14468.0,619000.0,718900.0,0.139,409000.0,583000.0,477000.0,33.0,Not on track
CUST104012,6901.0,571000.0,621200.0,0.081,336000.0,419000.0,144000.0,21.0,Ready in 24 months
CUST104013,10334.0,4000.0,159500.0,0.975,158000.0,282000.0,201000.0,19.0,Ready in 24 months
CUST104014,15491.0,1990000.0,2616600.0,0.239,1622000.0,1808000.0,-837000.0,0.0,Ready now
CUST104015,3954.0,1396000.0,2028700.0,0.312,1331000.0,1378000.0,-877000.0,0.0,Ready now
CUST104016,5207.0,2030000.0,4129800.0,0.508,3115000.0,3177000.0,-2028000.0,0.0,Ready now
CUST104017,33075.0,3000.0,187200.0,0.984,186000.0,583000.0,1402000.0,42.0,Not on track
CUST104018,3693.0,0.0,305800.0,1.0,306000.0,350000.0,733000.0,198.0,Not on track
CUST104019,6316.0,2000.0,983200.0,0.998,982000.0,1058000.0,-150000.0,0.0,Ready now
CUST104020,23402.0,1347000.0,2184800.0,0.383,1511000.0,1792000.0,-619000.0,0.0,Ready now
CUST104021,9688.0,1872000.0,3680600.0,0.491,2745000.0,2861000.0,-1625000.0,0.0,Ready now
CUST104022,16878.0,1946000.0,2132700.0,0.088,1160000.0,1363000.0,-697000.0,0.0,Ready now
CUST104023,16438.0,14000.0,2837600.0,0.995,2831000.0,3028000.0,-1144000.0,0.0,Ready now
CUST104024,10753.0,5000.0,58600.0,0.915,56000.0,185000.0,850000.0,79.0,Not on track
CUST104025,19666.0,6000.0,672400.0,0.991,669000.0,905000.0,327000.0,17.0,Ready in 24 months
CUST104026,10846.0,0.0,99200.0,1.0,99000.0,229000.0,451000.0,42.0,Not on track
CUST104027,17866.0,1252000.0,1665700.0,0.248,1040000.0,1254000.0,196000.0,11.0,Ready in 12 months
CUST104028,13174.0,2863000.0,3420200.0,0.163,1989000.0,2147000.0,46000.0,3.0,Ready in 6 months
CUST104029,10103.0,635000.0,697400.0,0.089,380000.0,501000.0,76000.0,8.0,Ready in 12 months
CUST104030,31697.0,2526000.0,2852900.0,0.115,1590000.0,1970000.0,-379000.0,0.0,Ready now
CUST104031,18474.0,21000.0,53500.0,0.607,43000.0,265000.0,896000.0,49.0,Not on track
CUST104032,17419.0,2181000.0,3233500.0,0.325,2143000.0,2352000.0,-1000000.0,0.0,Ready now
CUST104033,11798.0,722000.0,3366800.0,0.786,3006000.0,3148000.0,-2547000.0,0.0,Ready now
CUST104034,5991.0,92000.0,207500.0,0.557,162000.0,234000.0,194000.0,32.0,Not on track
CUST104035,33956.0,24000.0,1254700.0,0.981,1243000.0,1650000.0,-36000.0,0.0,Ready now
CUST104036,39411.0,0.0,780300.0,1.0,780000.0,1253000.0,624000.0,16.0,Ready in 24 months
CUST104037,46061.0,0.0,604700.0,1.0,605000.0,1158000.0,687000.0,15.0,Ready in 24 months
CUST104038,919.0,1842000.0,1893900.0,0.027,973000.0,984000.0,-494000.0,0.0,Ready now
CUST104039,29265.0,2164000.0,2452300.0,0.118,1370000.0,1721000.0,-394000.0,0.0,Ready now
CUST104040,15295.0,1709000.0,2400000.0,0.288,1546000.0,1730000.0,-900000.0,0.0,Ready now
CUST104041,-1053.0,611000.0,1158400.0,0.473,853000.0,853000.0,-692000.0,0.0,Ready now
CUST104042,19406.0,1832000.0,3380000.0,0.458,2464000.0,2697000.0,-1737000.0,0.0,Ready now
CUST104043,14445.0,0.0,110600.0,1.0,111000.0,284000.0,341000.0,24.0,Ready in 24 months
CUST104044,11191.0,374000.0,755700.0,0.505,569000.0,703000.0,602000.0,54.0,Not on track
CUST104045,13537.0,361000.0,800200.0,0.549,620000.0,782000.0,-181000.0,0.0,Ready now
CUST104046,4728.0,958000.0,2304600.0,0.584,1826000.0,1883000.0,-1424000.0,0.0,Ready now
CUST104047,18475.0,578000.0,2069400.0,0.721,1780000.0,2002000.0,-1015000.0,0.0,Ready now
CUST104048,14977.0,18000.0,788400.0,0.977,779000.0,959000.0,677000.0,45.0,Not on track
CUST104049,64518.0,85000.0,16675500.0,0.995,16633000.0,17407000.0,-13062000.0,0.0,Ready now
CUST104050,9332.0,0.0,125000.0,1.0,125000.0,237000.0,879000.0,94.0,Not on track
CUST104051,16809.0,1680000.0,1737900.0,0.033,898000.0,1100000.0,-306000.0,0.0,Ready now
CUST104052,4209.0,10000.0,623800.0,0.984,619000.0,670000.0,-67000.0,0.0,Ready now
CUST104053,15313.0,776000.0,3639700.0,0.787,3252000.0,3436000.0,-1874000.0,0.0,Ready now
CUST104054,11208.0,542000.0,768600.0,0.295,498000.0,632000.0,8000.0,1.0,Ready in 6 months
CUST104055,41443.0,665000.0,1359600.0,0.511,1027000.0,1524000.0,313000.0,8.0,Ready in 12 months
CUST104056,25961.0,2621000.0,3507900.0,0.253,2197000.0,2509000.0,-1163000.0,0.0,Ready now
CUST104057,943.0,2120000.0,3229500.0,0.344,2170000.0,2181000.0,-1644000.0,0.0,Ready now
CUST104058,3418.0,603000.0,933800.0,0.354,632000.0,673000.0,-204000.0,0.0,Ready now
CUST104059,9042.0,3577000.0,6926000.0,0.484,5138000.0,5247000.0,-3970000.0,0.0,Ready now
CUST104060,20912.0,2183000.0,2237100.0,0.024,1146000.0,1397000.0,-563000.0,0.0,Ready now
CUST104061,11624.0,2814000.0,5365900.0,0.476,3959000.0,4098000.0,-3291000.0,0.0,Ready now
CUST104062,17641.0,1096000.0,1189300.0,0.078,641000.0,853000.0,275000.0,16.0,Ready in 24 months
CUST104063,7488.0,1104000.0,1178200.0,0.063,626000.0,716000.0,-474000.0,0.0,Ready now
CUST104064,19033.0,8000.0,301000.0,0.973,297000.0,525000.0,587000.0,31.0,Not on track
CUST104065,1909.0,260000.0,402700.0,0.354,273000.0,296000.0,195000.0,102.0,Not on track
CUST104066,3862.0,1188000.0,2797700.0,0.575,2204000.0,2250000.0,-1925000.0,0.0,Ready now
CUST104067,24945.0,0.0,302800.0,1.0,303000.0,602000.0,766000.0,31.0,Not on track
CUST104068,28947.0,788000.0,4064600.0,0.806,3671000.0,4018000.0,-2460000.0,0.0,Ready now
CUST104069,12346.0,0.0,397000.0,1.0,397000.0,545000.0,585000.0,47.0,Not on track
CUST104070,498.0,912000.0,1017600.0,0.104,562000.0,568000.0,-84000.0,0.0,Ready now
CUST104071,18365.0,18000.0,234900.0,0.923,226000.0,446000.0,491000.0,27.0,Not on track
CUST104072,17771.0,0.0,632500.0,1.0,632000.0,845000.0,79000.0,4.0,Ready in 6 months
CUST104073,10710.0,345000.0,468100.0,0.263,296000.0,425000.0,60000.0,6.0,Ready in 6 months
CUST104074,6835.0,1614000.0,1745000.0,0.075,938000.0,1020000.0,-320000.0,0.0,Ready now
CUST104075,14220.0,716000.0,1063900.0,0.327,706000.0,877000.0,-276000.0,0.0,Ready now
CUST104076,20004.0,2022000.0,2268700.0,0.109,1258000.0,1498000.0,-228000.0,0.0,Ready now
CUST104077,8090.0,6000.0,73600.0,0.918,71000.0,168000.0,407000.0,50.0,Not on track
CUST104078,12253.0,0.0,992200.0,1.0,992000.0,1139000.0,-449000.0,0.0,Ready now
CUST104079,18575.0,12000.0,64100.0,0.813,58000.0,281000.0,1327000.0,71.0,Not on track
CUST104080,21132.0,0.0,31200.0,1.0,31000.0,285000.0,622000.0,29.0,Not on track
CUST104081,9755.0,1177000.0,1674700.0,0.297,1086000.0,1203000.0,-700000.0,0.0,Ready now
CUST104082,7681.0,303000.0,795200.0,0.619,644000.0,736000.0,106000.0,14.0,Ready in 24 months
CUST104083,32502.0,1000.0,37000.0,0.973,36000.0,426000.0,994000.0,31.0,Not on track
CUST104084,8527.0,138000.0,1238200.0,0.889,1169000.0,1271000.0,-442000.0,0.0,Ready now
CUST104085,3935.0,0.0,237300.0,1.0,237000.0,284000.0,461000.0,117.0,Not on track
CUST104086,27558.0,994000.0,2193400.0,0.547,1696000.0,2027000.0,-576000.0,0.0,Ready now
CUST104087,5720.0,118000.0,2983700.0,0.96,2925000.0,2994000.0,-2129000.0,0.0,Ready now
CUST104088,14358.0,176000.0,364100.0,0.517,276000.0,448000.0,328000.0,23.0,Ready in 24 months
CUST104089,15444.0,0.0,2152800.0,1.0,2153000.0,2338000.0,-1587000.0,0.0,Ready now
CUST104090,19183.0,662000.0,836200.0,0.208,505000.0,735000.0,269000.0,14.0,Ready in 24 months
CUST104091,53109.0,5278000.0,10297000.0,0.487,7658000.0,8295000.0,-5684000.0,0.0,Ready now
CUST104092,22090.0,592000.0,839700.0,0.295,544000.0,809000.0,398000.0,18.0,Ready in 24 months
CUST104093,27848.0,1854000.0,2106000.0,0.12,1179000.0,1513000.0,-119000.0,0.0,Ready now
CUST104094,4891.0,961000.0,1837000.0,0.477,1356000.0,1415000.0,-689000.0,0.0,Ready now
CUST104095,23322.0,1170000.0,1311700.0,0.108,727000.0,1007000.0,117000.0,5.0,Ready in 6 months
CUST104096,10362.0,600000.0,2124800.0,0.718,1825000.0,1949000.0,-1225000.0,0.0,Ready now
CUST104097,29835.0,18000.0,3244400.0,0.994,3235000.0,3593000.0,-2105000.0,0.0,Ready now
CUST104098,19716.0,2140000.0,2572000.0,0.168,1502000.0,1739000.0,-643000.0,0.0,Ready now
CUST104099,71637.0,0.0,8107300.0,1.0,8107000.0,8967000.0,-5298000.0,0.0,Ready now
CUST104100,26112.0,455000.0,2907400.0,0.844,2680000.0,2993000.0,-1244000.0,0.0,Ready now
CUST104101,29463.0,57000.0,5170000.0,0.989,5142000.0,5496000.0,-4208000.0,0.0,Ready now
CUST104102,29395.0,1717000.0,1853400.0,0.074,995000.0,1348000.0,424000.0,14.0,Ready in 24 months
CUST104103,7328.0,1653000.0,2376700.0,0.304,1550000.0,1638000.0,-950000.0,0.0,Ready now
CUST104104,10942.0,291000.0,379900.0,0.234,234000.0,365000.0,235000.0,21.0,Ready in 24 months
CUST104105,10133.0,66000.0,223400.0,0.705,190000.0,312000.0,410000.0,40.0,Not on track
CUST104106,19666.0,745000.0,5772700.0,0.871,5400000.0,5636000.0,-4233000.0,0.0,Ready now
CUST104107,29585.0,0.0,3883400.0,1.0,3883000.0,4238000.0,-1865000.0,0.0,Ready now
CUST104108,31588.0,1339000.0,1670200.0,0.198,1001000.0,1380000.0,313000.0,10.0,Ready in 12 months
CUST104109,28731.0,1231000.0,1479800.0,0.168,864000.0,1209000.0,-72000.0,0.0,Ready now
CUST104110,55474.0,17000.0,178900.0,0.905,170000.0,836000.0,1909000.0,34.0,Not on track
CUST104111,11263.0,2090000.0,2250500.0,0.071,1206000.0,1341000.0,-726000.0,0.0,Ready now
CUST104112,2398.0,0.0,130800.0,1.0,131000.0,160000.0,427000.0,178.0,Not on track
CUST104113,33294.0,8000.0,1745200.0,0.995,1741000.0,2141000.0,-807000.0,0.0,Ready now
CUST104114,21473.0,11000.0,632000.0,0.983,626000.0,884000.0,1265000.0,59.0,Not on track
CUST104115,10034.0,118000.0,190500.0,0.381,132000.0,252000.0,418000.0,42.0,Not on track
CUST104116,9135.0,1161000.0,1614900.0,0.281,1034000.0,1144000.0,-611000.0,0.0,Ready now
CUST104117,13936.0,2203000.0,2524400.0,0.127,1423000.0,1590000.0,-592000.0,0.0,Ready now
CUST104118,25308.0,3094000.0,5190700.0,0.404,3644000.0,3948000.0,-2186000.0,0.0,Ready now
CUST104119,8295.0,1061000.0,1552500.0,0.317,1022000.0,1122000.0,-723000.0,0.0,Ready now
CUST104120,14538.0,1208000.0,1623100.0,0.256,1019000.0,1193000.0,298000.0,20.0,Ready in 24 months
CUST104121,13602.0,1179000.0,2034900.0,0.421,1445000.0,1608000.0,-993000.0,0.0,Ready now
CUST104122,21309.0,3550000.0,4974300.0,0.286,3199000.0,3455000.0,-1941000.0,0.0,Ready now
CUST104123,6806.0,569000.0,1369400.0,0.584,1085000.0,1167000.0,-720000.0,0.0,Ready now
CUST104124,4055.0,0.0,912900.0,1.0,913000.0,962000.0,-439000.0,0.0,Ready now
CUST104125,27545.0,0.0,4059200.0,1.0,4059000.0,4390000.0,-2708000.0,0.0,Ready now
CUST104126,46852.0,0.0,1581800.0,1.0,1582000.0,2144000.0,80000.0,2.0,Ready in 6 months
CUST104127,26822.0,0.0,1388200.0,1.0,1388000.0,1710000.0,-402000.0,0.0,Ready now
CUST104128,27000.0,7506000.0,15506100.0,0.516,11753000.0,12077000.0,-8792000.0,0.0,Ready now
CUST104129,9241.0,246000.0,1877300.0,0.869,1754000.0,1865000.0,-1396000.0,0.0,Ready now
CUST104130,11637.0,0.0,418100.0,1.0,418000.0,558000.0,174000.0,15.0,Ready in 24 months
CUST104131,21059.0,0.0,2460300.0,1.0,2460000.0,2713000.0,-1736000.0,0.0,Ready now
CUST104132,14660.0,593000.0,828700.0,0.284,532000.0,708000.0,300000.0,20.0,Ready in 24 months
CUST104133,36679.0,2230000.0,2454200.0,0.091,1339000.0,1779000.0,-196000.0,0.0,Ready now
CUST104134,6312.0,6000.0,52700.0,0.886,50000.0,126000.0,526000.0,83.0,Not on track
CUST104135,11653.0,970000.0,1329200.0,0.27,844000.0,984000.0,302000.0,26.0,Not on track
CUST104136,14008.0,0.0,2320400.0,1.0,2320000.0,2488000.0,-1298000.0,0.0,Ready now
CUST104137,44013.0,1198000.0,1317100.0,0.09,718000.0,1246000.0,1504000.0,34.0,Not on track
CUST104138,18389.0,0.0,1019800.0,1.0,1020000.0,1241000.0,-245000.0,0.0,Ready now
CUST104139,24458.0,26000.0,2283700.0,0.989,2271000.0,2564000.0,-1603000.0,0.0,Ready now
CUST104140,15060.0,3351000.0,5508300.0,0.392,3833000.0,4014000.0,-2636000.0,0.0,Ready now
CUST104141,8660.0,1782000.0,2478200.0,0.281,1587000.0,1691000.0,-599000.0,0.0,Ready now
CUST104142,8604.0,0.0,1459500.0,1.0,1460000.0,1563000.0,-716000.0,0.0,Ready now
CUST104143,6062.0,0.0,48800.0,1.0,49000.0,122000.0,242000.0,40.0,Not on track
CUST104144,16582.0,1971000.0,2817400.0,0.3,1832000.0,2031000.0,-947000.0,0.0,Ready now
CUST104145,-1003.0,2505000.0,2912000.0,0.14,1660000.0,1660000.0,-462000.0,0.0,Ready now
CUST104146,12221.0,15000.0,135600.0,0.889,128000.0,275000.0,376000.0,31.0,Not on track
CUST104147,9580.0,1307000.0,2712800.0,0.518,2059000.0,2174000.0,-1546000.0,0.0,Ready now
CUST104148,5994.0,443000.0,570100.0,0.223,349000.0,421000.0,5000.0,1.0,Ready in 6 months
CUST104149,17052.0,2833000.0,5422000.0,0.477,4006000.0,4211000.0,-2949000.0,0.0,Ready now
CUST104150,29633.0,308000.0,1597900.0,0.807,1444000.0,1800000.0,-436000.0,0.0,Ready now
CUST104151,48027.0,3254000.0,7982100.0,0.592,6355000.0,6931000.0,-4796000.0,0.0,Ready now
CUST104152,3593.0,10000.0,493100.0,0.98,488000.0,531000.0,-164000.0,0.0,Ready now
CUST104153,17106.0,1208000.0,1609800.0,0.25,1006000.0,1211000.0,-334000.0,0.0,Ready now
CUST104154,607.0,0.0,22700.0,1.0,23000.0,30000.0,317000.0,999.0,Not on track
CUST104155,44244.0,0.0,5326100.0,1.0,5326000.0,5857000.0,-3958000.0,0.0,Ready now
CUST104156,16142.0,609000.0,653000.0,0.067,348000.0,542000.0,762000.0,47.0,Not on track
CUST104157,54537.0,65000.0,183500.0,0.646,151000.0,805000.0,2441000.0,45.0,Not on track
CUST104158,19826.0,0.0,427100.0,1.0,427000.0,665000.0,860000.0,43.0,Not on track
CUST104159,-729.0,0.0,49900.0,1.0,50000.0,50000.0,1164000.0,999.0,Not on track
CUST104160,24118.0,9000.0,400100.0,0.978,396000.0,685000.0,836000.0,35.0,Not on track
CUST104161,25090.0,3272000.0,5676300.0,0.424,4040000.0,4341000.0,-2854000.0,0.0,Ready now
CUST104162,8749.0,5000.0,186000.0,0.973,184000.0,289000.0,484000.0,55.0,Not on track
CUST104163,16403.0,482000.0,4519600.0,0.893,4279000.0,4476000.0,-3182000.0,0.0,Ready now
CUST104164,53455.0,2452000.0,4353800.0,0.437,3128000.0,3769000.0,-238000.0,0.0,Ready now
CUST104165,13711.0,2448000.0,2954100.0,0.171,1730000.0,1895000.0,-781000.0,0.0,Ready now
CUST104166,10244.0,4000.0,2575600.0,0.998,2574000.0,2697000.0,-2007000.0,0.0,Ready now
CUST104167,17203.0,570000.0,756600.0,0.247,472000.0,678000.0,523000.0,30.0,Not on track
CUST104168,20109.0,2000.0,154400.0,0.987,153000.0,394000.0,691000.0,34.0,Not on track
CUST104169,3286.0,1433000.0,2578700.0,0.444,1862000.0,1901000.0,-740000.0,0.0,Ready now
CUST104170,24728.0,5000.0,181600.0,0.972,179000.0,476000.0,558000.0,23.0,Ready in 24 months
CUST104171,22727.0,7000.0,3792800.0,0.998,3789000.0,4062000.0,-2454000.0,0.0,Ready now
CUST104172,21239.0,3844000.0,3960800.0,0.029,2039000.0,2294000.0,-369000.0,0.0,Ready now
CUST104173,47479.0,0.0,3852600.0,1.0,3853000.0,4423000.0,-1512000.0,0.0,Ready now
CUST104174,6901.0,1593000.0,3795300.0,0.58,2999000.0,3082000.0,-2194000.0,0.0,Ready now
CUST104175,21521.0,1559000.0,1819200.0,0.143,1040000.0,1298000.0,-296000.0,0.0,Ready now
CUST104176,12272.0,0.0,373500.0,1.0,374000.0,521000.0,591000.0,48.0,Not on track
CUST104177,17058.0,1139000.0,1415000.0,0.195,846000.0,1051000.0,-78000.0,0.0,Ready now
CUST104178,8943.0,3245000.0,3650200.0,0.111,2028000.0,2135000.0,-643000.0,0.0,Ready now
CUST104179,2162.0,0.0,78200.0,1.0,78000.0,104000.0,288000.0,133.0,Not on track
CUST104180,41265.0,1346000.0,3448000.0,0.61,2775000.0,3270000.0,-1527000.0,0.0,Ready now
CUST104181,27700.0,4663000.0,5305400.0,0.121,2974000.0,3306000.0,-285000.0,0.0,Ready now
CUST104182,30828.0,2664000.0,4141200.0,0.357,2809000.0,3179000.0,-1482000.0,0.0,Ready now
CUST104183,15321.0,4375000.0,11736000.0,0.627,9548000.0,9732000.0,-8449000.0,0.0,Ready now
CUST104184,38346.0,3108000.0,3300200.0,0.058,1746000.0,2206000.0,-236000.0,0.0,Ready now
CUST104185,14171.0,1701000.0,3528400.0,0.518,2678000.0,2848000.0,-1943000.0,0.0,Ready now
CUST104186,7670.0,6000.0,114600.0,0.948,112000.0,204000.0,569000.0,74.0,Not on track
CUST104187,15184.0,1558000.0,1704400.0,0.086,925000.0,1107000.0,-241000.0,0.0,Ready now
CUST104188,354.0,1093000.0,1258000.0,0.131,712000.0,716000.0,-270000.0,0.0,Ready now
CUST104189,51260.0,1927000.0,2246100.0,0.142,1283000.0,1898000.0,309000.0,6.0,Ready in 6 months
CUST104190,33220.0,2022000.0,5484400.0,0.631,4473000.0,4872000.0,-2407000.0,0.0,Ready now
CUST104191,22446.0,0.0,395900.0,1.0,396000.0,665000.0,539000.0,24.0,Ready in 24 months
CUST104192,23229.0,2000.0,487200.0,0.996,486000.0,765000.0,822000.0,35.0,Not on track
CUST104193,16856.0,2658000.0,3533400.0,0.248,2204000.0,2406000.0,-1056000.0,0.0,Ready now
CUST104194,32424.0,2735000.0,3097800.0,0.117,1730000.0,2119000.0,-413000.0,0.0,Ready now
CUST104195,3540.0,0.0,66000.0,1.0,66000.0,108000.0,290000.0,82.0,Not on track
CUST104196,24324.0,22000.0,1142600.0,0.981,1132000.0,1424000.0,28000.0,1.0,Ready in 6 months
CUST104197,9385.0,820000.0,923300.0,0.112,513000.0,626000.0,114000.0,12.0,Ready in 12 months
CUST104198,29554.0,0.0,38200.0,1.0,38000.0,393000.0,934000.0,32.0,Not on track
CUST104199,36914.0,2852000.0,3197900.0,0.108,1772000.0,2215000.0,-662000.0,0.0,Ready now
CUST104200,8378.0,0.0,88700.0,1.0,89000.0,190000.0,478000.0,57.0,Not on track
CUST104201,6722.0,3000.0,173900.0,0.983,172000.0,253000.0,358000.0,53.0,Not on track
CUST104202,16696.0,796000.0,2269800.0,0.649,1872000.0,2072000.0,-1190000.0,0.0,Ready now
CUST104203,8940.0,3000.0,170800.0,0.982,169000.0,276000.0,226000.0,25.0,Not on track
CUST104204,10999.0,1101000.0,2634600.0,0.582,2084000.0,2216000.0,-1528000.0,0.0,Ready now
CUST104205,7318.0,11000.0,135200.0,0.919,130000.0,218000.0,121000.0,17.0,Ready in 24 months
CUST104206,2996.0,70000.0,1208000.0,0.942,1173000.0,1209000.0,-690000.0,0.0,Ready now
CUST104207,30005.0,0.0,152400.0,1.0,152000.0,512000.0,971000.0,32.0,Not on track
CUST104208,10635.0,327000.0,454600.0,0.281,291000.0,419000.0,275000.0,26.0,Not on track
CUST104209,12838.0,425000.0,1573100.0,0.73,1361000.0,1515000.0,-971000.0,0.0,Ready now
CUST104210,15202.0,30000.0,276800.0,0.892,262000.0,444000.0,429000.0,28.0,Not on track
CUST104211,6824.0,14000.0,154500.0,0.909,148000.0,230000.0,50000.0,7.0,Ready in 12 months
CUST104212,15996.0,0.0,3366400.0,1.0,3366000.0,3558000.0,-1654000.0,0.0,Ready now
CUST104213,18404.0,3129000.0,3245000.0,0.036,1680000.0,1901000.0,-730000.0,0.0,Ready now
CUST104214,3582.0,612000.0,1137900.0,0.462,832000.0,875000.0,-403000.0,0.0,Ready now
CUST104215,36020.0,2251000.0,2421400.0,0.07,1296000.0,1728000.0,-113000.0,0.0,Ready now
CUST104216,17663.0,0.0,118200.0,1.0,118000.0,330000.0,418000.0,24.0,Ready in 24 months
CUST104217,13174.0,0.0,307100.0,1.0,307000.0,465000.0,572000.0,43.0,Not on track
CUST104218,19203.0,0.0,474000.0,1.0,474000.0,704000.0,1522000.0,79.0,Not on track
CUST104219,9874.0,0.0,2088800.0,1.0,2089000.0,2207000.0,-1481000.0,0.0,Ready now
CUST104220,17827.0,0.0,713300.0,1.0,713000.0,927000.0,765000.0,43.0,Not on track
CUST104221,18592.0,0.0,138900.0,1.0,139000.0,362000.0,563000.0,30.0,Not on track
CUST104222,20154.0,421000.0,688400.0,0.388,478000.0,720000.0,390000.0,19.0,Ready in 24 months
CUST104223,12155.0,387000.0,2862000.0,0.865,2668000.0,2814000.0,-2061000.0,0.0,Ready now
CUST104224,14367.0,2060000.0,2238500.0,0.08,1208000.0,1380000.0,-632000.0,0.0,Ready now
CUST104225,4348.0,2111000.0,3418600.0,0.382,2363000.0,2415000.0,-1675000.0,0.0,Ready now
CUST104226,5603.0,14000.0,88200.0,0.841,81000.0,148000.0,302000.0,54.0,Not on track
CUST104227,22481.0,3000.0,533100.0,0.994,532000.0,802000.0,646000.0,29.0,Not on track
CUST104228,10306.0,444000.0,1065800.0,0.583,844000.0,968000.0,206000.0,20.0,Ready in 24 months
CUST104229,12089.0,1472000.0,2456800.0,0.401,1721000.0,1866000.0,-1312000.0,0.0,Ready now
CUST104230,25077.0,0.0,1569500.0,1.0,1570000.0,1871000.0,-190000.0,0.0,Ready now
CUST104231,49646.0,24000.0,282000.0,0.915,270000.0,866000.0,1784000.0,36.0,Not on track
CUST104232,1557.0,0.0,778800.0,1.0,779000.0,798000.0,-270000.0,0.0,Ready now
CUST104233,9976.0,1926000.0,2048200.0,0.06,1085000.0,1205000.0,-811000.0,0.0,Ready now
CUST104234,30928.0,34000.0,577600.0,0.941,561000.0,932000.0,516000.0,17.0,Ready in 24 months
CUST104235,15290.0,2109000.0,2524700.0,0.165,1470000.0,1653000.0,-257000.0,0.0,Ready now
CUST104236,22620.0,2293000.0,3914700.0,0.414,2768000.0,3039000.0,-1842000.0,0.0,Ready now
CUST104237,16487.0,54000.0,369200.0,0.854,342000.0,540000.0,221000.0,13.0,Ready in 24 months
CUST104238,24733.0,1426000.0,1621000.0,0.12,908000.0,1205000.0,-36000.0,0.0,Ready now
CUST104239,64797.0,5726000.0,6399900.0,0.105,3537000.0,4315000.0,-1512000.0,0.0,Ready now
CUST104240,8572.0,976000.0,1442700.0,0.323,955000.0,1058000.0,-129000.0,0.0,Ready now
CUST104241,29859.0,0.0,817500.0,1.0,818000.0,1176000.0,409000.0,14.0,Ready in 24 months
CUST104242,20848.0,4162000.0,7372100.0,0.435,5291000.0,5541000.0,-4087000.0,0.0,Ready now
CUST104243,8653.0,865000.0,2606400.0,0.668,2174000.0,2278000.0,-1883000.0,0.0,Ready now
CUST104244,6039.0,3066000.0,3167800.0,0.032,1635000.0,1707000.0,-203000.0,0.0,Ready now
CUST104245,12981.0,0.0,85600.0,1.0,86000.0,242000.0,401000.0,31.0,Not on track
CUST104246,12364.0,3000.0,2119900.0,0.999,2118000.0,2266000.0,-846000.0,0.0,Ready now
CUST104247,52140.0,3346000.0,3543000.0,0.056,1870000.0,2496000.0,41000.0,1.0,Ready in 6 months
CUST104248,7245.0,8000.0,714700.0,0.989,711000.0,798000.0,140000.0,19.0,Ready in 24 months
CUST104249,13324.0,24000.0,1346800.0,0.982,1335000.0,1495000.0,-811000.0,0.0,Ready now
CUST104250,25379.0,1323000.0,1659600.0,0.203,998000.0,1303000.0,-33000.0,0.0,Ready now
CUST104251,10142.0,9000.0,1171300.0,0.992,1167000.0,1289000.0,-687000.0,0.0,Ready now
CUST104252,55261.0,0.0,716800.0,1.0,717000.0,1380000.0,2260000.0,41.0,Not on track
CUST104253,792.0,1212000.0,1264300.0,0.041,658000.0,668000.0,210000.0,999.0,Not on track
CUST104254,31430.0,0.0,83500.0,1.0,84000.0,461000.0,2173000.0,69.0,Not on track
CUST104255,1685.0,2528000.0,3092200.0,0.182,1828000.0,1848000.0,-1348000.0,0.0,Ready now
CUST104256,11367.0,1361000.0,2975000.0,0.543,2294000.0,2430000.0,-1388000.0,0.0,Ready now
CUST104257,26853.0,782000.0,3906800.0,0.8,3516000.0,3838000.0,-2360000.0,0.0,Ready now
CUST104258,5029.0,345000.0,1599000.0,0.784,1426000.0,1486000.0,-1034000.0,0.0,Ready now
CUST104259,12879.0,0.0,29600.0,1.0,30000.0,185000.0,610000.0,47.0,Not on track
CUST104260,-10777.0,2032000.0,5904100.0,0.656,4888000.0,4888000.0,-3989000.0,0.0,Ready now
CUST104261,11879.0,1805000.0,2084700.0,0.134,1182000.0,1325000.0,-465000.0,0.0,Ready now
CUST104262,-3390.0,4000.0,2094600.0,0.998,2093000.0,2093000.0,-1779000.0,0.0,Ready now
CUST104263,14735.0,1216000.0,5116500.0,0.762,4508000.0,4685000.0,-2928000.0,0.0,Ready now
CUST104264,50554.0,3267000.0,3313100.0,0.014,1680000.0,2287000.0,318000.0,6.0,Ready in 6 months
CUST104265,66927.0,0.0,467500.0,1.0,468000.0,1271000.0,1695000.0,25.0,Not on track
CUST104266,6858.0,910000.0,1889100.0,0.518,1434000.0,1516000.0,-798000.0,0.0,Ready now
CUST104267,12365.0,0.0,58400.0,1.0,58000.0,206000.0,462000.0,37.0,Not on track
CUST104268,10734.0,1406000.0,4530300.0,0.69,3827000.0,3956000.0,-3163000.0,0.0,Ready now
CUST104269,7598.0,3516000.0,6019900.0,0.416,4262000.0,4353000.0,-3472000.0,0.0,Ready now
CUST104270,12312.0,12000.0,85500.0,0.86,80000.0,228000.0,413000.0,34.0,Not on track
CUST104271,12100.0,1466000.0,3058800.0,0.521,2326000.0,2471000.0,-1874000.0,0.0,Ready now
CUST104272,8348.0,971000.0,1176900.0,0.175,691000.0,791000.0,3000.0,0.0,Ready now
CUST104273,10152.0,21000.0,126400.0,0.834,116000.0,238000.0,504000.0,50.0,Not on track
CUST104274,24545.0,3854000.0,3942500.0,0.022,2016000.0,2311000.0,-600000.0,0.0,Ready now
CUST104275,11966.0,2000.0,366400.0,0.995,365000.0,509000.0,1127000.0,94.0,Not on track
CUST104276,22109.0,0.0,128900.0,1.0,129000.0,394000.0,562000.0,25.0,Not on track
CUST104277,9884.0,0.0,1986200.0,1.0,1986000.0,2105000.0,-1477000.0,0.0,Ready now
CUST104278,9919.0,1003000.0,1902800.0,0.473,1401000.0,1520000.0,-1045000.0,0.0,Ready now
CUST104279,19866.0,1131000.0,4542100.0,0.751,3977000.0,4215000.0,-3295000.0,0.0,Ready now
CUST104280,49149.0,4101000.0,5539100.0,0.26,3489000.0,4079000.0,-2375000.0,0.0,Ready now
CUST104281,5240.0,967000.0,1160800.0,0.167,677000.0,740000.0,-57000.0,0.0,Ready now
CUST104282,-2645.0,72000.0,1201000.0,0.94,1165000.0,1165000.0,-901000.0,0.0,Ready now
CUST104283,27196.0,252000.0,2343100.0,0.892,2217000.0,2543000.0,-923000.0,0.0,Ready now
CUST104284,11966.0,140000.0,1455300.0,0.904,1385000.0,1529000.0,-818000.0,0.0,Ready now
CUST104285,51704.0,5546000.0,5997800.0,0.075,3225000.0,3845000.0,-1269000.0,0.0,Ready now
CUST104286,86309.0,8927000.0,12138800.0,0.265,7675000.0,8711000.0,-3990000.0,0.0,Ready now
CUST104287,11921.0,2071000.0,3605900.0,0.426,2570000.0,2713000.0,-1864000.0,0.0,Ready now
CUST104288,57837.0,300000.0,1625000.0,0.815,1475000.0,2169000.0,372000.0,6.0,Ready in 6 months
CUST104289,9433.0,193000.0,828000.0,0.767,732000.0,845000.0,-342000.0,0.0,Ready now
CUST104290,10622.0,1010000.0,2116200.0,0.523,1611000.0,1738000.0,-1191000.0,0.0,Ready now
CUST104291,18972.0,1872000.0,1904700.0,0.017,969000.0,1197000.0,-372000.0,0.0,Ready now
CUST104292,9065.0,4157000.0,4447400.0,0.065,2369000.0,2478000.0,-1435000.0,0.0,Ready now
CUST104293,11357.0,2046000.0,2145600.0,0.046,1123000.0,1259000.0,-131000.0,0.0,Ready now
CUST104294,20235.0,1318000.0,1476300.0,0.107,817000.0,1060000.0,87000.0,4.0,Ready in 6 months
CUST104295,10488.0,260000.0,1060900.0,0.755,931000.0,1057000.0,-411000.0,0.0,Ready now
CUST104296,9155.0,1377000.0,1508400.0,0.087,820000.0,930000.0,-38000.0,0.0,Ready now
CUST104297,14798.0,35000.0,893500.0,0.961,876000.0,1054000.0,-232000.0,0.0,Ready now
CUST104298,14213.0,0.0,279600.0,1.0,280000.0,451000.0,346000.0,24.0,Ready in 24 months
CUST104299,3298.0,208000.0,1021300.0,0.796,917000.0,957000.0,-421000.0,0.0,Ready now
CUST104300,13123.0,0.0,258700.0,1.0,259000.0,416000.0,547000.0,42.0,Not on track
CUST104301,16679.0,9000.0,298800.0,0.97,294000.0,494000.0,160000.0,10.0,Ready in 12 months
CUST104302,27558.0,1542000.0,1634200.0,0.056,863000.0,1194000.0,125000.0,5.0,Ready in 6 months
CUST104303,10145.0,167000.0,732100.0,0.772,649000.0,771000.0,-325000.0,0.0,Ready now
CUST104304,35845.0,19000.0,4980700.0,0.996,4971000.0,5401000.0,-3858000.0,0.0,Ready now
CUST104305,22780.0,0.0,5216400.0,1.0,5216000.0,5489000.0,-4274000.0,0.0,Ready now
CUST104306,23913.0,191000.0,2928300.0,0.935,2833000.0,3120000.0,-1949000.0,0.0,Ready now
CUST104307,12107.0,1128000.0,2965600.0,0.62,2402000.0,2547000.0,-1450000.0,0.0,Ready now
CUST104308,44939.0,1927000.0,4045800.0,0.524,3082000.0,3621000.0,-1500000.0,0.0,Ready now
CUST104309,10129.0,655000.0,2016200.0,0.675,1689000.0,1811000.0,-1365000.0,0.0,Ready now
CUST104310,10892.0,4000.0,235400.0,0.983,233000.0,364000.0,623000.0,57.0,Not on track
CUST104311,10463.0,0.0,55800.0,1.0,56000.0,182000.0,394000.0,38.0,Not on track
CUST104312,10593.0,2992000.0,3685000.0,0.188,2189000.0,2316000.0,-1153000.0,0.0,Ready now
CUST104313,13491.0,1130000.0,1864200.0,0.394,1299000.0,1461000.0,-608000.0,0.0,Ready now
CUST104314,19381.0,1868000.0,3116500.0,0.401,2182000.0,2415000.0,-1203000.0,0.0,Ready now
CUST104315,34379.0,15000.0,2721900.0,0.994,2714000.0,3127000.0,-1521000.0,0.0,Ready now
CUST104316,41294.0,2024000.0,4602600.0,0.56,3591000.0,4087000.0,-2099000.0,0.0,Ready now
CUST104317,28709.0,3000.0,727300.0,0.996,726000.0,1071000.0,348000.0,12.0,Ready in 12 months
CUST104318,7856.0,0.0,42100.0,1.0,42000.0,136000.0,566000.0,72.0,Not on track
CUST104319,26277.0,2000.0,3833600.0,0.999,3833000.0,4148000.0,-2424000.0,0.0,Ready now
CUST104320,16067.0,53000.0,152200.0,0.652,126000.0,319000.0,986000.0,61.0,Not on track
CUST104321,22146.0,13000.0,2855900.0,0.995,2849000.0,3115000.0,-2325000.0,0.0,Ready now
CUST104322,1791.0,1802000.0,2032500.0,0.113,1132000.0,1153000.0,-525000.0,0.0,Ready now
CUST104323,19048.0,16000.0,2434700.0,0.993,2427000.0,2656000.0,-1499000.0,0.0,Ready now
CUST104324,-461.0,166000.0,205600.0,0.193,123000.0,123000.0,1024000.0,999.0,Not on track
CUST104325,42625.0,3552000.0,4106700.0,0.135,2331000.0,2842000.0,-845000.0,0.0,Ready now
CUST104326,20856.0,2079000.0,3438000.0,0.395,2398000.0,2648000.0,-1751000.0,0.0,Ready now
CUST104327,16131.0,35000.0,862200.0,0.959,845000.0,1039000.0,-35000.0,0.0,Ready now
CUST104328,17970.0,1329000.0,1743400.0,0.238,1079000.0,1295000.0,213000.0,12.0,Ready in 12 months
CUST104329,29334.0,25000.0,155900.0,0.84,143000.0,495000.0,1793000.0,61.0,Not on track
CUST104330,32425.0,8000.0,1776800.0,0.995,1773000.0,2162000.0,-720000.0,0.0,Ready now
CUST104331,26827.0,2765000.0,3822800.0,0.277,2440000.0,2762000.0,-1176000.0,0.0,Ready now
CUST104332,19829.0,378000.0,880000.0,0.57,691000.0,929000.0,1211000.0,61.0,Not on track
CUST104333,17751.0,0.0,3584600.0,1.0,3585000.0,3798000.0,-2677000.0,0.0,Ready now
CUST104334,31409.0,1028000.0,3000400.0,0.657,2486000.0,2863000.0,-1453000.0,0.0,Ready now
CUST104335,22756.0,40000.0,105600.0,0.621,86000.0,359000.0,1178000.0,52.0,Not on track
CUST104336,15768.0,1993000.0,2106900.0,0.054,1110000.0,1299000.0,-310000.0,0.0,Ready now
CUST104337,24860.0,0.0,731900.0,1.0,732000.0,1030000.0,1586000.0,64.0,Not on track
CUST104338,18473.0,1163000.0,2765400.0,0.579,2184000.0,2406000.0,-1490000.0,0.0,Ready now
CUST104339,15094.0,1482000.0,4288500.0,0.654,3548000.0,3729000.0,-2526000.0,0.0,Ready now
CUST104340,37581.0,3842000.0,9248500.0,0.585,7328000.0,7779000.0,-5071000.0,0.0,Ready now
CUST104341,7868.0,501000.0,1070800.0,0.532,820000.0,914000.0,-430000.0,0.0,Ready now
CUST104342,13886.0,2149000.0,3572600.0,0.398,2498000.0,2665000.0,-1608000.0,0.0,Ready now
CUST104343,9022.0,0.0,105400.0,1.0,105000.0,213000.0,607000.0,67.0,Not on track
CUST104344,24291.0,1783000.0,2019800.0,0.117,1128000.0,1419000.0,-136000.0,0.0,Ready now
CUST104345,5147.0,150000.0,1317000.0,0.886,1242000.0,1304000.0,-699000.0,0.0,Ready now
CUST104346,8208.0,1656000.0,3937300.0,0.579,3109000.0,3207000.0,-2627000.0,0.0,Ready now
CUST104347,21351.0,1694000.0,2018100.0,0.161,1171000.0,1427000.0,-168000.0,0.0,Ready now
CUST104348,31462.0,1932000.0,4108900.0,0.53,3143000.0,3521000.0,-2137000.0,0.0,Ready now
CUST104349,4003.0,0.0,30000.0,1.0,30000.0,78000.0,966000.0,241.0,Not on track
CUST104350,-451.0,6000.0,64600.0,0.907,62000.0,62000.0,132000.0,999.0,Not on track
CUST104351,12305.0,2285000.0,2765400.0,0.174,1623000.0,1771000.0,-693000.0,0.0,Ready now
CUST104352,8882.0,2405000.0,2423900.0,0.008,1221000.0,1328000.0,-313000.0,0.0,Ready now
CUST104353,8744.0,4000.0,281500.0,0.986,280000.0,385000.0,430000.0,49.0,Not on track
CUST104354,4990.0,35000.0,471000.0,0.926,454000.0,514000.0,149000.0,30.0,Not on track
CUST104355,11365.0,274000.0,434000.0,0.369,297000.0,433000.0,232000.0,20.0,Ready in 24 months
CUST104356,7360.0,402000.0,1603600.0,0.749,1403000.0,1491000.0,-945000.0,0.0,Ready now
CUST104357,12309.0,148000.0,708000.0,0.791,634000.0,782000.0,470000.0,38.0,Not on track
CUST104358,9875.0,1070000.0,1182900.0,0.095,648000.0,766000.0,-308000.0,0.0,Ready now
CUST104359,29670.0,0.0,295000.0,1.0,295000.0,651000.0,801000.0,27.0,Not on track
CUST104360,10925.0,58000.0,1811200.0,0.968,1782000.0,1913000.0,-1162000.0,0.0,Ready now
CUST104361,9025.0,2571000.0,4083500.0,0.37,2798000.0,2906000.0,-1678000.0,0.0,Ready now
CUST104362,19541.0,0.0,2432500.0,1.0,2432000.0,2666000.0,-1587000.0,0.0,Ready now
CUST104363,30728.0,17000.0,342300.0,0.95,334000.0,703000.0,568000.0,18.0,Ready in 24 months
CUST104364,14095.0,0.0,898000.0,1.0,898000.0,1067000.0,-22000.0,0.0,Ready now
CUST104365,24506.0,596000.0,1340800.0,0.555,1043000.0,1337000.0,-233000.0,0.0,Ready now
CUST104366,26908.0,2108000.0,2828500.0,0.255,1774000.0,2097000.0,-892000.0,0.0,Ready now
CUST104367,21114.0,3722000.0,5913300.0,0.371,4052000.0,4305000.0,-2550000.0,0.0,Ready now
CUST104368,9556.0,1359000.0,2353900.0,0.423,1674000.0,1789000.0,-1305000.0,0.0,Ready now
CUST104369,8112.0,9000.0,1690100.0,0.995,1686000.0,1783000.0,-969000.0,0.0,Ready now
CUST104370,15141.0,3195000.0,7363400.0,0.566,5766000.0,5948000.0,-4817000.0,0.0,Ready now
CUST104371,41696.0,4081000.0,5985100.0,0.318,3945000.0,4445000.0,-2731000.0,0.0,Ready now
CUST104372,27845.0,5134000.0,5512600.0,0.069,2946000.0,3280000.0,-1188000.0,0.0,Ready now
CUST104373,25790.0,16000.0,76200.0,0.79,68000.0,377000.0,694000.0,27.0,Not on track
CUST104374,10847.0,582000.0,1356900.0,0.571,1066000.0,1196000.0,-553000.0,0.0,Ready now
CUST104375,12593.0,0.0,1545600.0,1.0,1546000.0,1697000.0,-976000.0,0.0,Ready now
CUST104376,23929.0,0.0,2204800.0,1.0,2205000.0,2492000.0,-1351000.0,0.0,Ready now
CUST104377,12497.0,1854000.0,2922200.0,0.366,1995000.0,2145000.0,-544000.0,0.0,Ready now
CUST104378,24317.0,0.0,481400.0,1.0,481000.0,773000.0,391000.0,16.0,Ready in 24 months
CUST104379,22749.0,2589000.0,2829800.0,0.085,1535000.0,1808000.0,-696000.0,0.0,Ready now
CUST104380,9091.0,2211000.0,2231700.0,0.009,1126000.0,1235000.0,82000.0,9.0,Ready in 12 months
CUST104381,20508.0,1675000.0,1743300.0,0.039,906000.0,1152000.0,-86000.0,0.0,Ready now
CUST104382,12055.0,263000.0,419700.0,0.373,288000.0,433000.0,234000.0,19.0,Ready in 24 months
CUST104383,2021.0,12000.0,169000.0,0.929,163000.0,187000.0,347000.0,172.0,Not on track
CUST104384,15713.0,1567000.0,2024500.0,0.226,1241000.0,1430000.0,351000.0,22.0,Ready in 24 months
CUST104385,40445.0,23000.0,621900.0,0.963,610000.0,1095000.0,534000.0,13.0,Ready in 24 months
CUST104386,8077.0,3000.0,898300.0,0.997,897000.0,994000.0,-404000.0,0.0,Ready now
CUST104387,4956.0,262000.0,1872100.0,0.86,1741000.0,1800000.0,-996000.0,0.0,Ready now
CUST104388,34237.0,998000.0,1209800.0,0.175,711000.0,1122000.0,379000.0,11.0,Ready in 12 months
CUST104389,16232.0,126000.0,229900.0,0.452,167000.0,362000.0,306000.0,19.0,Ready in 24 months
CUST104390,23892.0,2429000.0,6833000.0,0.645,5618000.0,5905000.0,-4679000.0,0.0,Ready now
CUST104391,20090.0,0.0,1184900.0,1.0,1185000.0,1426000.0,-474000.0,0.0,Ready now
CUST104392,19045.0,565000.0,1581700.0,0.643,1299000.0,1528000.0,-759000.0,0.0,Ready now
CUST104393,34053.0,2153000.0,2724500.0,0.21,1648000.0,2057000.0,763000.0,22.0,Ready in 24 months
CUST104394,13654.0,27000.0,557700.0,0.952,544000.0,708000.0,-28000.0,0.0,Ready now
CUST104395,30543.0,1165000.0,5601500.0,0.792,5019000.0,5386000.0,-3731000.0,0.0,Ready now
CUST104396,17126.0,6000.0,1118400.0,0.995,1115000.0,1321000.0,-549000.0,0.0,Ready now
CUST104397,17548.0,0.0,4298400.0,1.0,4298000.0,4509000.0,-2884000.0,0.0,Ready now
CUST104398,14830.0,25000.0,5503800.0,0.995,5491000.0,5669000.0,-2866000.0,0.0,Ready now
CUST104399,5759.0,932000.0,1233700.0,0.245,768000.0,837000.0,-300000.0,0.0,Ready now
CUST104400,3189.0,991000.0,1701800.0,0.418,1206000.0,1244000.0,-560000.0,0.0,Ready now
CUST104401,-3725.0,4788000.0,5411600.0,0.115,3018000.0,3018000.0,-2102000.0,0.0,Ready now
CUST104402,19352.0,5000.0,1559300.0,0.997,1557000.0,1789000.0,-842000.0,0.0,Ready now
CUST104403,9206.0,0.0,274800.0,1.0,275000.0,385000.0,603000.0,66.0,Not on track
CUST104404,-511.0,0.0,1122200.0,1.0,1122000.0,1122000.0,-811000.0,0.0,Ready now
CUST104405,7022.0,791000.0,1225000.0,0.354,830000.0,914000.0,-304000.0,0.0,Ready now
CUST104406,18074.0,2998000.0,3170200.0,0.054,1671000.0,1888000.0,-736000.0,0.0,Ready now
CUST104407,10512.0,1470000.0,1629400.0,0.098,894000.0,1020000.0,-156000.0,0.0,Ready now
CUST104408,14332.0,0.0,1751700.0,1.0,1752000.0,1924000.0,-1121000.0,0.0,Ready now
CUST104409,9161.0,617000.0,917100.0,0.327,609000.0,719000.0,-230000.0,0.0,Ready now
CUST104410,44002.0,2599000.0,4073600.0,0.362,2774000.0,3302000.0,-1399000.0,0.0,Ready now
CUST104411,5086.0,573000.0,610100.0,0.061,324000.0,385000.0,183000.0,36.0,Not on track
CUST104412,57129.0,13000.0,568800.0,0.977,562000.0,1248000.0,1580000.0,28.0,Not on track
CUST104413,10444.0,1350000.0,1456600.0,0.073,782000.0,907000.0,-181000.0,0.0,Ready now
CUST104414,20346.0,2798000.0,3040000.0,0.08,1641000.0,1885000.0,-162000.0,0.0,Ready now
CUST104415,13190.0,558000.0,938500.0,0.405,660000.0,818000.0,748000.0,57.0,Not on track
CUST104416,-950.0,104000.0,1288500.0,0.919,1236000.0,1236000.0,-896000.0,0.0,Ready now
CUST104417,12721.0,1907000.0,4398100.0,0.566,3445000.0,3598000.0,-2827000.0,0.0,Ready now
CUST104418,11198.0,627000.0,1612400.0,0.611,1299000.0,1433000.0,-901000.0,0.0,Ready now
CUST104419,10453.0,549000.0,1473800.0,0.627,1199000.0,1324000.0,-637000.0,0.0,Ready now
CUST104420,3755.0,706000.0,1989100.0,0.645,1636000.0,1681000.0,-1117000.0,0.0,Ready now
CUST104421,17903.0,349000.0,441400.0,0.209,267000.0,482000.0,297000.0,17.0,Ready in 24 months
CUST104422,15521.0,6000.0,194100.0,0.969,191000.0,377000.0,511000.0,33.0,Not on track
CUST104423,23138.0,20000.0,156500.0,0.872,146000.0,424000.0,705000.0,30.0,Not on track
CUST104424,479.0,3804000.0,4161500.0,0.086,2260000.0,2266000.0,-885000.0,0.0,Ready now
CUST104425,28826.0,0.0,375800.0,1.0,376000.0,722000.0,693000.0,24.0,Ready in 24 months
CUST104426,17924.0,0.0,245100.0,1.0,245000.0,460000.0,282000.0,16.0,Ready in 24 months
CUST104427,16109.0,0.0,113600.0,1.0,114000.0,307000.0,1010000.0,63.0,Not on track
CUST104428,15962.0,0.0,448800.0,1.0,449000.0,641000.0,708000.0,44.0,Not on track
CUST104429,14701.0,1323000.0,1788400.0,0.26,1127000.0,1303000.0,-430000.0,0.0,Ready now
CUST104430,20084.0,1341000.0,1588100.0,0.156,918000.0,1159000.0,-314000.0,0.0,Ready now
CUST104431,20922.0,2817000.0,2900700.0,0.029,1492000.0,1743000.0,-14000.0,0.0,Ready now
CUST104432,37481.0,3414000.0,3818500.0,0.106,2112000.0,2562000.0,-648000.0,0.0,Ready now
CUST104433,5672.0,1191000.0,1282700.0,0.071,687000.0,755000.0,-317000.0,0.0,Ready now
CUST104434,3677.0,1112000.0,1124200.0,0.011,568000.0,612000.0,-224000.0,0.0,Ready now
CUST104435,10991.0,0.0,488400.0,1.0,488000.0,620000.0,676000.0,62.0,Not on track
CUST104436,5718.0,5000.0,518900.0,0.99,516000.0,585000.0,-10000.0,0.0,Ready now
CUST104437,23326.0,3115000.0,3450900.0,0.097,1893000.0,2173000.0,-705000.0,0.0,Ready now
CUST104438,52381.0,4420000.0,4993200.0,0.115,2783000.0,3412000.0,-174000.0,0.0,Ready now
CUST104439,33084.0,0.0,363200.0,1.0,363000.0,760000.0,831000.0,25.0,Not on track
CUST104440,11925.0,19000.0,1059700.0,0.982,1050000.0,1193000.0,-426000.0,0.0,Ready now
CUST104441,21081.0,1145000.0,1465300.0,0.219,893000.0,1146000.0,190000.0,9.0,Ready in 12 months
CUST104442,45280.0,14000.0,132100.0,0.894,125000.0,668000.0,1344000.0,30.0,Not on track
CUST104443,31734.0,1920000.0,2463600.0,0.221,1504000.0,1885000.0,-462000.0,0.0,Ready now
CUST104444,26219.0,3000.0,429200.0,0.993,428000.0,743000.0,834000.0,32.0,Not on track
CUST104445,10440.0,1547000.0,2011400.0,0.231,1238000.0,1363000.0,-716000.0,0.0,Ready now
CUST104446,15569.0,656000.0,1311400.0,0.5,983000.0,1170000.0,-362000.0,0.0,Ready now
CUST104447,22808.0,35000.0,280300.0,0.875,263000.0,537000.0,1296000.0,57.0,Not on track
CUST104448,19384.0,544000.0,758200.0,0.283,486000.0,719000.0,208000.0,11.0,Ready in 12 months
CUST104449,-285.0,0.0,8000.0,1.0,8000.0,8000.0,228000.0,999.0,Not on track
CUST104450,19107.0,0.0,266500.0,1.0,266000.0,495000.0,585000.0,31.0,Not on track
CUST104451,24545.0,769000.0,1109700.0,0.307,725000.0,1020000.0,435000.0,18.0,Ready in 24 months
CUST104452,47354.0,9000.0,1426100.0,0.994,1422000.0,1990000.0,87000.0,2.0,Ready in 6 months
CUST104453,44474.0,22000.0,2489600.0,0.991,2479000.0,3013000.0,-222000.0,0.0,Ready now
CUST104454,21612.0,13000.0,278300.0,0.953,272000.0,531000.0,632000.0,29.0,Not on track
CUST104455,34309.0,4046000.0,4185400.0,0.033,2162000.0,2574000.0,-784000.0,0.0,Ready now
CUST104456,29226.0,551000.0,868500.0,0.366,593000.0,944000.0,460000.0,16.0,Ready in 24 months
CUST104457,14801.0,1615000.0,1823400.0,0.114,1016000.0,1194000.0,-175000.0,0.0,Ready now
CUST104458,19183.0,0.0,153800.0,1.0,154000.0,384000.0,750000.0,39.0,Not on track
CUST104459,6513.0,0.0,729900.0,1.0,730000.0,808000.0,102000.0,16.0,Ready in 24 months
CUST104460,12068.0,0.0,53500.0,1.0,54000.0,199000.0,563000.0,47.0,Not on track
CUST104461,59138.0,6243000.0,7034600.0,0.113,3913000.0,4623000.0,-1630000.0,0.0,Ready now
CUST104462,2730.0,100000.0,109800.0,0.089,60000.0,93000.0,236000.0,86.0,Not on track
CUST104463,36235.0,0.0,166500.0,1.0,166000.0,601000.0,972000.0,27.0,Not on track
CUST104464,33456.0,331000.0,2009300.0,0.835,1844000.0,2245000.0,-681000.0,0.0,Ready now
CUST104465,10174.0,1881000.0,4697900.0,0.6,3757000.0,3879000.0,-2805000.0,0.0,Ready now
CUST104466,13181.0,21000.0,1209900.0,0.983,1199000.0,1357000.0,-787000.0,0.0,Ready now
CUST104467,4166.0,305000.0,1011900.0,0.699,859000.0,909000.0,-430000.0,0.0,Ready now
CUST104468,35899.0,0.0,2352900.0,1.0,2353000.0,2784000.0,-1011000.0,0.0,Ready now
CUST104469,27572.0,0.0,3550500.0,1.0,3550000.0,3881000.0,-1612000.0,0.0,Ready now
CUST104470,24857.0,2521000.0,3005400.0,0.161,1745000.0,2043000.0,-969000.0,0.0,Ready now
CUST104471,21337.0,3049000.0,3259500.0,0.065,1735000.0,1991000.0,-251000.0,0.0,Ready now
CUST104472,22581.0,2338000.0,2542600.0,0.08,1374000.0,1645000.0,-586000.0,0.0,Ready now
CUST104473,20356.0,1795000.0,2091800.0,0.142,1194000.0,1438000.0,-24000.0,0.0,Ready now
CUST104474,37152.0,18000.0,439000.0,0.959,430000.0,876000.0,1400000.0,38.0,Not on track
CUST104475,9420.0,0.0,458500.0,1.0,458000.0,571000.0,256000.0,27.0,Not on track
CUST104476,10396.0,1152000.0,4062100.0,0.716,3486000.0,3611000.0,-1692000.0,0.0,Ready now
CUST104477,2532.0,1321000.0,1345300.0,0.018,685000.0,715000.0,-419000.0,0.0,Ready now
CUST104478,14040.0,0.0,64800.0,1.0,65000.0,233000.0,665000.0,47.0,Not on track
CUST104479,22360.0,0.0,985400.0,1.0,985000.0,1253000.0,317000.0,14.0,Ready in 24 months
CUST104480,19973.0,7000.0,142500.0,0.951,139000.0,379000.0,2023000.0,101.0,Not on track
CUST104481,7424.0,1792000.0,2032800.0,0.118,1137000.0,1226000.0,-241000.0,0.0,Ready now
CUST104482,10600.0,3000.0,2493800.0,0.999,2492000.0,2619000.0,-2020000.0,0.0,Ready now
CUST104483,19227.0,0.0,349600.0,1.0,350000.0,581000.0,1692000.0,88.0,Not on track
CUST104484,11447.0,2810000.0,3065400.0,0.083,1660000.0,1797000.0,-889000.0,0.0,Ready now
CUST104485,24545.0,11000.0,2244300.0,0.995,2239000.0,2534000.0,-1304000.0,0.0,Ready now
CUST104486,20374.0,2021000.0,2204300.0,0.083,1194000.0,1438000.0,-355000.0,0.0,Ready now
CUST104487,217.0,0.0,244000.0,1.0,244000.0,247000.0,416000.0,999.0,Not on track
CUST104488,12878.0,0.0,47300.0,1.0,47000.0,202000.0,701000.0,54.0,Not on track
CUST104489,48456.0,5785000.0,6899700.0,0.162,4007000.0,4588000.0,-942000.0,0.0,Ready now
CUST104490,8072.0,10000.0,2318600.0,0.996,2314000.0,2411000.0,-1274000.0,0.0,Ready now
CUST104491,58498.0,5949000.0,8671400.0,0.314,5697000.0,6399000.0,-3297000.0,0.0,Ready now
CUST104492,8265.0,1009000.0,2343600.0,0.569,1839000.0,1938000.0,-1353000.0,0.0,Ready now
CUST104493,5962.0,1166000.0,2209500.0,0.472,1626000.0,1698000.0,-1297000.0,0.0,Ready now
CUST104494,24699.0,2235000.0,2399300.0,0.068,1282000.0,1578000.0,-426000.0,0.0,Ready now
CUST104495,52860.0,193000.0,5003400.0,0.961,4907000.0,5541000.0,-2516000.0,0.0,Ready now
CUST104496,12348.0,258000.0,1109700.0,0.768,981000.0,1129000.0,-137000.0,0.0,Ready now
CUST104497,32442.0,4000.0,572600.0,0.993,571000.0,960000.0,1106000.0,34.0,Not on track
CUST104498,13259.0,1441000.0,1803200.0,0.201,1083000.0,1242000.0,-574000.0,0.0,Ready now
CUST104499,14484.0,1356000.0,1386500.0,0.022,708000.0,882000.0,-215000.0,0.0,Ready now
CUST104500,7137.0,0.0,68900.0,1.0,69000.0,155000.0,709000.0,99.0,Not on track
CUST104501,35990.0,0.0,108800.0,1.0,109000.0,541000.0,1895000.0,53.0,Not on track
CUST104502,41852.0,2322000.0,2470200.0,0.06,1309000.0,1811000.0,409000.0,10.0,Ready in 12 months
CUST104503,4998.0,758000.0,820900.0,0.077,442000.0,502000.0,-206000.0,0.0,Ready now
CUST104504,24632.0,1196000.0,1276400.0,0.063,678000.0,974000.0,706000.0,29.0,Not on track
CUST104505,6234.0,365000.0,424000.0,0.139,242000.0,317000.0,202000.0,32.0,Not on track
CUST104506,16236.0,3000.0,65800.0,0.954,64000.0,259000.0,562000.0,35.0,Not on track
CUST104507,42563.0,3220000.0,5723200.0,0.437,4113000.0,4624000.0,-2833000.0,0.0,Ready now
CUST104508,47547.0,19000.0,4190100.0,0.995,4181000.0,4752000.0,-2186000.0,0.0,Ready now
CUST104509,21391.0,1317000.0,5301400.0,0.752,4643000.0,4900000.0,-2697000.0,0.0,Ready now
CUST104510,4622.0,0.0,738000.0,1.0,738000.0,793000.0,76000.0,16.0,Ready in 24 months
CUST104511,4585.0,2689000.0,3753100.0,0.284,2409000.0,2464000.0,-1647000.0,0.0,Ready now
CUST104512,14446.0,2800000.0,3478400.0,0.195,2078000.0,2251000.0,-134000.0,0.0,Ready now
CUST104513,6969.0,1173000.0,2133200.0,0.45,1547000.0,1631000.0,-1134000.0,0.0,Ready now
CUST104514,62929.0,3816000.0,8638000.0,0.558,6730000.0,7485000.0,-4258000.0,0.0,Ready now
CUST104515,15619.0,1060000.0,1697300.0,0.375,1167000.0,1354000.0,-579000.0,0.0,Ready now
CUST104516,9018.0,4000.0,2329300.0,0.998,2327000.0,2435000.0,-1199000.0,0.0,Ready now
CUST104517,10983.0,85000.0,649900.0,0.869,607000.0,739000.0,-158000.0,0.0,Ready now
CUST104518,13106.0,540000.0,1188200.0,0.546,918000.0,1075000.0,-362000.0,0.0,Ready now
CUST104519,10008.0,1297000.0,1708600.0,0.241,1060000.0,1180000.0,-222000.0,0.0,Ready now
CUST104520,16458.0,1956000.0,1996300.0,0.02,1018000.0,1215000.0,-401000.0,0.0,Ready now
CUST104521,16406.0,477000.0,2058300.0,0.768,1820000.0,2017000.0,-1062000.0,0.0,Ready now
CUST104522,7543.0,1084000.0,4263000.0,0.746,3721000.0,3812000.0,-2802000.0,0.0,Ready now
CUST104523,33978.0,4780000.0,12266500.0,0.61,9876000.0,10284000.0,-8143000.0,0.0,Ready now
CUST104524,32282.0,7662000.0,7847800.0,0.024,4017000.0,4404000.0,-1540000.0,0.0,Ready now
CUST104525,22601.0,4888000.0,5133800.0,0.048,2690000.0,2961000.0,-1436000.0,0.0,Ready now
CUST104526,27464.0,2000.0,33500.0,0.94,32000.0,362000.0,938000.0,34.0,Not on track
CUST104527,11484.0,1199000.0,1237600.0,0.031,638000.0,776000.0,-286000.0,0.0,Ready now
CUST104528,20456.0,1828000.0,4519100.0,0.595,3605000.0,3850000.0,-3018000.0,0.0,Ready now
CUST104529,42557.0,2000.0,706700.0,0.997,706000.0,1217000.0,680000.0,16.0,Ready in 24 months
CUST104530,19279.0,1611000.0,4226400.0,0.619,3421000.0,3652000.0,-2137000.0,0.0,Ready now
CUST104531,7162.0,0.0,164600.0,1.0,165000.0,251000.0,344000.0,48.0,Not on track
CUST104532,12509.0,1000.0,3209900.0,1.0,3209000.0,3359000.0,-1693000.0,0.0,Ready now
CUST104533,11423.0,15000.0,491100.0,0.969,484000.0,621000.0,746000.0,65.0,Not on track
CUST104534,3671.0,0.0,557900.0,1.0,558000.0,602000.0,-185000.0,0.0,Ready now
CUST104535,17183.0,4098000.0,4587000.0,0.107,2538000.0,2744000.0,-1717000.0,0.0,Ready now
CUST104536,13290.0,10000.0,1010800.0,0.99,1006000.0,1165000.0,-556000.0,0.0,Ready now
CUST104537,19976.0,427000.0,545200.0,0.217,332000.0,572000.0,608000.0,30.0,Not on track
CUST104538,8371.0,1861000.0,1891100.0,0.016,961000.0,1061000.0,-509000.0,0.0,Ready now
CUST104539,20672.0,0.0,13600.0,1.0,14000.0,262000.0,701000.0,34.0,Not on track
CUST104540,14789.0,1332000.0,1531300.0,0.13,865000.0,1042000.0,-267000.0,0.0,Ready now
CUST104541,29945.0,2463000.0,3731800.0,0.34,2500000.0,2859000.0,-1521000.0,0.0,Ready now
CUST104542,17672.0,793000.0,2251200.0,0.648,1855000.0,2067000.0,-484000.0,0.0,Ready now
CUST104543,22274.0,0.0,4519300.0,1.0,4519000.0,4786000.0,-2983000.0,0.0,Ready now
CUST104544,6168.0,565000.0,663900.0,0.149,381000.0,455000.0,334000.0,54.0,Not on track
CUST104545,2933.0,2845000.0,3176700.0,0.104,1754000.0,1789000.0,-818000.0,0.0,Ready now
CUST104546,10294.0,1662000.0,2315700.0,0.282,1485000.0,1609000.0,-912000.0,0.0,Ready now
CUST104547,21242.0,1479000.0,1692600.0,0.126,953000.0,1208000.0,-15000.0,0.0,Ready now
CUST104548,26357.0,39000.0,319200.0,0.878,300000.0,616000.0,411000.0,16.0,Ready in 24 months
CUST104549,14134.0,595000.0,722500.0,0.176,425000.0,595000.0,112000.0,8.0,Ready in 12 months
CUST104550,28376.0,3259000.0,3669800.0,0.112,2040000.0,2381000.0,-1299000.0,0.0,Ready now
CUST104551,23372.0,145000.0,1107600.0,0.869,1035000.0,1315000.0,-223000.0,0.0,Ready now
CUST104552,28170.0,1922000.0,6144600.0,0.687,5184000.0,5522000.0,-4114000.0,0.0,Ready now
CUST104553,49558.0,0.0,118300.0,1.0,118000.0,713000.0,1710000.0,35.0,Not on track
CUST104554,18448.0,1363000.0,1397400.0,0.025,716000.0,937000.0,-109000.0,0.0,Ready now
CUST104555,-190.0,1230000.0,1439200.0,0.145,824000.0,824000.0,245000.0,999.0,Not on track
CUST104556,42193.0,20000.0,72000.0,0.722,62000.0,568000.0,1977000.0,47.0,Not on track
CUST104557,19935.0,312000.0,940600.0,0.668,785000.0,1024000.0,845000.0,42.0,Not on track
CUST104558,5161.0,0.0,1892900.0,1.0,1893000.0,1955000.0,-1273000.0,0.0,Ready now
CUST104559,9769.0,1091000.0,2604300.0,0.581,2059000.0,2176000.0,-1509000.0,0.0,Ready now
CUST104560,12009.0,933000.0,1131600.0,0.176,665000.0,809000.0,-206000.0,0.0,Ready now
CUST104561,12338.0,2000.0,30900.0,0.935,30000.0,178000.0,419000.0,34.0,Not on track
CUST104562,17258.0,11000.0,448100.0,0.975,443000.0,650000.0,953000.0,55.0,Not on track
CUST104563,12403.0,4321000.0,8304000.0,0.48,6144000.0,6293000.0,-4991000.0,0.0,Ready now
CUST104564,12135.0,993000.0,3419700.0,0.71,2923000.0,3069000.0,-2037000.0,0.0,Ready now
CUST104565,7500.0,12000.0,50400.0,0.762,44000.0,134000.0,366000.0,49.0,Not on track
CUST104566,8037.0,6000.0,1413800.0,0.996,1411000.0,1507000.0,-699000.0,0.0,Ready now
CUST104567,20732.0,1985000.0,2296900.0,0.136,1304000.0,1553000.0,672000.0,32.0,Not on track
CUST104568,32451.0,2065000.0,5331500.0,0.613,4299000.0,4688000.0,-3245000.0,0.0,Ready now
CUST104569,11936.0,3314000.0,5108700.0,0.351,3452000.0,3595000.0,-1986000.0,0.0,Ready now
CUST104570,51836.0,257000.0,1976500.0,0.87,1848000.0,2470000.0,2044000.0,39.0,Not on track
CUST104571,15203.0,11000.0,2308600.0,0.995,2303000.0,2485000.0,-1491000.0,0.0,Ready now
CUST104572,6960.0,0.0,971200.0,1.0,971000.0,1055000.0,-686000.0,0.0,Ready now
CUST104573,7268.0,917000.0,982300.0,0.066,524000.0,611000.0,-92000.0,0.0,Ready now
CUST104574,16202.0,0.0,264900.0,1.0,265000.0,459000.0,784000.0,48.0,Not on track
CUST104575,16986.0,0.0,611000.0,1.0,611000.0,815000.0,30000.0,2.0,Ready in 6 months
CUST104576,13676.0,2000.0,51300.0,0.961,50000.0,214000.0,859000.0,63.0,Not on track
CUST104577,18266.0,2818000.0,3107700.0,0.093,1699000.0,1918000.0,-781000.0,0.0,Ready now
CUST104578,7827.0,1319000.0,1523600.0,0.134,864000.0,958000.0,-294000.0,0.0,Ready now
CUST104579,25266.0,2469000.0,3473300.0,0.289,2239000.0,2542000.0,-1271000.0,0.0,Ready now
CUST104580,26083.0,7000.0,3867200.0,0.998,3864000.0,4177000.0,-2443000.0,0.0,Ready now
CUST104581,30493.0,31000.0,172800.0,0.821,157000.0,523000.0,2200000.0,72.0,Not on track
CUST104582,19269.0,0.0,665500.0,1.0,666000.0,897000.0,1373000.0,71.0,Not on track
CUST104583,9301.0,1357000.0,2792100.0,0.514,2114000.0,2226000.0,-1648000.0,0.0,Ready now
CUST104584,11500.0,1603000.0,3154200.0,0.492,2353000.0,2491000.0,-1799000.0,0.0,Ready now
CUST104585,5338.0,1236000.0,1253400.0,0.014,635000.0,699000.0,213000.0,40.0,Not on track
CUST104586,10716.0,101000.0,404400.0,0.75,354000.0,483000.0,978000.0,91.0,Not on track
CUST104587,15667.0,85000.0,2706100.0,0.969,2664000.0,2852000.0,-1714000.0,0.0,Ready now
CUST104588,27343.0,1758000.0,3554100.0,0.505,2675000.0,3003000.0,-1790000.0,0.0,Ready now
CUST104589,16379.0,4126000.0,4871100.0,0.153,2808000.0,3005000.0,-1161000.0,0.0,Ready now
CUST104590,18697.0,83000.0,1680400.0,0.951,1639000.0,1863000.0,-937000.0,0.0,Ready now
CUST104591,25765.0,3121000.0,3192100.0,0.022,1632000.0,1941000.0,-578000.0,0.0,Ready now
CUST104592,23753.0,1230000.0,2348100.0,0.476,1733000.0,2018000.0,-515000.0,0.0,Ready now
CUST104593,32583.0,1000.0,30300.0,0.967,30000.0,421000.0,1360000.0,42.0,Not on track
CUST104594,16988.0,3000.0,1749200.0,0.998,1748000.0,1952000.0,-354000.0,0.0,Ready now
CUST104595,44264.0,0.0,5008900.0,1.0,5009000.0,5540000.0,-3307000.0,0.0,Ready now
CUST104596,13218.0,644000.0,1131800.0,0.431,810000.0,969000.0,-288000.0,0.0,Ready now
CUST104597,15140.0,2441000.0,3566400.0,0.316,2346000.0,2528000.0,-1180000.0,0.0,Ready now
CUST104598,1540.0,0.0,368900.0,1.0,369000.0,387000.0,191000.0,124.0,Not on track
CUST104599,15875.0,2000.0,88200.0,0.977,87000.0,278000.0,466000.0,29.0,Not on track
CUST104600,31221.0,3146000.0,3272600.0,0.039,1700000.0,2075000.0,-611000.0,0.0,Ready now
CUST104601,23806.0,182000.0,1529900.0,0.881,1439000.0,1725000.0,-259000.0,0.0,Ready now
CUST104602,2216.0,0.0,122800.0,1.0,123000.0,150000.0,326000.0,147.0,Not on track
CUST104603,29280.0,4006000.0,9997100.0,0.599,7994000.0,8345000.0,-5690000.0,0.0,Ready now
CUST104604,7468.0,6000.0,161900.0,0.963,159000.0,249000.0,189000.0,25.0,Not on track
CUST104605,16377.0,0.0,403700.0,1.0,404000.0,601000.0,927000.0,57.0,Not on track
CUST104606,-757.0,1340000.0,2098900.0,0.362,1429000.0,1429000.0,-919000.0,0.0,Ready now
CUST104607,14354.0,1871000.0,3090400.0,0.395,2155000.0,2327000.0,-1547000.0,0.0,Ready now
CUST104608,29876.0,0.0,2354400.0,1.0,2354000.0,2713000.0,-1332000.0,0.0,Ready now
CUST104609,8549.0,27000.0,2023700.0,0.987,2010000.0,2113000.0,-1466000.0,0.0,Ready now
CUST104610,4144.0,135000.0,1613500.0,0.916,1546000.0,1596000.0,-1190000.0,0.0,Ready now
CUST104611,42032.0,235000.0,429900.0,0.453,312000.0,816000.0,1033000.0,25.0,Not on track
CUST104612,42629.0,5000.0,2155900.0,0.998,2153000.0,2665000.0,-952000.0,0.0,Ready now
CUST104613,27129.0,0.0,3361600.0,1.0,3362000.0,3688000.0,-2447000.0,0.0,Ready now
CUST104614,-1610.0,2792000.0,6421200.0,0.565,5025000.0,5025000.0,-4433000.0,0.0,Ready now
CUST104615,16105.0,1958000.0,2004600.0,0.023,1026000.0,1219000.0,-446000.0,0.0,Ready now
CUST104616,8820.0,320000.0,420600.0,0.239,261000.0,367000.0,161000.0,18.0,Ready in 24 months
CUST104617,7236.0,22000.0,1201200.0,0.982,1190000.0,1277000.0,-922000.0,0.0,Ready now
CUST104618,25300.0,1962000.0,2095000.0,0.063,1114000.0,1418000.0,86000.0,3.0,Ready in 6 months
CUST104619,41591.0,2327000.0,3938200.0,0.409,2775000.0,3274000.0,-1343000.0,0.0,Ready now
CUST104620,16532.0,23000.0,344900.0,0.933,333000.0,531000.0,1004000.0,61.0,Not on track
CUST104621,20354.0,0.0,4513200.0,1.0,4513000.0,4757000.0,-3697000.0,0.0,Ready now
CUST104622,33518.0,0.0,50700.0,1.0,51000.0,453000.0,1181000.0,35.0,Not on track
CUST104623,14951.0,18000.0,384200.0,0.953,375000.0,554000.0,835000.0,56.0,Not on track
CUST104624,13945.0,401000.0,1813900.0,0.779,1613000.0,1780000.0,-943000.0,0.0,Ready now
CUST104625,23016.0,2996000.0,3111100.0,0.037,1613000.0,1889000.0,-506000.0,0.0,Ready now
CUST104626,22376.0,1434000.0,2270300.0,0.368,1553000.0,1822000.0,-698000.0,0.0,Ready now
CUST104627,12758.0,0.0,1986600.0,1.0,1987000.0,2140000.0,-1126000.0,0.0,Ready now
CUST104628,50326.0,23000.0,6522800.0,0.996,6511000.0,7115000.0,-4907000.0,0.0,Ready now
CUST104629,73351.0,1052000.0,5514000.0,0.809,4988000.0,5868000.0,-2809000.0,0.0,Ready now
CUST104630,3868.0,1122000.0,2155700.0,0.48,1595000.0,1641000.0,-1270000.0,0.0,Ready now
CUST104631,23790.0,2100000.0,2370300.0,0.114,1320000.0,1605000.0,-605000.0,0.0,Ready now
CUST104632,24142.0,0.0,175900.0,1.0,176000.0,466000.0,675000.0,28.0,Not on track
CUST104633,20153.0,1173000.0,1593800.0,0.264,1007000.0,1249000.0,764000.0,38.0,Not on track
CUST104634,12133.0,450000.0,522900.0,0.139,298000.0,444000.0,182000.0,15.0,Ready in 24 months
CUST104635,6416.0,12000.0,761200.0,0.984,755000.0,832000.0,-399000.0,0.0,Ready now
CUST104636,8721.0,14000.0,140300.0,0.9,133000.0,238000.0,875000.0,100.0,Not on track
CUST104637,22897.0,1965000.0,2709700.0,0.275,1727000.0,2002000.0,-735000.0,0.0,Ready now
CUST104638,2650.0,1119000.0,1568900.0,0.287,1009000.0,1041000.0,-603000.0,0.0,Ready now
CUST104639,24554.0,4000.0,176500.0,0.977,174000.0,469000.0,681000.0,28.0,Not on track
CUST104640,23383.0,3003000.0,3244400.0,0.074,1743000.0,2024000.0,-86000.0,0.0,Ready now
CUST104641,4769.0,439000.0,3284200.0,0.866,3065000.0,3122000.0,-2546000.0,0.0,Ready now
CUST104642,4315.0,1310000.0,2769700.0,0.527,2115000.0,2167000.0,-1289000.0,0.0,Ready now
CUST104643,13817.0,2968000.0,3206900.0,0.074,1723000.0,1889000.0,-701000.0,0.0,Ready now
CUST104644,13475.0,11000.0,1298800.0,0.992,1293000.0,1455000.0,-807000.0,0.0,Ready now
CUST104645,7500.0,1919000.0,1935800.0,0.009,976000.0,1066000.0,-228000.0,0.0,Ready now
CUST104646,7392.0,959000.0,2218200.0,0.568,1739000.0,1828000.0,-1356000.0,0.0,Ready now
CUST104647,15184.0,0.0,2359900.0,1.0,2360000.0,2542000.0,-1446000.0,0.0,Ready now
CUST104648,-490.0,1000.0,779300.0,0.999,779000.0,779000.0,-391000.0,0.0,Ready now
CUST104649,28589.0,0.0,1542300.0,1.0,1542000.0,1885000.0,-442000.0,0.0,Ready now
CUST104650,5887.0,2006000.0,7109200.0,0.718,6106000.0,6177000.0,-4972000.0,0.0,Ready now
CUST104651,33302.0,0.0,976800.0,1.0,977000.0,1377000.0,1008000.0,30.0,Not on track
CUST104652,77061.0,0.0,367500.0,1.0,368000.0,1293000.0,2472000.0,32.0,Not on track
CUST104653,12025.0,538000.0,988300.0,0.456,719000.0,863000.0,267000.0,22.0,Ready in 24 months
CUST104654,6394.0,2383000.0,2538600.0,0.061,1347000.0,1424000.0,-945000.0,0.0,Ready now
CUST104655,7091.0,1992000.0,5937500.0,0.665,4942000.0,5027000.0,-4294000.0,0.0,Ready now
CUST104656,7446.0,1423000.0,1508800.0,0.057,797000.0,886000.0,-343000.0,0.0,Ready now
CUST104657,22499.0,2733000.0,4596500.0,0.405,3230000.0,3500000.0,-2364000.0,0.0,Ready now
CUST104658,15160.0,28000.0,80100.0,0.65,66000.0,248000.0,708000.0,47.0,Not on track
CUST104659,34491.0,48000.0,911800.0,0.947,888000.0,1302000.0,396000.0,11.0,Ready in 12 months
CUST104660,11952.0,1806000.0,4061900.0,0.555,3159000.0,3302000.0,-2538000.0,0.0,Ready now
CUST104661,23801.0,26000.0,119000.0,0.782,106000.0,392000.0,679000.0,29.0,Not on track
CUST104662,10526.0,2426000.0,5692400.0,0.574,4479000.0,4605000.0,-3456000.0,0.0,Ready now
CUST104663,15393.0,2077000.0,3241300.0,0.359,2203000.0,2388000.0,-1476000.0,0.0,Ready now
CUST104664,9052.0,0.0,30000.0,1.0,30000.0,139000.0,304000.0,34.0,Not on track
CUST104665,6002.0,2812000.0,2904000.0,0.032,1498000.0,1570000.0,-1113000.0,0.0,Ready now
CUST104666,-3164.0,1175000.0,3033100.0,0.613,2446000.0,2446000.0,-2010000.0,0.0,Ready now
CUST104667,21683.0,10000.0,188900.0,0.947,184000.0,444000.0,1606000.0,74.0,Not on track
CUST104668,22461.0,11000.0,1327000.0,0.992,1322000.0,1592000.0,29000.0,1.0,Ready in 6 months
CUST104669,6117.0,323000.0,445600.0,0.275,284000.0,357000.0,30000.0,5.0,Ready in 6 months
CUST104670,38439.0,0.0,4554500.0,1.0,4554000.0,5015000.0,-3074000.0,0.0,Ready now
CUST104671,24389.0,2579000.0,4022600.0,0.359,2733000.0,3026000.0,-1529000.0,0.0,Ready now
CUST104672,4079.0,1172000.0,1190400.0,0.015,604000.0,653000.0,-204000.0,0.0,Ready now
CUST104673,29621.0,3885000.0,7502900.0,0.482,5560000.0,5915000.0,-4604000.0,0.0,Ready now
CUST104674,-826.0,589000.0,1470900.0,0.6,1176000.0,1176000.0,-887000.0,0.0,Ready now
CUST104675,47719.0,4455000.0,4672400.0,0.047,2445000.0,3018000.0,-688000.0,0.0,Ready now
CUST104676,15010.0,40000.0,126200.0,0.683,106000.0,286000.0,612000.0,41.0,Not on track
CUST104677,10552.0,318000.0,469400.0,0.323,310000.0,437000.0,154000.0,15.0,Ready in 24 months
CUST104678,75524.0,8181000.0,10109000.0,0.191,6018000.0,6924000.0,-3779000.0,0.0,Ready now
CUST104679,8066.0,0.0,430100.0,1.0,430000.0,527000.0,-101000.0,0.0,Ready now
CUST104680,10780.0,1224000.0,1447900.0,0.155,836000.0,965000.0,-174000.0,0.0,Ready now
CUST104681,11048.0,6000.0,93300.0,0.936,90000.0,223000.0,641000.0,58.0,Not on track
CUST104682,16144.0,1000.0,2910800.0,1.0,2910000.0,3104000.0,-2120000.0,0.0,Ready now
CUST104683,16210.0,2819000.0,3132300.0,0.1,1723000.0,1918000.0,-317000.0,0.0,Ready now
CUST104684,15231.0,2705000.0,2883100.0,0.062,1531000.0,1714000.0,-616000.0,0.0,Ready now
CUST104685,27630.0,2828000.0,3256600.0,0.132,1843000.0,2175000.0,-206000.0,0.0,Ready now
CUST104686,18859.0,0.0,2475400.0,1.0,2475000.0,2701000.0,-1506000.0,0.0,Ready now
CUST104687,8673.0,1388000.0,1745900.0,0.205,1052000.0,1156000.0,-666000.0,0.0,Ready now
CUST104688,32445.0,0.0,368700.0,1.0,369000.0,758000.0,936000.0,29.0,Not on track
CUST104689,18689.0,18000.0,53900.0,0.666,45000.0,269000.0,1069000.0,57.0,Not on track
CUST104690,17480.0,568000.0,610400.0,0.069,326000.0,536000.0,399000.0,23.0,Ready in 24 months
CUST104691,22678.0,5935000.0,6667600.0,0.11,3700000.0,3972000.0,-2087000.0,0.0,Ready now
CUST104692,36144.0,3099000.0,5108400.0,0.393,3559000.0,3993000.0,-2463000.0,0.0,Ready now
CUST104693,24202.0,3907000.0,4149400.0,0.058,2196000.0,2486000.0,-1264000.0,0.0,Ready now
CUST104694,26179.0,532000.0,1071100.0,0.503,805000.0,1119000.0,463000.0,18.0,Ready in 24 months
CUST104695,22739.0,357000.0,2180100.0,0.836,2002000.0,2275000.0,-1284000.0,0.0,Ready now
CUST104696,12941.0,3234000.0,3983800.0,0.188,2367000.0,2522000.0,-1488000.0,0.0,Ready now
CUST104697,21281.0,1837000.0,5708200.0,0.678,4790000.0,5045000.0,-3760000.0,0.0,Ready now
CUST104698,8976.0,0.0,77400.0,1.0,77000.0,185000.0,674000.0,75.0,Not on track
CUST104699,8411.0,0.0,84700.0,1.0,85000.0,186000.0,454000.0,54.0,Not on track
CUST104700,25765.0,0.0,981600.0,1.0,982000.0,1291000.0,21000.0,1.0,Ready in 6 months
CUST104701,21571.0,0.0,391400.0,1.0,391000.0,650000.0,939000.0,44.0,Not on track
CUST104702,17212.0,1999000.0,3307900.0,0.396,2308000.0,2515000.0,-1309000.0,0.0,Ready now
CUST104703,14427.0,0.0,1431600.0,1.0,1432000.0,1605000.0,-730000.0,0.0,Ready now
CUST104704,10835.0,2826000.0,4520900.0,0.375,3108000.0,3238000.0,-2417000.0,0.0,Ready now
CUST104705,10938.0,1621000.0,3170200.0,0.489,2360000.0,2491000.0,-1501000.0,0.0,Ready now
CUST104706,13166.0,2132000.0,2811300.0,0.242,1745000.0,1903000.0,166000.0,13.0,Ready in 24 months
CUST104707,15601.0,6000.0,302600.0,0.98,300000.0,487000.0,834000.0,53.0,Not on track
CUST104708,18580.0,2406000.0,2613600.0,0.079,1411000.0,1634000.0,-768000.0,0.0,Ready now
CUST104709,4716.0,27000.0,497600.0,0.946,484000.0,541000.0,-250000.0,0.0,Ready now
CUST104710,10606.0,4000.0,1321400.0,0.997,1319000.0,1446000.0,-815000.0,0.0,Ready now
CUST104711,16672.0,1096000.0,3334900.0,0.671,2787000.0,2987000.0,-2045000.0,0.0,Ready now
CUST104712,1316.0,2075000.0,2210500.0,0.061,1173000.0,1189000.0,-720000.0,0.0,Ready now
CUST104713,24594.0,4488000.0,5524600.0,0.188,3281000.0,3576000.0,-1693000.0,0.0,Ready now
CUST104714,27404.0,2018000.0,2173900.0,0.072,1165000.0,1494000.0,-261000.0,0.0,Ready now
CUST104715,6299.0,1421000.0,1470400.0,0.034,760000.0,836000.0,-381000.0,0.0,Ready now
CUST104716,26268.0,2000.0,90900.0,0.978,90000.0,405000.0,1104000.0,42.0,Not on track
CUST104717,11015.0,608000.0,1696100.0,0.642,1392000.0,1524000.0,-943000.0,0.0,Ready now
CUST104718,20592.0,551000.0,1009900.0,0.454,734000.0,981000.0,138000.0,7.0,Ready in 12 months
CUST104719,8092.0,0.0,1940200.0,1.0,1940000.0,2037000.0,-1343000.0,0.0,Ready now
CUST104720,20055.0,9000.0,2235600.0,0.996,2231000.0,2472000.0,-1403000.0,0.0,Ready now
CUST104721,13742.0,82000.0,2054200.0,0.96,2013000.0,2178000.0,-1034000.0,0.0,Ready now
CUST104722,15825.0,177000.0,1093100.0,0.838,1005000.0,1195000.0,-85000.0,0.0,Ready now
CUST104723,7821.0,2036000.0,2126800.0,0.043,1109000.0,1203000.0,-9000.0,0.0,Ready now
CUST104724,13966.0,2194000.0,2884400.0,0.239,1787000.0,1955000.0,-885000.0,0.0,Ready now
CUST104725,60783.0,3640000.0,8193400.0,0.556,6373000.0,7102000.0,-3848000.0,0.0,Ready now
CUST104726,16582.0,1972000.0,5441100.0,0.638,4455000.0,4654000.0,-3346000.0,0.0,Ready now
CUST104727,5409.0,2545000.0,3817100.0,0.333,2545000.0,2610000.0,-1649000.0,0.0,Ready now
CUST104728,14096.0,0.0,1192900.0,1.0,1193000.0,1362000.0,-595000.0,0.0,Ready now
CUST104729,11891.0,0.0,135900.0,1.0,136000.0,279000.0,913000.0,77.0,Not on track
CUST104730,1915.0,5000.0,448300.0,0.989,446000.0,469000.0,8000.0,4.0,Ready in 6 months
CUST104731,12517.0,0.0,478000.0,1.0,478000.0,628000.0,970000.0,77.0,Not on track
CUST104732,11865.0,24000.0,653100.0,0.963,641000.0,783000.0,-235000.0,0.0,Ready now
CUST104733,7783.0,0.0,44400.0,1.0,44000.0,137000.0,500000.0,64.0,Not on track
CUST104734,4100.0,1392000.0,2257400.0,0.383,1561000.0,1610000.0,-1282000.0,0.0,Ready now
CUST104735,25653.0,2440000.0,3424600.0,0.288,2205000.0,2513000.0,-1093000.0,0.0,Ready now
CUST104736,16224.0,138000.0,392100.0,0.648,323000.0,518000.0,399000.0,25.0,Not on track
CUST104737,43037.0,29000.0,2637400.0,0.989,2623000.0,3139000.0,-1355000.0,0.0,Ready now
CUST104738,15052.0,876000.0,1063200.0,0.176,625000.0,806000.0,-193000.0,0.0,Ready now
CUST104739,8837.0,3422000.0,3599700.0,0.049,1889000.0,1995000.0,-1081000.0,0.0,Ready now
CUST104740,33625.0,3985000.0,4087800.0,0.025,2095000.0,2498000.0,-770000.0,0.0,Ready now
CUST104741,21264.0,562000.0,1106100.0,0.492,825000.0,1080000.0,277000.0,13.0,Ready in 24 months
CUST104742,7522.0,55000.0,1667800.0,0.967,1640000.0,1730000.0,-973000.0,0.0,Ready now
CUST104743,15657.0,0.0,2430200.0,1.0,2430000.0,2618000.0,-1642000.0,0.0,Ready now
CUST104744,13733.0,6000.0,104100.0,0.942,101000.0,266000.0,527000.0,38.0,Not on track
CUST104745,5472.0,349000.0,505100.0,0.309,331000.0,397000.0,247000.0,45.0,Not on track
CUST104746,11650.0,3155000.0,3502600.0,0.099,1925000.0,2065000.0,-812000.0,0.0,Ready now
CUST104747,7735.0,1662000.0,1814300.0,0.084,983000.0,1076000.0,-158000.0,0.0,Ready now
CUST104748,6759.0,2382000.0,2593400.0,0.082,1402000.0,1483000.0,-406000.0,0.0,Ready now
CUST104749,35583.0,0.0,4626500.0,1.0,4626000.0,5053000.0,-2989000.0,0.0,Ready now
CUST104750,23690.0,1780000.0,2232400.0,0.203,1342000.0,1626000.0,-554000.0,0.0,Ready now
CUST104751,9840.0,0.0,1266000.0,1.0,1266000.0,1384000.0,-652000.0,0.0,Ready now
CUST104752,16126.0,2275000.0,3707400.0,0.386,2570000.0,2764000.0,-1726000.0,0.0,Ready now
CUST104753,2763.0,1353000.0,1384300.0,0.023,708000.0,741000.0,168000.0,61.0,Not on track
CUST104754,20956.0,2876000.0,3162100.0,0.09,1724000.0,1975000.0,-524000.0,0.0,Ready now
CUST104755,25095.0,673000.0,926600.0,0.274,590000.0,891000.0,211000.0,8.0,Ready in 12 months
CUST104756,29395.0,7207000.0,7451600.0,0.033,3848000.0,4201000.0,-1045000.0,0.0,Ready now
CUST104757,28130.0,1936000.0,2113500.0,0.084,1146000.0,1484000.0,-62000.0,0.0,Ready now
CUST104758,15217.0,0.0,4016100.0,1.0,4016000.0,4199000.0,-2742000.0,0.0,Ready now
CUST104759,19074.0,42000.0,1407600.0,0.97,1387000.0,1616000.0,-533000.0,0.0,Ready now
CUST104760,27377.0,4350000.0,4832600.0,0.1,2658000.0,2987000.0,-1176000.0,0.0,Ready now
CUST104761,9649.0,1000.0,1702900.0,0.999,1702000.0,1818000.0,-927000.0,0.0,Ready now
CUST104762,10414.0,1510000.0,2955400.0,0.489,2200000.0,2325000.0,-1818000.0,0.0,Ready now
CUST104763,21279.0,23000.0,1651500.0,0.986,1640000.0,1895000.0,-360000.0,0.0,Ready now
CUST104764,17207.0,2324000.0,3777400.0,0.385,2615000.0,2821000.0,-1652000.0,0.0,Ready now
CUST104765,24862.0,3286000.0,5653100.0,0.419,4010000.0,4308000.0,-2890000.0,0.0,Ready now
CUST104766,16103.0,0.0,159200.0,1.0,159000.0,352000.0,1461000.0,91.0,Not on track
CUST104767,5577.0,83000.0,2463600.0,0.966,2422000.0,2489000.0,-1359000.0,0.0,Ready now
CUST104768,21724.0,6000.0,302200.0,0.98,299000.0,560000.0,621000.0,29.0,Not on track
CUST104769,8924.0,2000.0,26200.0,0.924,25000.0,132000.0,671000.0,75.0,Not on track
CUST104770,-1593.0,0.0,3286800.0,1.0,3287000.0,3287000.0,-2653000.0,0.0,Ready now
CUST104771,24140.0,0.0,1015100.0,1.0,1015000.0,1305000.0,-180000.0,0.0,Ready now
CUST104772,28811.0,454000.0,2726900.0,0.834,2500000.0,2846000.0,-1725000.0,0.0,Ready now
CUST104773,13091.0,0.0,118700.0,1.0,119000.0,276000.0,897000.0,69.0,Not on track
CUST104774,10445.0,3026000.0,3295300.0,0.082,1782000.0,1907000.0,-640000.0,0.0,Ready now
CUST104775,29401.0,3508000.0,3998700.0,0.123,2245000.0,2598000.0,-599000.0,0.0,Ready now
CUST104776,19374.0,2083000.0,2594600.0,0.197,1553000.0,1785000.0,-595000.0,0.0,Ready now
CUST104777,21796.0,1968000.0,7451800.0,0.736,6468000.0,6730000.0,-4496000.0,0.0,Ready now
CUST104778,6169.0,1751000.0,2020200.0,0.133,1145000.0,1219000.0,-447000.0,0.0,Ready now
CUST104779,22013.0,1805000.0,2028300.0,0.11,1126000.0,1390000.0,67000.0,3.0,Ready in 6 months
CUST104780,-480.0,1166000.0,2616900.0,0.554,2034000.0,2034000.0,-1317000.0,0.0,Ready now
CUST104781,33754.0,4068000.0,6551000.0,0.379,4517000.0,4922000.0,-1694000.0,0.0,Ready now
CUST104782,8245.0,1545000.0,1738900.0,0.112,966000.0,1065000.0,-419000.0,0.0,Ready now
CUST104783,24660.0,1897000.0,2076100.0,0.086,1128000.0,1424000.0,-257000.0,0.0,Ready now
CUST104784,24857.0,273000.0,361400.0,0.245,225000.0,523000.0,728000.0,29.0,Not on track
CUST104785,22537.0,5000.0,270200.0,0.981,268000.0,538000.0,358000.0,16.0,Ready in 24 months
CUST104786,12140.0,2117000.0,2418500.0,0.125,1360000.0,1506000.0,-200000.0,0.0,Ready now
CUST104787,43602.0,4030000.0,5973000.0,0.325,3958000.0,4481000.0,-2573000.0,0.0,Ready now
CUST104788,17112.0,2056000.0,2163600.0,0.05,1136000.0,1341000.0,-202000.0,0.0,Ready now
CUST104789,11902.0,2357000.0,4303700.0,0.452,3125000.0,3268000.0,-2391000.0,0.0,Ready now
CUST104790,17156.0,2104000.0,2251400.0,0.065,1199000.0,1405000.0,-751000.0,0.0,Ready now
CUST104791,18083.0,1638000.0,3053200.0,0.464,2234000.0,2451000.0,-1730000.0,0.0,Ready now
CUST104792,28882.0,2413000.0,3630200.0,0.335,2424000.0,2771000.0,-1384000.0,0.0,Ready now
CUST104793,11075.0,1571000.0,4011400.0,0.608,3226000.0,3359000.0,-2231000.0,0.0,Ready now
CUST104794,41047.0,2000.0,1209700.0,0.998,1209000.0,1702000.0,78000.0,2.0,Ready in 6 months
CUST104795,2498.0,10000.0,722000.0,0.986,717000.0,747000.0,-382000.0,0.0,Ready now
CUST104796,36748.0,3100000.0,12036000.0,0.742,10486000.0,10927000.0,-8434000.0,0.0,Ready now
CUST104797,11935.0,0.0,1618500.0,1.0,1618000.0,1761000.0,-894000.0,0.0,Ready now
CUST104798,21451.0,1183000.0,2839200.0,0.583,2248000.0,2505000.0,-1443000.0,0.0,Ready now
CUST104799,15924.0,338000.0,502300.0,0.327,333000.0,524000.0,189000.0,12.0,Ready in 12 months
CUST104800,11847.0,0.0,5440600.0,1.0,5441000.0,5583000.0,-4379000.0,0.0,Ready now
CUST104801,9459.0,12000.0,145100.0,0.917,139000.0,253000.0,474000.0,50.0,Not on track
CUST104802,23946.0,754000.0,1987900.0,0.621,1611000.0,1898000.0,-531000.0,0.0,Ready now
CUST104803,27764.0,1507000.0,4007100.0,0.624,3254000.0,3587000.0,-2117000.0,0.0,Ready now
CUST104804,12704.0,731000.0,888600.0,0.177,523000.0,675000.0,103000.0,8.0,Ready in 12 months
CUST104805,7271.0,0.0,450800.0,1.0,451000.0,538000.0,-95000.0,0.0,Ready now
CUST104806,12886.0,7819000.0,8502900.0,0.08,4593000.0,4748000.0,-2503000.0,0.0,Ready now
CUST104807,14384.0,0.0,1953500.0,1.0,1954000.0,2127000.0,-1368000.0,0.0,Ready now
CUST104808,27996.0,3091000.0,4287000.0,0.279,2742000.0,3078000.0,-1606000.0,0.0,Ready now
CUST104809,16011.0,0.0,1296900.0,1.0,1297000.0,1489000.0,-831000.0,0.0,Ready now
CUST104810,24680.0,4147000.0,8061800.0,0.486,5988000.0,6284000.0,-4314000.0,0.0,Ready now
CUST104811,18083.0,4000.0,1596700.0,0.997,1595000.0,1812000.0,-1103000.0,0.0,Ready now
CUST104812,6226.0,18000.0,38200.0,0.529,29000.0,104000.0,521000.0,84.0,Not on track
CUST104813,38570.0,1171000.0,3291900.0,0.644,2706000.0,3169000.0,-1371000.0,0.0,Ready now
CUST104814,8642.0,1750000.0,1789300.0,0.022,914000.0,1018000.0,-390000.0,0.0,Ready now
CUST104815,8980.0,24000.0,352800.0,0.932,341000.0,449000.0,465000.0,52.0,Not on track
CUST104816,11775.0,0.0,2897400.0,1.0,2897000.0,3038000.0,-1498000.0,0.0,Ready now
CUST104817,27492.0,339000.0,1015100.0,0.666,846000.0,1176000.0,1260000.0,46.0,Not on track
CUST104818,7224.0,0.0,1365600.0,1.0,1366000.0,1453000.0,-753000.0,0.0,Ready now
CUST104819,16659.0,1990000.0,2569900.0,0.226,1575000.0,1775000.0,-845000.0,0.0,Ready now
CUST104820,26350.0,1132000.0,1449500.0,0.219,884000.0,1200000.0,62000.0,2.0,Ready in 6 months
CUST104821,5375.0,648000.0,714200.0,0.093,390000.0,454000.0,-60000.0,0.0,Ready now
CUST104822,11749.0,1146000.0,1635300.0,0.299,1062000.0,1203000.0,279000.0,24.0,Ready in 24 months
CUST104823,15465.0,0.0,46900.0,1.0,47000.0,233000.0,469000.0,30.0,Not on track
CUST104824,10764.0,64000.0,328800.0,0.805,297000.0,426000.0,374000.0,35.0,Not on track
CUST104825,26184.0,1815000.0,1945000.0,0.067,1038000.0,1352000.0,92000.0,4.0,Ready in 6 months
CUST104826,28638.0,3024000.0,3080200.0,0.018,1568000.0,1912000.0,-550000.0,0.0,Ready now
CUST104827,9476.0,245000.0,393200.0,0.377,271000.0,385000.0,342000.0,36.0,Not on track
CUST104828,23806.0,2239000.0,2735200.0,0.181,1616000.0,1902000.0,324000.0,14.0,Ready in 24 months
CUST104829,7398.0,899000.0,915300.0,0.018,466000.0,555000.0,-141000.0,0.0,Ready now
CUST104830,9322.0,2000.0,854600.0,0.998,854000.0,966000.0,-351000.0,0.0,Ready now
CUST104831,10947.0,1527000.0,4370000.0,0.651,3606000.0,3737000.0,-3264000.0,0.0,Ready now
CUST104832,17320.0,694000.0,1352200.0,0.487,1005000.0,1213000.0,-388000.0,0.0,Ready now
CUST104833,14217.0,2266000.0,2762900.0,0.18,1630000.0,1801000.0,-276000.0,0.0,Ready now
CUST104834,7310.0,345000.0,360300.0,0.042,188000.0,276000.0,74000.0,10.0,Ready in 12 months
CUST104835,55997.0,1558000.0,1755700.0,0.113,977000.0,1649000.0,1183000.0,21.0,Ready in 24 months
CUST104836,9444.0,0.0,894800.0,1.0,895000.0,1008000.0,-213000.0,0.0,Ready now
CUST104837,7092.0,436000.0,577200.0,0.245,359000.0,444000.0,85000.0,12.0,Ready in 12 months
CUST104838,4233.0,4000.0,1537100.0,0.997,1535000.0,1586000.0,-1304000.0,0.0,Ready now
CUST104839,13657.0,0.0,945000.0,1.0,945000.0,1109000.0,-140000.0,0.0,Ready now
CUST104840,11619.0,1923000.0,2205300.0,0.128,1244000.0,1383000.0,-640000.0,0.0,Ready now
CUST104841,28390.0,0.0,1456400.0,1.0,1456000.0,1797000.0,-542000.0,0.0,Ready now
CUST104842,15109.0,1367000.0,2350000.0,0.418,1666000.0,1847000.0,-875000.0,0.0,Ready now
CUST104843,20545.0,254000.0,4675300.0,0.946,4548000.0,4795000.0,-3123000.0,0.0,Ready now
CUST104844,14794.0,2126000.0,2442900.0,0.13,1380000.0,1558000.0,-536000.0,0.0,Ready now
CUST104845,12197.0,22000.0,1749000.0,0.987,1738000.0,1884000.0,-936000.0,0.0,Ready now
CUST104846,24339.0,0.0,3086100.0,1.0,3086000.0,3378000.0,-1612000.0,0.0,Ready now
CUST104847,21058.0,1905000.0,2013300.0,0.054,1061000.0,1314000.0,51000.0,2.0,Ready in 6 months
CUST104848,40611.0,3225000.0,3855400.0,0.164,2243000.0,2730000.0,-991000.0,0.0,Ready now
CUST104849,46317.0,343000.0,4422700.0,0.922,4251000.0,4807000.0,-2491000.0,0.0,Ready now
CUST104850,3358.0,192000.0,303400.0,0.367,207000.0,247000.0,305000.0,91.0,Not on track
CUST104851,12107.0,2278000.0,2628600.0,0.133,1490000.0,1635000.0,-859000.0,0.0,Ready now
CUST104852,32981.0,344000.0,425900.0,0.192,254000.0,650000.0,1033000.0,31.0,Not on track
CUST104853,5409.0,657000.0,767500.0,0.144,439000.0,504000.0,-228000.0,0.0,Ready now
CUST104854,8266.0,17000.0,343700.0,0.951,335000.0,434000.0,481000.0,58.0,Not on track
CUST104855,6797.0,0.0,2375800.0,1.0,2376000.0,2458000.0,-1621000.0,0.0,Ready now
CUST104856,4440.0,1000.0,204600.0,0.995,204000.0,257000.0,718000.0,162.0,Not on track
CUST104857,14649.0,2000.0,91100.0,0.978,90000.0,266000.0,574000.0,39.0,Not on track
CUST104858,6396.0,3463000.0,8145200.0,0.575,6414000.0,6491000.0,-5042000.0,0.0,Ready now
CUST104859,17933.0,4000.0,146800.0,0.973,145000.0,360000.0,541000.0,30.0,Not on track
CUST104860,1256.0,1658000.0,1968900.0,0.158,1140000.0,1155000.0,-697000.0,0.0,Ready now
CUST104861,8670.0,365000.0,1582500.0,0.769,1400000.0,1504000.0,-994000.0,0.0,Ready now
CUST104862,46091.0,0.0,1579200.0,1.0,1579000.0,2132000.0,-16000.0,0.0,Ready now
CUST104863,8384.0,12000.0,45500.0,0.736,40000.0,141000.0,316000.0,38.0,Not on track
CUST104864,58853.0,5855000.0,13556300.0,0.568,10629000.0,11335000.0,-8435000.0,0.0,Ready now
CUST104865,24880.0,4000.0,7635900.0,0.999,7634000.0,7933000.0,-5857000.0,0.0,Ready now
CUST104866,17586.0,6000.0,29900.0,0.799,27000.0,238000.0,720000.0,41.0,Not on track
CUST104867,37377.0,0.0,3524800.0,1.0,3525000.0,3974000.0,-2337000.0,0.0,Ready now
CUST104868,21719.0,0.0,1159500.0,1.0,1160000.0,1421000.0,-228000.0,0.0,Ready now
CUST104869,49367.0,0.0,351400.0,1.0,351000.0,943000.0,1915000.0,39.0,Not on track
CUST104870,18944.0,1572000.0,2009800.0,0.218,1224000.0,1451000.0,86000.0,5.0,Ready in 6 months
CUST104871,20256.0,41000.0,7127900.0,0.994,7107000.0,7350000.0,-4814000.0,0.0,Ready now
CUST104872,12392.0,1253000.0,2375900.0,0.473,1749000.0,1898000.0,-1295000.0,0.0,Ready now
CUST104873,28808.0,2000.0,231600.0,0.991,231000.0,577000.0,859000.0,30.0,Not on track
CUST104874,11031.0,0.0,145900.0,1.0,146000.0,278000.0,273000.0,25.0,Not on track
CUST104875,14795.0,347000.0,439400.0,0.21,266000.0,444000.0,414000.0,28.0,Not on track
CUST104876,59079.0,0.0,9827800.0,1.0,9828000.0,10537000.0,-6776000.0,0.0,Ready now
CUST104877,28809.0,2655000.0,5297900.0,0.499,3970000.0,4316000.0,-2852000.0,0.0,Ready now
CUST104878,42648.0,4412000.0,5758500.0,0.234,3552000.0,4064000.0,-1930000.0,0.0,Ready now
CUST104879,31354.0,32000.0,354900.0,0.91,339000.0,715000.0,777000.0,25.0,Not on track
CUST104880,29847.0,4000.0,4168500.0,0.999,4166000.0,4524000.0,-2925000.0,0.0,Ready now
CUST104881,9428.0,0.0,525100.0,1.0,525000.0,638000.0,82000.0,9.0,Ready in 12 months
CUST104882,18145.0,610000.0,3881700.0,0.843,3577000.0,3795000.0,-2881000.0,0.0,Ready now
CUST104883,10166.0,0.0,114800.0,1.0,115000.0,237000.0,639000.0,63.0,Not on track
CUST104884,7023.0,1154000.0,1267900.0,0.09,691000.0,775000.0,-409000.0,0.0,Ready now
CUST104885,25382.0,2102000.0,4119000.0,0.49,3068000.0,3373000.0,-2313000.0,0.0,Ready now
CUST104886,22576.0,3078000.0,5360800.0,0.426,3822000.0,4093000.0,-2705000.0,0.0,Ready now
CUST104887,17465.0,2228000.0,3139800.0,0.29,2026000.0,2236000.0,-1399000.0,0.0,Ready now
CUST104888,22692.0,1204000.0,1920400.0,0.373,1318000.0,1590000.0,-526000.0,0.0,Ready now
CUST104889,32905.0,25000.0,82900.0,0.698,70000.0,465000.0,1078000.0,33.0,Not on track
CUST104890,48639.0,3000.0,3884700.0,0.999,3883000.0,4467000.0,-2340000.0,0.0,Ready now
CUST104891,9905.0,4000.0,916300.0,0.996,914000.0,1033000.0,-564000.0,0.0,Ready now
CUST104892,9834.0,1137000.0,1344200.0,0.154,776000.0,894000.0,-494000.0,0.0,Ready now
CUST104893,13488.0,15000.0,288300.0,0.948,281000.0,443000.0,1164000.0,86.0,Not on track
CUST104894,24308.0,3638000.0,6688300.0,0.456,4869000.0,5161000.0,-3678000.0,0.0,Ready now
CUST104895,45448.0,2649000.0,5072200.0,0.478,3748000.0,4293000.0,-2229000.0,0.0,Ready now
CUST104896,36808.0,4115000.0,6225000.0,0.339,4168000.0,4610000.0,-2598000.0,0.0,Ready now
CUST104897,46221.0,8311000.0,9922900.0,0.162,5767000.0,6322000.0,-3827000.0,0.0,Ready now
CUST104898,14345.0,17000.0,1333200.0,0.987,1325000.0,1497000.0,-583000.0,0.0,Ready now
CUST104899,45035.0,23000.0,386700.0,0.941,375000.0,915000.0,1808000.0,40.0,Not on track
CUST104900,7031.0,223000.0,469500.0,0.525,358000.0,442000.0,42000.0,6.0,Ready in 6 months
CUST104901,13651.0,0.0,944100.0,1.0,944000.0,1108000.0,1514000.0,111.0,Not on track
CUST104902,19070.0,1950000.0,3231400.0,0.397,2256000.0,2485000.0,-1192000.0,0.0,Ready now
CUST104903,23958.0,0.0,422300.0,1.0,422000.0,709000.0,878000.0,37.0,Not on track
CUST104904,14841.0,3653000.0,3808900.0,0.041,1982000.0,2160000.0,-610000.0,0.0,Ready now
CUST104905,7404.0,383000.0,1817200.0,0.789,1626000.0,1715000.0,-1322000.0,0.0,Ready now
CUST104906,6428.0,998000.0,1020100.0,0.022,521000.0,598000.0,-65000.0,0.0,Ready now
CUST104907,19690.0,26000.0,1585900.0,0.984,1573000.0,1809000.0,-523000.0,0.0,Ready now
CUST104908,17725.0,21000.0,1099400.0,0.981,1089000.0,1302000.0,-355000.0,0.0,Ready now
CUST104909,21707.0,3380000.0,14869800.0,0.773,13180000.0,13440000.0,-10970000.0,0.0,Ready now
CUST104910,12787.0,1430000.0,2591100.0,0.448,1876000.0,2029000.0,-1259000.0,0.0,Ready now
CUST104911,56564.0,2087000.0,7803300.0,0.733,6760000.0,7439000.0,-4618000.0,0.0,Ready now
CUST104912,10799.0,0.0,2036300.0,1.0,2036000.0,2166000.0,-1168000.0,0.0,Ready now
CUST104913,23506.0,1216000.0,2866800.0,0.576,2259000.0,2541000.0,-1397000.0,0.0,Ready now
CUST104914,-2226.0,1969000.0,2197600.0,0.104,1213000.0,1213000.0,-881000.0,0.0,Ready now
CUST104915,12688.0,1252000.0,1549400.0,0.192,923000.0,1075000.0,-72000.0,0.0,Ready now
CUST104916,17105.0,2416000.0,3250400.0,0.257,2042000.0,2247000.0,-778000.0,0.0,Ready now
CUST104917,793.0,0.0,1629300.0,1.0,1629000.0,1639000.0,-1214000.0,0.0,Ready now
CUST104918,268.0,80000.0,1868400.0,0.957,1828000.0,1831000.0,-1628000.0,0.0,Ready now
CUST104919,7696.0,154000.0,690400.0,0.777,613000.0,705000.0,119000.0,15.0,Ready in 24 months
CUST104920,12039.0,73000.0,412200.0,0.823,376000.0,520000.0,422000.0,35.0,Not on track
CUST104921,7192.0,0.0,1325400.0,1.0,1325000.0,1411000.0,-885000.0,0.0,Ready now
CUST104922,36865.0,355000.0,489100.0,0.274,312000.0,754000.0,1015000.0,28.0,Not on track
CUST104923,5886.0,3685000.0,3835700.0,0.039,1993000.0,2064000.0,-564000.0,0.0,Ready now
CUST104924,19076.0,2227000.0,2657700.0,0.162,1544000.0,1773000.0,98000.0,5.0,Ready in 6 months
CUST104925,6703.0,451000.0,525000.0,0.141,300000.0,380000.0,740000.0,110.0,Not on track
CUST104926,6379.0,0.0,193300.0,1.0,193000.0,270000.0,161000.0,25.0,Not on track
CUST104927,5656.0,2906000.0,3169700.0,0.083,1717000.0,1785000.0,-617000.0,0.0,Ready now
CUST104928,35057.0,116000.0,599700.0,0.807,542000.0,963000.0,669000.0,19.0,Ready in 24 months
CUST104929,16485.0,2128000.0,2249700.0,0.054,1186000.0,1384000.0,-603000.0,0.0,Ready now
CUST104930,18366.0,0.0,240500.0,1.0,240000.0,460000.0,611000.0,33.0,Not on track
CUST104931,11952.0,3086000.0,7040700.0,0.562,5498000.0,5641000.0,-4404000.0,0.0,Ready now
CUST104932,69182.0,4587000.0,4973100.0,0.078,2680000.0,3510000.0,-950000.0,0.0,Ready now
CUST104933,18693.0,7000.0,1278100.0,0.995,1275000.0,1499000.0,-403000.0,0.0,Ready now
CUST104934,9480.0,4716000.0,5065300.0,0.069,2707000.0,2821000.0,-1293000.0,0.0,Ready now
CUST104935,11182.0,3168000.0,4608700.0,0.313,3025000.0,3159000.0,-1972000.0,0.0,Ready now
CUST104936,9958.0,0.0,68500.0,1.0,68000.0,187000.0,643000.0,65.0,Not on track
CUST104937,10017.0,3400000.0,4840200.0,0.298,3140000.0,3260000.0,-1765000.0,0.0,Ready now
CUST104938,806.0,961000.0,1152900.0,0.166,672000.0,682000.0,-155000.0,0.0,Ready now
CUST104939,4714.0,19000.0,173700.0,0.891,164000.0,221000.0,482000.0,102.0,Not on track
CUST104940,-2830.0,2842000.0,4890200.0,0.419,3469000.0,3469000.0,-2741000.0,0.0,Ready now
CUST104941,10439.0,0.0,775500.0,1.0,776000.0,901000.0,-376000.0,0.0,Ready now
CUST104942,30511.0,3941000.0,6828200.0,0.423,4858000.0,5224000.0,-3022000.0,0.0,Ready now
CUST104943,36005.0,2934000.0,4259700.0,0.311,2793000.0,3225000.0,-1293000.0,0.0,Ready now
CUST104944,8719.0,1613000.0,1914600.0,0.158,1108000.0,1213000.0,-219000.0,0.0,Ready now
CUST104945,25254.0,2051000.0,6378500.0,0.678,5353000.0,5656000.0,-4484000.0,0.0,Ready now
CUST104946,12133.0,1858000.0,4375500.0,0.575,3446000.0,3592000.0,-2582000.0,0.0,Ready now
CUST104947,16757.0,1321000.0,1625500.0,0.187,965000.0,1166000.0,211000.0,13.0,Ready in 24 months
CUST104948,13804.0,5000.0,2132900.0,0.998,2130000.0,2296000.0,-1477000.0,0.0,Ready now
CUST104949,18357.0,1906000.0,3116600.0,0.388,2164000.0,2384000.0,-1517000.0,0.0,Ready now
CUST104950,22104.0,2323000.0,3781600.0,0.386,2620000.0,2885000.0,-2009000.0,0.0,Ready now
CUST104951,26757.0,14000.0,175300.0,0.92,168000.0,489000.0,817000.0,31.0,Not on track
CUST104952,15642.0,0.0,1230900.0,1.0,1231000.0,1419000.0,-687000.0,0.0,Ready now
CUST104953,12236.0,1670000.0,1890300.0,0.117,1055000.0,1202000.0,-6000.0,0.0,Ready now
CUST104954,11019.0,0.0,1259000.0,1.0,1259000.0,1391000.0,-592000.0,0.0,Ready now
CUST104955,-515.0,1083000.0,1188300.0,0.089,647000.0,647000.0,-348000.0,0.0,Ready now
CUST104956,99980.0,9000.0,5109200.0,0.998,5105000.0,6305000.0,-1217000.0,0.0,Ready now
CUST104957,14042.0,3288000.0,4116800.0,0.201,2473000.0,2642000.0,-428000.0,0.0,Ready now
CUST104958,26347.0,637000.0,5704100.0,0.888,5386000.0,5702000.0,-4320000.0,0.0,Ready now
CUST104959,38316.0,1930000.0,1962200.0,0.016,997000.0,1457000.0,287000.0,7.0,Ready in 12 months
CUST104960,50028.0,6000.0,3349800.0,0.998,3347000.0,3947000.0,-1695000.0,0.0,Ready now
CUST104961,8714.0,8000.0,2632800.0,0.997,2629000.0,2734000.0,-2073000.0,0.0,Ready now
CUST104962,16946.0,1474000.0,2367200.0,0.377,1630000.0,1833000.0,-973000.0,0.0,Ready now
CUST104963,9817.0,447000.0,663100.0,0.326,440000.0,558000.0,278000.0,28.0,Not on track
CUST104964,43956.0,3201000.0,3517200.0,0.09,1917000.0,2444000.0,-60000.0,0.0,Ready now
CUST104965,40807.0,4133000.0,7121700.0,0.42,5055000.0,5545000.0,-3428000.0,0.0,Ready now
CUST104966,-2051.0,11000.0,62500.0,0.824,57000.0,57000.0,1207000.0,999.0,Not on track
CUST104967,27278.0,3246000.0,3859800.0,0.159,2237000.0,2564000.0,-1104000.0,0.0,Ready now
CUST104968,58645.0,22000.0,534800.0,0.959,524000.0,1228000.0,2406000.0,41.0,Not on track
CUST104969,11370.0,0.0,333900.0,1.0,334000.0,470000.0,621000.0,55.0,Not on track
CUST104970,45989.0,3635000.0,8749800.0,0.585,6932000.0,7484000.0,-4561000.0,0.0,Ready now
CUST104971,17292.0,1493000.0,2593800.0,0.424,1847000.0,2055000.0,-1061000.0,0.0,Ready now
CUST104972,1443.0,691000.0,817000.0,0.154,472000.0,489000.0,-284000.0,0.0,Ready now
CUST104973,5118.0,31000.0,2102100.0,0.985,2087000.0,2148000.0,89000.0,17.0,Ready in 24 months
CUST104974,15934.0,3000.0,71700.0,0.958,70000.0,261000.0,740000.0,46.0,Not on track
CUST104975,17062.0,2582000.0,5241300.0,0.507,3950000.0,4155000.0,-2927000.0,0.0,Ready now
CUST104976,5424.0,9000.0,1299900.0,0.993,1295000.0,1360000.0,-629000.0,0.0,Ready now
CUST104977,20221.0,2011000.0,2293100.0,0.123,1288000.0,1531000.0,-638000.0,0.0,Ready now
CUST104978,16211.0,0.0,436500.0,1.0,436000.0,631000.0,182000.0,11.0,Ready in 12 months
CUST104979,25581.0,0.0,183600.0,1.0,184000.0,491000.0,791000.0,31.0,Not on track
CUST104980,19275.0,0.0,744400.0,1.0,744000.0,975000.0,175000.0,9.0,Ready in 12 months
CUST104981,5422.0,337000.0,934400.0,0.639,766000.0,831000.0,-390000.0,0.0,Ready now
CUST104982,61130.0,14000.0,785100.0,0.982,778000.0,1512000.0,1533000.0,25.0,Not on track
CUST104983,8424.0,149000.0,2294300.0,0.935,2220000.0,2321000.0,-1496000.0,0.0,Ready now
CUST104984,25295.0,4747000.0,4788400.0,0.009,2415000.0,2719000.0,-722000.0,0.0,Ready now
CUST104985,14702.0,746000.0,2921100.0,0.745,2548000.0,2724000.0,-1851000.0,0.0,Ready now
CUST104986,18082.0,763000.0,1552200.0,0.508,1171000.0,1388000.0,-99000.0,0.0,Ready now
CUST104987,9384.0,0.0,511000.0,1.0,511000.0,624000.0,454000.0,48.0,Not on track
CUST104988,41598.0,1715000.0,3871000.0,0.557,3014000.0,3513000.0,-1700000.0,0.0,Ready now
CUST104989,18909.0,0.0,86800.0,1.0,87000.0,314000.0,603000.0,32.0,Not on track
CUST104990,10007.0,1320000.0,1711900.0,0.229,1052000.0,1172000.0,95000.0,9.0,Ready in 12 months
CUST104991,21208.0,2078000.0,2150600.0,0.034,1112000.0,1366000.0,135000.0,6.0,Ready in 6 months
CUST104992,21413.0,1227000.0,1756900.0,0.302,1143000.0,1400000.0,-223000.0,0.0,Ready now
CUST104993,10760.0,1260000.0,2180000.0,0.422,1550000.0,1679000.0,-1041000.0,0.0,Ready now
CUST104994,19312.0,2134000.0,2197200.0,0.029,1130000.0,1362000.0,-405000.0,0.0,Ready now
CUST104995,3974.0,0.0,12000.0,1.0,12000.0,60000.0,420000.0,106.0,Not on track
CUST104996,7998.0,0.0,2539100.0,1.0,2539000.0,2635000.0,-1535000.0,0.0,Ready now
CUST104997,20537.0,18000.0,5160900.0,0.997,5152000.0,5398000.0,-3533000.0,0.0,Ready now
CUST104998,28447.0,1897000.0,4190300.0,0.547,3242000.0,3583000.0,-1682000.0,0.0,Ready now
CUST104999,16952.0,887000.0,2396900.0,0.63,1953000.0,2156000.0,-1410000.0,0.0,Ready now
CUST105000,46512.0,7000.0,1398100.0,0.995,1395000.0,1953000.0,701000.0,15.0,Ready in 24 months
CUST105001,6767.0,0.0,230800.0,1.0,231000.0,312000.0,531000.0,78.0,Not on track
CUST105002,28141.0,625000.0,3949500.0,0.842,3637000.0,3975000.0,-2249000.0,0.0,Ready now
CUST105003,9762.0,6000.0,874700.0,0.993,872000.0,989000.0,-386000.0,0.0,Ready now
CUST105004,15250.0,0.0,257800.0,1.0,258000.0,441000.0,373000.0,24.0,Ready in 24 months
CUST105005,13684.0,2303000.0,3053700.0,0.246,1902000.0,2066000.0,-686000.0,0.0,Ready now
CUST105006,15533.0,1905000.0,3641900.0,0.477,2689000.0,2875000.0,-2051000.0,0.0,Ready now
CUST105007,20593.0,27000.0,565600.0,0.952,552000.0,799000.0,244000.0,12.0,Ready in 12 months
CUST105008,19835.0,344000.0,1395700.0,0.754,1224000.0,1462000.0,-184000.0,0.0,Ready now
CUST105009,8018.0,997000.0,2513500.0,0.603,2015000.0,2111000.0,-1546000.0,0.0,Ready now
CUST105010,5858.0,618000.0,1064500.0,0.419,756000.0,826000.0,-348000.0,0.0,Ready now
CUST105011,18210.0,3346000.0,3785500.0,0.116,2112000.0,2331000.0,-914000.0,0.0,Ready now
CUST105012,95871.0,7042000.0,7794000.0,0.096,4273000.0,5423000.0,-508000.0,0.0,Ready now
CUST105013,25585.0,3075000.0,5629300.0,0.454,4092000.0,4399000.0,-2988000.0,0.0,Ready now
CUST105014,26509.0,2264000.0,4514100.0,0.498,3382000.0,3700000.0,-2526000.0,0.0,Ready now
CUST105015,12873.0,1708000.0,2187800.0,0.219,1334000.0,1488000.0,-697000.0,0.0,Ready now
CUST105016,32782.0,0.0,2189400.0,1.0,2189000.0,2582000.0,-121000.0,0.0,Ready now
CUST105017,18640.0,14000.0,1650500.0,0.992,1644000.0,1868000.0,-1031000.0,0.0,Ready now
CUST105018,32258.0,0.0,161300.0,1.0,161000.0,548000.0,832000.0,26.0,Not on track
CUST105019,18650.0,1507000.0,1847900.0,0.184,1094000.0,1318000.0,-259000.0,0.0,Ready now
CUST105020,22812.0,8000.0,327200.0,0.976,323000.0,597000.0,652000.0,29.0,Not on track
CUST105021,14760.0,6000.0,377400.0,0.984,374000.0,551000.0,960000.0,65.0,Not on track
CUST105022,28962.0,472000.0,5572700.0,0.915,5337000.0,5685000.0,-4025000.0,0.0,Ready now
CUST105023,14041.0,2465000.0,2741600.0,0.101,1509000.0,1677000.0,-817000.0,0.0,Ready now
CUST105024,26418.0,0.0,563200.0,1.0,563000.0,880000.0,219000.0,8.0,Ready in 12 months
CUST105025,22742.0,1516000.0,2811900.0,0.461,2054000.0,2327000.0,-1364000.0,0.0,Ready now
CUST105026,4102.0,31000.0,1877100.0,0.983,1862000.0,1911000.0,-1160000.0,0.0,Ready now
CUST105027,39998.0,14000.0,292500.0,0.952,286000.0,766000.0,1779000.0,44.0,Not on track
CUST105028,26294.0,2376000.0,4549500.0,0.478,3362000.0,3678000.0,-2282000.0,0.0,Ready now
CUST105029,20063.0,2084000.0,3465300.0,0.399,2423000.0,2664000.0,-1755000.0,0.0,Ready now
CUST105030,1851.0,4378000.0,4450600.0,0.016,2262000.0,2284000.0,-1260000.0,0.0,Ready now
CUST105031,14696.0,3243000.0,3387300.0,0.043,1766000.0,1942000.0,-1041000.0,0.0,Ready now
CUST105032,6726.0,17000.0,40400.0,0.579,32000.0,113000.0,485000.0,72.0,Not on track
CUST105033,29353.0,580000.0,4673600.0,0.876,4384000.0,4736000.0,-3213000.0,0.0,Ready now
CUST105034,10976.0,1971000.0,1995600.0,0.012,1010000.0,1142000.0,-40000.0,0.0,Ready now
CUST105035,20969.0,0.0,1717500.0,1.0,1718000.0,1970000.0,-486000.0,0.0,Ready now
CUST105036,8009.0,0.0,276600.0,1.0,277000.0,373000.0,582000.0,73.0,Not on track
CUST105037,21242.0,3299000.0,3609200.0,0.086,1960000.0,2215000.0,-1155000.0,0.0,Ready now
CUST105038,2791.0,0.0,79600.0,1.0,80000.0,113000.0,211000.0,76.0,Not on track
CUST105039,6483.0,831000.0,862000.0,0.036,446000.0,524000.0,114000.0,18.0,Ready in 24 months
CUST105040,36652.0,8000.0,722900.0,0.989,719000.0,1159000.0,553000.0,15.0,Ready in 24 months
CUST105041,26530.0,10948000.0,16380500.0,0.332,10906000.0,11224000.0,-7708000.0,0.0,Ready now
CUST105042,22117.0,3321000.0,3655200.0,0.091,1995000.0,2260000.0,-932000.0,0.0,Ready now
CUST105043,8535.0,2170000.0,2310300.0,0.061,1225000.0,1327000.0,-726000.0,0.0,Ready now
CUST105044,26870.0,0.0,237700.0,1.0,238000.0,560000.0,822000.0,31.0,Not on track
CUST105045,13077.0,4000.0,1949600.0,0.998,1948000.0,2105000.0,-1385000.0,0.0,Ready now
CUST105046,51083.0,659000.0,3277600.0,0.799,2948000.0,3561000.0,-1458000.0,0.0,Ready now
CUST105047,18883.0,0.0,353400.0,1.0,353000.0,580000.0,663000.0,35.0,Not on track
CUST105048,870.0,2413000.0,2673700.0,0.098,1467000.0,1477000.0,-62000.0,0.0,Ready now
CUST105049,11651.0,1847000.0,3556800.0,0.481,2633000.0,2773000.0,-1715000.0,0.0,Ready now
CUST105050,7172.0,4376000.0,4580200.0,0.045,2392000.0,2478000.0,-872000.0,0.0,Ready now
CUST105051,6252.0,1157000.0,1266700.0,0.087,688000.0,763000.0,-305000.0,0.0,Ready now
CUST105052,5115.0,2800000.0,5844900.0,0.521,4445000.0,4506000.0,-3550000.0,0.0,Ready now
CUST105053,32325.0,14000.0,1154700.0,0.988,1148000.0,1536000.0,150000.0,5.0,Ready in 6 months
CUST105054,26970.0,383000.0,595900.0,0.357,404000.0,728000.0,462000.0,17.0,Ready in 24 months
CUST105055,16218.0,2977000.0,3035500.0,0.019,1547000.0,1742000.0,-360000.0,0.0,Ready now
CUST105056,33845.0,256000.0,597000.0,0.571,469000.0,875000.0,708000.0,21.0,Ready in 24 months
CUST105057,43340.0,2216000.0,2594800.0,0.146,1487000.0,2007000.0,187000.0,4.0,Ready in 6 months
CUST105058,6010.0,3226000.0,3287000.0,0.019,1674000.0,1746000.0,-826000.0,0.0,Ready now
CUST105059,7961.0,2323000.0,2522800.0,0.079,1361000.0,1457000.0,-391000.0,0.0,Ready now
CUST105060,18695.0,10000.0,1742300.0,0.994,1737000.0,1961000.0,-198000.0,0.0,Ready now
CUST105061,5129.0,255000.0,771000.0,0.669,644000.0,706000.0,-299000.0,0.0,Ready now
CUST105062,14072.0,1357000.0,2162200.0,0.372,1484000.0,1653000.0,-1022000.0,0.0,Ready now
CUST105063,5849.0,903000.0,1894100.0,0.523,1443000.0,1513000.0,-1047000.0,0.0,Ready now
CUST105064,13640.0,2512000.0,3991200.0,0.371,2735000.0,2899000.0,-1431000.0,0.0,Ready now
CUST105065,18538.0,988000.0,1462600.0,0.324,969000.0,1191000.0,-239000.0,0.0,Ready now
CUST105066,17961.0,778000.0,1213100.0,0.359,824000.0,1040000.0,665000.0,37.0,Not on track
CUST105067,34822.0,8000.0,303800.0,0.974,300000.0,718000.0,665000.0,19.0,Ready in 24 months
CUST105068,3702.0,591000.0,2193600.0,0.731,1898000.0,1942000.0,-1261000.0,0.0,Ready now
CUST105069,12544.0,0.0,2528300.0,1.0,2528000.0,2679000.0,-1690000.0,0.0,Ready now
CUST105070,5799.0,551000.0,606100.0,0.091,331000.0,401000.0,57000.0,10.0,Ready in 12 months
CUST105071,12264.0,10000.0,1291400.0,0.992,1286000.0,1433000.0,-797000.0,0.0,Ready now
CUST105072,4880.0,189000.0,235100.0,0.196,141000.0,200000.0,61000.0,12.0,Ready in 12 months
CUST105073,31274.0,2269000.0,2568900.0,0.117,1434000.0,1809000.0,-266000.0,0.0,Ready now
CUST105074,26335.0,0.0,41700.0,1.0,42000.0,358000.0,820000.0,31.0,Not on track
CUST105075,7590.0,2779000.0,4338100.0,0.359,2949000.0,3040000.0,-2437000.0,0.0,Ready now
CUST105076,4809.0,1111000.0,1195200.0,0.07,640000.0,698000.0,-17000.0,0.0,Ready now
CUST105077,10852.0,202000.0,961600.0,0.79,861000.0,991000.0,-220000.0,0.0,Ready now
CUST105078,20091.0,8000.0,2914800.0,0.997,2911000.0,3152000.0,-1626000.0,0.0,Ready now
CUST105079,6609.0,317000.0,448600.0,0.293,290000.0,369000.0,113000.0,17.0,Ready in 24 months
CUST105080,33378.0,2681000.0,2777600.0,0.035,1437000.0,1838000.0,-160000.0,0.0,Ready now
CUST105081,17300.0,1017000.0,1031600.0,0.014,523000.0,731000.0,138000.0,8.0,Ready in 12 months
CUST105082,8729.0,15000.0,962400.0,0.984,955000.0,1060000.0,-607000.0,0.0,Ready now
CUST105083,12333.0,2736000.0,3060000.0,0.106,1692000.0,1840000.0,-466000.0,0.0,Ready now
CUST105084,55902.0,4262000.0,4863500.0,0.124,2732000.0,3403000.0,-806000.0,0.0,Ready now
CUST105085,7842.0,0.0,1690900.0,1.0,1691000.0,1785000.0,-1239000.0,0.0,Ready now
CUST105086,9192.0,1774000.0,1879800.0,0.056,993000.0,1103000.0,-239000.0,0.0,Ready now
CUST105087,15343.0,2435000.0,3870200.0,0.371,2653000.0,2837000.0,-1778000.0,0.0,Ready now
CUST105088,15969.0,1268000.0,4067000.0,0.688,3433000.0,3625000.0,-2843000.0,0.0,Ready now
CUST105089,7296.0,0.0,3420800.0,1.0,3421000.0,3509000.0,-2699000.0,0.0,Ready now
CUST105090,32527.0,0.0,573900.0,1.0,574000.0,964000.0,667000.0,21.0,Ready in 24 months
CUST105091,82146.0,8000.0,12480300.0,0.999,12476000.0,13462000.0,-10110000.0,0.0,Ready now
CUST105092,9945.0,2580000.0,2693300.0,0.042,1403000.0,1522000.0,-1005000.0,0.0,Ready now
CUST105093,28730.0,2168000.0,6942600.0,0.688,5859000.0,6204000.0,-4206000.0,0.0,Ready now
CUST105094,1907.0,0.0,2409100.0,1.0,2409000.0,2432000.0,-1366000.0,0.0,Ready now
CUST105095,3581.0,899000.0,1209000.0,0.256,760000.0,803000.0,-331000.0,0.0,Ready now
CUST105096,15070.0,613000.0,904700.0,0.322,598000.0,779000.0,-6000.0,0.0,Ready now
CUST105097,13690.0,0.0,93500.0,1.0,94000.0,258000.0,617000.0,45.0,Not on track
CUST105098,18908.0,3064000.0,3223700.0,0.05,1692000.0,1919000.0,62000.0,3.0,Ready in 6 months
CUST105099,25726.0,4080000.0,6551600.0,0.377,4512000.0,4821000.0,-3007000.0,0.0,Ready now
CUST105100,15182.0,2256000.0,4034300.0,0.441,2906000.0,3088000.0,-2068000.0,0.0,Ready now
CUST105101,31028.0,1849000.0,5712100.0,0.676,4788000.0,5160000.0,-3655000.0,0.0,Ready now
CUST105102,16567.0,0.0,2570800.0,1.0,2571000.0,2770000.0,-2019000.0,0.0,Ready now
CUST105103,17999.0,3929000.0,5003700.0,0.215,3039000.0,3255000.0,-1305000.0,0.0,Ready now
CUST105104,3909.0,0.0,2189500.0,1.0,2190000.0,2237000.0,-1148000.0,0.0,Ready now
CUST105105,50524.0,15000.0,2534400.0,0.994,2527000.0,3133000.0,-811000.0,0.0,Ready now
CUST105106,27911.0,21000.0,2371700.0,0.991,2361000.0,2696000.0,-555000.0,0.0,Ready now
CUST105107,22611.0,2986000.0,3448400.0,0.134,1955000.0,2226000.0,-663000.0,0.0,Ready now
CUST105108,7103.0,638000.0,743600.0,0.142,425000.0,510000.0,157000.0,22.0,Ready in 24 months
CUST105109,17765.0,0.0,957100.0,1.0,957000.0,1170000.0,-153000.0,0.0,Ready now
CUST105110,18884.0,3000.0,145700.0,0.979,144000.0,371000.0,909000.0,48.0,Not on track
CUST105111,25395.0,14000.0,1177000.0,0.988,1170000.0,1475000.0,97000.0,4.0,Ready in 6 months
CUST105112,19479.0,2360000.0,3343800.0,0.294,2164000.0,2398000.0,-1091000.0,0.0,Ready now
CUST105113,20212.0,89000.0,1478200.0,0.94,1434000.0,1677000.0,-748000.0,0.0,Ready now
CUST105114,21717.0,7000.0,1852600.0,0.996,1849000.0,2110000.0,-759000.0,0.0,Ready now
CUST105115,13660.0,18000.0,288200.0,0.938,279000.0,443000.0,506000.0,37.0,Not on track
CUST105116,-2709.0,1270000.0,1347600.0,0.058,713000.0,713000.0,-318000.0,0.0,Ready now
CUST105117,64226.0,4073000.0,4576600.0,0.11,2540000.0,3311000.0,-226000.0,0.0,Ready now
CUST105118,15278.0,2228000.0,4187800.0,0.468,3074000.0,3257000.0,-2359000.0,0.0,Ready now
CUST105119,26676.0,3089000.0,7116000.0,0.566,5572000.0,5892000.0,-4470000.0,0.0,Ready now
CUST105120,12255.0,0.0,2811800.0,1.0,2812000.0,2959000.0,-1964000.0,0.0,Ready now
CUST105121,14153.0,606000.0,680900.0,0.11,378000.0,548000.0,159000.0,11.0,Ready in 12 months
CUST105122,4950.0,1472000.0,1799900.0,0.182,1064000.0,1123000.0,-537000.0,0.0,Ready now
CUST105123,13870.0,2205000.0,2263500.0,0.026,1161000.0,1327000.0,-209000.0,0.0,Ready now
CUST105124,1264.0,0.0,708700.0,1.0,709000.0,724000.0,-450000.0,0.0,Ready now
CUST105125,69751.0,6541000.0,6866900.0,0.047,3596000.0,4433000.0,-1662000.0,0.0,Ready now
CUST105126,25329.0,51000.0,153000.0,0.667,128000.0,432000.0,543000.0,21.0,Ready in 24 months
CUST105127,22904.0,5000.0,512400.0,0.99,510000.0,785000.0,284000.0,12.0,Ready in 12 months
CUST105128,9949.0,1986000.0,3237700.0,0.387,2245000.0,2364000.0,-418000.0,0.0,Ready now
CUST105129,-1733.0,1153000.0,2826500.0,0.592,2250000.0,2250000.0,-1660000.0,0.0,Ready now
CUST105130,23108.0,695000.0,2957000.0,0.765,2610000.0,2887000.0,-1238000.0,0.0,Ready now
CUST105131,18027.0,1688000.0,3191600.0,0.471,2348000.0,2564000.0,-1721000.0,0.0,Ready now
CUST105132,6556.0,29000.0,69600.0,0.583,55000.0,134000.0,959000.0,146.0,Not on track
CUST105133,-4076.0,0.0,148700.0,1.0,149000.0,149000.0,759000.0,999.0,Not on track
CUST105134,1066.0,1228000.0,1371100.0,0.104,757000.0,770000.0,-321000.0,0.0,Ready now
CUST105135,2592.0,2547000.0,2963500.0,0.141,1690000.0,1721000.0,-399000.0,0.0,Ready now
CUST105136,6453.0,485000.0,561100.0,0.136,319000.0,396000.0,37000.0,6.0,Ready in 6 months
CUST105137,22726.0,56000.0,943000.0,0.941,915000.0,1188000.0,952000.0,42.0,Not on track
CUST105138,7393.0,3000.0,807900.0,0.996,806000.0,895000.0,-55000.0,0.0,Ready now
CUST105139,16570.0,2077000.0,2520200.0,0.176,1482000.0,1681000.0,-533000.0,0.0,Ready now
CUST105140,22382.0,1903000.0,3232300.0,0.411,2281000.0,2550000.0,-1338000.0,0.0,Ready now
CUST105141,4669.0,919000.0,1089800.0,0.157,630000.0,686000.0,-284000.0,0.0,Ready now
CUST105142,11860.0,683000.0,861600.0,0.207,520000.0,662000.0,66000.0,6.0,Ready in 6 months
CUST105143,32021.0,0.0,305300.0,1.0,305000.0,689000.0,833000.0,26.0,Not on track
CUST105144,16002.0,3117000.0,3260000.0,0.044,1702000.0,1894000.0,-491000.0,0.0,Ready now
CUST105145,4880.0,1346000.0,1406100.0,0.043,733000.0,792000.0,-207000.0,0.0,Ready now
CUST105146,36420.0,3160000.0,3824700.0,0.174,2245000.0,2682000.0,-945000.0,0.0,Ready now
CUST105147,23327.0,727000.0,5645600.0,0.871,5282000.0,5562000.0,-4491000.0,0.0,Ready now
CUST105148,10253.0,28000.0,40200.0,0.303,26000.0,149000.0,447000.0,44.0,Not on track
CUST105149,6851.0,607000.0,2263600.0,0.732,1960000.0,2042000.0,-1487000.0,0.0,Ready now
CUST105150,4810.0,0.0,158300.0,1.0,158000.0,216000.0,681000.0,142.0,Not on track
CUST105151,15689.0,2028000.0,3751800.0,0.459,2738000.0,2926000.0,-1548000.0,0.0,Ready now
CUST105152,23921.0,24000.0,356600.0,0.933,345000.0,632000.0,417000.0,17.0,Ready in 24 months
CUST105153,11160.0,2000.0,117100.0,0.983,116000.0,250000.0,387000.0,35.0,Not on track
CUST105154,16596.0,1146000.0,1551300.0,0.261,978000.0,1177000.0,274000.0,17.0,Ready in 24 months
CUST105155,63090.0,1523000.0,1795200.0,0.152,1034000.0,1791000.0,833000.0,13.0,Ready in 24 months
CUST105156,17122.0,670000.0,876600.0,0.236,542000.0,747000.0,38000.0,2.0,Ready in 6 months
CUST105157,19838.0,1738000.0,3685100.0,0.528,2816000.0,3054000.0,-2034000.0,0.0,Ready now
CUST105158,75978.0,217000.0,9194100.0,0.976,9086000.0,9998000.0,-6114000.0,0.0,Ready now
CUST105159,14129.0,3287000.0,7388900.0,0.555,5745000.0,5915000.0,-5105000.0,0.0,Ready now
CUST105160,6045.0,1141000.0,1205600.0,0.054,635000.0,708000.0,-209000.0,0.0,Ready now
CUST105161,15727.0,0.0,668900.0,1.0,669000.0,858000.0,-230000.0,0.0,Ready now
CUST105162,9819.0,0.0,235800.0,1.0,236000.0,354000.0,442000.0,45.0,Not on track
CUST105163,17125.0,0.0,245800.0,1.0,246000.0,452000.0,764000.0,45.0,Not on track
CUST105164,26087.0,2851000.0,4651600.0,0.387,3226000.0,3539000.0,-2164000.0,0.0,Ready now
CUST105165,14414.0,831000.0,1851300.0,0.551,1436000.0,1609000.0,-715000.0,0.0,Ready now
CUST105166,56967.0,6823000.0,17721600.0,0.615,14310000.0,14994000.0,-11802000.0,0.0,Ready now
CUST105167,28070.0,0.0,234500.0,1.0,234000.0,571000.0,595000.0,21.0,Ready in 24 months
CUST105168,4436.0,762000.0,1810200.0,0.579,1429000.0,1482000.0,-1041000.0,0.0,Ready now
CUST105169,4708.0,1188000.0,2447400.0,0.515,1853000.0,1909000.0,-1314000.0,0.0,Ready now
CUST105170,17703.0,5000.0,1127700.0,0.996,1125000.0,1337000.0,-491000.0,0.0,Ready now
CUST105171,7854.0,0.0,141400.0,1.0,141000.0,235000.0,391000.0,50.0,Not on track
CUST105172,7606.0,0.0,1113100.0,1.0,1113000.0,1204000.0,-409000.0,0.0,Ready now
CUST105173,13261.0,7000.0,1012600.0,0.993,1009000.0,1168000.0,-372000.0,0.0,Ready now
CUST105174,42443.0,2934000.0,8553900.0,0.657,7087000.0,7596000.0,-5621000.0,0.0,Ready now
CUST105175,8208.0,592000.0,1720300.0,0.656,1424000.0,1522000.0,-807000.0,0.0,Ready now
CUST105176,26854.0,2331000.0,2804100.0,0.169,1639000.0,1961000.0,-130000.0,0.0,Ready now
CUST105177,26782.0,0.0,236500.0,1.0,236000.0,557000.0,378000.0,14.0,Ready in 24 months
CUST105178,16851.0,553000.0,579400.0,0.046,303000.0,505000.0,636000.0,38.0,Not on track
CUST105179,25168.0,2779000.0,4438400.0,0.374,3049000.0,3351000.0,-1648000.0,0.0,Ready now
CUST105180,34549.0,894000.0,6300600.0,0.858,5854000.0,6269000.0,-4088000.0,0.0,Ready now
CUST105181,14543.0,0.0,1681400.0,1.0,1681000.0,1856000.0,-1101000.0,0.0,Ready now
CUST105182,39505.0,25000.0,475600.0,0.947,463000.0,937000.0,1050000.0,27.0,Not on track
CUST105183,11057.0,0.0,370200.0,1.0,370000.0,503000.0,347000.0,31.0,Not on track
CUST105184,24347.0,46000.0,557600.0,0.918,535000.0,827000.0,554000.0,23.0,Ready in 24 months
CUST105185,4443.0,50000.0,1825500.0,0.973,1800000.0,1853000.0,-946000.0,0.0,Ready now
CUST105186,46132.0,1318000.0,4721000.0,0.721,4062000.0,4616000.0,-2278000.0,0.0,Ready now
CUST105187,6968.0,0.0,352300.0,1.0,352000.0,436000.0,-23000.0,0.0,Ready now
CUST105188,17198.0,613000.0,802300.0,0.236,496000.0,702000.0,104000.0,6.0,Ready in 6 months
CUST105189,15257.0,45000.0,130000.0,0.654,108000.0,291000.0,529000.0,35.0,Not on track
CUST105190,7587.0,2104000.0,3059000.0,0.312,2007000.0,2098000.0,-1571000.0,0.0,Ready now
CUST105191,15014.0,2719000.0,5596600.0,0.514,4237000.0,4417000.0,-3223000.0,0.0,Ready now
CUST105192,22302.0,2000.0,1188200.0,0.998,1187000.0,1455000.0,-503000.0,0.0,Ready now
CUST105193,7183.0,1093000.0,2056000.0,0.468,1510000.0,1596000.0,-906000.0,0.0,Ready now
CUST105194,4138.0,9000.0,126100.0,0.929,122000.0,172000.0,296000.0,72.0,Not on track
CUST105195,-911.0,37000.0,132200.0,0.72,114000.0,114000.0,134000.0,999.0,Not on track
CUST105196,17154.0,2263000.0,2522300.0,0.103,1391000.0,1597000.0,-630000.0,0.0,Ready now
CUST105197,5818.0,1475000.0,1961600.0,0.248,1224000.0,1294000.0,-432000.0,0.0,Ready now
CUST105198,33639.0,564000.0,882400.0,0.361,600000.0,1004000.0,636000.0,19.0,Ready in 24 months
CUST105199,32108.0,1600000.0,1916100.0,0.165,1116000.0,1501000.0,-39000.0,0.0,Ready now
CUST105200,46149.0,4792000.0,9155300.0,0.477,6759000.0,7313000.0,-4691000.0,0.0,Ready now
CUST105201,14990.0,4139000.0,4313500.0,0.04,2244000.0,2424000.0,-756000.0,0.0,Ready now
CUST105202,23478.0,3000.0,164400.0,0.982,163000.0,445000.0,1271000.0,54.0,Not on track
CUST105203,10016.0,0.0,571200.0,1.0,571000.0,691000.0,479000.0,48.0,Not on track
CUST105204,14350.0,2765000.0,5183100.0,0.467,3801000.0,3973000.0,-2506000.0,0.0,Ready now
CUST105205,14267.0,0.0,271700.0,1.0,272000.0,443000.0,616000.0,43.0,Not on track
CUST105206,19415.0,4000.0,348100.0,0.989,346000.0,579000.0,285000.0,15.0,Ready in 24 months
CUST105207,84.0,0.0,401400.0,1.0,401000.0,402000.0,673000.0,999.0,Not on track
CUST105208,24873.0,2327000.0,2654600.0,0.123,1491000.0,1789000.0,-533000.0,0.0,Ready now
CUST105209,6981.0,794000.0,2335800.0,0.66,1939000.0,2023000.0,-1430000.0,0.0,Ready now
CUST105210,21924.0,5000.0,3369100.0,0.999,3367000.0,3630000.0,-2096000.0,0.0,Ready now
CUST105211,44004.0,2611000.0,2795000.0,0.066,1490000.0,2018000.0,46000.0,1.0,Ready in 6 months
CUST105212,22203.0,28000.0,2457800.0,0.989,2444000.0,2710000.0,-1372000.0,0.0,Ready now
CUST105213,5726.0,326000.0,408800.0,0.203,246000.0,315000.0,99000.0,17.0,Ready in 24 months
CUST105214,22477.0,5543000.0,5873100.0,0.056,3102000.0,3372000.0,-1215000.0,0.0,Ready now
CUST105215,11820.0,7000.0,1870700.0,0.996,1867000.0,2009000.0,-921000.0,0.0,Ready now
CUST105216,13550.0,2000.0,1545700.0,0.999,1545000.0,1708000.0,-838000.0,0.0,Ready now
CUST105217,42878.0,2971000.0,4734200.0,0.372,3249000.0,3764000.0,-1453000.0,0.0,Ready now
CUST105218,4636.0,0.0,745000.0,1.0,745000.0,801000.0,-439000.0,0.0,Ready now
CUST105219,17177.0,2551000.0,2631500.0,0.031,1356000.0,1562000.0,-501000.0,0.0,Ready now
CUST105220,3315.0,1206000.0,2966400.0,0.593,2363000.0,2403000.0,-1726000.0,0.0,Ready now
CUST105221,12685.0,75000.0,4315300.0,0.983,4278000.0,4430000.0,-2188000.0,0.0,Ready now
CUST105222,15960.0,448000.0,2141900.0,0.791,1918000.0,2110000.0,-956000.0,0.0,Ready now
CUST105223,16754.0,592000.0,689100.0,0.141,393000.0,594000.0,250000.0,15.0,Ready in 24 months
CUST105224,26641.0,52000.0,226800.0,0.771,201000.0,521000.0,1550000.0,58.0,Not on track
CUST105225,4152.0,357000.0,693700.0,0.485,515000.0,565000.0,-307000.0,0.0,Ready now
CUST105226,29722.0,2369000.0,2504200.0,0.054,1320000.0,1677000.0,-42000.0,0.0,Ready now
CUST105227,13464.0,1000.0,1291800.0,0.999,1291000.0,1453000.0,-764000.0,0.0,Ready now
CUST105228,6545.0,1013000.0,1260000.0,0.196,754000.0,833000.0,-412000.0,0.0,Ready now
CUST105229,9359.0,647000.0,807100.0,0.198,484000.0,596000.0,210000.0,22.0,Ready in 24 months
CUST105230,52255.0,508000.0,693600.0,0.268,440000.0,1067000.0,1123000.0,21.0,Ready in 24 months
CUST105231,65740.0,2136000.0,2378500.0,0.102,1310000.0,2099000.0,1672000.0,25.0,Not on track
CUST105232,6899.0,0.0,988200.0,1.0,988000.0,1071000.0,-694000.0,0.0,Ready now
CUST105233,23629.0,3343000.0,6785800.0,0.507,5114000.0,5398000.0,-4008000.0,0.0,Ready now
CUST105234,28957.0,5954000.0,6319100.0,0.058,3342000.0,3689000.0,-1011000.0,0.0,Ready now
CUST105235,23655.0,1840000.0,1926500.0,0.045,1006000.0,1290000.0,-262000.0,0.0,Ready now
CUST105236,4220.0,17000.0,254300.0,0.933,246000.0,297000.0,390000.0,92.0,Not on track
CUST105237,24171.0,2351000.0,2613000.0,0.1,1438000.0,1728000.0,-322000.0,0.0,Ready now
CUST105238,29221.0,380000.0,3267000.0,0.884,3077000.0,3428000.0,-1577000.0,0.0,Ready now
CUST105239,25041.0,3000.0,149900.0,0.98,148000.0,448000.0,1083000.0,43.0,Not on track
CUST105240,22289.0,742000.0,3220700.0,0.77,2850000.0,3117000.0,-2022000.0,0.0,Ready now
CUST105241,18085.0,1121000.0,1683600.0,0.334,1123000.0,1340000.0,-459000.0,0.0,Ready now
CUST105242,10424.0,1883000.0,5072300.0,0.629,4131000.0,4256000.0,-2613000.0,0.0,Ready now
CUST105243,12996.0,0.0,635300.0,1.0,635000.0,791000.0,-62000.0,0.0,Ready now
CUST105244,6076.0,3000.0,538200.0,0.994,537000.0,610000.0,-225000.0,0.0,Ready now
CUST105245,4196.0,0.0,501300.0,1.0,501000.0,551000.0,-22000.0,0.0,Ready now
CUST105246,16521.0,16000.0,2090300.0,0.992,2082000.0,2280000.0,-1338000.0,0.0,Ready now
CUST105247,15409.0,1000.0,4291400.0,1.0,4291000.0,4476000.0,-2201000.0,0.0,Ready now
CUST105248,12619.0,1084000.0,2292700.0,0.527,1751000.0,1902000.0,-1287000.0,0.0,Ready now
CUST105249,24455.0,0.0,5036300.0,1.0,5036000.0,5329000.0,-2914000.0,0.0,Ready now
CUST105250,33528.0,34000.0,4788400.0,0.993,4771000.0,5173000.0,-2866000.0,0.0,Ready now
CUST105251,22649.0,1360000.0,1677500.0,0.189,998000.0,1270000.0,112000.0,5.0,Ready in 6 months
CUST105252,370.0,350000.0,630600.0,0.445,456000.0,460000.0,-248000.0,0.0,Ready now
CUST105253,5678.0,193000.0,383100.0,0.496,287000.0,355000.0,145000.0,26.0,Not on track
CUST105254,6483.0,3000.0,168600.0,0.982,167000.0,245000.0,493000.0,76.0,Not on track
CUST105255,60143.0,27000.0,247500.0,0.891,234000.0,956000.0,1517000.0,25.0,Not on track
CUST105256,21125.0,0.0,236100.0,1.0,236000.0,490000.0,509000.0,24.0,Ready in 24 months
CUST105257,13052.0,803000.0,2170000.0,0.63,1768000.0,1925000.0,-1385000.0,0.0,Ready now
CUST105258,9795.0,2197000.0,2425000.0,0.094,1326000.0,1444000.0,-237000.0,0.0,Ready now
CUST105259,14378.0,100000.0,1544200.0,0.935,1494000.0,1667000.0,-1004000.0,0.0,Ready now
CUST105260,7553.0,8000.0,201200.0,0.96,197000.0,288000.0,568000.0,75.0,Not on track
CUST105261,8759.0,1836000.0,2760800.0,0.335,1843000.0,1948000.0,-1403000.0,0.0,Ready now
CUST105262,94803.0,6254000.0,15535600.0,0.597,12409000.0,13547000.0,-9329000.0,0.0,Ready now
CUST105263,779.0,28000.0,1358500.0,0.979,1344000.0,1353000.0,-965000.0,0.0,Ready now
CUST105264,44874.0,4619000.0,4739700.0,0.025,2430000.0,2968000.0,-358000.0,0.0,Ready now
CUST105265,12194.0,1285000.0,2201500.0,0.416,1559000.0,1705000.0,-1085000.0,0.0,Ready now
CUST105266,9929.0,15000.0,1776500.0,0.992,1769000.0,1888000.0,-804000.0,0.0,Ready now
CUST105267,29816.0,0.0,1084000.0,1.0,1084000.0,1442000.0,-2000.0,0.0,Ready now
CUST105268,7887.0,1202000.0,1449400.0,0.171,848000.0,943000.0,216000.0,27.0,Not on track
CUST105269,21062.0,379000.0,572800.0,0.338,383000.0,636000.0,649000.0,31.0,Not on track
CUST105270,19565.0,3525000.0,3648700.0,0.034,1886000.0,2121000.0,-911000.0,0.0,Ready now
CUST105271,22010.0,0.0,653100.0,1.0,653000.0,917000.0,-144000.0,0.0,Ready now
CUST105272,17117.0,0.0,67600.0,1.0,68000.0,273000.0,659000.0,38.0,Not on track
CUST105273,14650.0,146000.0,1681300.0,0.913,1608000.0,1784000.0,-988000.0,0.0,Ready now
CUST105274,12443.0,2731000.0,2891700.0,0.056,1526000.0,1675000.0,-808000.0,0.0,Ready now
CUST105275,22345.0,601000.0,1732700.0,0.653,1432000.0,1700000.0,-526000.0,0.0,Ready now
CUST105276,642.0,1887000.0,1998500.0,0.056,1055000.0,1063000.0,-553000.0,0.0,Ready now
CUST105277,8837.0,0.0,43500.0,1.0,44000.0,150000.0,693000.0,78.0,Not on track
CUST105278,5616.0,772000.0,908200.0,0.15,522000.0,589000.0,-32000.0,0.0,Ready now
CUST105279,10051.0,0.0,199300.0,1.0,199000.0,320000.0,394000.0,39.0,Not on track
CUST105280,6654.0,167000.0,2809400.0,0.941,2726000.0,2806000.0,-1370000.0,0.0,Ready now
CUST105281,2042.0,368000.0,389100.0,0.054,205000.0,230000.0,151000.0,74.0,Not on track
CUST105282,36899.0,3777000.0,10763200.0,0.649,8875000.0,9318000.0,-7071000.0,0.0,Ready now
CUST105283,23911.0,2020000.0,2239400.0,0.098,1229000.0,1516000.0,-479000.0,0.0,Ready now
CUST105284,46673.0,384000.0,8996800.0,0.957,8805000.0,9365000.0,-6897000.0,0.0,Ready now
CUST105285,39848.0,60000.0,249000.0,0.759,219000.0,697000.0,1155000.0,29.0,Not on track
CUST105286,18591.0,1467000.0,1587200.0,0.076,854000.0,1077000.0,-231000.0,0.0,Ready now
CUST105287,21810.0,1963000.0,2375500.0,0.174,1394000.0,1656000.0,-508000.0,0.0,Ready now
CUST105288,30570.0,418000.0,5257200.0,0.92,5048000.0,5415000.0,-2849000.0,0.0,Ready now
CUST105289,32552.0,38000.0,104200.0,0.635,85000.0,476000.0,1399000.0,43.0,Not on track
CUST105290,8613.0,4000.0,4481800.0,0.999,4480000.0,4583000.0,-3561000.0,0.0,Ready now
CUST105291,40039.0,15000.0,181000.0,0.917,174000.0,654000.0,1583000.0,40.0,Not on track
CUST105292,8847.0,619000.0,816300.0,0.242,507000.0,613000.0,12000.0,1.0,Ready in 6 months
CUST105293,5476.0,111000.0,289500.0,0.617,234000.0,300000.0,865000.0,158.0,Not on track
CUST105294,15662.0,5000.0,647700.0,0.992,645000.0,833000.0,29000.0,2.0,Ready in 6 months
CUST105295,11442.0,1077000.0,1172800.0,0.082,634000.0,771000.0,-66000.0,0.0,Ready now
CUST105296,31995.0,0.0,3716600.0,1.0,3717000.0,4101000.0,-2641000.0,0.0,Ready now
CUST105297,19325.0,441000.0,1572500.0,0.72,1352000.0,1584000.0,-546000.0,0.0,Ready now
CUST105298,26451.0,2259000.0,4317000.0,0.477,3188000.0,3505000.0,-2276000.0,0.0,Ready now
CUST105299,11177.0,675000.0,1038900.0,0.35,701000.0,835000.0,71000.0,6.0,Ready in 6 months
CUST105300,8407.0,82000.0,166400.0,0.507,125000.0,226000.0,405000.0,48.0,Not on track
CUST105301,44341.0,0.0,2483800.0,1.0,2484000.0,3016000.0,-670000.0,0.0,Ready now
CUST105302,15388.0,2521000.0,4247600.0,0.406,2987000.0,3172000.0,-2229000.0,0.0,Ready now
CUST105303,10677.0,0.0,141100.0,1.0,141000.0,269000.0,264000.0,25.0,Not on track
CUST105304,17490.0,40000.0,389100.0,0.897,369000.0,579000.0,529000.0,30.0,Not on track
CUST105305,32517.0,0.0,465100.0,1.0,465000.0,855000.0,1657000.0,51.0,Not on track
CUST105306,6503.0,3586000.0,4034000.0,0.111,2241000.0,2319000.0,-1171000.0,0.0,Ready now
CUST105307,10054.0,1328000.0,1465400.0,0.094,801000.0,922000.0,-36000.0,0.0,Ready now
CUST105308,255.0,0.0,246500.0,1.0,246000.0,249000.0,20000.0,999.0,Not on track
CUST105309,5830.0,0.0,178200.0,1.0,178000.0,248000.0,436000.0,75.0,Not on track
CUST105310,16042.0,1321000.0,2308600.0,0.428,1648000.0,1841000.0,-1052000.0,0.0,Ready now
CUST105311,18085.0,2151000.0,2232900.0,0.037,1157000.0,1374000.0,-445000.0,0.0,Ready now
CUST105312,5167.0,1049000.0,1128100.0,0.07,604000.0,666000.0,-128000.0,0.0,Ready now
CUST105313,23351.0,788000.0,997000.0,0.21,603000.0,883000.0,191000.0,8.0,Ready in 12 months
CUST105314,7127.0,5000.0,2499900.0,0.998,2497000.0,2583000.0,-1577000.0,0.0,Ready now
CUST105315,12589.0,3000.0,2051900.0,0.999,2050000.0,2201000.0,-1614000.0,0.0,Ready now
CUST105316,13737.0,6000.0,78500.0,0.924,76000.0,241000.0,1028000.0,75.0,Not on track
CUST105317,24898.0,3554000.0,5740700.0,0.381,3964000.0,4263000.0,-2270000.0,0.0,Ready now
CUST105318,59190.0,1025000.0,1781000.0,0.424,1268000.0,1978000.0,1214000.0,21.0,Ready in 24 months
CUST105319,18653.0,1349000.0,1588100.0,0.151,914000.0,1138000.0,-318000.0,0.0,Ready now
CUST105320,4752.0,2746000.0,6503700.0,0.578,5131000.0,5188000.0,-4250000.0,0.0,Ready now
CUST105321,18084.0,14000.0,90100.0,0.845,83000.0,300000.0,829000.0,46.0,Not on track
CUST105322,14560.0,24000.0,265600.0,0.91,254000.0,429000.0,522000.0,36.0,Not on track
CUST105323,13697.0,3000.0,172200.0,0.983,171000.0,335000.0,311000.0,23.0,Ready in 24 months
CUST105324,26312.0,19000.0,945600.0,0.98,936000.0,1252000.0,-7000.0,0.0,Ready now
CUST105325,15983.0,1321000.0,8035400.0,0.836,7375000.0,7567000.0,-5924000.0,0.0,Ready now
CUST105326,12741.0,338000.0,1838400.0,0.816,1669000.0,1822000.0,-1145000.0,0.0,Ready now
CUST105327,16434.0,552000.0,595900.0,0.074,320000.0,517000.0,539000.0,33.0,Not on track
CUST105328,22659.0,1328000.0,1543500.0,0.14,880000.0,1152000.0,-193000.0,0.0,Ready now
CUST105329,13785.0,0.0,1561100.0,1.0,1561000.0,1726000.0,-585000.0,0.0,Ready now
CUST105330,22154.0,6000.0,240100.0,0.975,237000.0,503000.0,602000.0,27.0,Not on track
CUST105331,10405.0,2528000.0,4645800.0,0.456,3382000.0,3507000.0,-2202000.0,0.0,Ready now
CUST105332,51308.0,38000.0,3536900.0,0.989,3518000.0,4134000.0,-959000.0,0.0,Ready now
CUST105333,2813.0,1524000.0,1677000.0,0.091,915000.0,949000.0,-436000.0,0.0,Ready now
CUST105334,10405.0,0.0,129000.0,1.0,129000.0,254000.0,495000.0,48.0,Not on track
CUST105335,24356.0,2784000.0,3024800.0,0.08,1633000.0,1925000.0,-888000.0,0.0,Ready now
CUST105336,58119.0,8000.0,1320400.0,0.994,1316000.0,2013000.0,514000.0,9.0,Ready in 12 months
CUST105337,-15.0,1162000.0,1239900.0,0.063,659000.0,659000.0,-373000.0,0.0,Ready now
CUST105338,9387.0,997000.0,2107900.0,0.527,1609000.0,1722000.0,-567000.0,0.0,Ready now
CUST105339,5230.0,2112000.0,2282000.0,0.074,1226000.0,1289000.0,-330000.0,0.0,Ready now
CUST105340,22756.0,0.0,68700.0,1.0,69000.0,342000.0,809000.0,36.0,Not on track
CUST105341,21166.0,2107000.0,4491000.0,0.531,3438000.0,3692000.0,-2346000.0,0.0,Ready now
CUST105342,30375.0,1560000.0,1739300.0,0.103,959000.0,1324000.0,57000.0,2.0,Ready in 6 months
CUST105343,22696.0,0.0,1143000.0,1.0,1143000.0,1415000.0,123000.0,5.0,Ready in 6 months
CUST105344,2930.0,5000.0,172800.0,0.971,170000.0,205000.0,544000.0,186.0,Not on track
CUST105345,45642.0,3448000.0,4958700.0,0.305,3235000.0,3783000.0,-1756000.0,0.0,Ready now
CUST105346,58215.0,3343000.0,5211800.0,0.359,3540000.0,4239000.0,-1558000.0,0.0,Ready now
CUST105347,8931.0,27000.0,1479500.0,0.982,1466000.0,1573000.0,-789000.0,0.0,Ready now
CUST105348,23530.0,0.0,1141100.0,1.0,1141000.0,1423000.0,-333000.0,0.0,Ready now
CUST105349,6095.0,87000.0,1194300.0,0.927,1151000.0,1224000.0,-420000.0,0.0,Ready now
CUST105350,17323.0,1897000.0,2367800.0,0.199,1419000.0,1627000.0,51000.0,3.0,Ready in 6 months
CUST105351,14040.0,2193000.0,4004500.0,0.452,2908000.0,3076000.0,-2148000.0,0.0,Ready now
CUST105352,3431.0,632000.0,820500.0,0.23,504000.0,545000.0,40000.0,12.0,Ready in 12 months
CUST105353,18670.0,4624000.0,6454400.0,0.284,4142000.0,4366000.0,-2546000.0,0.0,Ready now
CUST105354,6996.0,1790000.0,1949200.0,0.082,1054000.0,1138000.0,-447000.0,0.0,Ready now
CUST105355,-2295.0,0.0,2901100.0,1.0,2901000.0,2901000.0,-1949000.0,0.0,Ready now
CUST105356,9920.0,17000.0,180800.0,0.906,172000.0,291000.0,218000.0,22.0,Ready in 24 months
CUST105357,11285.0,2229000.0,2605400.0,0.144,1491000.0,1626000.0,-599000.0,0.0,Ready now
CUST105358,16656.0,163000.0,347600.0,0.531,266000.0,466000.0,404000.0,24.0,Ready in 24 months
CUST105359,6296.0,1015000.0,1338600.0,0.242,831000.0,907000.0,-461000.0,0.0,Ready now
CUST105360,5962.0,39000.0,59700.0,0.347,40000.0,112000.0,1023000.0,172.0,Not on track
CUST105361,12260.0,6000.0,1001900.0,0.994,999000.0,1146000.0,-427000.0,0.0,Ready now
CUST105362,14895.0,7000.0,136400.0,0.949,133000.0,312000.0,619000.0,42.0,Not on track
CUST105363,643.0,1210000.0,1336300.0,0.095,731000.0,739000.0,1000.0,999.0,Not on track
CUST105364,4756.0,741000.0,1426100.0,0.48,1056000.0,1113000.0,-888000.0,0.0,Ready now
CUST105365,3416.0,5000.0,628300.0,0.992,626000.0,667000.0,-144000.0,0.0,Ready now
CUST105366,11857.0,781000.0,1679900.0,0.535,1289000.0,1431000.0,-678000.0,0.0,Ready now
CUST105367,36706.0,2045000.0,8144500.0,0.749,7122000.0,7562000.0,-5664000.0,0.0,Ready now
CUST105368,8752.0,3420000.0,5484400.0,0.376,3774000.0,3879000.0,-2268000.0,0.0,Ready now
CUST105369,8493.0,0.0,1862100.0,1.0,1862000.0,1964000.0,603000.0,71.0,Not on track
CUST105370,22556.0,1456000.0,2108000.0,0.309,1380000.0,1651000.0,-612000.0,0.0,Ready now
CUST105371,14279.0,2000.0,2197800.0,0.999,2197000.0,2368000.0,-1442000.0,0.0,Ready now
CUST105372,14294.0,4000.0,212000.0,0.981,210000.0,382000.0,699000.0,49.0,Not on track
CUST105373,13738.0,14000.0,1190600.0,0.988,1184000.0,1349000.0,-355000.0,0.0,Ready now
CUST105374,17972.0,116000.0,1419600.0,0.918,1362000.0,1578000.0,-621000.0,0.0,Ready now
CUST105375,10342.0,1965000.0,2215800.0,0.113,1233000.0,1357000.0,-365000.0,0.0,Ready now
CUST105376,23440.0,3064000.0,3204200.0,0.044,1672000.0,1953000.0,-1015000.0,0.0,Ready now
CUST105377,6500.0,853000.0,1370400.0,0.378,944000.0,1022000.0,-588000.0,0.0,Ready now
CUST105378,15149.0,8000.0,70500.0,0.887,66000.0,248000.0,554000.0,37.0,Not on track
CUST105379,11158.0,35000.0,1124100.0,0.969,1107000.0,1241000.0,-615000.0,0.0,Ready now
CUST105380,4179.0,1000.0,131900.0,0.992,131000.0,181000.0,679000.0,162.0,Not on track
CUST105381,25276.0,21000.0,134400.0,0.844,124000.0,427000.0,765000.0,30.0,Not on track
CUST105382,51086.0,13000.0,3998400.0,0.997,3992000.0,4605000.0,-2259000.0,0.0,Ready now
CUST105383,18242.0,433000.0,696600.0,0.378,480000.0,699000.0,181000.0,10.0,Ready in 12 months
CUST105384,10022.0,2419000.0,4792900.0,0.495,3583000.0,3703000.0,-2717000.0,0.0,Ready now
CUST105385,4596.0,0.0,688000.0,1.0,688000.0,743000.0,-323000.0,0.0,Ready now
CUST105386,8109.0,30000.0,131400.0,0.772,116000.0,213000.0,414000.0,51.0,Not on track
CUST105387,16435.0,6000.0,209400.0,0.971,206000.0,403000.0,894000.0,54.0,Not on track
CUST105388,5899.0,4000.0,1019800.0,0.996,1018000.0,1089000.0,-706000.0,0.0,Ready now
CUST105389,20722.0,0.0,190700.0,1.0,191000.0,440000.0,1307000.0,63.0,Not on track
CUST105390,12706.0,3668000.0,7719100.0,0.525,5885000.0,6037000.0,-4865000.0,0.0,Ready now
CUST105391,5962.0,1531000.0,1550000.0,0.012,784000.0,856000.0,-255000.0,0.0,Ready now
CUST105392,3789.0,36000.0,816600.0,0.956,799000.0,844000.0,-449000.0,0.0,Ready now
CUST105393,4556.0,1923000.0,2040900.0,0.058,1079000.0,1134000.0,-446000.0,0.0,Ready now
CUST105394,6720.0,0.0,765200.0,1.0,765000.0,846000.0,-471000.0,0.0,Ready now
CUST105395,8714.0,1375000.0,2471600.0,0.444,1784000.0,1889000.0,-1346000.0,0.0,Ready now
CUST105396,12080.0,716000.0,907200.0,0.211,549000.0,694000.0,-59000.0,0.0,Ready now
CUST105397,9456.0,2447000.0,2549100.0,0.04,1326000.0,1439000.0,-442000.0,0.0,Ready now
CUST105398,39747.0,3000.0,182100.0,0.984,181000.0,658000.0,1248000.0,31.0,Not on track
CUST105399,15593.0,1458000.0,1507100.0,0.033,778000.0,965000.0,-84000.0,0.0,Ready now
CUST105400,18415.0,0.0,2127000.0,1.0,2127000.0,2348000.0,-1005000.0,0.0,Ready now
CUST105401,20784.0,1015000.0,1093900.0,0.072,586000.0,835000.0,255000.0,12.0,Ready in 12 months
CUST105402,27034.0,46000.0,439900.0,0.895,417000.0,741000.0,929000.0,34.0,Not on track
CUST105403,6938.0,422000.0,2204100.0,0.809,1993000.0,2076000.0,-1447000.0,0.0,Ready now
CUST105404,25041.0,1809000.0,1988200.0,0.09,1084000.0,1384000.0,58000.0,2.0,Ready in 6 months
CUST105405,8003.0,1936000.0,3167300.0,0.389,2199000.0,2295000.0,-1360000.0,0.0,Ready now
CUST105406,20379.0,6000.0,267400.0,0.978,264000.0,509000.0,1696000.0,83.0,Not on track
CUST105407,11111.0,2489000.0,6662600.0,0.626,5418000.0,5551000.0,-4309000.0,0.0,Ready now
CUST105408,7257.0,8000.0,160500.0,0.95,156000.0,243000.0,971000.0,134.0,Not on track
CUST105409,8460.0,1097000.0,2233800.0,0.509,1685000.0,1787000.0,-1209000.0,0.0,Ready now
CUST105410,16518.0,0.0,233300.0,1.0,233000.0,431000.0,433000.0,26.0,Not on track
CUST105411,14462.0,212000.0,1235100.0,0.828,1129000.0,1303000.0,-465000.0,0.0,Ready now
CUST105412,16559.0,0.0,211600.0,1.0,212000.0,411000.0,445000.0,27.0,Not on track
CUST105413,20937.0,2192000.0,2346200.0,0.066,1250000.0,1501000.0,-391000.0,0.0,Ready now
CUST105414,27286.0,2366000.0,4177100.0,0.434,2994000.0,3321000.0,-2078000.0,0.0,Ready now
CUST105415,11372.0,465000.0,704000.0,0.339,472000.0,608000.0,554000.0,49.0,Not on track
CUST105416,44914.0,527000.0,3641100.0,0.855,3378000.0,3917000.0,-2330000.0,0.0,Ready now
CUST105417,29561.0,3328000.0,3706100.0,0.102,2042000.0,2397000.0,-956000.0,0.0,Ready now
CUST105418,8532.0,5000.0,301500.0,0.983,299000.0,401000.0,49000.0,6.0,Ready in 6 months
CUST105419,17389.0,0.0,3216800.0,1.0,3217000.0,3426000.0,-2317000.0,0.0,Ready now
CUST105420,22792.0,89000.0,461000.0,0.807,416000.0,690000.0,516000.0,23.0,Ready in 24 months
CUST105421,20536.0,0.0,3220100.0,1.0,3220000.0,3466000.0,-1821000.0,0.0,Ready now
CUST105422,15784.0,1314000.0,2024400.0,0.351,1367000.0,1556000.0,-449000.0,0.0,Ready now
CUST105423,20086.0,0.0,2840200.0,1.0,2840000.0,3081000.0,-1918000.0,0.0,Ready now
CUST105424,17991.0,0.0,520700.0,1.0,521000.0,737000.0,1179000.0,66.0,Not on track
CUST105425,19843.0,782000.0,798000.0,0.02,407000.0,645000.0,677000.0,34.0,Not on track
CUST105426,8160.0,409000.0,552300.0,0.259,348000.0,446000.0,12000.0,1.0,Ready in 6 months
CUST105427,-779.0,1057000.0,1713200.0,0.383,1185000.0,1185000.0,-944000.0,0.0,Ready now
CUST105428,76384.0,1511000.0,1979300.0,0.237,1224000.0,2141000.0,1264000.0,17.0,Ready in 24 months
CUST105429,6957.0,965000.0,2118000.0,0.544,1636000.0,1719000.0,-1216000.0,0.0,Ready now
CUST105430,21346.0,1000.0,161200.0,0.994,161000.0,417000.0,751000.0,35.0,Not on track
CUST105431,45760.0,993000.0,1334800.0,0.256,838000.0,1387000.0,473000.0,10.0,Ready in 12 months
CUST105432,4202.0,0.0,118500.0,1.0,118000.0,168000.0,87000.0,21.0,Ready in 24 months
CUST105433,8672.0,15000.0,157100.0,0.905,150000.0,254000.0,427000.0,49.0,Not on track
CUST105434,6387.0,1027000.0,1176400.0,0.127,663000.0,740000.0,-200000.0,0.0,Ready now
CUST105435,38263.0,0.0,53500.0,1.0,54000.0,513000.0,2386000.0,62.0,Not on track
CUST105436,90851.0,2000.0,2355900.0,0.999,2355000.0,3445000.0,364000.0,4.0,Ready in 6 months
CUST105437,15838.0,141000.0,897000.0,0.843,826000.0,1016000.0,-273000.0,0.0,Ready now
CUST105438,12133.0,8000.0,82900.0,0.903,79000.0,225000.0,1245000.0,103.0,Not on track
CUST105439,136.0,463000.0,3010700.0,0.846,2779000.0,2781000.0,-1800000.0,0.0,Ready now
CUST105440,10897.0,775000.0,2492200.0,0.689,2105000.0,2236000.0,-1243000.0,0.0,Ready now
CUST105441,9510.0,200000.0,212800.0,0.06,113000.0,227000.0,286000.0,30.0,Not on track
CUST105442,40594.0,0.0,8184000.0,1.0,8184000.0,8671000.0,-6350000.0,0.0,Ready now
CUST105443,5237.0,1367000.0,1414100.0,0.033,731000.0,794000.0,-331000.0,0.0,Ready now
CUST105444,34387.0,2000.0,2121200.0,0.999,2120000.0,2533000.0,-1018000.0,0.0,Ready now
CUST105445,6779.0,1664000.0,2784800.0,0.402,1953000.0,2034000.0,-1299000.0,0.0,Ready now
CUST105446,19885.0,1000.0,135900.0,0.993,135000.0,374000.0,1273000.0,64.0,Not on track
CUST105447,29229.0,3555000.0,4017300.0,0.115,2240000.0,2591000.0,-1194000.0,0.0,Ready now
CUST105448,12775.0,1361000.0,1393500.0,0.023,713000.0,866000.0,-106000.0,0.0,Ready now
CUST105449,6533.0,29000.0,106900.0,0.729,92000.0,170000.0,445000.0,68.0,Not on track
CUST105450,10453.0,0.0,667800.0,1.0,668000.0,793000.0,-212000.0,0.0,Ready now
CUST105451,27466.0,23000.0,1205800.0,0.981,1194000.0,1524000.0,-101000.0,0.0,Ready now
CUST105452,20715.0,0.0,230300.0,1.0,230000.0,479000.0,803000.0,39.0,Not on track
CUST105453,18636.0,359000.0,1004400.0,0.643,825000.0,1049000.0,-30000.0,0.0,Ready now
CUST105454,14908.0,0.0,1145900.0,1.0,1146000.0,1325000.0,-270000.0,0.0,Ready now
CUST105455,41267.0,4699000.0,4838400.0,0.029,2489000.0,2984000.0,-485000.0,0.0,Ready now
CUST105456,29002.0,3040000.0,3235700.0,0.06,1716000.0,2064000.0,-133000.0,0.0,Ready now
CUST105457,51328.0,0.0,1561700.0,1.0,1562000.0,2178000.0,383000.0,7.0,Ready in 12 months
CUST105458,4905.0,3000.0,684100.0,0.996,683000.0,742000.0,-412000.0,0.0,Ready now
CUST105459,16250.0,2692000.0,3655300.0,0.264,2309000.0,2504000.0,-1005000.0,0.0,Ready now
CUST105460,13619.0,2739000.0,2912300.0,0.06,1543000.0,1706000.0,-641000.0,0.0,Ready now
CUST105461,7389.0,459000.0,1521900.0,0.698,1292000.0,1381000.0,-864000.0,0.0,Ready now
CUST105462,10714.0,432000.0,476000.0,0.092,260000.0,389000.0,-16000.0,0.0,Ready now
CUST105463,14173.0,730000.0,937000.0,0.221,572000.0,742000.0,317000.0,22.0,Ready in 24 months
CUST105464,8136.0,596000.0,2090800.0,0.715,1793000.0,1891000.0,-1286000.0,0.0,Ready now
CUST105465,-1509.0,884000.0,1075800.0,0.178,634000.0,634000.0,-176000.0,0.0,Ready now
CUST105466,16514.0,0.0,174500.0,1.0,174000.0,372000.0,450000.0,27.0,Not on track
CUST105467,31182.0,1240000.0,3924900.0,0.684,3305000.0,3679000.0,-1984000.0,0.0,Ready now
CUST105468,16153.0,3000.0,822300.0,0.996,821000.0,1015000.0,-267000.0,0.0,Ready now
CUST105469,8624.0,1241000.0,2889100.0,0.57,2269000.0,2372000.0,-1619000.0,0.0,Ready now
CUST105470,14863.0,400000.0,935600.0,0.572,736000.0,914000.0,654000.0,44.0,Not on track
CUST105471,7512.0,0.0,112400.0,1.0,112000.0,202000.0,224000.0,30.0,Not on track
CUST105472,14871.0,0.0,1599900.0,1.0,1600000.0,1778000.0,-706000.0,0.0,Ready now
CUST105473,7960.0,2505000.0,2746200.0,0.088,1494000.0,1590000.0,-618000.0,0.0,Ready now
CUST105474,11614.0,2367000.0,2426100.0,0.024,1243000.0,1382000.0,-190000.0,0.0,Ready now
CUST105475,13861.0,23000.0,158200.0,0.855,147000.0,313000.0,624000.0,45.0,Not on track
CUST105476,2398.0,783000.0,894300.0,0.124,503000.0,532000.0,-24000.0,0.0,Ready now
CUST105477,62439.0,2000.0,4193300.0,1.0,4192000.0,4941000.0,-2073000.0,0.0,Ready now
CUST105478,10659.0,414000.0,1463500.0,0.717,1256000.0,1384000.0,-610000.0,0.0,Ready now
CUST105479,8329.0,2000.0,593900.0,0.997,593000.0,693000.0,-243000.0,0.0,Ready now
CUST105480,22581.0,30000.0,101000.0,0.703,86000.0,357000.0,916000.0,41.0,Not on track
CUST105481,15214.0,0.0,571000.0,1.0,571000.0,754000.0,6000.0,0.0,Ready now
CUST105482,47721.0,1521000.0,2779600.0,0.453,2019000.0,2592000.0,-343000.0,0.0,Ready now
CUST105483,1271.0,455000.0,1677500.0,0.729,1450000.0,1465000.0,-953000.0,0.0,Ready now
CUST105484,40158.0,1005000.0,2647600.0,0.62,2145000.0,2627000.0,-665000.0,0.0,Ready now
CUST105485,26688.0,0.0,315800.0,1.0,316000.0,636000.0,626000.0,23.0,Ready in 24 months
CUST105486,19535.0,1748000.0,1783600.0,0.02,910000.0,1144000.0,-94000.0,0.0,Ready now
CUST105487,25487.0,3343000.0,3806500.0,0.122,2135000.0,2441000.0,-741000.0,0.0,Ready now
CUST105488,2057.0,335000.0,2155900.0,0.845,1988000.0,2013000.0,-1361000.0,0.0,Ready now
CUST105489,23213.0,1800000.0,2093400.0,0.14,1193000.0,1472000.0,-419000.0,0.0,Ready now
CUST105490,17419.0,0.0,302400.0,1.0,302000.0,511000.0,804000.0,46.0,Not on track
CUST105491,31733.0,23000.0,694000.0,0.967,682000.0,1063000.0,428000.0,13.0,Ready in 24 months
CUST105492,-648.0,0.0,446100.0,1.0,446000.0,446000.0,-3000.0,0.0,Ready now
CUST105493,11742.0,1448000.0,1462200.0,0.01,738000.0,879000.0,-278000.0,0.0,Ready now
CUST105494,27194.0,2000.0,1523500.0,0.999,1522000.0,1848000.0,-640000.0,0.0,Ready now
CUST105495,11387.0,0.0,1180300.0,1.0,1180000.0,1317000.0,-490000.0,0.0,Ready now
CUST105496,34168.0,455000.0,663700.0,0.314,436000.0,846000.0,570000.0,17.0,Ready in 24 months
CUST105497,20569.0,0.0,254200.0,1.0,254000.0,501000.0,550000.0,27.0,Not on track
CUST105498,15519.0,241000.0,2343800.0,0.897,2223000.0,2409000.0,-1645000.0,0.0,Ready now
CUST105499,10869.0,6000.0,894500.0,0.993,892000.0,1022000.0,-26000.0,0.0,Ready now
CUST105500,12438.0,2120000.0,2258600.0,0.061,1199000.0,1348000.0,-243000.0,0.0,Ready now
CUST105501,-2963.0,1297000.0,5136300.0,0.747,4488000.0,4488000.0,-3381000.0,0.0,Ready now
CUST105502,11963.0,2080000.0,2509400.0,0.171,1469000.0,1613000.0,-466000.0,0.0,Ready now
CUST105503,40384.0,5882000.0,6468600.0,0.091,3528000.0,4013000.0,-1274000.0,0.0,Ready now
CUST105504,9986.0,0.0,296600.0,1.0,297000.0,417000.0,539000.0,54.0,Not on track
CUST105505,15898.0,5000.0,165100.0,0.97,163000.0,354000.0,545000.0,34.0,Not on track
CUST105506,6869.0,573000.0,712000.0,0.195,426000.0,508000.0,312000.0,45.0,Not on track
CUST105507,27397.0,0.0,3536800.0,1.0,3537000.0,3866000.0,-2220000.0,0.0,Ready now
CUST105508,35324.0,3188000.0,7839200.0,0.593,6245000.0,6669000.0,-4935000.0,0.0,Ready now
CUST105509,16584.0,4079000.0,4292500.0,0.05,2253000.0,2452000.0,-315000.0,0.0,Ready now
CUST105510,7619.0,1205000.0,1391500.0,0.134,789000.0,880000.0,-464000.0,0.0,Ready now
CUST105511,25856.0,4175000.0,4566500.0,0.086,2479000.0,2789000.0,-832000.0,0.0,Ready now
CUST105512,22910.0,714000.0,928500.0,0.231,572000.0,847000.0,294000.0,13.0,Ready in 24 months
CUST105513,7043.0,1599000.0,1734400.0,0.078,935000.0,1020000.0,-567000.0,0.0,Ready now
CUST105514,7879.0,17000.0,1085500.0,0.984,1077000.0,1172000.0,-567000.0,0.0,Ready now
CUST105515,-2805.0,4077000.0,8042600.0,0.493,6004000.0,6004000.0,-5135000.0,0.0,Ready now
CUST105516,20238.0,0.0,199900.0,1.0,200000.0,443000.0,692000.0,34.0,Not on track
CUST105517,1454.0,9000.0,222500.0,0.96,218000.0,235000.0,100000.0,69.0,Not on track
CUST105518,7467.0,887000.0,1076300.0,0.176,633000.0,723000.0,-153000.0,0.0,Ready now
CUST105519,-939.0,0.0,115000.0,1.0,115000.0,115000.0,101000.0,999.0,Not on track
CUST105520,15377.0,2046000.0,3652500.0,0.44,2630000.0,2815000.0,-1942000.0,0.0,Ready now
CUST105521,5915.0,1000.0,1924200.0,0.999,1924000.0,1995000.0,-894000.0,0.0,Ready now
CUST105522,476.0,0.0,491800.0,1.0,492000.0,498000.0,-116000.0,0.0,Ready now
CUST105523,18134.0,3000.0,2868600.0,0.999,2867000.0,3085000.0,-2066000.0,0.0,Ready now
CUST105524,23300.0,0.0,2203600.0,1.0,2204000.0,2484000.0,-537000.0,0.0,Ready now
CUST105525,67761.0,5389000.0,9364900.0,0.425,6670000.0,7483000.0,-4809000.0,0.0,Ready now
CUST105526,22662.0,1334000.0,2007800.0,0.336,1341000.0,1613000.0,811000.0,36.0,Not on track
CUST105527,-1188.0,134000.0,1011600.0,0.868,945000.0,945000.0,-623000.0,0.0,Ready now
CUST105528,25502.0,3000.0,3058200.0,0.999,3057000.0,3363000.0,-769000.0,0.0,Ready now
CUST105529,17693.0,0.0,901000.0,1.0,901000.0,1113000.0,48000.0,3.0,Ready in 6 months
CUST105530,28042.0,10000.0,2155000.0,0.995,2150000.0,2487000.0,-1228000.0,0.0,Ready now
CUST105531,38314.0,4136000.0,4303200.0,0.039,2235000.0,2695000.0,-576000.0,0.0,Ready now
CUST105532,24049.0,12000.0,3866200.0,0.997,3860000.0,4149000.0,-2451000.0,0.0,Ready now
CUST105533,9473.0,0.0,23000.0,1.0,23000.0,137000.0,301000.0,32.0,Not on track
CUST105534,9182.0,2204000.0,3806400.0,0.421,2704000.0,2814000.0,-1974000.0,0.0,Ready now
CUST105535,18110.0,1030000.0,1981600.0,0.48,1467000.0,1684000.0,-642000.0,0.0,Ready now
CUST105536,8781.0,0.0,245300.0,1.0,245000.0,350000.0,183000.0,21.0,Ready in 24 months
CUST105537,36102.0,0.0,1016000.0,1.0,1016000.0,1449000.0,146000.0,4.0,Ready in 6 months
CUST105538,24008.0,18000.0,6694800.0,0.997,6686000.0,6974000.0,-4651000.0,0.0,Ready now
CUST105539,10377.0,1503000.0,1743000.0,0.138,992000.0,1117000.0,-6000.0,0.0,Ready now
CUST105540,35572.0,2516000.0,2587600.0,0.028,1330000.0,1757000.0,-296000.0,0.0,Ready now
CUST105541,7421.0,2527000.0,2721200.0,0.071,1458000.0,1547000.0,-654000.0,0.0,Ready now
CUST105542,6794.0,237000.0,506700.0,0.532,388000.0,470000.0,426000.0,63.0,Not on track
CUST105543,38662.0,3094000.0,3619100.0,0.145,2072000.0,2536000.0,-1015000.0,0.0,Ready now
CUST105544,9309.0,0.0,869200.0,1.0,869000.0,981000.0,-459000.0,0.0,Ready now
CUST105545,24110.0,0.0,34700.0,1.0,35000.0,324000.0,776000.0,32.0,Not on track
CUST105546,25403.0,662000.0,2429600.0,0.728,2099000.0,2404000.0,-1101000.0,0.0,Ready now
CUST105547,7116.0,0.0,966900.0,1.0,967000.0,1052000.0,-273000.0,0.0,Ready now
CUST105548,17685.0,726000.0,820700.0,0.115,458000.0,670000.0,313000.0,18.0,Ready in 24 months
CUST105549,31710.0,3032000.0,3834900.0,0.209,2319000.0,2700000.0,-311000.0,0.0,Ready now
CUST105550,6858.0,22000.0,147500.0,0.851,136000.0,218000.0,286000.0,42.0,Not on track
CUST105551,18686.0,1961000.0,3502800.0,0.44,2522000.0,2746000.0,-1825000.0,0.0,Ready now
CUST105552,37286.0,3000.0,3070200.0,0.999,3069000.0,3516000.0,-1261000.0,0.0,Ready now
CUST105553,14290.0,6000.0,45900.0,0.869,43000.0,214000.0,343000.0,24.0,Ready in 24 months
CUST105554,8772.0,10000.0,172200.0,0.942,167000.0,272000.0,623000.0,71.0,Not on track
CUST105555,19666.0,2292000.0,2465900.0,0.071,1320000.0,1556000.0,-307000.0,0.0,Ready now
CUST105556,15943.0,0.0,90100.0,1.0,90000.0,281000.0,1128000.0,71.0,Not on track
CUST105557,17712.0,0.0,1960100.0,1.0,1960000.0,2173000.0,-1148000.0,0.0,Ready now
CUST105558,11848.0,1303000.0,1402100.0,0.071,751000.0,893000.0,-117000.0,0.0,Ready now
CUST105559,38908.0,2523000.0,2876300.0,0.123,1615000.0,2082000.0,-375000.0,0.0,Ready now
CUST105560,20844.0,3000.0,2556100.0,0.999,2555000.0,2805000.0,-1612000.0,0.0,Ready now
CUST105561,25744.0,2000.0,1803900.0,0.999,1803000.0,2112000.0,-447000.0,0.0,Ready now
CUST105562,40675.0,2698000.0,9436000.0,0.714,8087000.0,8575000.0,-6656000.0,0.0,Ready now
CUST105563,7006.0,1203000.0,2824100.0,0.574,2223000.0,2307000.0,-2048000.0,0.0,Ready now
CUST105564,36105.0,0.0,329700.0,1.0,330000.0,763000.0,1332000.0,37.0,Not on track
CUST105565,17516.0,9000.0,3024600.0,0.997,3020000.0,3230000.0,-2222000.0,0.0,Ready now
CUST105566,38170.0,1811000.0,4230200.0,0.572,3325000.0,3783000.0,-2169000.0,0.0,Ready now
CUST105567,34294.0,2147000.0,2856700.0,0.248,1783000.0,2195000.0,-723000.0,0.0,Ready now
CUST105568,25115.0,1006000.0,1329800.0,0.243,827000.0,1128000.0,991000.0,39.0,Not on track
CUST105569,25045.0,1344000.0,3221000.0,0.583,2549000.0,2850000.0,-1554000.0,0.0,Ready now
CUST105570,18349.0,1534000.0,5337800.0,0.713,4571000.0,4791000.0,-3940000.0,0.0,Ready now
CUST105571,7294.0,0.0,213200.0,1.0,213000.0,301000.0,340000.0,47.0,Not on track
CUST105572,13914.0,3000.0,455300.0,0.993,454000.0,621000.0,19000.0,1.0,Ready in 6 months
CUST105573,7571.0,1255000.0,8095800.0,0.845,7468000.0,7559000.0,-6134000.0,0.0,Ready now
CUST105574,8713.0,14000.0,36800.0,0.62,30000.0,135000.0,542000.0,62.0,Not on track
CUST105575,25062.0,2811000.0,2988500.0,0.059,1583000.0,1884000.0,-105000.0,0.0,Ready now
CUST105576,10036.0,0.0,69200.0,1.0,69000.0,189000.0,732000.0,73.0,Not on track
CUST105577,5947.0,2000.0,116100.0,0.983,115000.0,186000.0,255000.0,43.0,Not on track
CUST105578,59811.0,4002000.0,4281600.0,0.065,2281000.0,2999000.0,-195000.0,0.0,Ready now
CUST105579,11685.0,369000.0,793500.0,0.535,609000.0,749000.0,-253000.0,0.0,Ready now
CUST105580,20410.0,110000.0,238800.0,0.539,184000.0,429000.0,620000.0,30.0,Not on track
CUST105581,16506.0,17000.0,2493000.0,0.993,2484000.0,2682000.0,-1370000.0,0.0,Ready now
CUST105582,10570.0,972000.0,980900.0,0.009,495000.0,622000.0,-139000.0,0.0,Ready now
CUST105583,30467.0,989000.0,4998500.0,0.802,4504000.0,4870000.0,-3268000.0,0.0,Ready now
CUST105584,19176.0,6000.0,294300.0,0.98,291000.0,521000.0,419000.0,22.0,Ready in 24 months
CUST105585,10985.0,357000.0,1552600.0,0.77,1374000.0,1506000.0,-670000.0,0.0,Ready now
CUST105586,22808.0,7000.0,3735400.0,0.998,3732000.0,4006000.0,-2072000.0,0.0,Ready now
CUST105587,20154.0,0.0,1824700.0,1.0,1825000.0,2067000.0,-761000.0,0.0,Ready now
CUST105588,14675.0,15000.0,1372600.0,0.989,1365000.0,1541000.0,-1060000.0,0.0,Ready now
CUST105589,25034.0,1003000.0,1672600.0,0.4,1171000.0,1471000.0,-261000.0,0.0,Ready now
CUST105590,32742.0,354000.0,803000.0,0.559,626000.0,1019000.0,1185000.0,36.0,Not on track
CUST105591,12561.0,169000.0,1159400.0,0.854,1075000.0,1226000.0,139000.0,11.0,Ready in 12 months
CUST105592,2229.0,5000.0,802200.0,0.994,800000.0,827000.0,-385000.0,0.0,Ready now
CUST105593,3920.0,0.0,770600.0,1.0,771000.0,818000.0,-80000.0,0.0,Ready now
CUST105594,7062.0,362000.0,469200.0,0.228,288000.0,373000.0,91000.0,13.0,Ready in 24 months
CUST105595,25163.0,1845000.0,2081000.0,0.113,1158000.0,1460000.0,-367000.0,0.0,Ready now
CUST105596,50646.0,28000.0,6462800.0,0.996,6449000.0,7057000.0,-4235000.0,0.0,Ready now
CUST105597,-870.0,118000.0,2199800.0,0.946,2141000.0,2141000.0,-1625000.0,0.0,Ready now
CUST105598,5665.0,0.0,101300.0,1.0,101000.0,169000.0,406000.0,72.0,Not on track
CUST105599,15412.0,2999000.0,6553800.0,0.542,5054000.0,5239000.0,-3824000.0,0.0,Ready now
CUST105600,15632.0,21000.0,1835000.0,0.989,1824000.0,2012000.0,-1462000.0,0.0,Ready now
CUST105601,31528.0,2684000.0,3118800.0,0.139,1777000.0,2155000.0,-673000.0,0.0,Ready now
CUST105602,1148.0,328000.0,1426200.0,0.77,1262000.0,1276000.0,-712000.0,0.0,Ready now
CUST105603,40342.0,0.0,543100.0,1.0,543000.0,1027000.0,1055000.0,26.0,Not on track
CUST105604,8131.0,603000.0,621200.0,0.029,320000.0,418000.0,228000.0,28.0,Not on track
CUST105605,892.0,0.0,991100.0,1.0,991000.0,1002000.0,-555000.0,0.0,Ready now
CUST105606,30198.0,2000.0,60500.0,0.967,60000.0,422000.0,1191000.0,39.0,Not on track
CUST105607,4649.0,788000.0,1216100.0,0.352,822000.0,878000.0,-541000.0,0.0,Ready now
CUST105608,13967.0,432000.0,780200.0,0.446,564000.0,732000.0,345000.0,25.0,Not on track
CUST105609,25660.0,0.0,374300.0,1.0,374000.0,682000.0,829000.0,32.0,Not on track
CUST105610,2406.0,170000.0,217400.0,0.218,132000.0,161000.0,224000.0,93.0,Not on track
CUST105611,3282.0,7000.0,212600.0,0.967,209000.0,248000.0,680000.0,207.0,Not on track
CUST105612,5242.0,11000.0,94500.0,0.884,89000.0,152000.0,380000.0,72.0,Not on track
CUST105613,9276.0,0.0,660700.0,1.0,661000.0,772000.0,-266000.0,0.0,Ready now
CUST105614,12827.0,16000.0,1439900.0,0.989,1432000.0,1586000.0,-953000.0,0.0,Ready now
CUST105615,23735.0,0.0,239100.0,1.0,239000.0,524000.0,666000.0,28.0,Not on track
CUST105616,14209.0,1923000.0,1935400.0,0.006,974000.0,1145000.0,-585000.0,0.0,Ready now
CUST105617,19578.0,1154000.0,1397500.0,0.174,820000.0,1055000.0,648000.0,33.0,Not on track
CUST105618,24741.0,13000.0,2514300.0,0.995,2508000.0,2805000.0,-1475000.0,0.0,Ready now
CUST105619,17327.0,8000.0,968400.0,0.992,964000.0,1172000.0,-188000.0,0.0,Ready now
CUST105620,13710.0,1109000.0,2198200.0,0.495,1644000.0,1809000.0,-1206000.0,0.0,Ready now
CUST105621,15044.0,134000.0,2645800.0,0.949,2579000.0,2760000.0,-1470000.0,0.0,Ready now
CUST105622,38334.0,5000.0,552800.0,0.991,550000.0,1010000.0,1948000.0,51.0,Not on track
CUST105623,14670.0,1076000.0,1603600.0,0.329,1066000.0,1242000.0,-503000.0,0.0,Ready now
CUST105624,8274.0,736000.0,839200.0,0.123,471000.0,570000.0,115000.0,14.0,Ready in 24 months
CUST105625,10543.0,613000.0,799400.0,0.233,493000.0,620000.0,-147000.0,0.0,Ready now
CUST105626,46417.0,4390000.0,6312200.0,0.305,4117000.0,4674000.0,-2607000.0,0.0,Ready now
CUST105627,16914.0,539000.0,1016200.0,0.47,747000.0,950000.0,829000.0,49.0,Not on track
CUST105628,9971.0,2315000.0,3567800.0,0.351,2410000.0,2530000.0,-1804000.0,0.0,Ready now
CUST105629,18283.0,1660000.0,1862800.0,0.109,1033000.0,1252000.0,-298000.0,0.0,Ready now
CUST105630,7388.0,254000.0,357100.0,0.289,230000.0,319000.0,280000.0,38.0,Not on track
CUST105631,1477.0,1130000.0,1973900.0,0.428,1409000.0,1427000.0,-773000.0,0.0,Ready now
CUST105632,14009.0,4616000.0,5502600.0,0.161,3195000.0,3363000.0,-2129000.0,0.0,Ready now
CUST105633,-2241.0,0.0,2299500.0,1.0,2300000.0,2300000.0,-1946000.0,0.0,Ready now
CUST105634,33733.0,4739000.0,5197800.0,0.088,2828000.0,3233000.0,-941000.0,0.0,Ready now
CUST105635,1867.0,1222000.0,1336000.0,0.085,725000.0,747000.0,-34000.0,0.0,Ready now
CUST105636,5192.0,17000.0,886800.0,0.981,878000.0,940000.0,-662000.0,0.0,Ready now
CUST105637,22924.0,8201000.0,10838400.0,0.243,6738000.0,7013000.0,-4662000.0,0.0,Ready now
CUST105638,33841.0,0.0,597500.0,1.0,598000.0,1004000.0,505000.0,15.0,Ready in 24 months
CUST105639,25305.0,1459000.0,4368500.0,0.666,3639000.0,3943000.0,-2344000.0,0.0,Ready now
CUST105640,12421.0,3000.0,1555000.0,0.998,1554000.0,1703000.0,-951000.0,0.0,Ready now
CUST105641,11092.0,1087000.0,1276600.0,0.149,733000.0,866000.0,-231000.0,0.0,Ready now
CUST105642,5682.0,0.0,372400.0,1.0,372000.0,440000.0,324000.0,57.0,Not on track
CUST105643,6609.0,232000.0,517400.0,0.552,401000.0,480000.0,-177000.0,0.0,Ready now
CUST105644,2536.0,342000.0,413300.0,0.173,242000.0,272000.0,424000.0,167.0,Not on track
CUST105645,24446.0,3686000.0,6339900.0,0.419,4497000.0,4790000.0,-3183000.0,0.0,Ready now
CUST105646,10611.0,1558000.0,1938300.0,0.196,1159000.0,1286000.0,81000.0,8.0,Ready in 12 months
CUST105647,15098.0,3079000.0,5850400.0,0.474,4311000.0,4492000.0,-3550000.0,0.0,Ready now
CUST105648,38578.0,1608000.0,1832600.0,0.123,1029000.0,1492000.0,1342000.0,35.0,Not on track
CUST105649,2772.0,2470000.0,4807500.0,0.486,3572000.0,3605000.0,-2539000.0,0.0,Ready now
CUST105650,5702.0,0.0,592800.0,1.0,593000.0,661000.0,-211000.0,0.0,Ready now
CUST105651,7220.0,27000.0,57500.0,0.53,44000.0,131000.0,742000.0,103.0,Not on track
CUST105652,65924.0,6727000.0,6913400.0,0.027,3550000.0,4341000.0,-1287000.0,0.0,Ready now
CUST105653,18354.0,795000.0,1092400.0,0.272,695000.0,915000.0,154000.0,8.0,Ready in 12 months
CUST105654,46427.0,38000.0,636400.0,0.94,617000.0,1174000.0,1901000.0,41.0,Not on track
CUST105655,27286.0,2505000.0,2767600.0,0.095,1515000.0,1842000.0,139000.0,5.0,Ready in 6 months
CUST105656,20787.0,813000.0,2222700.0,0.634,1816000.0,2065000.0,-1182000.0,0.0,Ready now
CUST105657,6442.0,531000.0,696700.0,0.238,431000.0,508000.0,146000.0,23.0,Ready in 24 months
CUST105658,7147.0,371000.0,1376900.0,0.731,1191000.0,1277000.0,-17000.0,0.0,Ready now
CUST105659,20791.0,1260000.0,2130200.0,0.409,1500000.0,1749000.0,371000.0,18.0,Ready in 24 months
CUST105660,13499.0,0.0,913800.0,1.0,914000.0,1076000.0,-464000.0,0.0,Ready now
CUST105661,24148.0,1957000.0,2148600.0,0.089,1170000.0,1460000.0,-348000.0,0.0,Ready now
CUST105662,6522.0,0.0,754500.0,1.0,754000.0,832000.0,-530000.0,0.0,Ready now
CUST105663,12341.0,2034000.0,2320600.0,0.124,1304000.0,1452000.0,-638000.0,0.0,Ready now
CUST105664,-2370.0,1398000.0,1916800.0,0.271,1218000.0,1218000.0,-984000.0,0.0,Ready now
CUST105665,26035.0,0.0,1143700.0,1.0,1144000.0,1456000.0,29000.0,1.0,Ready in 6 months
CUST105666,17504.0,402000.0,643100.0,0.375,442000.0,652000.0,189000.0,11.0,Ready in 12 months
CUST105667,21037.0,2386000.0,5722300.0,0.583,4529000.0,4781000.0,-3393000.0,0.0,Ready now
CUST105668,16293.0,1742000.0,3250700.0,0.464,2380000.0,2576000.0,-1623000.0,0.0,Ready now
CUST105669,5189.0,1105000.0,1327200.0,0.167,775000.0,837000.0,-360000.0,0.0,Ready now
CUST105670,4156.0,16000.0,536900.0,0.97,529000.0,579000.0,-179000.0,0.0,Ready now
CUST105671,32198.0,3203000.0,5173500.0,0.381,3572000.0,3958000.0,-2366000.0,0.0,Ready now
CUST105672,23335.0,96000.0,124900.0,0.231,77000.0,357000.0,1191000.0,51.0,Not on track
CUST105673,47237.0,1936000.0,3114800.0,0.378,2147000.0,2714000.0,-561000.0,0.0,Ready now
CUST105674,20345.0,2462000.0,2712500.0,0.092,1482000.0,1726000.0,-107000.0,0.0,Ready now
CUST105675,32621.0,536000.0,893300.0,0.4,625000.0,1016000.0,586000.0,18.0,Ready in 24 months
CUST105676,6741.0,1588000.0,1794600.0,0.115,1001000.0,1082000.0,52000.0,8.0,Ready in 12 months
CUST105677,23726.0,2426000.0,6291000.0,0.614,5078000.0,5363000.0,-3875000.0,0.0,Ready now
CUST105678,36311.0,9000.0,1403700.0,0.994,1399000.0,1835000.0,-127000.0,0.0,Ready now
CUST105679,5514.0,194000.0,1375300.0,0.859,1278000.0,1344000.0,-816000.0,0.0,Ready now
CUST105680,1682.0,208000.0,1877100.0,0.889,1773000.0,1793000.0,-1309000.0,0.0,Ready now
CUST105681,10970.0,11000.0,1253900.0,0.991,1248000.0,1380000.0,-896000.0,0.0,Ready now
CUST105682,17468.0,16000.0,47700.0,0.665,40000.0,250000.0,1130000.0,65.0,Not on track
CUST105683,64120.0,6499000.0,11097700.0,0.414,7848000.0,8617000.0,-5608000.0,0.0,Ready now
CUST105684,41325.0,2025000.0,5418000.0,0.626,4406000.0,4902000.0,-2854000.0,0.0,Ready now
CUST105685,18575.0,1356000.0,2705600.0,0.499,2028000.0,2251000.0,-1296000.0,0.0,Ready now
CUST105686,10846.0,2585000.0,3421500.0,0.244,2129000.0,2259000.0,-852000.0,0.0,Ready now
CUST105687,30954.0,2220000.0,2691600.0,0.175,1582000.0,1953000.0,-402000.0,0.0,Ready now
CUST105688,20618.0,2602000.0,3274400.0,0.205,1973000.0,2220000.0,-1073000.0,0.0,Ready now
CUST105689,6284.0,1309000.0,1972800.0,0.336,1318000.0,1393000.0,-801000.0,0.0,Ready now
CUST105690,39790.0,247000.0,3374500.0,0.927,3251000.0,3728000.0,-1702000.0,0.0,Ready now
CUST105691,9952.0,23000.0,1217700.0,0.981,1206000.0,1325000.0,-750000.0,0.0,Ready now
CUST105692,18254.0,705000.0,993400.0,0.29,641000.0,860000.0,-121000.0,0.0,Ready now
CUST105693,16846.0,782000.0,5476000.0,0.857,5085000.0,5287000.0,-3483000.0,0.0,Ready now
CUST105694,7678.0,1725000.0,2479900.0,0.304,1617000.0,1709000.0,-860000.0,0.0,Ready now
CUST105695,32345.0,1252000.0,2991200.0,0.581,2365000.0,2753000.0,-1333000.0,0.0,Ready now
CUST105696,5543.0,1458000.0,1648300.0,0.115,919000.0,986000.0,-97000.0,0.0,Ready now
CUST105697,7322.0,0.0,49900.0,1.0,50000.0,138000.0,824000.0,113.0,Not on track
CUST105698,10537.0,21000.0,362700.0,0.942,352000.0,478000.0,698000.0,66.0,Not on track
CUST105699,3309.0,24000.0,74200.0,0.677,62000.0,102000.0,1041000.0,315.0,Not on track
CUST105700,20085.0,7000.0,1755600.0,0.996,1752000.0,1993000.0,-723000.0,0.0,Ready now
CUST105701,13906.0,1548000.0,1962000.0,0.211,1188000.0,1355000.0,-802000.0,0.0,Ready now
CUST105702,8665.0,682000.0,846200.0,0.194,505000.0,609000.0,-140000.0,0.0,Ready now
CUST105703,22943.0,3942000.0,4040400.0,0.024,2069000.0,2344000.0,-778000.0,0.0,Ready now
CUST105704,44432.0,1612000.0,3533700.0,0.544,2728000.0,3261000.0,-1294000.0,0.0,Ready now
CUST105705,18992.0,17000.0,142200.0,0.88,134000.0,362000.0,672000.0,35.0,Not on track
CUST105706,26134.0,0.0,184300.0,1.0,184000.0,498000.0,984000.0,38.0,Not on track
CUST105707,6108.0,0.0,214200.0,1.0,214000.0,287000.0,140000.0,23.0,Ready in 24 months
CUST105708,4922.0,0.0,124200.0,1.0,124000.0,183000.0,181000.0,37.0,Not on track
CUST105709,15091.0,1050000.0,2051800.0,0.488,1527000.0,1708000.0,-652000.0,0.0,Ready now
CUST105710,7431.0,13000.0,423600.0,0.969,417000.0,506000.0,-34000.0,0.0,Ready now
CUST105711,12272.0,0.0,355600.0,1.0,356000.0,503000.0,731000.0,60.0,Not on track
CUST105712,20893.0,39000.0,599600.0,0.935,580000.0,831000.0,1322000.0,63.0,Not on track
CUST105713,13116.0,377000.0,488600.0,0.228,300000.0,457000.0,189000.0,14.0,Ready in 24 months
CUST105714,11639.0,5000.0,1879000.0,0.997,1876000.0,2016000.0,-1126000.0,0.0,Ready now
CUST105715,15564.0,0.0,358600.0,1.0,359000.0,546000.0,241000.0,15.0,Ready in 24 months
CUST105716,6528.0,2069000.0,2202900.0,0.061,1168000.0,1246000.0,-337000.0,0.0,Ready now
CUST105717,26513.0,2075000.0,2229300.0,0.069,1192000.0,1510000.0,-217000.0,0.0,Ready now
CUST105718,8780.0,608000.0,657900.0,0.076,354000.0,459000.0,170000.0,19.0,Ready in 24 months
CUST105719,37762.0,0.0,330800.0,1.0,331000.0,784000.0,1234000.0,33.0,Not on track
CUST105720,24697.0,118000.0,10045200.0,0.988,9986000.0,10282000.0,-6978000.0,0.0,Ready now
CUST105721,56498.0,3329000.0,3543100.0,0.06,1879000.0,2557000.0,-242000.0,0.0,Ready now
CUST105722,25430.0,1854000.0,2080600.0,0.109,1154000.0,1459000.0,-216000.0,0.0,Ready now
CUST105723,25767.0,0.0,1177400.0,1.0,1177000.0,1486000.0,-442000.0,0.0,Ready now
CUST105724,3907.0,230000.0,2098500.0,0.89,1984000.0,2031000.0,-1551000.0,0.0,Ready now
CUST105725,22889.0,779000.0,880700.0,0.115,491000.0,766000.0,269000.0,12.0,Ready in 12 months
CUST105726,35162.0,7000.0,263800.0,0.973,260000.0,682000.0,1155000.0,33.0,Not on track
CUST105727,14005.0,6000.0,150500.0,0.96,148000.0,316000.0,1306000.0,93.0,Not on track
CUST105728,9398.0,1259000.0,2640100.0,0.523,2011000.0,2124000.0,-1575000.0,0.0,Ready now
CUST105729,15889.0,386000.0,1957100.0,0.803,1764000.0,1955000.0,-574000.0,0.0,Ready now
CUST105730,34656.0,506000.0,1976800.0,0.744,1724000.0,2140000.0,-199000.0,0.0,Ready now
CUST105731,17637.0,1995000.0,2198300.0,0.092,1201000.0,1413000.0,-369000.0,0.0,Ready now
CUST105732,23721.0,1496000.0,2371900.0,0.369,1624000.0,1909000.0,-909000.0,0.0,Ready now
CUST105733,16853.0,3477000.0,3645800.0,0.046,1907000.0,2109000.0,-1059000.0,0.0,Ready now
CUST105734,39882.0,15000.0,370700.0,0.96,363000.0,842000.0,1061000.0,27.0,Not on track
CUST105735,24588.0,169000.0,310700.0,0.456,226000.0,521000.0,1002000.0,41.0,Not on track
CUST105736,6149.0,1556000.0,1687100.0,0.078,909000.0,983000.0,6000.0,1.0,Ready in 6 months
CUST105737,31406.0,0.0,2386100.0,1.0,2386000.0,2763000.0,-1182000.0,0.0,Ready now
CUST105738,7641.0,588000.0,1369000.0,0.57,1075000.0,1167000.0,-213000.0,0.0,Ready now
CUST105739,8663.0,1427000.0,1453300.0,0.018,740000.0,844000.0,-224000.0,0.0,Ready now
CUST105740,15563.0,436000.0,1455300.0,0.7,1237000.0,1424000.0,-783000.0,0.0,Ready now
CUST105741,20546.0,1524000.0,1694000.0,0.1,932000.0,1179000.0,175000.0,9.0,Ready in 12 months
CUST105742,26583.0,0.0,3080900.0,1.0,3081000.0,3400000.0,-2232000.0,0.0,Ready now
CUST105743,20469.0,2000.0,1596800.0,0.999,1596000.0,1842000.0,-558000.0,0.0,Ready now
CUST105744,13969.0,744000.0,949900.0,0.217,578000.0,746000.0,78000.0,6.0,Ready in 6 months
CUST105745,19070.0,2151000.0,4767000.0,0.549,3692000.0,3921000.0,-2649000.0,0.0,Ready now
CUST105746,11595.0,809000.0,2604700.0,0.689,2200000.0,2339000.0,-1365000.0,0.0,Ready now
CUST105747,36631.0,0.0,1646500.0,1.0,1646000.0,2086000.0,234000.0,6.0,Ready in 6 months
CUST105748,35386.0,640000.0,3283700.0,0.805,2964000.0,3389000.0,-1446000.0,0.0,Ready now
CUST105749,14763.0,2140000.0,3244800.0,0.34,2175000.0,2352000.0,-1569000.0,0.0,Ready now
CUST105750,33906.0,1330000.0,1368600.0,0.028,704000.0,1111000.0,572000.0,17.0,Ready in 24 months
CUST105751,16093.0,2095000.0,2211000.0,0.052,1164000.0,1357000.0,-601000.0,0.0,Ready now
CUST105752,6004.0,1040000.0,1588000.0,0.345,1068000.0,1140000.0,-712000.0,0.0,Ready now
CUST105753,55477.0,3924000.0,4529400.0,0.134,2567000.0,3233000.0,-217000.0,0.0,Ready now
CUST105754,24823.0,802000.0,1232800.0,0.349,832000.0,1130000.0,-10000.0,0.0,Ready now
CUST105755,14089.0,4439000.0,4482900.0,0.01,2263000.0,2432000.0,-596000.0,0.0,Ready now
CUST105756,11914.0,0.0,33400.0,1.0,33000.0,176000.0,551000.0,46.0,Not on track
CUST105757,10721.0,6000.0,117900.0,0.949,115000.0,244000.0,547000.0,51.0,Not on track
CUST105758,21831.0,371000.0,774600.0,0.521,589000.0,851000.0,5000.0,0.0,Ready now
CUST105759,12648.0,0.0,1351500.0,1.0,1352000.0,1504000.0,-328000.0,0.0,Ready now
CUST105760,27476.0,776000.0,3460500.0,0.776,3072000.0,3402000.0,-1989000.0,0.0,Ready now
CUST105761,33146.0,1897000.0,5297600.0,0.642,4349000.0,4747000.0,-3252000.0,0.0,Ready now
CUST105762,13605.0,1245000.0,1524800.0,0.183,902000.0,1065000.0,-242000.0,0.0,Ready now
CUST105763,13416.0,593000.0,684700.0,0.134,388000.0,549000.0,319000.0,24.0,Ready in 24 months
CUST105764,7923.0,414000.0,1473100.0,0.719,1266000.0,1361000.0,-847000.0,0.0,Ready now
CUST105765,43271.0,0.0,792000.0,1.0,792000.0,1311000.0,1274000.0,29.0,Not on track
CUST105766,7597.0,0.0,18100.0,1.0,18000.0,109000.0,496000.0,65.0,Not on track
CUST105767,11349.0,356000.0,1479400.0,0.759,1301000.0,1437000.0,-747000.0,0.0,Ready now
CUST105768,19298.0,32000.0,96900.0,0.67,81000.0,313000.0,550000.0,29.0,Not on track
CUST105769,-8444.0,66000.0,5381600.0,0.988,5349000.0,5349000.0,-3757000.0,0.0,Ready now
CUST105770,27927.0,0.0,27000.0,1.0,27000.0,362000.0,1428000.0,51.0,Not on track
CUST105771,11045.0,1352000.0,1461900.0,0.075,786000.0,919000.0,-416000.0,0.0,Ready now
CUST105772,33220.0,3377000.0,6253100.0,0.46,4565000.0,4964000.0,-3070000.0,0.0,Ready now
CUST105773,29772.0,1889000.0,4804700.0,0.607,3860000.0,4217000.0,-2854000.0,0.0,Ready now
CUST105774,27044.0,2647000.0,2919300.0,0.093,1596000.0,1921000.0,-459000.0,0.0,Ready now
CUST105775,35668.0,12000.0,239900.0,0.95,234000.0,662000.0,870000.0,24.0,Ready in 24 months
CUST105776,26171.0,1488000.0,1760400.0,0.155,1016000.0,1330000.0,4000.0,0.0,Ready now
CUST105777,16968.0,0.0,1591100.0,1.0,1591000.0,1795000.0,-511000.0,0.0,Ready now
CUST105778,-206.0,196000.0,299500.0,0.346,202000.0,202000.0,157000.0,999.0,Not on track
CUST105779,53267.0,2089000.0,6398200.0,0.674,5354000.0,5993000.0,-3315000.0,0.0,Ready now
CUST105780,15670.0,0.0,216200.0,1.0,216000.0,404000.0,300000.0,19.0,Ready in 24 months
CUST105781,13577.0,0.0,1289200.0,1.0,1289000.0,1452000.0,-811000.0,0.0,Ready now
CUST105782,10290.0,18000.0,1645200.0,0.989,1636000.0,1759000.0,-1064000.0,0.0,Ready now
CUST105783,21658.0,1694000.0,2930200.0,0.422,2083000.0,2343000.0,-1297000.0,0.0,Ready now
CUST105784,14986.0,1749000.0,2305800.0,0.241,1431000.0,1611000.0,-901000.0,0.0,Ready now
CUST105785,9944.0,11000.0,3545400.0,0.997,3540000.0,3659000.0,-2329000.0,0.0,Ready now
CUST105786,17507.0,34000.0,97300.0,0.651,80000.0,290000.0,1533000.0,88.0,Not on track
CUST105787,7237.0,425000.0,471700.0,0.099,259000.0,346000.0,10000.0,1.0,Ready in 6 months
CUST105788,6768.0,700000.0,4124200.0,0.83,3774000.0,3855000.0,-3210000.0,0.0,Ready now
CUST105789,4345.0,173000.0,406400.0,0.574,320000.0,372000.0,194000.0,45.0,Not on track
CUST105790,7762.0,1858000.0,1886600.0,0.015,958000.0,1051000.0,-49000.0,0.0,Ready now
CUST105791,41100.0,43000.0,647800.0,0.934,626000.0,1119000.0,1701000.0,41.0,Not on track
CUST105792,15286.0,6000.0,1151300.0,0.995,1148000.0,1331000.0,-600000.0,0.0,Ready now
CUST105793,30944.0,0.0,6093900.0,1.0,6094000.0,6465000.0,-3930000.0,0.0,Ready now
CUST105794,6124.0,0.0,690400.0,1.0,690000.0,763000.0,50000.0,8.0,Ready in 12 months
CUST105795,6193.0,23000.0,2922400.0,0.992,2911000.0,2985000.0,-916000.0,0.0,Ready now
CUST105796,22021.0,451000.0,1571700.0,0.713,1346000.0,1610000.0,-498000.0,0.0,Ready now
CUST105797,20692.0,29000.0,1867800.0,0.984,1853000.0,2101000.0,-1052000.0,0.0,Ready now
CUST105798,23188.0,1146000.0,4757700.0,0.759,4185000.0,4463000.0,-3205000.0,0.0,Ready now
CUST105799,35036.0,21000.0,240400.0,0.913,230000.0,650000.0,1661000.0,47.0,Not on track
CUST105800,30206.0,1906000.0,2264300.0,0.158,1311000.0,1673000.0,-238000.0,0.0,Ready now
CUST105801,13529.0,2181000.0,5421900.0,0.598,4331000.0,4493000.0,-3351000.0,0.0,Ready now
CUST105802,27821.0,14000.0,2272500.0,0.994,2266000.0,2600000.0,-1286000.0,0.0,Ready now
CUST105803,12419.0,1304000.0,1493800.0,0.127,842000.0,991000.0,-275000.0,0.0,Ready now
CUST105804,11552.0,227000.0,740000.0,0.693,626000.0,765000.0,136000.0,12.0,Ready in 12 months
CUST105805,7113.0,1799000.0,2903200.0,0.38,2004000.0,2089000.0,-1280000.0,0.0,Ready now
CUST105806,52540.0,0.0,862400.0,1.0,862000.0,1492000.0,1207000.0,23.0,Ready in 24 months
CUST105807,30928.0,2366000.0,4786900.0,0.506,3604000.0,3975000.0,-2381000.0,0.0,Ready now
CUST105808,2062.0,25000.0,455800.0,0.945,443000.0,468000.0,597000.0,290.0,Not on track
CUST105809,4390.0,3000.0,61800.0,0.951,60000.0,113000.0,224000.0,51.0,Not on track
CUST105810,35834.0,1851000.0,3957100.0,0.532,3032000.0,3462000.0,-1801000.0,0.0,Ready now
CUST105811,25924.0,112000.0,2197400.0,0.949,2141000.0,2452000.0,-1233000.0,0.0,Ready now
CUST105812,783.0,0.0,102000.0,1.0,102000.0,111000.0,290000.0,999.0,Not on track
CUST105813,20460.0,1316000.0,3053600.0,0.569,2396000.0,2642000.0,-1357000.0,0.0,Ready now
CUST105814,13553.0,330000.0,458800.0,0.281,294000.0,457000.0,170000.0,13.0,Ready in 24 months
CUST105815,18568.0,0.0,3204700.0,1.0,3205000.0,3428000.0,-2199000.0,0.0,Ready now
CUST105816,42502.0,845000.0,2417900.0,0.651,1995000.0,2505000.0,-825000.0,0.0,Ready now
CUST105817,9323.0,177000.0,951900.0,0.814,863000.0,975000.0,-458000.0,0.0,Ready now
CUST105818,21562.0,836000.0,1320100.0,0.367,902000.0,1161000.0,-71000.0,0.0,Ready now
CUST105819,20445.0,18000.0,1254000.0,0.986,1245000.0,1490000.0,-331000.0,0.0,Ready now
CUST105820,3883.0,3000.0,45800.0,0.934,44000.0,91000.0,322000.0,83.0,Not on track
CUST105821,4964.0,17000.0,412300.0,0.959,404000.0,464000.0,708000.0,143.0,Not on track
CUST105822,30502.0,396000.0,606500.0,0.347,408000.0,774000.0,947000.0,31.0,Not on track
CUST105823,40414.0,77000.0,1019200.0,0.924,981000.0,1466000.0,1749000.0,43.0,Not on track
CUST105824,40983.0,3154000.0,3320500.0,0.05,1744000.0,2236000.0,-473000.0,0.0,Ready now
CUST105825,10030.0,0.0,1456400.0,1.0,1456000.0,1576000.0,-937000.0,0.0,Ready now
CUST105826,21658.0,2853000.0,6387800.0,0.553,4961000.0,5221000.0,-3807000.0,0.0,Ready now
CUST105827,59309.0,4383000.0,4439000.0,0.013,2248000.0,2960000.0,-364000.0,0.0,Ready now
CUST105828,23553.0,1872000.0,1979200.0,0.054,1043000.0,1326000.0,-258000.0,0.0,Ready now
CUST105829,7583.0,3416000.0,3845900.0,0.112,2138000.0,2229000.0,-874000.0,0.0,Ready now
CUST105830,853.0,870000.0,1138800.0,0.236,704000.0,714000.0,-402000.0,0.0,Ready now
CUST105831,28370.0,0.0,65800.0,1.0,66000.0,406000.0,1704000.0,60.0,Not on track
CUST105832,18403.0,1886000.0,5813800.0,0.676,4871000.0,5092000.0,-3392000.0,0.0,Ready now
CUST105833,7370.0,443000.0,460100.0,0.037,239000.0,327000.0,117000.0,16.0,Ready in 24 months
CUST105834,13082.0,3018000.0,3300800.0,0.086,1792000.0,1949000.0,-1171000.0,0.0,Ready now
CUST105835,4209.0,209000.0,1025600.0,0.796,921000.0,972000.0,-616000.0,0.0,Ready now
CUST105836,14643.0,1960000.0,2203300.0,0.11,1223000.0,1399000.0,-493000.0,0.0,Ready now
CUST105837,25566.0,3073000.0,3273800.0,0.061,1737000.0,2044000.0,-647000.0,0.0,Ready now
CUST105838,915.0,630000.0,776800.0,0.189,462000.0,473000.0,296000.0,999.0,Not on track
CUST105839,22999.0,4182000.0,6353600.0,0.342,4263000.0,4539000.0,-2405000.0,0.0,Ready now
CUST105840,20233.0,2633000.0,3632400.0,0.275,2316000.0,2559000.0,-1589000.0,0.0,Ready now
CUST105841,6162.0,1780000.0,2112600.0,0.157,1223000.0,1297000.0,-475000.0,0.0,Ready now
CUST105842,19166.0,427000.0,5220800.0,0.918,5007000.0,5237000.0,-3290000.0,0.0,Ready now
CUST105843,12065.0,4000.0,281900.0,0.986,280000.0,425000.0,296000.0,25.0,Not on track
CUST105844,13415.0,2817000.0,4512000.0,0.376,3104000.0,3265000.0,-2322000.0,0.0,Ready now
CUST105845,9937.0,0.0,280600.0,1.0,281000.0,400000.0,580000.0,58.0,Not on track
CUST105846,3111.0,0.0,1814500.0,1.0,1814000.0,1851000.0,-1057000.0,0.0,Ready now
CUST105847,30121.0,1134000.0,5095400.0,0.777,4528000.0,4889000.0,-3504000.0,0.0,Ready now
CUST105848,19165.0,467000.0,632700.0,0.262,399000.0,629000.0,311000.0,16.0,Ready in 24 months
CUST105849,15911.0,1887000.0,3680800.0,0.487,2737000.0,2928000.0,-2171000.0,0.0,Ready now
CUST105850,9633.0,1004000.0,1061700.0,0.054,560000.0,676000.0,23000.0,2.0,Ready in 6 months
CUST105851,3652.0,731000.0,829500.0,0.119,464000.0,508000.0,-196000.0,0.0,Ready now
CUST105852,-9274.0,0.0,42500.0,1.0,42000.0,42000.0,1407000.0,999.0,Not on track
CUST105853,3942.0,152000.0,202800.0,0.25,127000.0,174000.0,430000.0,109.0,Not on track
CUST105854,25143.0,7000.0,2128200.0,0.997,2125000.0,2427000.0,-1246000.0,0.0,Ready now
CUST105855,55999.0,5362000.0,7987900.0,0.329,5307000.0,5979000.0,-3956000.0,0.0,Ready now
CUST105856,10757.0,1129000.0,1302400.0,0.133,738000.0,867000.0,186000.0,17.0,Ready in 24 months
CUST105857,37352.0,643000.0,1233000.0,0.479,912000.0,1360000.0,122000.0,3.0,Ready in 6 months
CUST105858,13283.0,0.0,65200.0,1.0,65000.0,224000.0,377000.0,28.0,Not on track
CUST105859,25293.0,0.0,2725900.0,1.0,2726000.0,3030000.0,-1572000.0,0.0,Ready now
CUST105860,16854.0,2087000.0,2138400.0,0.024,1095000.0,1297000.0,-161000.0,0.0,Ready now
CUST105861,12456.0,630000.0,1271700.0,0.505,957000.0,1106000.0,-447000.0,0.0,Ready now
CUST105862,3018.0,3000.0,437800.0,0.993,436000.0,472000.0,14000.0,5.0,Ready in 6 months
CUST105863,39371.0,11000.0,1164900.0,0.991,1159000.0,1631000.0,1148000.0,29.0,Not on track
CUST105864,9962.0,0.0,1083900.0,1.0,1084000.0,1204000.0,-447000.0,0.0,Ready now
CUST105865,12321.0,899000.0,1102300.0,0.184,653000.0,801000.0,-156000.0,0.0,Ready now
CUST105866,14504.0,161000.0,407500.0,0.605,327000.0,501000.0,471000.0,32.0,Not on track
CUST105867,12030.0,0.0,1842800.0,1.0,1843000.0,1987000.0,-829000.0,0.0,Ready now
CUST105868,15682.0,13000.0,259800.0,0.95,253000.0,441000.0,705000.0,45.0,Not on track
CUST105869,11256.0,3171000.0,5396500.0,0.412,3811000.0,3946000.0,-2573000.0,0.0,Ready now
CUST105870,19711.0,0.0,328500.0,1.0,328000.0,565000.0,313000.0,16.0,Ready in 24 months
CUST105871,41958.0,0.0,2048100.0,1.0,2048000.0,2551000.0,-949000.0,0.0,Ready now
CUST105872,7622.0,2031000.0,3054800.0,0.335,2039000.0,2130000.0,-1268000.0,0.0,Ready now
CUST105873,30954.0,23000.0,145200.0,0.842,134000.0,505000.0,1946000.0,63.0,Not on track
CUST105874,21795.0,7000.0,127100.0,0.945,124000.0,386000.0,652000.0,30.0,Not on track
CUST105875,28110.0,21000.0,554200.0,0.962,544000.0,881000.0,1166000.0,41.0,Not on track
CUST105876,18746.0,2000.0,59400.0,0.966,58000.0,283000.0,677000.0,36.0,Not on track
CUST105877,14411.0,1198000.0,1300200.0,0.079,701000.0,874000.0,-215000.0,0.0,Ready now
CUST105878,11280.0,572000.0,1427600.0,0.599,1142000.0,1277000.0,-794000.0,0.0,Ready now
CUST105879,18705.0,788000.0,857400.0,0.081,463000.0,687000.0,691000.0,37.0,Not on track
CUST105880,32527.0,10000.0,70800.0,0.859,66000.0,456000.0,1707000.0,52.0,Not on track
CUST105881,12532.0,271000.0,463200.0,0.415,328000.0,478000.0,135000.0,11.0,Ready in 12 months
CUST105882,17805.0,1188000.0,1241800.0,0.043,648000.0,862000.0,-148000.0,0.0,Ready now
CUST105883,31034.0,2984000.0,5446500.0,0.452,3954000.0,4326000.0,-2865000.0,0.0,Ready now
CUST105884,20586.0,20000.0,308500.0,0.935,298000.0,545000.0,607000.0,29.0,Not on track
CUST105885,11334.0,13000.0,139300.0,0.907,133000.0,269000.0,435000.0,38.0,Not on track
CUST105886,9814.0,1337000.0,1452300.0,0.079,784000.0,902000.0,-304000.0,0.0,Ready now
CUST105887,31092.0,0.0,1029500.0,1.0,1030000.0,1403000.0,127000.0,4.0,Ready in 6 months
CUST105888,27590.0,546000.0,1982800.0,0.725,1710000.0,2041000.0,-664000.0,0.0,Ready now
CUST105889,15087.0,0.0,2001400.0,1.0,2001000.0,2182000.0,-733000.0,0.0,Ready now
CUST105890,23042.0,2761000.0,4930200.0,0.44,3550000.0,3827000.0,-2546000.0,0.0,Ready now
CUST105891,6497.0,917000.0,1110200.0,0.174,652000.0,730000.0,-190000.0,0.0,Ready now
CUST105892,16192.0,0.0,2197600.0,1.0,2198000.0,2392000.0,-1169000.0,0.0,Ready now
CUST105893,11461.0,1000.0,113100.0,0.991,113000.0,251000.0,651000.0,57.0,Not on track
CUST105894,3712.0,284000.0,342400.0,0.171,200000.0,245000.0,229000.0,62.0,Not on track
CUST105895,21061.0,17000.0,269600.0,0.937,261000.0,514000.0,591000.0,28.0,Not on track
CUST105896,16578.0,2080000.0,5625000.0,0.63,4585000.0,4784000.0,-3562000.0,0.0,Ready now
CUST105897,5629.0,2250000.0,2291900.0,0.018,1167000.0,1235000.0,-214000.0,0.0,Ready now
CUST105898,4978.0,8000.0,755500.0,0.989,752000.0,812000.0,-440000.0,0.0,Ready now
CUST105899,2868.0,219000.0,398400.0,0.45,289000.0,323000.0,354000.0,123.0,Not on track
CUST105900,11008.0,1934000.0,2749500.0,0.297,1782000.0,1914000.0,-1333000.0,0.0,Ready now
CUST105901,21580.0,2475000.0,4737000.0,0.478,3500000.0,3759000.0,-2189000.0,0.0,Ready now
CUST105902,-14684.0,5264000.0,16720800.0,0.685,14089000.0,14089000.0,-11903000.0,0.0,Ready now
CUST105903,26457.0,2595000.0,2765400.0,0.062,1468000.0,1785000.0,-408000.0,0.0,Ready now
CUST105904,8591.0,1415000.0,1868600.0,0.243,1161000.0,1264000.0,-768000.0,0.0,Ready now
CUST105905,29466.0,0.0,1390000.0,1.0,1390000.0,1744000.0,-475000.0,0.0,Ready now
CUST105906,24752.0,2887000.0,2981600.0,0.032,1538000.0,1835000.0,-687000.0,0.0,Ready now
CUST105907,32053.0,150000.0,6732900.0,0.978,6658000.0,7043000.0,-5485000.0,0.0,Ready now
CUST105908,40086.0,3309000.0,3463200.0,0.045,1809000.0,2290000.0,37000.0,1.0,Ready in 6 months
CUST105909,15081.0,10000.0,180000.0,0.944,175000.0,356000.0,1537000.0,102.0,Not on track
CUST105910,9963.0,0.0,109500.0,1.0,110000.0,230000.0,1187000.0,119.0,Not on track
CUST105911,10361.0,0.0,112000.0,1.0,112000.0,236000.0,878000.0,85.0,Not on track
CUST105912,42131.0,2128000.0,2320800.0,0.083,1257000.0,1763000.0,25000.0,1.0,Ready in 6 months
CUST105913,11377.0,25000.0,2610700.0,0.99,2598000.0,2735000.0,-1921000.0,0.0,Ready now
CUST105914,13146.0,2277000.0,2298500.0,0.009,1160000.0,1318000.0,-312000.0,0.0,Ready now
CUST105915,22118.0,0.0,17700.0,1.0,18000.0,283000.0,860000.0,39.0,Not on track
CUST105916,5434.0,4000.0,104800.0,0.962,103000.0,168000.0,133000.0,24.0,Ready in 24 months
CUST105917,36406.0,0.0,52600.0,1.0,53000.0,490000.0,1315000.0,36.0,Not on track
CUST105918,16537.0,1000.0,2172000.0,1.0,2172000.0,2370000.0,-782000.0,0.0,Ready now
CUST105919,3885.0,6000.0,402500.0,0.985,400000.0,447000.0,-106000.0,0.0,Ready now
CUST105920,27667.0,3690000.0,3859300.0,0.044,2014000.0,2346000.0,-378000.0,0.0,Ready now
CUST105921,13680.0,0.0,572000.0,1.0,572000.0,736000.0,-59000.0,0.0,Ready now
CUST105922,12438.0,2815000.0,2943400.0,0.044,1536000.0,1685000.0,88000.0,7.0,Ready in 12 months
CUST105923,26293.0,1123000.0,1623600.0,0.308,1062000.0,1378000.0,-32000.0,0.0,Ready now
CUST105924,3405.0,0.0,30000.0,1.0,30000.0,71000.0,265000.0,78.0,Not on track
CUST105925,20680.0,1988000.0,2133700.0,0.068,1140000.0,1388000.0,-250000.0,0.0,Ready now
CUST105926,10435.0,1073000.0,2274100.0,0.528,1738000.0,1863000.0,-1105000.0,0.0,Ready now
CUST105927,6810.0,5000.0,1406200.0,0.996,1404000.0,1486000.0,-941000.0,0.0,Ready now
CUST105928,38185.0,3697000.0,5844500.0,0.367,3996000.0,4454000.0,-2724000.0,0.0,Ready now
CUST105929,24090.0,6000.0,34400.0,0.826,31000.0,320000.0,1175000.0,49.0,Not on track
CUST105930,21714.0,5143000.0,8586300.0,0.401,6015000.0,6276000.0,-3919000.0,0.0,Ready now
CUST105931,25850.0,3000.0,254500.0,0.988,253000.0,563000.0,561000.0,22.0,Ready in 24 months
CUST105932,563.0,634000.0,684600.0,0.074,368000.0,375000.0,105000.0,999.0,Not on track
CUST105933,34144.0,210000.0,392700.0,0.465,288000.0,698000.0,836000.0,24.0,Ready in 24 months
CUST105934,7452.0,1726000.0,1883200.0,0.083,1020000.0,1109000.0,-742000.0,0.0,Ready now
CUST105935,22240.0,0.0,1750300.0,1.0,1750000.0,2017000.0,-901000.0,0.0,Ready now
CUST105936,20928.0,611000.0,668700.0,0.086,363000.0,614000.0,783000.0,37.0,Not on track
CUST105937,10805.0,100000.0,348500.0,0.713,298000.0,428000.0,288000.0,27.0,Not on track
CUST105938,9068.0,1338000.0,2444800.0,0.453,1776000.0,1885000.0,-1119000.0,0.0,Ready now
CUST105939,10719.0,1205000.0,2531200.0,0.524,1929000.0,2058000.0,-1483000.0,0.0,Ready now
CUST105940,18841.0,3531000.0,3866800.0,0.087,2101000.0,2327000.0,-518000.0,0.0,Ready now
CUST105941,20385.0,4000.0,222700.0,0.982,221000.0,466000.0,604000.0,30.0,Not on track
CUST105942,12579.0,11000.0,2121100.0,0.995,2116000.0,2267000.0,-1050000.0,0.0,Ready now
CUST105943,35157.0,70000.0,1487400.0,0.953,1452000.0,1874000.0,-402000.0,0.0,Ready now
CUST105944,13522.0,2068000.0,2387100.0,0.134,1353000.0,1515000.0,-626000.0,0.0,Ready now
CUST105945,11080.0,2000.0,486100.0,0.996,485000.0,618000.0,396000.0,36.0,Not on track
CUST105946,7777.0,0.0,12100.0,1.0,12000.0,105000.0,679000.0,87.0,Not on track
CUST105947,7000.0,1119000.0,1302700.0,0.141,743000.0,827000.0,-532000.0,0.0,Ready now
CUST105948,6696.0,0.0,1204600.0,1.0,1205000.0,1285000.0,-757000.0,0.0,Ready now
CUST105949,20266.0,3000.0,298000.0,0.99,296000.0,539000.0,475000.0,23.0,Ready in 24 months
CUST105950,13408.0,368000.0,934800.0,0.606,751000.0,912000.0,-93000.0,0.0,Ready now
CUST105951,4490.0,1909000.0,3454600.0,0.447,2500000.0,2554000.0,-1572000.0,0.0,Ready now
CUST105952,30582.0,725000.0,2736300.0,0.735,2374000.0,2741000.0,-309000.0,0.0,Ready now
CUST105953,8493.0,0.0,2018000.0,1.0,2018000.0,2120000.0,-1629000.0,0.0,Ready now
CUST105954,6843.0,0.0,129500.0,1.0,130000.0,212000.0,384000.0,56.0,Not on track
CUST105955,16824.0,1861000.0,2012700.0,0.075,1082000.0,1284000.0,-276000.0,0.0,Ready now
CUST105956,7101.0,1197000.0,1358900.0,0.119,760000.0,845000.0,-273000.0,0.0,Ready now
CUST105957,29894.0,5782000.0,5900100.0,0.02,3009000.0,3368000.0,-1661000.0,0.0,Ready now
CUST105958,12882.0,13000.0,2447200.0,0.995,2441000.0,2596000.0,-1620000.0,0.0,Ready now
CUST105959,17066.0,7000.0,22200.0,0.685,19000.0,224000.0,595000.0,35.0,Not on track
CUST105960,7724.0,1204000.0,2964700.0,0.594,2363000.0,2456000.0,-1736000.0,0.0,Ready now
CUST105961,8312.0,1019000.0,1259300.0,0.191,750000.0,850000.0,-307000.0,0.0,Ready now
CUST105962,25398.0,2961000.0,3197600.0,0.074,1717000.0,2022000.0,-276000.0,0.0,Ready now
CUST105963,68153.0,9000.0,653700.0,0.986,649000.0,1467000.0,1427000.0,21.0,Ready in 24 months
CUST105964,10787.0,1149000.0,1161900.0,0.011,587000.0,716000.0,-219000.0,0.0,Ready now
CUST105965,14679.0,2109000.0,4881900.0,0.568,3827000.0,4003000.0,-2581000.0,0.0,Ready now
CUST105966,8255.0,1021000.0,1043900.0,0.022,533000.0,632000.0,187000.0,23.0,Ready in 24 months
CUST105967,26970.0,3215000.0,4953100.0,0.351,3346000.0,3670000.0,-2173000.0,0.0,Ready now
CUST105968,6831.0,0.0,805100.0,1.0,805000.0,887000.0,-409000.0,0.0,Ready now
CUST105969,16128.0,2934000.0,4741100.0,0.381,3274000.0,3468000.0,-2446000.0,0.0,Ready now
CUST105970,15304.0,1719000.0,1847300.0,0.069,988000.0,1172000.0,-180000.0,0.0,Ready now
CUST105971,26852.0,199000.0,4092700.0,0.951,3993000.0,4315000.0,-2615000.0,0.0,Ready now
CUST105972,25048.0,801000.0,1027100.0,0.22,627000.0,928000.0,295000.0,12.0,Ready in 12 months
CUST105973,8684.0,1456000.0,2820300.0,0.484,2092000.0,2196000.0,-1298000.0,0.0,Ready now
CUST105974,9113.0,1394000.0,2468400.0,0.435,1771000.0,1880000.0,-1013000.0,0.0,Ready now
CUST105975,46097.0,0.0,83600.0,1.0,84000.0,637000.0,1730000.0,38.0,Not on track
CUST105976,11821.0,2354000.0,2399400.0,0.019,1222000.0,1364000.0,-314000.0,0.0,Ready now
CUST105977,11067.0,0.0,123200.0,1.0,123000.0,256000.0,1100000.0,99.0,Not on track
CUST105978,29500.0,3479000.0,6137900.0,0.433,4398000.0,4752000.0,-3042000.0,0.0,Ready now
CUST105979,8413.0,3542000.0,3847400.0,0.079,2076000.0,2177000.0,-852000.0,0.0,Ready now
CUST105980,12974.0,0.0,154200.0,1.0,154000.0,310000.0,443000.0,34.0,Not on track
CUST105981,17824.0,2830000.0,2852900.0,0.008,1438000.0,1652000.0,-257000.0,0.0,Ready now
CUST105982,18160.0,1904000.0,5976400.0,0.681,5024000.0,5242000.0,-3968000.0,0.0,Ready now
CUST105983,6295.0,634000.0,1341000.0,0.527,1024000.0,1100000.0,-522000.0,0.0,Ready now
CUST105984,12742.0,0.0,1497500.0,1.0,1498000.0,1651000.0,-740000.0,0.0,Ready now
CUST105985,58451.0,0.0,478700.0,1.0,479000.0,1180000.0,2384000.0,41.0,Not on track
CUST105986,10350.0,2080000.0,2866500.0,0.274,1826000.0,1950000.0,-1088000.0,0.0,Ready now
CUST105987,13797.0,346000.0,547700.0,0.368,375000.0,541000.0,313000.0,23.0,Ready in 24 months
CUST105988,34177.0,0.0,223600.0,1.0,224000.0,634000.0,1017000.0,30.0,Not on track
CUST105989,3845.0,555000.0,737200.0,0.247,460000.0,506000.0,146000.0,38.0,Not on track
CUST105990,233.0,0.0,1846300.0,1.0,1846000.0,1849000.0,-1142000.0,0.0,Ready now
CUST105991,12974.0,1361000.0,3269400.0,0.584,2589000.0,2745000.0,-1868000.0,0.0,Ready now
CUST105992,17609.0,5000.0,5698900.0,0.999,5696000.0,5907000.0,-4483000.0,0.0,Ready now
CUST105993,14252.0,8000.0,1799500.0,0.996,1796000.0,1967000.0,-836000.0,0.0,Ready now
CUST105994,49295.0,468000.0,548300.0,0.146,314000.0,906000.0,1439000.0,29.0,Not on track
CUST105995,31960.0,30000.0,749800.0,0.96,735000.0,1119000.0,191000.0,6.0,Ready in 6 months
CUST105996,5895.0,1238000.0,1692400.0,0.268,1073000.0,1144000.0,-187000.0,0.0,Ready now
CUST105997,54165.0,2631000.0,5632400.0,0.533,4317000.0,4967000.0,-2658000.0,0.0,Ready now
CUST105998,10413.0,0.0,656800.0,1.0,657000.0,782000.0,-163000.0,0.0,Ready now
CUST105999,43493.0,6520000.0,7066600.0,0.077,3807000.0,4329000.0,-2030000.0,0.0,Ready now
CUST106000,6078.0,1515000.0,1643800.0,0.078,886000.0,959000.0,-282000.0,0.0,Ready now
CUST106001,32202.0,768000.0,5832400.0,0.868,5448000.0,5834000.0,-4335000.0,0.0,Ready now
CUST106002,46311.0,1000.0,3639200.0,1.0,3639000.0,4195000.0,-1585000.0,0.0,Ready now
CUST106003,17102.0,349000.0,1687000.0,0.793,1512000.0,1717000.0,-750000.0,0.0,Ready now
CUST106004,18032.0,15000.0,1533800.0,0.99,1526000.0,1742000.0,-809000.0,0.0,Ready now
CUST106005,19132.0,0.0,3269600.0,1.0,3270000.0,3500000.0,-2331000.0,0.0,Ready now
CUST106006,26071.0,0.0,3759100.0,1.0,3759000.0,4072000.0,-2695000.0,0.0,Ready now
CUST106007,11132.0,797000.0,822100.0,0.031,424000.0,558000.0,92000.0,8.0,Ready in 12 months
CUST106008,18228.0,438000.0,4041200.0,0.892,3822000.0,4041000.0,-3077000.0,0.0,Ready now
CUST106009,19123.0,4000.0,1125300.0,0.996,1123000.0,1352000.0,-386000.0,0.0,Ready now
CUST106010,10757.0,0.0,286700.0,1.0,287000.0,416000.0,156000.0,15.0,Ready in 24 months
CUST106011,11412.0,324000.0,374100.0,0.134,212000.0,349000.0,376000.0,33.0,Not on track
CUST106012,7496.0,0.0,188400.0,1.0,188000.0,278000.0,519000.0,69.0,Not on track
CUST106013,26873.0,1426000.0,4111100.0,0.653,3398000.0,3720000.0,-2499000.0,0.0,Ready now
CUST106014,7653.0,436000.0,665700.0,0.345,448000.0,540000.0,229000.0,30.0,Not on track
CUST106015,12487.0,0.0,92400.0,1.0,92000.0,242000.0,940000.0,75.0,Not on track
CUST106016,15518.0,0.0,517000.0,1.0,517000.0,703000.0,200000.0,13.0,Ready in 24 months
CUST106017,36008.0,4000.0,1886000.0,0.998,1884000.0,2316000.0,-284000.0,0.0,Ready now
CUST106018,9046.0,0.0,1549900.0,1.0,1550000.0,1659000.0,-774000.0,0.0,Ready now
CUST106019,50114.0,2770000.0,6816900.0,0.594,5432000.0,6033000.0,-4084000.0,0.0,Ready now
CUST106020,12516.0,402000.0,707300.0,0.432,506000.0,656000.0,-81000.0,0.0,Ready now
CUST106021,35290.0,2188000.0,2520400.0,0.132,1426000.0,1849000.0,-262000.0,0.0,Ready now
CUST106022,11403.0,0.0,24100.0,1.0,24000.0,161000.0,448000.0,39.0,Not on track
CUST106023,11110.0,362000.0,378900.0,0.045,198000.0,331000.0,727000.0,65.0,Not on track
CUST106024,19421.0,1725000.0,1944000.0,0.113,1082000.0,1315000.0,-445000.0,0.0,Ready now
CUST106025,4754.0,331000.0,1582300.0,0.791,1417000.0,1474000.0,-499000.0,0.0,Ready now
CUST106026,9104.0,5000.0,2324800.0,0.998,2322000.0,2431000.0,-1139000.0,0.0,Ready now
CUST106027,13675.0,1588000.0,1745300.0,0.09,951000.0,1115000.0,-489000.0,0.0,Ready now
CUST106028,13453.0,2929000.0,4477700.0,0.346,3013000.0,3174000.0,-1607000.0,0.0,Ready now
CUST106029,9068.0,2167000.0,4151300.0,0.478,3068000.0,3177000.0,-2640000.0,0.0,Ready now
CUST106030,17552.0,1905000.0,2893600.0,0.342,1941000.0,2152000.0,-1219000.0,0.0,Ready now
CUST106031,7834.0,3000.0,386700.0,0.992,385000.0,479000.0,504000.0,64.0,Not on track
CUST106032,8516.0,1882000.0,3899800.0,0.517,2959000.0,3061000.0,-1937000.0,0.0,Ready now
CUST106033,52298.0,2596000.0,3352300.0,0.226,2054000.0,2682000.0,-104000.0,0.0,Ready now
CUST106034,16034.0,14000.0,290100.0,0.952,283000.0,475000.0,746000.0,47.0,Not on track
CUST106035,13220.0,963000.0,1751600.0,0.45,1270000.0,1429000.0,-652000.0,0.0,Ready now
CUST106036,7914.0,0.0,95800.0,1.0,96000.0,191000.0,702000.0,89.0,Not on track
CUST106037,15118.0,0.0,1026900.0,1.0,1027000.0,1208000.0,-561000.0,0.0,Ready now
CUST106038,-819.0,0.0,296900.0,1.0,297000.0,297000.0,-15000.0,0.0,Ready now
CUST106039,8735.0,545000.0,699000.0,0.22,426000.0,531000.0,-11000.0,0.0,Ready now
CUST106040,16301.0,0.0,322600.0,1.0,323000.0,519000.0,513000.0,31.0,Not on track
CUST106041,51422.0,2356000.0,8446600.0,0.721,7269000.0,7886000.0,-5395000.0,0.0,Ready now
CUST106042,-3.0,2785000.0,2945000.0,0.054,1552000.0,1552000.0,-628000.0,0.0,Ready now
CUST106043,4141.0,488000.0,652900.0,0.253,409000.0,459000.0,147000.0,35.0,Not on track
CUST106044,4807.0,609000.0,1278900.0,0.524,974000.0,1032000.0,-308000.0,0.0,Ready now
CUST106045,16220.0,7000.0,214600.0,0.967,211000.0,406000.0,409000.0,25.0,Not on track
CUST106046,5277.0,158000.0,827800.0,0.809,749000.0,812000.0,-461000.0,0.0,Ready now
CUST106047,17631.0,2009000.0,2348700.0,0.145,1344000.0,1556000.0,-566000.0,0.0,Ready now
CUST106048,16060.0,1680000.0,2188100.0,0.232,1348000.0,1541000.0,-30000.0,0.0,Ready now
CUST106049,9443.0,613000.0,2603200.0,0.765,2297000.0,2410000.0,-1586000.0,0.0,Ready now
CUST106050,11745.0,0.0,2153700.0,1.0,2154000.0,2295000.0,-1628000.0,0.0,Ready now
CUST106051,9155.0,1000.0,1539900.0,0.999,1539000.0,1649000.0,-1057000.0,0.0,Ready now
CUST106052,7040.0,474000.0,573700.0,0.174,337000.0,421000.0,321000.0,46.0,Not on track
CUST106053,27409.0,7000.0,3812700.0,0.998,3809000.0,4138000.0,-2598000.0,0.0,Ready now
CUST106054,17060.0,212000.0,350000.0,0.394,244000.0,449000.0,661000.0,39.0,Not on track
CUST106055,7561.0,0.0,2828900.0,1.0,2829000.0,2920000.0,-2031000.0,0.0,Ready now
CUST106056,9205.0,2070000.0,2184100.0,0.052,1149000.0,1259000.0,-545000.0,0.0,Ready now
CUST106057,27207.0,0.0,244500.0,1.0,244000.0,570000.0,872000.0,32.0,Not on track
CUST106058,4913.0,1868000.0,1945500.0,0.04,1012000.0,1071000.0,-392000.0,0.0,Ready now
CUST106059,16707.0,5000.0,1373600.0,0.996,1371000.0,1571000.0,-667000.0,0.0,Ready now
CUST106060,8586.0,752000.0,876600.0,0.142,501000.0,604000.0,28000.0,3.0,Ready in 6 months
CUST106061,27368.0,3983000.0,7195600.0,0.446,5204000.0,5532000.0,-3864000.0,0.0,Ready now
CUST106062,-626.0,0.0,2691100.0,1.0,2691000.0,2691000.0,-2268000.0,0.0,Ready now
CUST106063,6751.0,414000.0,487400.0,0.151,280000.0,361000.0,76000.0,11.0,Ready in 12 months
CUST106064,31561.0,0.0,2172500.0,1.0,2172000.0,2551000.0,-911000.0,0.0,Ready now
CUST106065,43294.0,3500000.0,3719600.0,0.059,1970000.0,2490000.0,-636000.0,0.0,Ready now
CUST106066,4536.0,231000.0,1419600.0,0.837,1304000.0,1358000.0,-939000.0,0.0,Ready now
CUST106067,14397.0,1782000.0,2403100.0,0.258,1512000.0,1685000.0,-526000.0,0.0,Ready now
CUST106068,15340.0,1258000.0,1592200.0,0.21,963000.0,1147000.0,-71000.0,0.0,Ready now
CUST106069,2989.0,1134000.0,1227700.0,0.076,661000.0,697000.0,-353000.0,0.0,Ready now
CUST106070,23715.0,38000.0,5904400.0,0.994,5885000.0,6170000.0,-3997000.0,0.0,Ready now
CUST106071,25322.0,0.0,302900.0,1.0,303000.0,607000.0,452000.0,18.0,Ready in 24 months
CUST106072,14039.0,26000.0,256600.0,0.899,244000.0,412000.0,196000.0,14.0,Ready in 24 months
CUST106073,4639.0,2079000.0,4066300.0,0.489,3027000.0,3083000.0,-2467000.0,0.0,Ready now
CUST106074,21765.0,1920000.0,1994500.0,0.037,1034000.0,1295000.0,-322000.0,0.0,Ready now
CUST106075,20159.0,2110000.0,5324200.0,0.604,4269000.0,4511000.0,-3414000.0,0.0,Ready now
CUST106076,5648.0,0.0,39400.0,1.0,39000.0,107000.0,549000.0,97.0,Not on track
CUST106077,64800.0,4683000.0,7294800.0,0.358,4953000.0,5731000.0,-3145000.0,0.0,Ready now
CUST106078,31170.0,3076000.0,3428800.0,0.103,1891000.0,2265000.0,-625000.0,0.0,Ready now
CUST106079,18872.0,3783000.0,3866800.0,0.022,1975000.0,2201000.0,-691000.0,0.0,Ready now
CUST106080,6386.0,1422000.0,5444000.0,0.739,4733000.0,4810000.0,-3983000.0,0.0,Ready now
CUST106081,13767.0,11000.0,1290800.0,0.991,1285000.0,1450000.0,-737000.0,0.0,Ready now
CUST106082,21110.0,3365000.0,3659500.0,0.08,1977000.0,2230000.0,-318000.0,0.0,Ready now
CUST106083,32042.0,2244000.0,3089900.0,0.274,1968000.0,2353000.0,-802000.0,0.0,Ready now
CUST106084,19680.0,1774000.0,4547700.0,0.61,3661000.0,3897000.0,-2849000.0,0.0,Ready now
CUST106085,8055.0,1677000.0,2415300.0,0.306,1577000.0,1674000.0,-1064000.0,0.0,Ready now
CUST106086,6607.0,185000.0,899700.0,0.794,807000.0,886000.0,-357000.0,0.0,Ready now
CUST106087,26724.0,2073000.0,2184300.0,0.051,1148000.0,1469000.0,-418000.0,0.0,Ready now
CUST106088,15585.0,1936000.0,3171800.0,0.39,2204000.0,2391000.0,-1657000.0,0.0,Ready now
CUST106089,15562.0,3316000.0,6201800.0,0.465,4544000.0,4731000.0,-2954000.0,0.0,Ready now
CUST106090,16363.0,29000.0,422600.0,0.931,408000.0,604000.0,1051000.0,64.0,Not on track
CUST106091,17181.0,25000.0,258200.0,0.903,246000.0,452000.0,642000.0,37.0,Not on track
CUST106092,9148.0,2146000.0,3160200.0,0.321,2087000.0,2197000.0,-1135000.0,0.0,Ready now
CUST106093,14277.0,853000.0,1330300.0,0.359,904000.0,1075000.0,-347000.0,0.0,Ready now
CUST106094,9161.0,4000.0,32000.0,0.875,30000.0,140000.0,839000.0,92.0,Not on track
CUST106095,6228.0,1896000.0,3793000.0,0.5,2845000.0,2920000.0,-2090000.0,0.0,Ready now
CUST106096,14045.0,1102000.0,2137000.0,0.484,1586000.0,1755000.0,-245000.0,0.0,Ready now
CUST106097,30700.0,2409000.0,2662000.0,0.095,1458000.0,1826000.0,165000.0,5.0,Ready in 6 months
CUST106098,4632.0,1791000.0,2039200.0,0.122,1144000.0,1200000.0,-628000.0,0.0,Ready now
CUST106099,15718.0,135000.0,150900.0,0.105,83000.0,272000.0,513000.0,33.0,Not on track
CUST106100,97104.0,5091000.0,13212100.0,0.615,10667000.0,11832000.0,-8196000.0,0.0,Ready now
CUST106101,25846.0,0.0,740700.0,1.0,741000.0,1051000.0,422000.0,16.0,Ready in 24 months
CUST106102,12647.0,2241000.0,2452100.0,0.086,1332000.0,1484000.0,-721000.0,0.0,Ready now
CUST106103,31024.0,134000.0,2581100.0,0.948,2514000.0,2886000.0,-672000.0,0.0,Ready now
CUST106104,10582.0,1855000.0,4803800.0,0.614,3876000.0,4003000.0,-3363000.0,0.0,Ready now
CUST106105,8052.0,13000.0,2434300.0,0.995,2428000.0,2525000.0,-1523000.0,0.0,Ready now
CUST106106,16585.0,0.0,538200.0,1.0,538000.0,737000.0,209000.0,13.0,Ready in 24 months
CUST106107,10028.0,11000.0,2689900.0,0.996,2684000.0,2804000.0,-1701000.0,0.0,Ready now
CUST106108,9645.0,5000.0,1258800.0,0.996,1256000.0,1372000.0,-391000.0,0.0,Ready now
CUST106109,20361.0,777000.0,894300.0,0.131,506000.0,750000.0,78000.0,4.0,Ready in 6 months
CUST106110,20265.0,0.0,203700.0,1.0,204000.0,447000.0,695000.0,34.0,Not on track
CUST106111,1202.0,1676000.0,1885800.0,0.111,1048000.0,1062000.0,-328000.0,0.0,Ready now
CUST106112,24296.0,1004000.0,2475900.0,0.594,1974000.0,2266000.0,-854000.0,0.0,Ready now
CUST106113,6697.0,0.0,421800.0,1.0,422000.0,502000.0,278000.0,42.0,Not on track
CUST106114,6328.0,17000.0,521800.0,0.967,513000.0,589000.0,-165000.0,0.0,Ready now
CUST106115,30259.0,609000.0,889300.0,0.315,585000.0,948000.0,631000.0,21.0,Ready in 24 months
CUST106116,29287.0,17000.0,476500.0,0.964,468000.0,819000.0,896000.0,31.0,Not on track
CUST106117,31345.0,41000.0,551200.0,0.926,531000.0,907000.0,2155000.0,69.0,Not on track
CUST106118,8853.0,25000.0,1637200.0,0.985,1625000.0,1731000.0,-727000.0,0.0,Ready now
CUST106119,5512.0,0.0,379600.0,1.0,380000.0,446000.0,509000.0,92.0,Not on track
CUST106120,32484.0,484000.0,2226400.0,0.783,1984000.0,2374000.0,-724000.0,0.0,Ready now
CUST106121,14963.0,21000.0,173000.0,0.879,162000.0,342000.0,1488000.0,99.0,Not on track
CUST106122,3101.0,4498000.0,7752300.0,0.42,5503000.0,5540000.0,-4171000.0,0.0,Ready now
CUST106123,7226.0,8000.0,1568200.0,0.995,1564000.0,1651000.0,-626000.0,0.0,Ready now
CUST106124,-5487.0,2073000.0,5049200.0,0.589,4013000.0,4013000.0,-3309000.0,0.0,Ready now
CUST106125,27967.0,7000.0,2849900.0,0.998,2846000.0,3182000.0,-1635000.0,0.0,Ready now
CUST106126,12480.0,0.0,36100.0,1.0,36000.0,186000.0,756000.0,61.0,Not on track
CUST106127,5808.0,874000.0,1467800.0,0.405,1031000.0,1101000.0,-616000.0,0.0,Ready now
CUST106128,11086.0,580000.0,1661700.0,0.651,1372000.0,1505000.0,-990000.0,0.0,Ready now
CUST106129,13494.0,1741000.0,4002000.0,0.565,3132000.0,3294000.0,-2276000.0,0.0,Ready now
CUST106130,22347.0,2805000.0,3984500.0,0.296,2582000.0,2850000.0,-1720000.0,0.0,Ready now
CUST106131,41070.0,0.0,2451300.0,1.0,2451000.0,2944000.0,425000.0,10.0,Ready in 12 months
CUST106132,23427.0,1899000.0,5370100.0,0.646,4421000.0,4702000.0,-3487000.0,0.0,Ready now
CUST106133,2297.0,2300000.0,5100200.0,0.549,3950000.0,3978000.0,-3089000.0,0.0,Ready now
CUST106134,14928.0,1013000.0,1121900.0,0.097,615000.0,794000.0,195000.0,13.0,Ready in 24 months
CUST106135,22807.0,2516000.0,5391200.0,0.533,4133000.0,4407000.0,-2782000.0,0.0,Ready now
CUST106136,7480.0,0.0,2522900.0,1.0,2523000.0,2613000.0,-1773000.0,0.0,Ready now
CUST106137,19906.0,8000.0,1480600.0,0.995,1477000.0,1716000.0,-756000.0,0.0,Ready now
CUST106138,12398.0,1462000.0,2492500.0,0.413,1762000.0,1911000.0,-1220000.0,0.0,Ready now
CUST106139,22590.0,813000.0,839800.0,0.032,433000.0,704000.0,378000.0,17.0,Ready in 24 months
CUST106140,11158.0,1651000.0,1784600.0,0.075,959000.0,1093000.0,-500000.0,0.0,Ready now
CUST106141,30451.0,2759000.0,2804900.0,0.016,1425000.0,1790000.0,-541000.0,0.0,Ready now
CUST106142,28396.0,1348000.0,1402600.0,0.039,729000.0,1070000.0,239000.0,8.0,Ready in 12 months
CUST106143,13007.0,0.0,190300.0,1.0,190000.0,346000.0,581000.0,45.0,Not on track
CUST106144,49207.0,9000.0,643700.0,0.986,639000.0,1229000.0,823000.0,17.0,Ready in 24 months
CUST106145,47291.0,2132000.0,5733200.0,0.628,4667000.0,5234000.0,-2897000.0,0.0,Ready now
CUST106146,15740.0,2110000.0,4017900.0,0.475,2963000.0,3152000.0,-2248000.0,0.0,Ready now
CUST106147,5596.0,1282000.0,1425800.0,0.101,785000.0,852000.0,-403000.0,0.0,Ready now
CUST106148,14736.0,1862000.0,3672800.0,0.493,2742000.0,2919000.0,-1883000.0,0.0,Ready now
CUST106149,22658.0,2712000.0,5408000.0,0.499,4052000.0,4324000.0,-3318000.0,0.0,Ready now
CUST106150,25644.0,0.0,315500.0,1.0,316000.0,624000.0,644000.0,25.0,Not on track
CUST106151,12244.0,1554000.0,1703300.0,0.088,926000.0,1073000.0,-114000.0,0.0,Ready now
CUST106152,12685.0,1581000.0,1599200.0,0.011,809000.0,961000.0,-222000.0,0.0,Ready now
CUST106153,24493.0,0.0,1954900.0,1.0,1955000.0,2249000.0,-1074000.0,0.0,Ready now
CUST106154,18544.0,0.0,1565300.0,1.0,1565000.0,1788000.0,-815000.0,0.0,Ready now
CUST106155,18341.0,2295000.0,2457400.0,0.066,1310000.0,1530000.0,-728000.0,0.0,Ready now
CUST106156,804.0,19000.0,1698400.0,0.989,1689000.0,1699000.0,-1280000.0,0.0,Ready now
CUST106157,5212.0,2426000.0,2477200.0,0.021,1264000.0,1327000.0,-306000.0,0.0,Ready now
CUST106158,28108.0,603000.0,725000.0,0.168,424000.0,761000.0,604000.0,21.0,Ready in 24 months
CUST106159,27628.0,38000.0,1167200.0,0.967,1148000.0,1480000.0,-336000.0,0.0,Ready now
CUST106160,14468.0,1910000.0,2013300.0,0.051,1058000.0,1232000.0,129000.0,9.0,Ready in 12 months
CUST106161,4291.0,1553000.0,4270700.0,0.636,3494000.0,3545000.0,-2802000.0,0.0,Ready now
CUST106162,7846.0,344000.0,432000.0,0.204,260000.0,354000.0,316000.0,40.0,Not on track
CUST106163,8508.0,0.0,1202600.0,1.0,1203000.0,1305000.0,-567000.0,0.0,Ready now
CUST106164,8653.0,108000.0,2287300.0,0.953,2233000.0,2337000.0,-1765000.0,0.0,Ready now
CUST106165,1060.0,1000.0,1086900.0,0.999,1086000.0,1099000.0,-671000.0,0.0,Ready now
CUST106166,10893.0,0.0,337400.0,1.0,337000.0,468000.0,11000.0,1.0,Ready in 6 months
CUST106167,21568.0,16000.0,416800.0,0.962,409000.0,668000.0,867000.0,40.0,Not on track
CUST106168,13830.0,370000.0,908400.0,0.593,723000.0,889000.0,37000.0,3.0,Ready in 6 months
CUST106169,10280.0,2636000.0,4829200.0,0.454,3511000.0,3634000.0,-2201000.0,0.0,Ready now
CUST106170,8974.0,1824000.0,3061400.0,0.404,2149000.0,2257000.0,-1371000.0,0.0,Ready now
CUST106171,2726.0,773000.0,1672800.0,0.538,1286000.0,1319000.0,-954000.0,0.0,Ready now
CUST106172,29734.0,2151000.0,2272100.0,0.053,1197000.0,1554000.0,-105000.0,0.0,Ready now
CUST106173,3930.0,1303000.0,1327800.0,0.019,676000.0,723000.0,-233000.0,0.0,Ready now
CUST106174,22391.0,0.0,110300.0,1.0,110000.0,379000.0,637000.0,28.0,Not on track
CUST106175,12417.0,0.0,104900.0,1.0,105000.0,254000.0,411000.0,33.0,Not on track
CUST106176,8729.0,725000.0,870700.0,0.167,508000.0,613000.0,-152000.0,0.0,Ready now
CUST106177,41282.0,5353000.0,5412500.0,0.011,2736000.0,3231000.0,-904000.0,0.0,Ready now
CUST106178,2746.0,394000.0,407600.0,0.033,211000.0,244000.0,318000.0,116.0,Not on track
CUST106179,24156.0,790000.0,3206200.0,0.754,2811000.0,3101000.0,-2047000.0,0.0,Ready now
CUST106180,22196.0,1849000.0,2060500.0,0.103,1136000.0,1402000.0,-352000.0,0.0,Ready now
CUST106181,11663.0,0.0,615200.0,1.0,615000.0,755000.0,-159000.0,0.0,Ready now
CUST106182,4369.0,1497000.0,3039700.0,0.508,2291000.0,2343000.0,-1259000.0,0.0,Ready now
CUST106183,4490.0,0.0,2100300.0,1.0,2100000.0,2154000.0,-1416000.0,0.0,Ready now
CUST106184,26747.0,953000.0,1277300.0,0.254,801000.0,1122000.0,399000.0,15.0,Ready in 24 months
CUST106185,14184.0,0.0,1169700.0,1.0,1170000.0,1340000.0,-195000.0,0.0,Ready now
CUST106186,3955.0,132000.0,197200.0,0.331,131000.0,178000.0,289000.0,73.0,Not on track
CUST106187,11125.0,1000.0,324700.0,0.997,324000.0,458000.0,621000.0,56.0,Not on track
CUST106188,9543.0,1729000.0,1926600.0,0.103,1062000.0,1177000.0,-713000.0,0.0,Ready now
CUST106189,13220.0,0.0,56900.0,1.0,57000.0,216000.0,430000.0,33.0,Not on track
CUST106190,26226.0,1488000.0,6982200.0,0.787,6238000.0,6553000.0,-5235000.0,0.0,Ready now
CUST106191,6292.0,1388000.0,2879800.0,0.518,2186000.0,2262000.0,-1378000.0,0.0,Ready now
CUST106192,-287.0,0.0,2705400.0,1.0,2705000.0,2705000.0,-1859000.0,0.0,Ready now
CUST106193,31026.0,2994000.0,3224800.0,0.072,1728000.0,2100000.0,-634000.0,0.0,Ready now
CUST106194,2751.0,466000.0,546300.0,0.147,313000.0,346000.0,5000.0,2.0,Ready in 6 months
CUST106195,28541.0,3769000.0,7487200.0,0.497,5603000.0,5945000.0,-4618000.0,0.0,Ready now
CUST106196,25432.0,4000.0,1233600.0,0.997,1232000.0,1537000.0,-192000.0,0.0,Ready now
CUST106197,12362.0,6000.0,62200.0,0.904,59000.0,207000.0,681000.0,55.0,Not on track
CUST106198,23884.0,0.0,225500.0,1.0,226000.0,513000.0,700000.0,29.0,Not on track
CUST106199,34423.0,3048000.0,3100800.0,0.017,1577000.0,1990000.0,-437000.0,0.0,Ready now
CUST106200,17232.0,1911000.0,4483300.0,0.574,3528000.0,3735000.0,-2803000.0,0.0,Ready now
CUST106201,103202.0,20000.0,5855600.0,0.997,5846000.0,7084000.0,-2992000.0,0.0,Ready now
CUST106202,51202.0,4059000.0,7173800.0,0.434,5144000.0,5758000.0,-3394000.0,0.0,Ready now
CUST106203,29381.0,412000.0,2008600.0,0.795,1803000.0,2156000.0,-753000.0,0.0,Ready now
CUST106204,19724.0,405000.0,459600.0,0.119,257000.0,494000.0,628000.0,32.0,Not on track
CUST106205,23569.0,1765000.0,2090100.0,0.156,1208000.0,1491000.0,-447000.0,0.0,Ready now
CUST106206,18241.0,1354000.0,1467800.0,0.078,791000.0,1010000.0,-57000.0,0.0,Ready now
CUST106207,29652.0,1957000.0,5433600.0,0.64,4455000.0,4811000.0,-3399000.0,0.0,Ready now
CUST106208,25024.0,0.0,4296900.0,1.0,4297000.0,4597000.0,-2899000.0,0.0,Ready now
CUST106209,4878.0,1167000.0,2337000.0,0.501,1754000.0,1813000.0,-1250000.0,0.0,Ready now
CUST106210,14867.0,1575000.0,3406700.0,0.538,2619000.0,2797000.0,-1449000.0,0.0,Ready now
CUST106211,22538.0,22000.0,2525400.0,0.991,2514000.0,2784000.0,-934000.0,0.0,Ready now
CUST106212,17627.0,0.0,448900.0,1.0,449000.0,661000.0,677000.0,38.0,Not on track
CUST106213,21310.0,1574000.0,1858900.0,0.153,1072000.0,1328000.0,-254000.0,0.0,Ready now
CUST106214,12564.0,3000.0,351800.0,0.991,350000.0,501000.0,729000.0,58.0,Not on track
CUST106215,18694.0,31000.0,3771200.0,0.992,3756000.0,3980000.0,-1858000.0,0.0,Ready now
CUST106216,12999.0,2130000.0,2238200.0,0.048,1173000.0,1329000.0,-210000.0,0.0,Ready now
CUST106217,14110.0,2313000.0,4567200.0,0.494,3411000.0,3580000.0,-2408000.0,0.0,Ready now
CUST106218,9685.0,7830000.0,13519700.0,0.421,9605000.0,9721000.0,-6725000.0,0.0,Ready now
CUST106219,206.0,347000.0,2691200.0,0.871,2518000.0,2520000.0,-1690000.0,0.0,Ready now
CUST106220,15792.0,1561000.0,1655400.0,0.057,875000.0,1065000.0,-476000.0,0.0,Ready now
CUST106221,33825.0,0.0,1757800.0,1.0,1758000.0,2164000.0,-225000.0,0.0,Ready now
CUST106222,28491.0,1578000.0,4758300.0,0.668,3969000.0,4311000.0,-2946000.0,0.0,Ready now
CUST106223,14407.0,1920000.0,2484500.0,0.227,1524000.0,1697000.0,-810000.0,0.0,Ready now
CUST106224,9292.0,6000.0,497400.0,0.988,494000.0,606000.0,78000.0,8.0,Ready in 12 months
CUST106225,16897.0,2423000.0,3887000.0,0.377,2676000.0,2879000.0,-2049000.0,0.0,Ready now
CUST106226,24758.0,271000.0,584400.0,0.536,449000.0,746000.0,382000.0,15.0,Ready in 24 months
CUST106227,12269.0,1410000.0,1504400.0,0.063,799000.0,946000.0,-341000.0,0.0,Ready now
CUST106228,24231.0,1819000.0,2940200.0,0.381,2031000.0,2322000.0,-1082000.0,0.0,Ready now
CUST106229,8879.0,0.0,209900.0,1.0,210000.0,317000.0,530000.0,60.0,Not on track
CUST106230,8573.0,2298000.0,2459600.0,0.066,1311000.0,1414000.0,-559000.0,0.0,Ready now
CUST106231,38626.0,2852000.0,3191800.0,0.106,1766000.0,2230000.0,-690000.0,0.0,Ready now
CUST106232,7906.0,0.0,982400.0,1.0,982000.0,1077000.0,-606000.0,0.0,Ready now
CUST106233,6276.0,0.0,472600.0,1.0,473000.0,548000.0,24000.0,4.0,Ready in 6 months
CUST106234,15014.0,1932000.0,2521500.0,0.234,1556000.0,1736000.0,-1010000.0,0.0,Ready now
CUST106235,53376.0,0.0,1510300.0,1.0,1510000.0,2151000.0,414000.0,8.0,Ready in 12 months
CUST106236,72529.0,3492000.0,4331600.0,0.194,2586000.0,3456000.0,653000.0,9.0,Ready in 12 months
CUST106237,22610.0,0.0,284000.0,1.0,284000.0,555000.0,709000.0,31.0,Not on track
CUST106238,24859.0,1912000.0,1964800.0,0.027,1009000.0,1307000.0,-231000.0,0.0,Ready now
CUST106239,9451.0,0.0,85800.0,1.0,86000.0,199000.0,270000.0,29.0,Not on track
CUST106240,9713.0,0.0,3032600.0,1.0,3033000.0,3150000.0,-1789000.0,0.0,Ready now
CUST106241,24192.0,1971000.0,3451300.0,0.429,2466000.0,2756000.0,-1462000.0,0.0,Ready now
CUST106242,10821.0,16000.0,1758100.0,0.991,1750000.0,1880000.0,-1036000.0,0.0,Ready now
CUST106243,3190.0,226000.0,262000.0,0.137,149000.0,187000.0,323000.0,101.0,Not on track
CUST106244,59006.0,3821000.0,10037400.0,0.619,8127000.0,8835000.0,-5459000.0,0.0,Ready now
CUST106245,27727.0,22000.0,2445400.0,0.991,2434000.0,2767000.0,-314000.0,0.0,Ready now
CUST106246,7505.0,21000.0,3292200.0,0.994,3282000.0,3372000.0,-2230000.0,0.0,Ready now
CUST106247,12854.0,3727000.0,4225400.0,0.118,2362000.0,2516000.0,-735000.0,0.0,Ready now
CUST106248,28668.0,2836000.0,3101500.0,0.086,1684000.0,2028000.0,-666000.0,0.0,Ready now
CUST106249,8972.0,1134000.0,3172000.0,0.642,2605000.0,2713000.0,-1620000.0,0.0,Ready now
CUST106250,4260.0,23000.0,1138400.0,0.98,1127000.0,1178000.0,-876000.0,0.0,Ready now
CUST106251,4888.0,1053000.0,1243100.0,0.153,717000.0,776000.0,-361000.0,0.0,Ready now
CUST106252,9700.0,18000.0,1088100.0,0.983,1079000.0,1195000.0,-775000.0,0.0,Ready now
CUST106253,13870.0,806000.0,982300.0,0.179,579000.0,745000.0,4000.0,0.0,Ready now
CUST106254,9932.0,0.0,803700.0,1.0,804000.0,923000.0,-197000.0,0.0,Ready now
CUST106255,20538.0,0.0,860400.0,1.0,860000.0,1106000.0,214000.0,10.0,Ready in 12 months
CUST106256,8490.0,0.0,226600.0,1.0,227000.0,329000.0,400000.0,47.0,Not on track
CUST106257,24426.0,0.0,194800.0,1.0,195000.0,488000.0,783000.0,32.0,Not on track
CUST106258,10111.0,1551000.0,1742300.0,0.11,967000.0,1088000.0,-467000.0,0.0,Ready now
CUST106259,6912.0,1208000.0,2722800.0,0.556,2119000.0,2202000.0,-1820000.0,0.0,Ready now
CUST106260,23453.0,470000.0,691700.0,0.321,457000.0,738000.0,441000.0,19.0,Ready in 24 months
CUST106261,12928.0,5000.0,180400.0,0.972,178000.0,333000.0,361000.0,28.0,Not on track
CUST106262,7744.0,1791000.0,3482300.0,0.486,2587000.0,2680000.0,-1594000.0,0.0,Ready now
CUST106263,7867.0,0.0,5477100.0,1.0,5477000.0,5571000.0,-4475000.0,0.0,Ready now
CUST106264,19906.0,31000.0,327700.0,0.905,312000.0,551000.0,1553000.0,78.0,Not on track
CUST106265,1790.0,6000.0,189600.0,0.968,187000.0,208000.0,598000.0,334.0,Not on track
CUST106266,30751.0,4913000.0,7329000.0,0.33,4872000.0,5241000.0,-2891000.0,0.0,Ready now
CUST106267,25384.0,1548000.0,5232500.0,0.704,4458000.0,4763000.0,-3646000.0,0.0,Ready now
CUST106268,12038.0,537000.0,2515200.0,0.786,2247000.0,2391000.0,-848000.0,0.0,Ready now
CUST106269,43540.0,4289000.0,8318600.0,0.484,6174000.0,6696000.0,-4837000.0,0.0,Ready now
CUST106270,26138.0,1917000.0,3454000.0,0.445,2496000.0,2810000.0,-1215000.0,0.0,Ready now
CUST106271,10714.0,797000.0,951100.0,0.162,553000.0,682000.0,-103000.0,0.0,Ready now
CUST106272,32915.0,72000.0,3010300.0,0.976,2974000.0,3369000.0,-1464000.0,0.0,Ready now
CUST106273,11527.0,12000.0,263500.0,0.954,258000.0,396000.0,225000.0,20.0,Ready in 24 months
CUST106274,32894.0,745000.0,2925700.0,0.745,2553000.0,2948000.0,-1645000.0,0.0,Ready now
CUST106275,22677.0,0.0,1404900.0,1.0,1405000.0,1677000.0,-346000.0,0.0,Ready now
CUST106276,31644.0,1136000.0,2192200.0,0.482,1624000.0,2004000.0,133000.0,4.0,Ready in 6 months
CUST106277,25737.0,1226000.0,1413000.0,0.132,800000.0,1109000.0,407000.0,16.0,Ready in 24 months
CUST106278,10125.0,1082000.0,1818500.0,0.405,1278000.0,1400000.0,-782000.0,0.0,Ready now
CUST106279,41053.0,6631000.0,7306900.0,0.093,3991000.0,4484000.0,-1774000.0,0.0,Ready now
CUST106280,30972.0,1864000.0,4184200.0,0.555,3252000.0,3624000.0,-1876000.0,0.0,Ready now
CUST106281,22481.0,144000.0,1641100.0,0.912,1569000.0,1839000.0,-817000.0,0.0,Ready now
CUST106282,6055.0,0.0,156600.0,1.0,157000.0,230000.0,325000.0,54.0,Not on track
CUST106283,33227.0,3729000.0,3884000.0,0.04,2020000.0,2419000.0,-427000.0,0.0,Ready now
CUST106284,15362.0,0.0,68300.0,1.0,68000.0,252000.0,528000.0,34.0,Not on track
CUST106285,11671.0,3444000.0,5322900.0,0.353,3601000.0,3741000.0,-2441000.0,0.0,Ready now
CUST106286,23682.0,0.0,711300.0,1.0,711000.0,995000.0,981000.0,41.0,Not on track
CUST106287,10089.0,1456000.0,1677800.0,0.132,950000.0,1071000.0,-358000.0,0.0,Ready now
CUST106288,9789.0,2156000.0,2387400.0,0.097,1309000.0,1426000.0,-623000.0,0.0,Ready now
CUST106289,18546.0,17000.0,1480900.0,0.989,1472000.0,1695000.0,-688000.0,0.0,Ready now
CUST106290,13315.0,1736000.0,1811300.0,0.042,943000.0,1103000.0,-453000.0,0.0,Ready now
CUST106291,13688.0,302000.0,544000.0,0.445,393000.0,557000.0,616000.0,45.0,Not on track
CUST106292,31170.0,18000.0,822900.0,0.978,814000.0,1188000.0,252000.0,8.0,Ready in 12 months
CUST106293,32262.0,541000.0,1277500.0,0.577,1007000.0,1394000.0,419000.0,13.0,Ready in 24 months
CUST106294,15108.0,3000.0,1812300.0,0.998,1811000.0,1992000.0,-1231000.0,0.0,Ready now
CUST106295,40898.0,2610000.0,5864200.0,0.555,4559000.0,5050000.0,-3267000.0,0.0,Ready now
CUST106296,12052.0,622000.0,1358300.0,0.542,1047000.0,1192000.0,-538000.0,0.0,Ready now
CUST106297,38644.0,2043000.0,2548200.0,0.198,1527000.0,1991000.0,-19000.0,0.0,Ready now
CUST106298,11012.0,673000.0,750200.0,0.103,414000.0,546000.0,58000.0,5.0,Ready in 6 months
CUST106299,27219.0,0.0,2358200.0,1.0,2358000.0,2685000.0,-188000.0,0.0,Ready now
CUST106300,17943.0,640000.0,833100.0,0.232,513000.0,728000.0,163000.0,9.0,Ready in 12 months
CUST106301,25010.0,3210000.0,3374000.0,0.049,1769000.0,2069000.0,-690000.0,0.0,Ready now
CUST106302,47507.0,0.0,439300.0,1.0,439000.0,1009000.0,953000.0,20.0,Ready in 24 months
CUST106303,11704.0,11000.0,78000.0,0.859,72000.0,212000.0,454000.0,39.0,Not on track
CUST106304,15835.0,0.0,949900.0,1.0,950000.0,1140000.0,350000.0,22.0,Ready in 24 months
CUST106305,17066.0,618000.0,1164200.0,0.469,855000.0,1060000.0,-103000.0,0.0,Ready now
CUST106306,19131.0,1182000.0,2940000.0,0.598,2349000.0,2579000.0,-1498000.0,0.0,Ready now
CUST106307,17156.0,1725000.0,1934900.0,0.108,1072000.0,1278000.0,-362000.0,0.0,Ready now
CUST106308,51049.0,0.0,652900.0,1.0,653000.0,1266000.0,1184000.0,23.0,Ready in 24 months
CUST106309,2580.0,0.0,13800.0,1.0,14000.0,45000.0,539000.0,209.0,Not on track
CUST106310,14806.0,3186000.0,6760500.0,0.529,5168000.0,5346000.0,-4280000.0,0.0,Ready now
CUST106311,7227.0,1678000.0,3722200.0,0.549,2883000.0,2970000.0,-2311000.0,0.0,Ready now
CUST106312,48367.0,1200000.0,2684900.0,0.553,2085000.0,2665000.0,-375000.0,0.0,Ready now
CUST106313,38481.0,8021000.0,13978500.0,0.426,9968000.0,10430000.0,-8146000.0,0.0,Ready now
CUST106314,-2976.0,1116000.0,3003900.0,0.628,2446000.0,2446000.0,-2150000.0,0.0,Ready now
CUST106315,18005.0,0.0,303200.0,1.0,303000.0,519000.0,760000.0,42.0,Not on track
CUST106316,25080.0,1925000.0,2061700.0,0.066,1099000.0,1400000.0,-281000.0,0.0,Ready now
CUST106317,44644.0,3159000.0,5547000.0,0.431,3968000.0,4504000.0,-2647000.0,0.0,Ready now
CUST106318,9785.0,0.0,72200.0,1.0,72000.0,189000.0,803000.0,82.0,Not on track
CUST106319,33560.0,362000.0,2947900.0,0.877,2767000.0,3170000.0,-1433000.0,0.0,Ready now
CUST106320,-2366.0,0.0,213400.0,1.0,213000.0,213000.0,340000.0,999.0,Not on track
CUST106321,40734.0,9188000.0,12524300.0,0.266,7930000.0,8419000.0,-5493000.0,0.0,Ready now
CUST106322,1826.0,1066000.0,1165800.0,0.086,633000.0,655000.0,-277000.0,0.0,Ready now
CUST106323,30298.0,2493000.0,2778800.0,0.103,1532000.0,1896000.0,-335000.0,0.0,Ready now
CUST106324,14693.0,0.0,1783200.0,1.0,1783000.0,1959000.0,-1421000.0,0.0,Ready now
CUST106325,3860.0,0.0,504600.0,1.0,505000.0,551000.0,379000.0,98.0,Not on track
CUST106326,19700.0,408000.0,4799100.0,0.915,4595000.0,4831000.0,-3689000.0,0.0,Ready now
CUST106327,21413.0,0.0,4639200.0,1.0,4639000.0,4896000.0,-4012000.0,0.0,Ready now
CUST106328,6684.0,1462000.0,3882900.0,0.623,3152000.0,3232000.0,-2254000.0,0.0,Ready now
CUST106329,14638.0,774000.0,869200.0,0.11,482000.0,658000.0,734000.0,50.0,Not on track
CUST106330,23883.0,3301000.0,7311700.0,0.549,5661000.0,5948000.0,-3959000.0,0.0,Ready now
CUST106331,322.0,0.0,39500.0,1.0,40000.0,44000.0,256000.0,999.0,Not on track
CUST106332,40747.0,0.0,1046000.0,1.0,1046000.0,1535000.0,1020000.0,25.0,Not on track
CUST106333,53984.0,121000.0,833100.0,0.855,773000.0,1421000.0,2792000.0,52.0,Not on track
CUST106334,4398.0,1191000.0,1237800.0,0.038,642000.0,695000.0,-229000.0,0.0,Ready now
CUST106335,18755.0,2274000.0,2475600.0,0.081,1339000.0,1564000.0,-475000.0,0.0,Ready now
CUST106336,26993.0,3942000.0,4234800.0,0.069,2264000.0,2588000.0,-487000.0,0.0,Ready now
CUST106337,36241.0,0.0,553600.0,1.0,554000.0,989000.0,1015000.0,28.0,Not on track
CUST106338,34642.0,14000.0,699600.0,0.98,693000.0,1109000.0,1599000.0,46.0,Not on track
CUST106339,31471.0,21000.0,144500.0,0.855,134000.0,512000.0,1060000.0,34.0,Not on track
CUST106340,6197.0,1258000.0,1847300.0,0.319,1218000.0,1292000.0,-907000.0,0.0,Ready now
CUST106341,22667.0,23000.0,1631500.0,0.986,1620000.0,1892000.0,104000.0,5.0,Ready in 6 months
CUST106342,39109.0,3160000.0,6229300.0,0.493,4649000.0,5118000.0,-3409000.0,0.0,Ready now
CUST106343,-640.0,0.0,484100.0,1.0,484000.0,484000.0,1246000.0,999.0,Not on track
CUST106344,10515.0,1383000.0,2854500.0,0.516,2163000.0,2289000.0,-1703000.0,0.0,Ready now
CUST106345,3524.0,0.0,1418500.0,1.0,1418000.0,1460000.0,-1026000.0,0.0,Ready now
CUST106346,11735.0,0.0,270400.0,1.0,270000.0,411000.0,327000.0,28.0,Not on track
CUST106347,28763.0,0.0,1502500.0,1.0,1502000.0,1847000.0,261000.0,9.0,Ready in 12 months
CUST106348,63328.0,3085000.0,3325400.0,0.072,1783000.0,2543000.0,436000.0,7.0,Ready in 12 months
CUST106349,17883.0,747000.0,894200.0,0.165,521000.0,736000.0,169000.0,9.0,Ready in 12 months
CUST106350,24977.0,0.0,1478600.0,1.0,1479000.0,1779000.0,-669000.0,0.0,Ready now
CUST106351,31939.0,79000.0,895000.0,0.912,856000.0,1239000.0,2610000.0,82.0,Not on track
CUST106352,17137.0,0.0,1271800.0,1.0,1272000.0,1478000.0,-656000.0,0.0,Ready now
CUST106353,10752.0,1549000.0,3890500.0,0.602,3116000.0,3245000.0,-1726000.0,0.0,Ready now
CUST106354,15731.0,1707000.0,2576800.0,0.338,1723000.0,1912000.0,-932000.0,0.0,Ready now
CUST106355,41874.0,1314000.0,1644100.0,0.201,987000.0,1489000.0,270000.0,6.0,Ready in 6 months
CUST106356,7648.0,326000.0,2273300.0,0.857,2110000.0,2202000.0,-1542000.0,0.0,Ready now
CUST106357,7256.0,126000.0,549400.0,0.771,486000.0,573000.0,167000.0,23.0,Ready in 24 months
CUST106358,7345.0,0.0,1478600.0,1.0,1479000.0,1567000.0,-863000.0,0.0,Ready now
CUST106359,3409.0,0.0,167700.0,1.0,168000.0,209000.0,382000.0,112.0,Not on track
CUST106360,13644.0,1916000.0,2113000.0,0.093,1155000.0,1319000.0,-437000.0,0.0,Ready now
CUST106361,35127.0,1721000.0,1815700.0,0.052,955000.0,1377000.0,335000.0,10.0,Ready in 12 months
CUST106362,60872.0,0.0,6714500.0,1.0,6714000.0,7444000.0,-4976000.0,0.0,Ready now
CUST106363,2284.0,1905000.0,2010900.0,0.053,1058000.0,1085000.0,-320000.0,0.0,Ready now
CUST106364,6209.0,1276000.0,1435100.0,0.111,797000.0,872000.0,-293000.0,0.0,Ready now
CUST106365,20179.0,23000.0,53400.0,0.569,42000.0,284000.0,612000.0,30.0,Not on track
CUST106366,9100.0,1363000.0,1579000.0,0.137,898000.0,1007000.0,-664000.0,0.0,Ready now
CUST106367,9009.0,1111000.0,1631600.0,0.319,1076000.0,1184000.0,-704000.0,0.0,Ready now
CUST106368,27960.0,22000.0,598600.0,0.963,588000.0,924000.0,1099000.0,39.0,Not on track
CUST106369,23426.0,771000.0,1861300.0,0.586,1476000.0,1757000.0,-444000.0,0.0,Ready now
CUST106370,19596.0,17000.0,2318900.0,0.993,2310000.0,2545000.0,-1226000.0,0.0,Ready now
CUST106371,9601.0,0.0,710000.0,1.0,710000.0,825000.0,-404000.0,0.0,Ready now
CUST106372,-569.0,0.0,158800.0,1.0,159000.0,159000.0,156000.0,999.0,Not on track
CUST106373,7087.0,3000.0,146100.0,0.979,145000.0,230000.0,105000.0,15.0,Ready in 24 months
CUST106374,13328.0,0.0,736600.0,1.0,737000.0,897000.0,159000.0,12.0,Ready in 12 months
CUST106375,2426.0,0.0,304300.0,1.0,304000.0,333000.0,542000.0,223.0,Not on track
CUST106376,21883.0,207000.0,4309700.0,0.952,4206000.0,4469000.0,-3334000.0,0.0,Ready now
CUST106377,9850.0,1663000.0,1767100.0,0.059,936000.0,1054000.0,-420000.0,0.0,Ready now
CUST106378,1224.0,15000.0,1425600.0,0.989,1418000.0,1433000.0,-771000.0,0.0,Ready now
CUST106379,21648.0,0.0,41900.0,1.0,42000.0,302000.0,858000.0,40.0,Not on track
CUST106380,27473.0,0.0,179100.0,1.0,179000.0,509000.0,1007000.0,37.0,Not on track
CUST106381,23421.0,1450000.0,1527500.0,0.051,802000.0,1083000.0,-60000.0,0.0,Ready now
CUST106382,6090.0,796000.0,1447000.0,0.45,1049000.0,1122000.0,-429000.0,0.0,Ready now
CUST106383,11231.0,1335000.0,1511400.0,0.117,844000.0,979000.0,-210000.0,0.0,Ready now
CUST106384,16910.0,748000.0,800200.0,0.065,426000.0,629000.0,228000.0,13.0,Ready in 24 months
CUST106385,2546.0,1695000.0,1790000.0,0.053,942000.0,973000.0,-425000.0,0.0,Ready now
CUST106386,12571.0,20000.0,989300.0,0.98,979000.0,1130000.0,-406000.0,0.0,Ready now
CUST106387,17090.0,357000.0,753600.0,0.526,575000.0,780000.0,79000.0,5.0,Ready in 6 months
CUST106388,39975.0,0.0,71900.0,1.0,72000.0,552000.0,1417000.0,35.0,Not on track
CUST106389,-8717.0,1840000.0,4965100.0,0.629,4045000.0,4045000.0,-3715000.0,0.0,Ready now
CUST106390,15216.0,18000.0,993600.0,0.982,985000.0,1168000.0,-509000.0,0.0,Ready now
CUST106391,7744.0,4000.0,397100.0,0.99,395000.0,488000.0,-73000.0,0.0,Ready now
CUST106392,63134.0,5858000.0,5944700.0,0.015,3016000.0,3774000.0,-534000.0,0.0,Ready now
CUST106393,-7368.0,0.0,132100.0,1.0,132000.0,132000.0,888000.0,999.0,Not on track
CUST106394,27257.0,23000.0,332700.0,0.931,321000.0,648000.0,822000.0,30.0,Not on track
CUST106395,9184.0,1066000.0,4908100.0,0.783,4375000.0,4485000.0,-3332000.0,0.0,Ready now
CUST106396,24686.0,1345000.0,1689600.0,0.204,1017000.0,1313000.0,21000.0,1.0,Ready in 6 months
CUST106397,18911.0,2803000.0,5188700.0,0.46,3787000.0,4014000.0,-2969000.0,0.0,Ready now
CUST106398,16225.0,0.0,971300.0,1.0,971000.0,1166000.0,-438000.0,0.0,Ready now
CUST106399,68379.0,6304000.0,6637500.0,0.05,3486000.0,4307000.0,-911000.0,0.0,Ready now
CUST106400,20247.0,6000.0,2207700.0,0.997,2205000.0,2448000.0,-1409000.0,0.0,Ready now
CUST106401,9885.0,2104000.0,2870500.0,0.267,1818000.0,1937000.0,-1272000.0,0.0,Ready now
CUST106402,25685.0,1900000.0,2110400.0,0.1,1160000.0,1468000.0,-150000.0,0.0,Ready now
CUST106403,9684.0,990000.0,1935100.0,0.488,1440000.0,1556000.0,-421000.0,0.0,Ready now
CUST106404,24775.0,0.0,6045900.0,1.0,6046000.0,6343000.0,-4725000.0,0.0,Ready now
CUST106405,14164.0,3824000.0,4655600.0,0.179,2744000.0,2914000.0,-1497000.0,0.0,Ready now
CUST106406,16632.0,1669000.0,1698300.0,0.017,864000.0,1064000.0,-122000.0,0.0,Ready now
CUST106407,13736.0,1857000.0,3948400.0,0.53,3020000.0,3185000.0,-2608000.0,0.0,Ready now
CUST106408,23084.0,2287000.0,5289400.0,0.568,4146000.0,4423000.0,-3093000.0,0.0,Ready now
CUST106409,5451.0,0.0,1166800.0,1.0,1167000.0,1232000.0,-605000.0,0.0,Ready now
CUST106410,22289.0,17000.0,4407100.0,0.996,4399000.0,4666000.0,-2703000.0,0.0,Ready now
CUST106411,7856.0,0.0,242600.0,1.0,243000.0,337000.0,739000.0,94.0,Not on track
CUST106412,56197.0,5051000.0,9287700.0,0.456,6762000.0,7436000.0,-5093000.0,0.0,Ready now
CUST106413,6478.0,952000.0,1637800.0,0.419,1162000.0,1240000.0,-770000.0,0.0,Ready now
CUST106414,39220.0,3430000.0,5755900.0,0.404,4041000.0,4512000.0,-2666000.0,0.0,Ready now
CUST106415,14073.0,6000.0,1085700.0,0.994,1083000.0,1252000.0,-447000.0,0.0,Ready now
CUST106416,12303.0,1858000.0,2743000.0,0.323,1814000.0,1962000.0,-1246000.0,0.0,Ready now
CUST106417,43243.0,1198000.0,3186600.0,0.624,2588000.0,3107000.0,-1160000.0,0.0,Ready now
CUST106418,9241.0,2293000.0,3264300.0,0.298,2118000.0,2229000.0,-1416000.0,0.0,Ready now
CUST106419,70309.0,0.0,288200.0,1.0,288000.0,1132000.0,2851000.0,41.0,Not on track
CUST106420,18900.0,3388000.0,3534600.0,0.041,1841000.0,2068000.0,-557000.0,0.0,Ready now
CUST106421,11468.0,351000.0,1417900.0,0.752,1242000.0,1380000.0,-542000.0,0.0,Ready now
CUST106422,28858.0,3268000.0,3399700.0,0.039,1766000.0,2112000.0,-632000.0,0.0,Ready now
CUST106423,15867.0,2015000.0,3440100.0,0.414,2433000.0,2623000.0,-1658000.0,0.0,Ready now
CUST106424,31084.0,35000.0,401500.0,0.913,384000.0,757000.0,1120000.0,36.0,Not on track
CUST106425,19371.0,1976000.0,2257100.0,0.125,1269000.0,1501000.0,-414000.0,0.0,Ready now
CUST106426,22935.0,359000.0,3045500.0,0.882,2866000.0,3141000.0,-1652000.0,0.0,Ready now
CUST106427,5449.0,790000.0,1416200.0,0.442,1021000.0,1086000.0,-374000.0,0.0,Ready now
CUST106428,11887.0,2036000.0,2275300.0,0.105,1257000.0,1400000.0,-321000.0,0.0,Ready now
CUST106429,41388.0,174000.0,637900.0,0.727,551000.0,1048000.0,776000.0,19.0,Ready in 24 months
CUST106430,9450.0,0.0,112700.0,1.0,113000.0,226000.0,243000.0,26.0,Not on track
CUST106431,12660.0,10000.0,234400.0,0.957,229000.0,381000.0,620000.0,49.0,Not on track
CUST106432,16103.0,0.0,22500.0,1.0,22000.0,215000.0,676000.0,42.0,Not on track
CUST106433,2087.0,598000.0,684800.0,0.127,386000.0,411000.0,-44000.0,0.0,Ready now
CUST106434,-481.0,952000.0,1946600.0,0.511,1471000.0,1471000.0,-955000.0,0.0,Ready now
CUST106435,7862.0,998000.0,1036600.0,0.037,538000.0,632000.0,-210000.0,0.0,Ready now
CUST106436,22196.0,2772000.0,2941700.0,0.058,1556000.0,1822000.0,-1054000.0,0.0,Ready now
CUST106437,21057.0,2687000.0,4308900.0,0.376,2965000.0,3218000.0,-1892000.0,0.0,Ready now
CUST106438,9748.0,1036000.0,1212000.0,0.145,694000.0,811000.0,127000.0,13.0,Ready in 24 months
CUST106439,23193.0,1952000.0,2067600.0,0.056,1092000.0,1370000.0,-284000.0,0.0,Ready now
CUST106440,57568.0,18000.0,1856600.0,0.99,1848000.0,2539000.0,93000.0,2.0,Ready in 6 months
CUST106441,7827.0,1756000.0,3822000.0,0.541,2944000.0,3038000.0,-2263000.0,0.0,Ready now
CUST106442,4044.0,6000.0,318000.0,0.981,315000.0,364000.0,-6000.0,0.0,Ready now
CUST106443,25177.0,1000.0,2102300.0,1.0,2102000.0,2404000.0,-1267000.0,0.0,Ready now
CUST106444,10626.0,616000.0,714700.0,0.138,407000.0,535000.0,607000.0,57.0,Not on track
CUST106445,6065.0,1000.0,47800.0,0.979,47000.0,120000.0,258000.0,43.0,Not on track
CUST106446,4305.0,786000.0,3094100.0,0.746,2701000.0,2753000.0,-2031000.0,0.0,Ready now
CUST106447,16663.0,8000.0,1698900.0,0.995,1695000.0,1895000.0,-752000.0,0.0,Ready now
CUST106448,8782.0,660000.0,684600.0,0.036,355000.0,460000.0,68000.0,8.0,Ready in 12 months
CUST106449,7455.0,131000.0,257300.0,0.491,192000.0,281000.0,421000.0,56.0,Not on track
CUST106450,7076.0,1813000.0,3407400.0,0.468,2501000.0,2586000.0,-1050000.0,0.0,Ready now
CUST106451,27526.0,4633000.0,5125700.0,0.096,2809000.0,3139000.0,-1623000.0,0.0,Ready now
CUST106452,16709.0,1929000.0,3623800.0,0.468,2659000.0,2860000.0,-2067000.0,0.0,Ready now
CUST106453,9973.0,1224000.0,1745800.0,0.299,1134000.0,1254000.0,-822000.0,0.0,Ready now
CUST106454,18478.0,1575000.0,1717400.0,0.083,930000.0,1152000.0,129000.0,7.0,Ready in 12 months
CUST106455,22244.0,1972000.0,3203600.0,0.384,2218000.0,2485000.0,-1306000.0,0.0,Ready now
CUST106456,5973.0,3267000.0,3351500.0,0.025,1718000.0,1790000.0,-853000.0,0.0,Ready now
CUST106457,2198.0,1102000.0,1286300.0,0.143,735000.0,761000.0,-132000.0,0.0,Ready now
CUST106458,18398.0,1830000.0,3605800.0,0.492,2691000.0,2912000.0,-1944000.0,0.0,Ready now
CUST106459,17739.0,10000.0,2426900.0,0.996,2422000.0,2635000.0,-1517000.0,0.0,Ready now
CUST106460,12046.0,3000.0,246000.0,0.988,244000.0,389000.0,1364000.0,113.0,Not on track
CUST106461,32987.0,3210000.0,3268700.0,0.018,1664000.0,2060000.0,43000.0,1.0,Ready in 6 months
CUST106462,47168.0,209000.0,5978900.0,0.965,5874000.0,6440000.0,-3667000.0,0.0,Ready now
CUST106463,16029.0,0.0,5761800.0,1.0,5762000.0,5954000.0,-4539000.0,0.0,Ready now
CUST106464,12641.0,5557000.0,6249400.0,0.111,3471000.0,3623000.0,-1016000.0,0.0,Ready now
CUST106465,39592.0,3186000.0,4975500.0,0.36,3382000.0,3857000.0,-1738000.0,0.0,Ready now
CUST106466,17146.0,2137000.0,2202000.0,0.03,1134000.0,1340000.0,-396000.0,0.0,Ready now
CUST106467,39342.0,1949000.0,2223000.0,0.123,1248000.0,1720000.0,887000.0,23.0,Ready in 24 months
CUST106468,17927.0,887000.0,1157300.0,0.234,714000.0,929000.0,-215000.0,0.0,Ready now
CUST106469,64520.0,3939000.0,7421200.0,0.469,5452000.0,6226000.0,-3604000.0,0.0,Ready now
CUST106470,16931.0,0.0,179300.0,1.0,179000.0,382000.0,327000.0,19.0,Ready in 24 months
CUST106471,25907.0,3224000.0,6873600.0,0.531,5262000.0,5573000.0,-4208000.0,0.0,Ready now
CUST106472,16135.0,0.0,256400.0,1.0,256000.0,450000.0,1348000.0,84.0,Not on track
CUST106473,23528.0,1698000.0,1834300.0,0.074,985000.0,1267000.0,262000.0,11.0,Ready in 12 months
CUST106474,6868.0,0.0,45500.0,1.0,46000.0,128000.0,310000.0,45.0,Not on track
CUST106475,-1780.0,0.0,1803100.0,1.0,1803000.0,1803000.0,-1365000.0,0.0,Ready now
CUST106476,12264.0,2506000.0,3911800.0,0.359,2659000.0,2806000.0,-1673000.0,0.0,Ready now
CUST106477,12551.0,8000.0,418200.0,0.981,414000.0,565000.0,812000.0,65.0,Not on track
CUST106478,11556.0,0.0,3498100.0,1.0,3498000.0,3637000.0,-2808000.0,0.0,Ready now
CUST106479,15053.0,95000.0,346400.0,0.726,299000.0,480000.0,730000.0,48.0,Not on track
CUST106480,12949.0,1320000.0,2266400.0,0.418,1606000.0,1761000.0,-1130000.0,0.0,Ready now
CUST106481,73297.0,4598000.0,8319800.0,0.447,6021000.0,6901000.0,-3614000.0,0.0,Ready now
CUST106482,9863.0,1707000.0,1738500.0,0.018,885000.0,1003000.0,-64000.0,0.0,Ready now
CUST106483,6928.0,67000.0,463800.0,0.856,430000.0,513000.0,776000.0,112.0,Not on track
CUST106484,45856.0,12000.0,2873700.0,0.996,2868000.0,3418000.0,-1279000.0,0.0,Ready now
CUST106485,14902.0,359000.0,1951400.0,0.816,1772000.0,1951000.0,-1342000.0,0.0,Ready now
CUST106486,10996.0,57000.0,193900.0,0.706,165000.0,297000.0,892000.0,81.0,Not on track
CUST106487,30752.0,0.0,327800.0,1.0,328000.0,697000.0,810000.0,26.0,Not on track
CUST106488,10929.0,2081000.0,2324000.0,0.105,1284000.0,1415000.0,-413000.0,0.0,Ready now
CUST106489,46440.0,0.0,4400500.0,1.0,4400000.0,4957000.0,-3086000.0,0.0,Ready now
CUST106490,20012.0,254000.0,478400.0,0.469,351000.0,591000.0,245000.0,12.0,Ready in 12 months
CUST106491,21627.0,2480000.0,4137500.0,0.401,2898000.0,3158000.0,-1879000.0,0.0,Ready now
CUST106492,20507.0,48000.0,215600.0,0.777,192000.0,438000.0,632000.0,31.0,Not on track
CUST106493,10420.0,3165000.0,16696000.0,0.81,15114000.0,15239000.0,-12639000.0,0.0,Ready now
CUST106494,10778.0,2000.0,190900.0,0.99,190000.0,319000.0,521000.0,48.0,Not on track
CUST106495,13755.0,1944000.0,3034900.0,0.359,2063000.0,2228000.0,-823000.0,0.0,Ready now
CUST106496,51673.0,1050000.0,4415300.0,0.762,3890000.0,4510000.0,-1775000.0,0.0,Ready now
CUST106497,8589.0,1462000.0,1536400.0,0.048,805000.0,908000.0,-178000.0,0.0,Ready now
CUST106498,4419.0,18000.0,255000.0,0.929,246000.0,299000.0,521000.0,118.0,Not on track
CUST106499,3936.0,1084000.0,1370300.0,0.209,828000.0,875000.0,-311000.0,0.0,Ready now
CUST106500,6041.0,0.0,794500.0,1.0,794000.0,866000.0,-432000.0,0.0,Ready now
CUST106501,-2028.0,1459000.0,2408400.0,0.394,1679000.0,1679000.0,-1380000.0,0.0,Ready now
CUST106502,4430.0,814000.0,1315400.0,0.381,908000.0,961000.0,-391000.0,0.0,Ready now
CUST106503,17673.0,748000.0,1393700.0,0.463,1020000.0,1232000.0,-409000.0,0.0,Ready now
CUST106504,21724.0,631000.0,788200.0,0.199,473000.0,734000.0,381000.0,18.0,Ready in 24 months
CUST106505,21574.0,13000.0,3229200.0,0.996,3223000.0,3482000.0,-2228000.0,0.0,Ready now
CUST106506,10190.0,0.0,161700.0,1.0,162000.0,284000.0,382000.0,37.0,Not on track
CUST106507,26793.0,2280000.0,2670300.0,0.146,1530000.0,1852000.0,-349000.0,0.0,Ready now
CUST106508,36932.0,506000.0,806900.0,0.373,554000.0,997000.0,1264000.0,34.0,Not on track
CUST106509,23862.0,1589000.0,1974600.0,0.195,1180000.0,1466000.0,489000.0,20.0,Ready in 24 months
CUST106510,1646.0,2451000.0,3054100.0,0.197,1829000.0,1849000.0,-1181000.0,0.0,Ready now
CUST106511,33166.0,0.0,1988200.0,1.0,1988000.0,2386000.0,-925000.0,0.0,Ready now
CUST106512,17602.0,0.0,990600.0,1.0,991000.0,1202000.0,-285000.0,0.0,Ready now
CUST106513,14433.0,1518000.0,1648800.0,0.079,890000.0,1063000.0,-55000.0,0.0,Ready now
CUST106514,6481.0,3105000.0,3237200.0,0.041,1685000.0,1763000.0,-475000.0,0.0,Ready now
CUST106515,15851.0,0.0,542300.0,1.0,542000.0,732000.0,296000.0,19.0,Ready in 24 months
CUST106516,7074.0,80000.0,186800.0,0.572,147000.0,232000.0,380000.0,54.0,Not on track
CUST106517,27684.0,3280000.0,8598400.0,0.619,6958000.0,7290000.0,-5936000.0,0.0,Ready now
CUST106518,10239.0,158000.0,1116000.0,0.858,1037000.0,1160000.0,-381000.0,0.0,Ready now
CUST106519,11733.0,1923000.0,3407600.0,0.436,2446000.0,2587000.0,-1845000.0,0.0,Ready now
CUST106520,12005.0,10000.0,875900.0,0.989,871000.0,1015000.0,675000.0,56.0,Not on track
CUST106521,27648.0,0.0,1731200.0,1.0,1731000.0,2063000.0,-611000.0,0.0,Ready now
CUST106522,2406.0,0.0,338100.0,1.0,338000.0,367000.0,315000.0,131.0,Not on track
CUST106523,10826.0,1431000.0,2150500.0,0.335,1435000.0,1565000.0,-1010000.0,0.0,Ready now
CUST106524,15081.0,214000.0,224800.0,0.048,118000.0,299000.0,376000.0,25.0,Not on track
CUST106525,17071.0,43000.0,741400.0,0.942,720000.0,925000.0,290000.0,17.0,Ready in 24 months
CUST106526,37895.0,0.0,4938500.0,1.0,4938000.0,5393000.0,-3694000.0,0.0,Ready now
CUST106527,6230.0,2703000.0,3453800.0,0.217,2102000.0,2177000.0,-978000.0,0.0,Ready now
CUST106528,11957.0,0.0,1079800.0,1.0,1080000.0,1223000.0,-298000.0,0.0,Ready now
CUST106529,19042.0,0.0,167100.0,1.0,167000.0,396000.0,395000.0,21.0,Ready in 24 months
CUST106530,27386.0,1102000.0,2431500.0,0.547,1880000.0,2209000.0,-776000.0,0.0,Ready now
CUST106531,14404.0,4000.0,152000.0,0.974,150000.0,323000.0,332000.0,23.0,Ready in 24 months
CUST106532,22834.0,2619000.0,5667500.0,0.538,4358000.0,4632000.0,-3320000.0,0.0,Ready now
CUST106533,7703.0,0.0,1392200.0,1.0,1392000.0,1484000.0,-898000.0,0.0,Ready now
CUST106534,9824.0,621000.0,1561600.0,0.602,1251000.0,1369000.0,-759000.0,0.0,Ready now
CUST106535,6479.0,3185000.0,3554300.0,0.104,1962000.0,2040000.0,-1096000.0,0.0,Ready now
CUST106536,23951.0,477000.0,1974800.0,0.758,1736000.0,2023000.0,-614000.0,0.0,Ready now
CUST106537,7129.0,1220000.0,1455400.0,0.162,845000.0,931000.0,77000.0,11.0,Ready in 12 months
CUST106538,4762.0,561000.0,617900.0,0.092,337000.0,394000.0,176000.0,37.0,Not on track
CUST106539,7151.0,0.0,855300.0,1.0,855000.0,941000.0,-466000.0,0.0,Ready now
CUST106540,26398.0,1913000.0,2110200.0,0.093,1154000.0,1471000.0,-266000.0,0.0,Ready now
CUST106541,4048.0,0.0,866700.0,1.0,867000.0,916000.0,-527000.0,0.0,Ready now
CUST106542,34022.0,2000.0,105400.0,0.981,104000.0,512000.0,1260000.0,37.0,Not on track
CUST106543,9711.0,0.0,83000.0,1.0,83000.0,200000.0,383000.0,39.0,Not on track
CUST106544,59914.0,2608000.0,2669600.0,0.023,1366000.0,2085000.0,1664000.0,28.0,Not on track
CUST106545,15321.0,430000.0,977000.0,0.56,762000.0,946000.0,-278000.0,0.0,Ready now
CUST106546,21330.0,3732000.0,4548300.0,0.179,2682000.0,2938000.0,-1432000.0,0.0,Ready now
CUST106547,6610.0,436000.0,1703500.0,0.744,1486000.0,1565000.0,-800000.0,0.0,Ready now
CUST106548,16151.0,1363000.0,1453500.0,0.062,772000.0,966000.0,6000.0,0.0,Ready now
CUST106549,-2050.0,0.0,197400.0,1.0,197000.0,197000.0,409000.0,999.0,Not on track
CUST106550,27409.0,0.0,441500.0,1.0,442000.0,771000.0,1083000.0,40.0,Not on track
CUST106551,45238.0,3579000.0,5972000.0,0.401,4182000.0,4725000.0,-2822000.0,0.0,Ready now
CUST106552,18125.0,2030000.0,4272500.0,0.525,3258000.0,3476000.0,-1832000.0,0.0,Ready now
CUST106553,34444.0,11000.0,241600.0,0.954,236000.0,649000.0,1430000.0,42.0,Not on track
CUST106554,6509.0,1499000.0,2548500.0,0.412,1799000.0,1877000.0,-1071000.0,0.0,Ready now
CUST106555,9320.0,0.0,454900.0,1.0,455000.0,567000.0,525000.0,56.0,Not on track
CUST106556,22871.0,375000.0,3162100.0,0.881,2975000.0,3249000.0,-2139000.0,0.0,Ready now
CUST106557,-836.0,429000.0,2821700.0,0.848,2607000.0,2607000.0,-1659000.0,0.0,Ready now
CUST106558,2098.0,1190000.0,1422200.0,0.163,827000.0,852000.0,-5000.0,0.0,Ready now
CUST106559,24356.0,71000.0,427900.0,0.834,392000.0,684000.0,784000.0,32.0,Not on track
CUST106560,22906.0,6000.0,1994700.0,0.997,1992000.0,2267000.0,-845000.0,0.0,Ready now
CUST106561,10078.0,3000.0,123900.0,0.976,122000.0,243000.0,1074000.0,107.0,Not on track
CUST106562,1453.0,19000.0,116700.0,0.837,107000.0,124000.0,273000.0,188.0,Not on track
CUST106563,10723.0,1187000.0,3037500.0,0.609,2444000.0,2573000.0,-1992000.0,0.0,Ready now
CUST106564,20581.0,33000.0,311700.0,0.894,295000.0,542000.0,1331000.0,65.0,Not on track
CUST106565,36633.0,3088000.0,7565500.0,0.592,6022000.0,6462000.0,-4784000.0,0.0,Ready now
CUST106566,23130.0,2317000.0,3609200.0,0.358,2451000.0,2729000.0,-1516000.0,0.0,Ready now
CUST106567,44923.0,0.0,296800.0,1.0,297000.0,836000.0,1191000.0,27.0,Not on track
CUST106568,6488.0,9000.0,911200.0,0.99,907000.0,985000.0,-468000.0,0.0,Ready now
CUST106569,18092.0,1313000.0,1516500.0,0.134,860000.0,1077000.0,-133000.0,0.0,Ready now
CUST106570,1627.0,2975000.0,5253100.0,0.434,3766000.0,3786000.0,-3092000.0,0.0,Ready now
CUST106571,12422.0,222000.0,540800.0,0.589,430000.0,579000.0,-14000.0,0.0,Ready now
CUST106572,8682.0,989000.0,1022000.0,0.032,528000.0,632000.0,-112000.0,0.0,Ready now
CUST106573,17037.0,0.0,256800.0,1.0,257000.0,461000.0,816000.0,48.0,Not on track
CUST106574,13736.0,1003000.0,2170600.0,0.538,1669000.0,1834000.0,-937000.0,0.0,Ready now
CUST106575,12691.0,0.0,2206600.0,1.0,2207000.0,2359000.0,-1373000.0,0.0,Ready now
CUST106576,11953.0,1320000.0,1500000.0,0.12,840000.0,983000.0,-142000.0,0.0,Ready now
CUST106577,1574.0,37000.0,259700.0,0.858,241000.0,260000.0,192000.0,122.0,Not on track
CUST106578,11108.0,3000.0,33500.0,0.91,32000.0,165000.0,703000.0,63.0,Not on track
CUST106579,11646.0,1491000.0,1822500.0,0.182,1077000.0,1217000.0,-494000.0,0.0,Ready now
CUST106580,13541.0,7000.0,1133300.0,0.994,1130000.0,1292000.0,-389000.0,0.0,Ready now
CUST106581,9511.0,1177000.0,1270100.0,0.073,682000.0,796000.0,89000.0,9.0,Ready in 12 months
CUST106582,14178.0,0.0,1745700.0,1.0,1746000.0,1916000.0,-851000.0,0.0,Ready now
CUST106583,-5019.0,0.0,989400.0,1.0,989000.0,989000.0,-445000.0,0.0,Ready now
CUST106584,15889.0,1237000.0,1334500.0,0.073,716000.0,907000.0,230000.0,14.0,Ready in 24 months
CUST106585,3166.0,154000.0,676700.0,0.772,600000.0,638000.0,-366000.0,0.0,Ready now
CUST106586,13304.0,3000.0,169800.0,0.982,168000.0,328000.0,378000.0,28.0,Not on track
CUST106587,38984.0,3735000.0,4765300.0,0.216,2898000.0,3366000.0,-1536000.0,0.0,Ready now
CUST106588,18140.0,2044000.0,2170300.0,0.058,1148000.0,1366000.0,-444000.0,0.0,Ready now
CUST106589,15024.0,2048000.0,4243300.0,0.517,3219000.0,3399000.0,-2393000.0,0.0,Ready now
CUST106590,40186.0,3172000.0,8968500.0,0.646,7382000.0,7864000.0,-4998000.0,0.0,Ready now
CUST106591,27111.0,1003000.0,1372000.0,0.269,870000.0,1195000.0,490000.0,18.0,Ready in 24 months
CUST106592,8408.0,1000.0,860500.0,0.999,860000.0,961000.0,-504000.0,0.0,Ready now
CUST106593,20356.0,7000.0,457400.0,0.985,454000.0,698000.0,1588000.0,78.0,Not on track
CUST106594,17942.0,1570000.0,3045200.0,0.484,2260000.0,2475000.0,-1191000.0,0.0,Ready now
CUST106595,-1275.0,3275000.0,4887700.0,0.33,3250000.0,3250000.0,-2351000.0,0.0,Ready now
CUST106596,17460.0,5000.0,192200.0,0.974,190000.0,400000.0,964000.0,55.0,Not on track
CUST106597,-1089.0,2727000.0,3076600.0,0.114,1713000.0,1713000.0,-621000.0,0.0,Ready now
CUST106598,15932.0,1104000.0,2018600.0,0.453,1467000.0,1658000.0,-515000.0,0.0,Ready now
CUST106599,10755.0,782000.0,873000.0,0.104,482000.0,611000.0,-54000.0,0.0,Ready now
CUST106600,22256.0,188000.0,1911200.0,0.902,1817000.0,2084000.0,-651000.0,0.0,Ready now
CUST106601,12540.0,1103000.0,1217900.0,0.094,666000.0,816000.0,-260000.0,0.0,Ready now
CUST106602,69740.0,3000.0,627000.0,0.995,626000.0,1463000.0,1832000.0,26.0,Not on track
CUST106603,9436.0,1450000.0,1469500.0,0.013,744000.0,857000.0,-26000.0,0.0,Ready now
CUST106604,31942.0,15000.0,237700.0,0.937,230000.0,613000.0,736000.0,23.0,Ready in 24 months
CUST106605,15299.0,345000.0,1376600.0,0.749,1204000.0,1388000.0,-651000.0,0.0,Ready now
CUST106606,18173.0,2940000.0,6140200.0,0.521,4670000.0,4888000.0,-3690000.0,0.0,Ready now
CUST106607,10293.0,2625000.0,5559600.0,0.528,4247000.0,4371000.0,-3183000.0,0.0,Ready now
CUST106608,19606.0,1576000.0,3891200.0,0.595,3103000.0,3338000.0,-2397000.0,0.0,Ready now
CUST106609,21527.0,14000.0,94800.0,0.852,88000.0,346000.0,1154000.0,54.0,Not on track
CUST106610,15924.0,1312000.0,1912500.0,0.314,1256000.0,1447000.0,-347000.0,0.0,Ready now
CUST106611,13452.0,0.0,252800.0,1.0,253000.0,414000.0,692000.0,51.0,Not on track
CUST106612,7791.0,1525000.0,2892100.0,0.473,2130000.0,2223000.0,-1449000.0,0.0,Ready now
CUST106613,52488.0,465000.0,785000.0,0.408,552000.0,1182000.0,2048000.0,39.0,Not on track
CUST106614,26949.0,566000.0,1629800.0,0.653,1347000.0,1670000.0,444000.0,16.0,Ready in 24 months
CUST106615,30705.0,0.0,272600.0,1.0,273000.0,641000.0,843000.0,27.0,Not on track
CUST106616,24908.0,3814000.0,3870700.0,0.015,1964000.0,2263000.0,-753000.0,0.0,Ready now
CUST106617,34832.0,53000.0,4103400.0,0.987,4077000.0,4495000.0,-3028000.0,0.0,Ready now
CUST106618,14423.0,12000.0,677300.0,0.982,671000.0,844000.0,161000.0,11.0,Ready in 12 months
CUST106619,5423.0,988000.0,1848400.0,0.465,1354000.0,1419000.0,-998000.0,0.0,Ready now
CUST106620,7114.0,3000.0,128100.0,0.977,127000.0,212000.0,215000.0,30.0,Not on track
CUST106621,43022.0,79000.0,6436400.0,0.988,6397000.0,6913000.0,-3470000.0,0.0,Ready now
CUST106622,15417.0,2145000.0,9414400.0,0.772,8342000.0,8527000.0,-6833000.0,0.0,Ready now
CUST106623,1958.0,90000.0,3428000.0,0.974,3383000.0,3406000.0,-2411000.0,0.0,Ready now
CUST106624,2969.0,69000.0,100000.0,0.31,66000.0,102000.0,264000.0,89.0,Not on track
CUST106625,28629.0,2000.0,1684000.0,0.999,1683000.0,2027000.0,-322000.0,0.0,Ready now
CUST106626,9659.0,53000.0,1070300.0,0.95,1044000.0,1160000.0,-461000.0,0.0,Ready now
CUST106627,27853.0,1898000.0,2196300.0,0.136,1247000.0,1581000.0,158000.0,6.0,Ready in 6 months
CUST106628,9419.0,3000.0,818200.0,0.996,817000.0,930000.0,-249000.0,0.0,Ready now
CUST106629,2347.0,0.0,31300.0,1.0,31000.0,59000.0,647000.0,276.0,Not on track
CUST106630,41423.0,12000.0,1157200.0,0.99,1151000.0,1648000.0,136000.0,3.0,Ready in 6 months
CUST106631,72675.0,6387000.0,7086900.0,0.099,3893000.0,4765000.0,-1679000.0,0.0,Ready now
CUST106632,4459.0,1840000.0,2800900.0,0.343,1881000.0,1935000.0,-1293000.0,0.0,Ready now
CUST106633,14179.0,20000.0,176000.0,0.886,166000.0,336000.0,435000.0,31.0,Not on track
CUST106634,36272.0,1915000.0,2338600.0,0.181,1381000.0,1816000.0,272000.0,7.0,Ready in 12 months
CUST106635,9584.0,684000.0,703700.0,0.028,362000.0,477000.0,16000.0,2.0,Ready in 6 months
CUST106636,389.0,1648000.0,2867000.0,0.425,2043000.0,2048000.0,-1599000.0,0.0,Ready now
CUST106637,19073.0,7000.0,1701400.0,0.996,1698000.0,1927000.0,-565000.0,0.0,Ready now
CUST106638,13435.0,0.0,5351200.0,1.0,5351000.0,5512000.0,-3809000.0,0.0,Ready now
CUST106639,7745.0,188000.0,372000.0,0.495,278000.0,371000.0,370000.0,48.0,Not on track
CUST106640,14375.0,0.0,1697900.0,1.0,1698000.0,1870000.0,-874000.0,0.0,Ready now
CUST106641,18394.0,0.0,185500.0,1.0,186000.0,407000.0,708000.0,38.0,Not on track
CUST106642,24808.0,550000.0,964400.0,0.43,689000.0,987000.0,93000.0,4.0,Ready in 6 months
CUST106643,10800.0,11000.0,680700.0,0.984,675000.0,805000.0,-319000.0,0.0,Ready now
CUST106644,35709.0,3117000.0,7477800.0,0.583,5919000.0,6348000.0,-4632000.0,0.0,Ready now
CUST106645,11824.0,2353000.0,3109000.0,0.243,1932000.0,2074000.0,-843000.0,0.0,Ready now
CUST106646,26141.0,28000.0,106900.0,0.738,93000.0,407000.0,1098000.0,42.0,Not on track
CUST106647,11734.0,2112000.0,2626700.0,0.196,1571000.0,1712000.0,-739000.0,0.0,Ready now
CUST106648,6873.0,384000.0,2524300.0,0.848,2332000.0,2414000.0,-220000.0,0.0,Ready now
CUST106649,19708.0,2186000.0,2300500.0,0.05,1208000.0,1444000.0,-437000.0,0.0,Ready now
CUST106650,7855.0,1516000.0,2302500.0,0.342,1544000.0,1638000.0,-1034000.0,0.0,Ready now
CUST106651,13191.0,4541000.0,9395500.0,0.517,7125000.0,7283000.0,-4848000.0,0.0,Ready now
CUST106652,2233.0,830000.0,897200.0,0.075,482000.0,509000.0,-191000.0,0.0,Ready now
CUST106653,15914.0,12000.0,75800.0,0.842,70000.0,261000.0,280000.0,18.0,Ready in 24 months
CUST106654,8878.0,419000.0,462100.0,0.093,253000.0,360000.0,519000.0,58.0,Not on track
CUST106655,9265.0,0.0,134300.0,1.0,134000.0,245000.0,802000.0,87.0,Not on track
CUST106656,5246.0,1000.0,7800.0,0.872,7000.0,70000.0,218000.0,42.0,Not on track
CUST106657,10978.0,15000.0,1207400.0,0.988,1200000.0,1332000.0,-720000.0,0.0,Ready now
CUST106658,21917.0,24000.0,1097300.0,0.978,1085000.0,1348000.0,515000.0,23.0,Ready in 24 months
CUST106659,30505.0,5893000.0,6472600.0,0.09,3526000.0,3892000.0,-2046000.0,0.0,Ready now
CUST106660,5835.0,0.0,605700.0,1.0,606000.0,676000.0,51000.0,9.0,Ready in 12 months
CUST106661,12602.0,16000.0,48900.0,0.673,41000.0,192000.0,422000.0,33.0,Not on track
CUST106662,5636.0,461000.0,515600.0,0.106,285000.0,353000.0,27000.0,5.0,Ready in 6 months
CUST106663,16973.0,0.0,225400.0,1.0,225000.0,429000.0,817000.0,48.0,Not on track
CUST106664,3508.0,4619000.0,6353200.0,0.273,4044000.0,4086000.0,-2734000.0,0.0,Ready now
CUST106665,-446.0,0.0,340400.0,1.0,340000.0,340000.0,-109000.0,0.0,Ready now
CUST106666,10194.0,742000.0,1217900.0,0.391,847000.0,969000.0,-491000.0,0.0,Ready now
CUST106667,23103.0,2922000.0,3229600.0,0.095,1769000.0,2046000.0,-707000.0,0.0,Ready now
CUST106668,18894.0,7000.0,1186700.0,0.994,1183000.0,1410000.0,-173000.0,0.0,Ready now
CUST106669,16202.0,24000.0,779300.0,0.969,767000.0,961000.0,14000.0,1.0,Ready in 6 months
CUST106670,9384.0,2085000.0,2103900.0,0.009,1061000.0,1174000.0,-391000.0,0.0,Ready now
CUST106671,7790.0,649000.0,2330900.0,0.722,2006000.0,2099000.0,-1130000.0,0.0,Ready now
CUST106672,10247.0,0.0,867500.0,1.0,868000.0,991000.0,-29000.0,0.0,Ready now
CUST106673,13551.0,1553000.0,3062700.0,0.493,2286000.0,2449000.0,-1720000.0,0.0,Ready now
CUST106674,21920.0,795000.0,4383800.0,0.819,3986000.0,4249000.0,-3226000.0,0.0,Ready now
CUST106675,828.0,2000.0,905000.0,0.998,904000.0,914000.0,-609000.0,0.0,Ready now
CUST106676,4587.0,22000.0,1635200.0,0.987,1624000.0,1679000.0,-1066000.0,0.0,Ready now
CUST106677,6160.0,1007000.0,1900900.0,0.47,1397000.0,1471000.0,-1038000.0,0.0,Ready now
CUST106678,33209.0,17000.0,1546500.0,0.989,1538000.0,1937000.0,-630000.0,0.0,Ready now
CUST106679,18597.0,6000.0,1323600.0,0.995,1321000.0,1544000.0,-787000.0,0.0,Ready now
CUST106680,16295.0,146000.0,207800.0,0.297,135000.0,331000.0,707000.0,43.0,Not on track
CUST106681,22591.0,1505000.0,3404900.0,0.558,2652000.0,2923000.0,-1821000.0,0.0,Ready now
CUST106682,5259.0,0.0,493500.0,1.0,494000.0,557000.0,1078000.0,205.0,Not on track
CUST106683,38624.0,2817000.0,3009100.0,0.064,1601000.0,2064000.0,53000.0,1.0,Ready in 6 months
CUST106684,4330.0,4000.0,50200.0,0.92,48000.0,100000.0,1602000.0,370.0,Not on track
CUST106685,22101.0,6437000.0,11081900.0,0.419,7863000.0,8128000.0,-6259000.0,0.0,Ready now
CUST106686,8656.0,2548000.0,2682100.0,0.05,1408000.0,1512000.0,-722000.0,0.0,Ready now
CUST106687,13364.0,1529000.0,2814200.0,0.457,2050000.0,2210000.0,-1494000.0,0.0,Ready now
CUST106688,177.0,13000.0,1238500.0,0.99,1232000.0,1234000.0,-788000.0,0.0,Ready now
CUST106689,24147.0,10000.0,139800.0,0.928,135000.0,425000.0,1185000.0,49.0,Not on track
CUST106690,40677.0,634000.0,1910600.0,0.668,1594000.0,2082000.0,442000.0,11.0,Ready in 12 months
CUST106691,13218.0,1530000.0,2263200.0,0.324,1498000.0,1657000.0,-1022000.0,0.0,Ready now
CUST106692,8788.0,30000.0,1020400.0,0.971,1005000.0,1110000.0,-273000.0,0.0,Ready now
CUST106693,4593.0,1906000.0,2029400.0,0.061,1076000.0,1131000.0,-549000.0,0.0,Ready now
CUST106694,3967.0,1326000.0,1392000.0,0.047,729000.0,777000.0,-193000.0,0.0,Ready now
CUST106695,18811.0,316000.0,395000.0,0.2,237000.0,463000.0,678000.0,36.0,Not on track
CUST106696,27920.0,0.0,67200.0,1.0,67000.0,402000.0,905000.0,32.0,Not on track
CUST106697,1713.0,3703000.0,6771200.0,0.453,4920000.0,4941000.0,-3674000.0,0.0,Ready now
CUST106698,27426.0,0.0,40600.0,1.0,41000.0,370000.0,1216000.0,44.0,Not on track
CUST106699,16815.0,1397000.0,2789600.0,0.499,2091000.0,2293000.0,-1291000.0,0.0,Ready now
CUST106700,11921.0,19000.0,906700.0,0.979,897000.0,1040000.0,-277000.0,0.0,Ready now
CUST106701,18619.0,2231000.0,2418300.0,0.077,1303000.0,1526000.0,-573000.0,0.0,Ready now
CUST106702,6934.0,17000.0,949800.0,0.982,941000.0,1024000.0,-571000.0,0.0,Ready now
CUST106703,27660.0,19000.0,4291500.0,0.996,4282000.0,4614000.0,-3219000.0,0.0,Ready now
CUST106704,9228.0,267000.0,1213900.0,0.78,1080000.0,1191000.0,-724000.0,0.0,Ready now
CUST106705,23102.0,1325000.0,1836600.0,0.279,1174000.0,1451000.0,-282000.0,0.0,Ready now
CUST106706,17588.0,57000.0,1491500.0,0.962,1463000.0,1674000.0,-689000.0,0.0,Ready now
CUST106707,10619.0,1276000.0,1406100.0,0.093,768000.0,895000.0,-214000.0,0.0,Ready now
CUST106708,16178.0,10000.0,91800.0,0.891,87000.0,281000.0,493000.0,30.0,Not on track
CUST106709,34563.0,3713000.0,6362600.0,0.416,4506000.0,4921000.0,-2770000.0,0.0,Ready now
CUST106710,17010.0,4526000.0,5074800.0,0.108,2812000.0,3016000.0,-1525000.0,0.0,Ready now
CUST106711,13324.0,89000.0,307800.0,0.711,263000.0,423000.0,425000.0,32.0,Not on track
CUST106712,19539.0,18000.0,3435200.0,0.995,3426000.0,3660000.0,-2255000.0,0.0,Ready now
CUST106713,-194.0,907000.0,1493300.0,0.393,1040000.0,1040000.0,-657000.0,0.0,Ready now
CUST106714,7676.0,2016000.0,4394400.0,0.541,3386000.0,3478000.0,-2631000.0,0.0,Ready now
CUST106715,3313.0,3231000.0,5691100.0,0.432,4076000.0,4116000.0,-3564000.0,0.0,Ready now
CUST106716,47602.0,0.0,5021100.0,1.0,5021000.0,5592000.0,-3113000.0,0.0,Ready now
CUST106717,26366.0,0.0,2001600.0,1.0,2002000.0,2318000.0,-516000.0,0.0,Ready now
CUST106718,2529.0,607000.0,3048500.0,0.801,2745000.0,2775000.0,-1959000.0,0.0,Ready now
CUST106719,17729.0,1037000.0,1125600.0,0.079,607000.0,820000.0,21000.0,1.0,Ready in 6 months
CUST106720,18095.0,1500000.0,4343600.0,0.655,3594000.0,3811000.0,-1964000.0,0.0,Ready now
CUST106721,15572.0,4000.0,3212200.0,0.999,3210000.0,3397000.0,-2374000.0,0.0,Ready now
CUST106722,25759.0,3092000.0,3712300.0,0.167,2166000.0,2475000.0,-1093000.0,0.0,Ready now
CUST106723,25197.0,1466000.0,4232500.0,0.654,3500000.0,3802000.0,-2568000.0,0.0,Ready now
CUST106724,54637.0,0.0,266800.0,1.0,267000.0,923000.0,1446000.0,26.0,Not on track
CUST106725,11938.0,5000.0,990900.0,0.995,988000.0,1131000.0,-257000.0,0.0,Ready now
CUST106726,36241.0,1694000.0,1906000.0,0.111,1059000.0,1494000.0,509000.0,14.0,Ready in 24 months
CUST106727,14764.0,2973000.0,3305100.0,0.1,1819000.0,1996000.0,-1172000.0,0.0,Ready now
CUST106728,15284.0,0.0,1914100.0,1.0,1914000.0,2097000.0,-810000.0,0.0,Ready now
CUST106729,21727.0,5974000.0,7776400.0,0.232,4789000.0,5050000.0,-2560000.0,0.0,Ready now
CUST106730,9544.0,743000.0,1611200.0,0.539,1240000.0,1355000.0,-876000.0,0.0,Ready now
CUST106731,20573.0,1856000.0,1881500.0,0.014,954000.0,1201000.0,5000.0,0.0,Ready now
CUST106732,-1974.0,0.0,969400.0,1.0,969000.0,969000.0,-569000.0,0.0,Ready now
CUST106733,21198.0,4000.0,1197600.0,0.997,1196000.0,1450000.0,-411000.0,0.0,Ready now
CUST106734,33827.0,0.0,44600.0,1.0,45000.0,451000.0,1082000.0,32.0,Not on track
CUST106735,10593.0,18000.0,1009900.0,0.982,1001000.0,1128000.0,-693000.0,0.0,Ready now
CUST106736,799.0,6000.0,626800.0,0.99,624000.0,634000.0,-71000.0,0.0,Ready now
CUST106737,14314.0,1537000.0,1855600.0,0.172,1087000.0,1259000.0,10000.0,1.0,Ready in 6 months
CUST106738,8187.0,1025000.0,1163700.0,0.119,651000.0,749000.0,-223000.0,0.0,Ready now
CUST106739,974.0,397000.0,764000.0,0.48,566000.0,578000.0,240000.0,999.0,Not on track
CUST106740,4066.0,159000.0,236200.0,0.327,157000.0,206000.0,405000.0,100.0,Not on track
CUST106741,25521.0,2685000.0,6648700.0,0.596,5306000.0,5612000.0,-4328000.0,0.0,Ready now
CUST106742,11504.0,656000.0,711400.0,0.078,383000.0,521000.0,-81000.0,0.0,Ready now
CUST106743,15914.0,0.0,1405400.0,1.0,1405000.0,1596000.0,-658000.0,0.0,Ready now
CUST106744,17542.0,1117000.0,1251200.0,0.107,693000.0,904000.0,-80000.0,0.0,Ready now
CUST106745,21227.0,0.0,461500.0,1.0,462000.0,717000.0,309000.0,15.0,Ready in 24 months
CUST106746,8342.0,2888000.0,2983800.0,0.032,1540000.0,1640000.0,64000.0,8.0,Ready in 12 months
CUST106747,27176.0,10000.0,515600.0,0.981,511000.0,837000.0,592000.0,22.0,Ready in 24 months
CUST106748,20382.0,1877000.0,4168400.0,0.55,3230000.0,3475000.0,-2450000.0,0.0,Ready now
CUST106749,16917.0,3000.0,1364100.0,0.998,1363000.0,1566000.0,-583000.0,0.0,Ready now
CUST106750,6220.0,1656000.0,1963400.0,0.157,1135000.0,1210000.0,78000.0,13.0,Ready in 24 months
CUST106751,8212.0,749000.0,1761100.0,0.575,1387000.0,1486000.0,-989000.0,0.0,Ready now
CUST106752,4890.0,0.0,2036000.0,1.0,2036000.0,2095000.0,-1034000.0,0.0,Ready now
CUST106753,7584.0,1091000.0,1197800.0,0.089,652000.0,743000.0,6000.0,1.0,Ready in 6 months
CUST106754,8173.0,1476000.0,2150600.0,0.314,1413000.0,1511000.0,-695000.0,0.0,Ready now
CUST106755,29958.0,3322000.0,3512100.0,0.054,1851000.0,2210000.0,-365000.0,0.0,Ready now
CUST106756,12948.0,8000.0,1677700.0,0.995,1674000.0,1829000.0,-964000.0,0.0,Ready now
CUST106757,486.0,0.0,329200.0,1.0,329000.0,335000.0,591000.0,999.0,Not on track
CUST106758,15410.0,1819000.0,5823100.0,0.688,4914000.0,5099000.0,-1937000.0,0.0,Ready now
CUST106759,28507.0,2203000.0,4817900.0,0.543,3716000.0,4058000.0,-2509000.0,0.0,Ready now
CUST106760,7627.0,2852000.0,2873000.0,0.007,1447000.0,1539000.0,-819000.0,0.0,Ready now
CUST106761,9818.0,3980000.0,4471600.0,0.11,2482000.0,2600000.0,-714000.0,0.0,Ready now
CUST106762,6704.0,244000.0,2808800.0,0.913,2687000.0,2767000.0,-2117000.0,0.0,Ready now
CUST106763,52509.0,5938000.0,11876600.0,0.5,8908000.0,9538000.0,-7144000.0,0.0,Ready now
CUST106764,21308.0,8000.0,116200.0,0.931,112000.0,368000.0,568000.0,27.0,Not on track
CUST106765,1393.0,4820000.0,5346500.0,0.098,2936000.0,2953000.0,-501000.0,0.0,Ready now
CUST106766,11037.0,12000.0,619400.0,0.981,613000.0,745000.0,79000.0,7.0,Ready in 12 months
CUST106767,22743.0,3489000.0,3666400.0,0.048,1922000.0,2195000.0,-825000.0,0.0,Ready now
CUST106768,10426.0,774000.0,1625200.0,0.524,1238000.0,1363000.0,-784000.0,0.0,Ready now
CUST106769,21239.0,2435000.0,3961900.0,0.385,2744000.0,2999000.0,-1854000.0,0.0,Ready now
CUST106770,12521.0,1438000.0,1659700.0,0.134,941000.0,1091000.0,-364000.0,0.0,Ready now
CUST106771,10378.0,16000.0,162100.0,0.901,154000.0,279000.0,282000.0,27.0,Not on track
CUST106772,38903.0,1761000.0,6026800.0,0.708,5146000.0,5613000.0,-3546000.0,0.0,Ready now
CUST106773,11386.0,62000.0,90600.0,0.316,60000.0,197000.0,378000.0,33.0,Not on track
CUST106774,14049.0,1606000.0,1749900.0,0.082,947000.0,1116000.0,-497000.0,0.0,Ready now
CUST106775,9356.0,0.0,1438900.0,1.0,1439000.0,1551000.0,-792000.0,0.0,Ready now
CUST106776,28717.0,1974000.0,2346600.0,0.159,1360000.0,1705000.0,-320000.0,0.0,Ready now
CUST106777,39295.0,4022000.0,8388300.0,0.521,6377000.0,6849000.0,-4728000.0,0.0,Ready now
CUST106778,19808.0,0.0,4807900.0,1.0,4808000.0,5046000.0,-3239000.0,0.0,Ready now
CUST106779,19803.0,3000.0,171000.0,0.982,170000.0,408000.0,498000.0,25.0,Not on track
CUST106780,51238.0,0.0,1274000.0,1.0,1274000.0,1889000.0,399000.0,8.0,Ready in 12 months
CUST106781,14778.0,2025000.0,3854700.0,0.475,2842000.0,3019000.0,-2256000.0,0.0,Ready now
CUST106782,10444.0,1128000.0,1969500.0,0.427,1406000.0,1531000.0,-812000.0,0.0,Ready now
CUST106783,5446.0,1487000.0,3274000.0,0.546,2530000.0,2595000.0,-2072000.0,0.0,Ready now
CUST106784,15711.0,0.0,1968000.0,1.0,1968000.0,2157000.0,-1256000.0,0.0,Ready now
CUST106785,19862.0,1307000.0,1700600.0,0.231,1047000.0,1285000.0,-99000.0,0.0,Ready now
CUST106786,7196.0,424000.0,1801000.0,0.765,1589000.0,1675000.0,-1041000.0,0.0,Ready now
CUST106787,12927.0,0.0,307600.0,1.0,308000.0,463000.0,568000.0,44.0,Not on track
CUST106788,8016.0,1140000.0,1165400.0,0.022,595000.0,691000.0,-279000.0,0.0,Ready now
CUST106789,11780.0,14000.0,607400.0,0.977,600000.0,741000.0,512000.0,43.0,Not on track
CUST106790,10048.0,14000.0,1480200.0,0.991,1473000.0,1594000.0,-1133000.0,0.0,Ready now
CUST106791,12871.0,781000.0,932000.0,0.162,542000.0,696000.0,28000.0,2.0,Ready in 6 months
CUST106792,16419.0,364000.0,1868900.0,0.805,1687000.0,1884000.0,-969000.0,0.0,Ready now
CUST106793,41471.0,4009000.0,6899200.0,0.419,4895000.0,5393000.0,-3520000.0,0.0,Ready now
CUST106794,12767.0,29000.0,2689800.0,0.989,2675000.0,2828000.0,-1399000.0,0.0,Ready now
CUST106795,10116.0,0.0,1956600.0,1.0,1957000.0,2078000.0,-1045000.0,0.0,Ready now
CUST106796,13403.0,573000.0,2052000.0,0.721,1766000.0,1927000.0,-1264000.0,0.0,Ready now
CUST106797,40349.0,341000.0,810600.0,0.579,640000.0,1124000.0,632000.0,16.0,Ready in 24 months
CUST106798,47625.0,6348000.0,6688100.0,0.051,3514000.0,4086000.0,-1878000.0,0.0,Ready now
CUST106799,11620.0,4000.0,2312900.0,0.998,2311000.0,2450000.0,-1630000.0,0.0,Ready now
CUST106800,13653.0,4000.0,64300.0,0.938,62000.0,226000.0,384000.0,28.0,Not on track
CUST106801,12230.0,0.0,1712700.0,1.0,1713000.0,1860000.0,-1016000.0,0.0,Ready now
CUST106802,28101.0,3569000.0,5924900.0,0.398,4140000.0,4477000.0,-2829000.0,0.0,Ready now
CUST106803,14220.0,24000.0,1706800.0,0.986,1695000.0,1866000.0,-900000.0,0.0,Ready now
CUST106804,10965.0,8000.0,1333600.0,0.994,1330000.0,1462000.0,-684000.0,0.0,Ready now
CUST106805,7831.0,1003000.0,1118900.0,0.104,617000.0,711000.0,-137000.0,0.0,Ready now
CUST106806,28177.0,2548000.0,2855600.0,0.108,1582000.0,1920000.0,-544000.0,0.0,Ready now
CUST106807,8790.0,1389000.0,1449900.0,0.042,755000.0,860000.0,-295000.0,0.0,Ready now
CUST106808,10339.0,8000.0,4090100.0,0.998,4086000.0,4210000.0,-3257000.0,0.0,Ready now
CUST106809,21519.0,0.0,1780400.0,1.0,1780000.0,2038000.0,-966000.0,0.0,Ready now
CUST106810,15255.0,1790000.0,2609600.0,0.314,1715000.0,1898000.0,-923000.0,0.0,Ready now
CUST106811,5997.0,1705000.0,1864900.0,0.086,1012000.0,1084000.0,-424000.0,0.0,Ready now
CUST106812,54412.0,1670000.0,4933300.0,0.661,4098000.0,4751000.0,-2448000.0,0.0,Ready now
CUST106813,11830.0,616000.0,1003100.0,0.386,695000.0,837000.0,-186000.0,0.0,Ready now
CUST106814,12167.0,561000.0,1187300.0,0.527,907000.0,1053000.0,173000.0,14.0,Ready in 24 months
CUST106815,36754.0,2732000.0,2977500.0,0.082,1612000.0,2053000.0,-474000.0,0.0,Ready now
CUST106816,20151.0,1855000.0,3700700.0,0.499,2773000.0,3015000.0,-1828000.0,0.0,Ready now
CUST106817,51435.0,1326000.0,2779700.0,0.523,2117000.0,2734000.0,-785000.0,0.0,Ready now
CUST106818,16310.0,781000.0,968700.0,0.194,578000.0,774000.0,-16000.0,0.0,Ready now
CUST106819,17014.0,0.0,1436000.0,1.0,1436000.0,1640000.0,-769000.0,0.0,Ready now
CUST106820,18744.0,1846000.0,3510900.0,0.474,2588000.0,2813000.0,-2072000.0,0.0,Ready now
CUST106821,141801.0,3355000.0,9406900.0,0.643,7729000.0,9431000.0,-2592000.0,0.0,Ready now
CUST106822,3345.0,812000.0,1021600.0,0.205,616000.0,656000.0,109000.0,33.0,Not on track
CUST106823,14784.0,1812000.0,1835700.0,0.013,930000.0,1107000.0,78000.0,5.0,Ready in 6 months
CUST106824,24300.0,476000.0,1531900.0,0.689,1294000.0,1586000.0,-482000.0,0.0,Ready now
CUST106825,19530.0,1830000.0,1905900.0,0.04,991000.0,1225000.0,41000.0,2.0,Ready in 6 months
CUST106826,-3275.0,2111000.0,2600700.0,0.188,1545000.0,1545000.0,-171000.0,0.0,Ready now
CUST106827,11962.0,0.0,319300.0,1.0,319000.0,463000.0,70000.0,6.0,Ready in 6 months
CUST106828,23713.0,2157000.0,2218600.0,0.028,1140000.0,1425000.0,-110000.0,0.0,Ready now
CUST106829,19959.0,0.0,604900.0,1.0,605000.0,845000.0,105000.0,5.0,Ready in 6 months
CUST106830,30847.0,0.0,156200.0,1.0,156000.0,526000.0,1494000.0,48.0,Not on track
CUST106831,12483.0,12000.0,116600.0,0.897,111000.0,261000.0,357000.0,29.0,Not on track
CUST106832,17438.0,798000.0,2712100.0,0.706,2313000.0,2522000.0,-1736000.0,0.0,Ready now
CUST106833,9664.0,1039000.0,1215900.0,0.145,696000.0,812000.0,-100000.0,0.0,Ready now
CUST106834,27961.0,1322000.0,1443400.0,0.084,782000.0,1118000.0,505000.0,18.0,Ready in 24 months
CUST106835,33168.0,1488000.0,2003200.0,0.257,1259000.0,1657000.0,38000.0,1.0,Ready in 6 months
CUST106836,14579.0,1690000.0,2450400.0,0.31,1605000.0,1780000.0,-988000.0,0.0,Ready now
CUST106837,57775.0,0.0,2220200.0,1.0,2220000.0,2913000.0,43000.0,1.0,Ready in 6 months
CUST106838,21088.0,57000.0,94900.0,0.399,66000.0,319000.0,916000.0,43.0,Not on track
CUST106839,24341.0,33000.0,151100.0,0.782,135000.0,427000.0,919000.0,38.0,Not on track
CUST106840,4323.0,2171000.0,3202300.0,0.322,2117000.0,2169000.0,-1363000.0,0.0,Ready now
CUST106841,23178.0,2746000.0,5976300.0,0.541,4603000.0,4881000.0,-3571000.0,0.0,Ready now
CUST106842,199.0,2779000.0,3995300.0,0.304,2606000.0,2608000.0,-1582000.0,0.0,Ready now
CUST106843,19650.0,0.0,5465400.0,1.0,5465000.0,5701000.0,-3661000.0,0.0,Ready now
CUST106844,13151.0,1317000.0,1787900.0,0.263,1129000.0,1287000.0,-589000.0,0.0,Ready now
CUST106845,2571.0,1455000.0,1476900.0,0.015,749000.0,780000.0,-465000.0,0.0,Ready now
CUST106846,6562.0,2000.0,936500.0,0.998,936000.0,1015000.0,-540000.0,0.0,Ready now
CUST106847,33138.0,3168000.0,5892700.0,0.462,4309000.0,4707000.0,-3002000.0,0.0,Ready now
CUST106848,12383.0,14000.0,98200.0,0.857,91000.0,240000.0,587000.0,47.0,Not on track
CUST106849,27928.0,3035000.0,3611900.0,0.16,2094000.0,2429000.0,-579000.0,0.0,Ready now
CUST106850,293.0,337000.0,533700.0,0.369,365000.0,369000.0,303000.0,999.0,Not on track
CUST106851,5881.0,0.0,2120400.0,1.0,2120000.0,2191000.0,-1038000.0,0.0,Ready now
CUST106852,9373.0,6000.0,1730700.0,0.997,1728000.0,1840000.0,-1148000.0,0.0,Ready now
CUST106853,45329.0,1783000.0,2989100.0,0.403,2098000.0,2642000.0,-307000.0,0.0,Ready now
CUST106854,49594.0,56000.0,710600.0,0.921,683000.0,1278000.0,1045000.0,21.0,Ready in 24 months
CUST106855,15226.0,0.0,331500.0,1.0,332000.0,515000.0,415000.0,27.0,Not on track
CUST106856,22611.0,11000.0,106600.0,0.897,101000.0,372000.0,590000.0,26.0,Not on track
CUST106857,21151.0,0.0,1241600.0,1.0,1242000.0,1496000.0,-482000.0,0.0,Ready now
CUST106858,27285.0,0.0,385900.0,1.0,386000.0,713000.0,524000.0,19.0,Ready in 24 months
CUST106859,33531.0,13000.0,1681100.0,0.992,1675000.0,2077000.0,209000.0,6.0,Ready in 6 months
CUST106860,36934.0,0.0,330200.0,1.0,330000.0,773000.0,787000.0,21.0,Ready in 24 months
CUST106861,22719.0,3136000.0,3533800.0,0.113,1966000.0,2239000.0,-684000.0,0.0,Ready now
CUST106862,8393.0,2861000.0,3614700.0,0.209,2184000.0,2285000.0,-1031000.0,0.0,Ready now
CUST106863,6972.0,372000.0,532300.0,0.301,346000.0,430000.0,100000.0,14.0,Ready in 24 months
CUST106864,19751.0,1326000.0,2039500.0,0.35,1376000.0,1613000.0,-490000.0,0.0,Ready now
CUST106865,11689.0,767000.0,782100.0,0.019,399000.0,539000.0,173000.0,15.0,Ready in 24 months
CUST106866,12544.0,8000.0,321200.0,0.975,317000.0,468000.0,389000.0,31.0,Not on track
CUST106867,4310.0,3946000.0,6858700.0,0.425,4886000.0,4938000.0,-3293000.0,0.0,Ready now
CUST106868,21038.0,3000.0,121600.0,0.975,120000.0,372000.0,785000.0,37.0,Not on track
CUST106869,7857.0,121000.0,352500.0,0.657,292000.0,386000.0,64000.0,8.0,Ready in 12 months
CUST106870,8807.0,17000.0,760100.0,0.978,752000.0,858000.0,-165000.0,0.0,Ready now
CUST106871,19584.0,14000.0,2404300.0,0.994,2397000.0,2632000.0,-1072000.0,0.0,Ready now
CUST106872,6646.0,431000.0,518800.0,0.169,303000.0,383000.0,454000.0,68.0,Not on track
CUST106873,29053.0,3000.0,2668300.0,0.999,2667000.0,3016000.0,-1471000.0,0.0,Ready now
CUST106874,7968.0,0.0,52900.0,1.0,53000.0,149000.0,437000.0,55.0,Not on track
CUST106875,3844.0,0.0,267100.0,1.0,267000.0,313000.0,807000.0,210.0,Not on track
CUST106876,15443.0,2372000.0,2513200.0,0.056,1327000.0,1512000.0,-200000.0,0.0,Ready now
CUST106877,11314.0,2816000.0,4771600.0,0.41,3364000.0,3500000.0,-1892000.0,0.0,Ready now
CUST106878,7691.0,798000.0,898800.0,0.112,500000.0,592000.0,131000.0,17.0,Ready in 24 months
CUST106879,31486.0,2044000.0,5690600.0,0.641,4669000.0,5047000.0,-3388000.0,0.0,Ready now
CUST106880,35398.0,4694000.0,9986500.0,0.53,7640000.0,8065000.0,-5790000.0,0.0,Ready now
CUST106881,9464.0,586000.0,1666100.0,0.648,1373000.0,1487000.0,-1017000.0,0.0,Ready now
CUST106882,19217.0,822000.0,958600.0,0.142,548000.0,779000.0,352000.0,18.0,Ready in 24 months
CUST106883,1997.0,1262000.0,1470300.0,0.142,839000.0,863000.0,-588000.0,0.0,Ready now
CUST106884,8033.0,1329000.0,1468500.0,0.095,804000.0,900000.0,-226000.0,0.0,Ready now
CUST106885,18363.0,0.0,1731300.0,1.0,1731000.0,1951000.0,-1060000.0,0.0,Ready now
CUST106886,10097.0,0.0,2146100.0,1.0,2146000.0,2267000.0,-1332000.0,0.0,Ready now
CUST106887,13221.0,1929000.0,2019600.0,0.045,1055000.0,1214000.0,-97000.0,0.0,Ready now
CUST106888,4420.0,3139000.0,3504000.0,0.104,1934000.0,1987000.0,-375000.0,0.0,Ready now
CUST106889,16976.0,821000.0,1180900.0,0.305,770000.0,974000.0,233000.0,14.0,Ready in 24 months
CUST106890,3588.0,29000.0,4510700.0,0.994,4496000.0,4539000.0,-3610000.0,0.0,Ready now
CUST106891,17706.0,1420000.0,1529700.0,0.072,820000.0,1032000.0,-242000.0,0.0,Ready now
CUST106892,10044.0,2116000.0,9593600.0,0.779,8536000.0,8657000.0,-7182000.0,0.0,Ready now
CUST106893,7463.0,0.0,68700.0,1.0,69000.0,159000.0,207000.0,28.0,Not on track
CUST106894,5349.0,3688000.0,4446700.0,0.171,2603000.0,2667000.0,-1400000.0,0.0,Ready now
CUST106895,4584.0,3574000.0,4001400.0,0.107,2214000.0,2269000.0,-775000.0,0.0,Ready now
CUST106896,39027.0,1388000.0,2309600.0,0.399,1616000.0,2084000.0,-174000.0,0.0,Ready now
CUST106897,81506.0,7555000.0,7905600.0,0.044,4128000.0,5106000.0,-1107000.0,0.0,Ready now
CUST106898,1834.0,9000.0,74700.0,0.88,70000.0,92000.0,255000.0,139.0,Not on track
CUST106899,24482.0,3288000.0,4151800.0,0.208,2508000.0,2802000.0,-1272000.0,0.0,Ready now
CUST106900,29546.0,0.0,323000.0,1.0,323000.0,678000.0,737000.0,25.0,Not on track
CUST106901,11768.0,1489000.0,1519500.0,0.02,775000.0,916000.0,345000.0,29.0,Not on track
CUST106902,9068.0,18000.0,1474400.0,0.988,1465000.0,1574000.0,-976000.0,0.0,Ready now
CUST106903,30562.0,3000.0,575600.0,0.995,574000.0,941000.0,459000.0,15.0,Ready in 24 months
CUST106904,14926.0,2605000.0,2785800.0,0.065,1483000.0,1662000.0,-503000.0,0.0,Ready now
CUST106905,16409.0,0.0,1199700.0,1.0,1200000.0,1397000.0,-498000.0,0.0,Ready now
CUST106906,9662.0,6000.0,326600.0,0.982,324000.0,440000.0,522000.0,54.0,Not on track
CUST106907,4027.0,823000.0,922100.0,0.107,511000.0,559000.0,-165000.0,0.0,Ready now
CUST106908,12680.0,551000.0,580200.0,0.05,305000.0,457000.0,432000.0,34.0,Not on track
CUST106909,9149.0,4005000.0,5526900.0,0.275,3524000.0,3634000.0,-2505000.0,0.0,Ready now
CUST106910,18007.0,810000.0,1021500.0,0.207,616000.0,832000.0,1003000.0,56.0,Not on track
CUST106911,24296.0,1909000.0,5840300.0,0.673,4886000.0,5178000.0,-3686000.0,0.0,Ready now
CUST106912,21050.0,23000.0,113600.0,0.798,102000.0,355000.0,1223000.0,58.0,Not on track
CUST106913,17272.0,4330000.0,7746100.0,0.441,5581000.0,5788000.0,-4401000.0,0.0,Ready now
CUST106914,16179.0,435000.0,651900.0,0.333,434000.0,628000.0,162000.0,10.0,Ready in 12 months
CUST106915,30940.0,2995000.0,4043000.0,0.259,2546000.0,2917000.0,-1372000.0,0.0,Ready now
CUST106916,39722.0,12000.0,444200.0,0.973,438000.0,915000.0,964000.0,24.0,Ready in 24 months
CUST106917,10377.0,356000.0,435600.0,0.183,258000.0,383000.0,180000.0,17.0,Ready in 24 months
CUST106918,3972.0,0.0,304700.0,1.0,305000.0,353000.0,111000.0,28.0,Not on track
CUST106919,8728.0,1161000.0,2870700.0,0.596,2290000.0,2395000.0,-1897000.0,0.0,Ready now
CUST106920,6995.0,232000.0,363000.0,0.361,247000.0,331000.0,79000.0,11.0,Ready in 12 months
CUST106921,8746.0,770000.0,949200.0,0.189,564000.0,669000.0,-92000.0,0.0,Ready now
CUST106922,19266.0,3000.0,1412100.0,0.998,1411000.0,1642000.0,-649000.0,0.0,Ready now
CUST106923,29655.0,5661000.0,11898900.0,0.524,9068000.0,9424000.0,-7167000.0,0.0,Ready now
CUST106924,21720.0,3000.0,240400.0,0.988,239000.0,500000.0,478000.0,22.0,Ready in 24 months
CUST106925,7126.0,950000.0,1865700.0,0.491,1391000.0,1477000.0,-1012000.0,0.0,Ready now
CUST106926,25386.0,3170000.0,4218300.0,0.249,2633000.0,2938000.0,-1556000.0,0.0,Ready now
CUST106927,22467.0,6000.0,1897600.0,0.997,1895000.0,2165000.0,-993000.0,0.0,Ready now
CUST106928,6263.0,565000.0,1723300.0,0.672,1441000.0,1516000.0,-879000.0,0.0,Ready now
CUST106929,16244.0,507000.0,740300.0,0.315,487000.0,682000.0,103000.0,6.0,Ready in 6 months
CUST106930,24463.0,0.0,3920700.0,1.0,3921000.0,4215000.0,-2405000.0,0.0,Ready now
CUST106931,-293.0,435000.0,455300.0,0.045,238000.0,238000.0,78000.0,999.0,Not on track
CUST106932,10796.0,555000.0,1805600.0,0.693,1528000.0,1658000.0,-1098000.0,0.0,Ready now
CUST106933,29644.0,779000.0,3887300.0,0.8,3498000.0,3854000.0,-2246000.0,0.0,Ready now
CUST106934,19593.0,4000.0,45000.0,0.911,43000.0,278000.0,607000.0,31.0,Not on track
CUST106935,48287.0,539000.0,5214400.0,0.897,4945000.0,5524000.0,-2791000.0,0.0,Ready now
CUST106936,22430.0,1114000.0,3994700.0,0.721,3438000.0,3707000.0,-2520000.0,0.0,Ready now
CUST106937,12186.0,2376000.0,2685700.0,0.115,1498000.0,1644000.0,-688000.0,0.0,Ready now
CUST106938,34561.0,1225000.0,4994500.0,0.755,4382000.0,4797000.0,-2913000.0,0.0,Ready now
CUST106939,9270.0,500000.0,1327600.0,0.623,1078000.0,1189000.0,-732000.0,0.0,Ready now
CUST106940,21178.0,1375000.0,1485300.0,0.074,798000.0,1052000.0,-40000.0,0.0,Ready now
CUST106941,15504.0,1968000.0,2024600.0,0.028,1041000.0,1227000.0,-415000.0,0.0,Ready now
CUST106942,23418.0,3628000.0,9013700.0,0.598,7200000.0,7481000.0,-5761000.0,0.0,Ready now
CUST106943,16275.0,1846000.0,1956300.0,0.056,1033000.0,1228000.0,-584000.0,0.0,Ready now
CUST106944,18279.0,0.0,2414200.0,1.0,2414000.0,2633000.0,-1331000.0,0.0,Ready now
CUST106945,19356.0,2000.0,1951300.0,0.999,1950000.0,2182000.0,-1248000.0,0.0,Ready now
CUST106946,29800.0,1889000.0,3600400.0,0.475,2656000.0,3014000.0,-1438000.0,0.0,Ready now
CUST106947,14884.0,2356000.0,2530900.0,0.069,1353000.0,1532000.0,-478000.0,0.0,Ready now
CUST106948,29314.0,7000.0,1635500.0,0.996,1632000.0,1984000.0,-502000.0,0.0,Ready now
CUST106949,44164.0,1574000.0,2388000.0,0.341,1601000.0,2131000.0,25000.0,1.0,Ready in 6 months
CUST106950,3091.0,1495000.0,2314500.0,0.354,1567000.0,1604000.0,-867000.0,0.0,Ready now
CUST106951,21073.0,380000.0,397300.0,0.044,207000.0,460000.0,1006000.0,48.0,Not on track
CUST106952,73030.0,3613000.0,4102100.0,0.119,2296000.0,3172000.0,813000.0,11.0,Ready in 12 months
CUST106953,26546.0,17000.0,184800.0,0.908,176000.0,495000.0,532000.0,20.0,Ready in 24 months
CUST106954,1324.0,0.0,111000.0,1.0,111000.0,127000.0,103000.0,78.0,Not on track
CUST106955,14996.0,1615000.0,1949900.0,0.172,1142000.0,1322000.0,-431000.0,0.0,Ready now
CUST106956,10212.0,0.0,1130100.0,1.0,1130000.0,1253000.0,-587000.0,0.0,Ready now
CUST106957,39540.0,1808000.0,2155700.0,0.161,1252000.0,1726000.0,-42000.0,0.0,Ready now
CUST106958,20201.0,587000.0,663000.0,0.115,370000.0,612000.0,494000.0,24.0,Ready in 24 months
CUST106959,33239.0,2856000.0,4144600.0,0.311,2717000.0,3116000.0,-1343000.0,0.0,Ready now
CUST106960,30953.0,1826000.0,2039800.0,0.105,1127000.0,1498000.0,218000.0,7.0,Ready in 12 months
CUST106961,28977.0,0.0,237100.0,1.0,237000.0,585000.0,857000.0,30.0,Not on track
CUST106962,7115.0,834000.0,1941500.0,0.57,1524000.0,1609000.0,-987000.0,0.0,Ready now
CUST106963,24918.0,683000.0,2829100.0,0.759,2488000.0,2787000.0,-1212000.0,0.0,Ready now
CUST106964,33295.0,1000.0,436500.0,0.998,436000.0,836000.0,1528000.0,46.0,Not on track
CUST106965,9190.0,0.0,906300.0,1.0,906000.0,1016000.0,-523000.0,0.0,Ready now
CUST106966,9902.0,2033000.0,2249000.0,0.096,1232000.0,1351000.0,-522000.0,0.0,Ready now
CUST106967,21052.0,0.0,383000.0,1.0,383000.0,636000.0,801000.0,38.0,Not on track
CUST106968,13829.0,4000.0,830400.0,0.995,828000.0,994000.0,-43000.0,0.0,Ready now
CUST106969,40270.0,5507000.0,5904600.0,0.067,3151000.0,3634000.0,-1491000.0,0.0,Ready now
CUST106970,25553.0,3630000.0,4797100.0,0.243,2982000.0,3289000.0,-1801000.0,0.0,Ready now
CUST106971,35810.0,2007000.0,2258200.0,0.111,1255000.0,1685000.0,-41000.0,0.0,Ready now
CUST106972,31544.0,339000.0,857000.0,0.604,688000.0,1067000.0,804000.0,25.0,Not on track
CUST106973,16009.0,16000.0,492500.0,0.968,484000.0,676000.0,652000.0,41.0,Not on track
CUST106974,20917.0,0.0,94600.0,1.0,95000.0,346000.0,711000.0,34.0,Not on track
CUST106975,20240.0,0.0,182000.0,1.0,182000.0,425000.0,504000.0,25.0,Not on track
CUST106976,19056.0,2487000.0,7177700.0,0.654,5934000.0,6163000.0,-4513000.0,0.0,Ready now
CUST106977,4876.0,2063000.0,2743000.0,0.248,1712000.0,1771000.0,-1176000.0,0.0,Ready now
CUST106978,20359.0,6000.0,701500.0,0.991,698000.0,942000.0,138000.0,7.0,Ready in 12 months
CUST106979,8705.0,462000.0,523600.0,0.118,293000.0,397000.0,100000.0,11.0,Ready in 12 months
CUST106980,23924.0,1594000.0,4493400.0,0.645,3696000.0,3983000.0,-2267000.0,0.0,Ready now
CUST106981,45605.0,5000.0,2594000.0,0.998,2592000.0,3139000.0,-936000.0,0.0,Ready now
CUST106982,15101.0,9000.0,20100.0,0.552,16000.0,197000.0,605000.0,40.0,Not on track
CUST106983,6440.0,1787000.0,4524400.0,0.605,3631000.0,3708000.0,-3087000.0,0.0,Ready now
CUST106984,11385.0,579000.0,740300.0,0.218,451000.0,588000.0,329000.0,29.0,Not on track
CUST106985,47096.0,1323000.0,1790700.0,0.261,1129000.0,1694000.0,568000.0,12.0,Ready in 12 months
CUST106986,30270.0,4673000.0,5073300.0,0.079,2737000.0,3100000.0,-723000.0,0.0,Ready now
CUST106987,15647.0,15000.0,42000.0,0.643,34000.0,222000.0,415000.0,27.0,Not on track
CUST106988,4076.0,12000.0,64200.0,0.813,58000.0,107000.0,298000.0,73.0,Not on track
CUST106989,27248.0,4092000.0,4632000.0,0.117,2586000.0,2913000.0,-822000.0,0.0,Ready now
CUST106990,19503.0,2221000.0,3675100.0,0.396,2565000.0,2799000.0,-1807000.0,0.0,Ready now
CUST106991,16830.0,0.0,1719600.0,1.0,1720000.0,1922000.0,-704000.0,0.0,Ready now
CUST106992,30566.0,3373000.0,3934100.0,0.143,2248000.0,2615000.0,-980000.0,0.0,Ready now
CUST106993,18958.0,2102000.0,3500500.0,0.4,2450000.0,2677000.0,-1928000.0,0.0,Ready now
CUST106994,13733.0,1505000.0,1796900.0,0.162,1044000.0,1209000.0,-320000.0,0.0,Ready now
CUST106995,14621.0,2154000.0,3687400.0,0.416,2610000.0,2785000.0,-1781000.0,0.0,Ready now
CUST106996,13470.0,0.0,2919900.0,1.0,2920000.0,3082000.0,-1654000.0,0.0,Ready now
CUST106997,47986.0,4687000.0,4825500.0,0.029,2482000.0,3058000.0,-1068000.0,0.0,Ready now
CUST106998,70842.0,0.0,1553200.0,1.0,1553000.0,2403000.0,690000.0,10.0,Ready in 12 months
CUST106999,9618.0,789000.0,3352700.0,0.765,2958000.0,3073000.0,-2048000.0,0.0,Ready now
CUST107000,20591.0,733000.0,863400.0,0.151,497000.0,744000.0,425000.0,21.0,Ready in 24 months
CUST107001,15865.0,0.0,353400.0,1.0,353000.0,543000.0,1190000.0,75.0,Not on track
CUST107002,7703.0,1681000.0,2262500.0,0.257,1422000.0,1514000.0,-812000.0,0.0,Ready now
CUST107003,43930.0,1141000.0,2210900.0,0.484,1640000.0,2167000.0,-36000.0,0.0,Ready now
CUST107004,27354.0,2602000.0,4425700.0,0.412,3125000.0,3453000.0,-2023000.0,0.0,Ready now
CUST107005,19933.0,1535000.0,3213400.0,0.522,2446000.0,2685000.0,-1562000.0,0.0,Ready now
CUST107006,10976.0,1201000.0,2124200.0,0.435,1524000.0,1656000.0,-913000.0,0.0,Ready now
CUST107007,33157.0,16000.0,2195000.0,0.993,2187000.0,2585000.0,-831000.0,0.0,Ready now
CUST107008,10806.0,2081000.0,2460200.0,0.154,1420000.0,1550000.0,-988000.0,0.0,Ready now
CUST107009,15367.0,2459000.0,2551400.0,0.036,1322000.0,1506000.0,-783000.0,0.0,Ready now
CUST107010,8304.0,593000.0,727700.0,0.185,431000.0,531000.0,-1000.0,0.0,Ready now
CUST107011,26017.0,1117000.0,1954800.0,0.429,1396000.0,1708000.0,-598000.0,0.0,Ready now
CUST107012,3419.0,17000.0,106400.0,0.84,98000.0,139000.0,649000.0,190.0,Not on track
CUST107013,24675.0,1852000.0,4510300.0,0.589,3584000.0,3880000.0,-2361000.0,0.0,Ready now
CUST107014,19000.0,3000.0,164200.0,0.982,163000.0,391000.0,334000.0,18.0,Ready in 24 months
CUST107015,7451.0,159000.0,861100.0,0.815,782000.0,871000.0,-426000.0,0.0,Ready now
CUST107016,5686.0,1712000.0,1787400.0,0.042,931000.0,999000.0,-194000.0,0.0,Ready now
CUST107017,3353.0,0.0,85000.0,1.0,85000.0,125000.0,394000.0,118.0,Not on track
CUST107018,6696.0,1262000.0,3027200.0,0.583,2396000.0,2476000.0,-1808000.0,0.0,Ready now
CUST107019,31256.0,3603000.0,3810000.0,0.054,2008000.0,2383000.0,-371000.0,0.0,Ready now
CUST107020,6203.0,18000.0,729300.0,0.975,720000.0,794000.0,-294000.0,0.0,Ready now
CUST107021,28683.0,127000.0,220700.0,0.425,157000.0,501000.0,792000.0,28.0,Not on track
CUST107022,3357.0,28000.0,1578700.0,0.982,1565000.0,1605000.0,-915000.0,0.0,Ready now
CUST107023,-2651.0,6000.0,184100.0,0.967,181000.0,181000.0,426000.0,999.0,Not on track
CUST107024,6016.0,988000.0,1003000.0,0.015,509000.0,581000.0,-7000.0,0.0,Ready now
CUST107025,928.0,0.0,4102700.0,1.0,4103000.0,4114000.0,-3371000.0,0.0,Ready now
CUST107026,-588.0,0.0,2358000.0,1.0,2358000.0,2358000.0,-1701000.0,0.0,Ready now
CUST107027,11440.0,749000.0,810400.0,0.076,436000.0,573000.0,-82000.0,0.0,Ready now
CUST107028,49487.0,2894000.0,5602700.0,0.483,4156000.0,4750000.0,-2393000.0,0.0,Ready now
CUST107029,1232.0,752000.0,1210900.0,0.379,835000.0,850000.0,-396000.0,0.0,Ready now
CUST107030,19922.0,15000.0,340300.0,0.956,333000.0,572000.0,871000.0,44.0,Not on track
CUST107031,11056.0,1404000.0,2505700.0,0.44,1804000.0,1937000.0,-1256000.0,0.0,Ready now
CUST107032,6604.0,294000.0,1615200.0,0.818,1468000.0,1547000.0,-680000.0,0.0,Ready now
CUST107033,1400.0,1320000.0,1428300.0,0.076,768000.0,785000.0,-345000.0,0.0,Ready now
CUST107034,7488.0,5000.0,292700.0,0.983,290000.0,380000.0,471000.0,63.0,Not on track
CUST107035,15438.0,0.0,76800.0,1.0,77000.0,262000.0,660000.0,43.0,Not on track
CUST107036,12557.0,23000.0,1379500.0,0.983,1368000.0,1519000.0,-810000.0,0.0,Ready now
CUST107037,10377.0,2000.0,2356000.0,0.999,2355000.0,2480000.0,-1569000.0,0.0,Ready now
CUST107038,27396.0,0.0,3870800.0,1.0,3871000.0,4200000.0,-2633000.0,0.0,Ready now
CUST107039,65299.0,81000.0,7622700.0,0.989,7582000.0,8366000.0,-3747000.0,0.0,Ready now
CUST107040,19877.0,2593000.0,4236800.0,0.388,2940000.0,3179000.0,-1362000.0,0.0,Ready now
CUST107041,25441.0,3588000.0,7089300.0,0.494,5295000.0,5600000.0,-3509000.0,0.0,Ready now
CUST107042,3723.0,99000.0,228200.0,0.566,179000.0,224000.0,71000.0,19.0,Ready in 24 months
CUST107043,5682.0,920000.0,1427000.0,0.355,967000.0,1035000.0,-698000.0,0.0,Ready now
CUST107044,13370.0,0.0,1519900.0,1.0,1520000.0,1680000.0,-665000.0,0.0,Ready now
CUST107045,9369.0,14000.0,6194000.0,0.998,6187000.0,6299000.0,-4460000.0,0.0,Ready now
CUST107046,46009.0,133000.0,7267800.0,0.982,7201000.0,7753000.0,-3785000.0,0.0,Ready now
CUST107047,9053.0,4000.0,50400.0,0.921,48000.0,157000.0,253000.0,28.0,Not on track
CUST107048,16214.0,7000.0,88300.0,0.921,85000.0,280000.0,512000.0,32.0,Not on track
CUST107049,12505.0,0.0,1753300.0,1.0,1753000.0,1903000.0,-452000.0,0.0,Ready now
CUST107050,25454.0,2275000.0,2507900.0,0.093,1370000.0,1675000.0,-472000.0,0.0,Ready now
CUST107051,19951.0,1236000.0,2711500.0,0.544,2094000.0,2333000.0,-1185000.0,0.0,Ready now
CUST107052,21756.0,797000.0,4260600.0,0.813,3862000.0,4123000.0,-2500000.0,0.0,Ready now
CUST107053,66521.0,0.0,409700.0,1.0,410000.0,1208000.0,3443000.0,52.0,Not on track
CUST107054,7720.0,26000.0,522800.0,0.95,510000.0,603000.0,1140000.0,148.0,Not on track
CUST107055,47373.0,3119000.0,3312300.0,0.058,1753000.0,2321000.0,289000.0,6.0,Ready in 6 months
CUST107056,5331.0,352000.0,384400.0,0.084,208000.0,272000.0,187000.0,35.0,Not on track
CUST107057,37697.0,834000.0,5216100.0,0.84,4799000.0,5251000.0,-3370000.0,0.0,Ready now
CUST107058,6127.0,16000.0,603800.0,0.974,596000.0,670000.0,-90000.0,0.0,Ready now
CUST107059,59712.0,6396000.0,8470200.0,0.245,5272000.0,5989000.0,-2980000.0,0.0,Ready now
CUST107060,31961.0,3468000.0,4145200.0,0.163,2411000.0,2795000.0,-457000.0,0.0,Ready now
CUST107061,8396.0,1814000.0,5748300.0,0.684,4841000.0,4942000.0,-3965000.0,0.0,Ready now
CUST107062,10819.0,407000.0,2613100.0,0.844,2410000.0,2540000.0,-1962000.0,0.0,Ready now
CUST107063,10322.0,256000.0,1008000.0,0.746,880000.0,1004000.0,-393000.0,0.0,Ready now
CUST107064,9474.0,770000.0,1821400.0,0.577,1436000.0,1550000.0,-808000.0,0.0,Ready now
CUST107065,5579.0,3000.0,372700.0,0.992,371000.0,438000.0,789000.0,141.0,Not on track
CUST107066,29142.0,0.0,298100.0,1.0,298000.0,648000.0,690000.0,24.0,Ready in 24 months
CUST107067,3404.0,0.0,706200.0,1.0,706000.0,747000.0,726000.0,213.0,Not on track
CUST107068,17649.0,4422000.0,4720800.0,0.063,2510000.0,2722000.0,-291000.0,0.0,Ready now
CUST107069,6575.0,1190000.0,2603000.0,0.543,2008000.0,2087000.0,-1486000.0,0.0,Ready now
CUST107070,30987.0,4000.0,2632500.0,0.998,2630000.0,3002000.0,-1373000.0,0.0,Ready now
CUST107071,20623.0,276000.0,2491800.0,0.889,2354000.0,2601000.0,-1318000.0,0.0,Ready now
CUST107072,17514.0,1922000.0,2132200.0,0.099,1171000.0,1381000.0,-375000.0,0.0,Ready now
CUST107073,15890.0,1133000.0,1298800.0,0.128,732000.0,923000.0,856000.0,54.0,Not on track
CUST107074,11212.0,0.0,4027900.0,1.0,4028000.0,4163000.0,-2972000.0,0.0,Ready now
CUST107075,15769.0,1018000.0,1080200.0,0.058,571000.0,760000.0,-135000.0,0.0,Ready now
CUST107076,18786.0,1857000.0,2003100.0,0.073,1075000.0,1300000.0,-477000.0,0.0,Ready now
CUST107077,19505.0,1698000.0,2245500.0,0.244,1396000.0,1630000.0,-655000.0,0.0,Ready now
CUST107078,9351.0,325000.0,1009300.0,0.678,847000.0,959000.0,-442000.0,0.0,Ready now
CUST107079,9071.0,1877000.0,2029500.0,0.075,1091000.0,1200000.0,-331000.0,0.0,Ready now
CUST107080,11742.0,583000.0,631400.0,0.077,340000.0,481000.0,179000.0,15.0,Ready in 24 months
CUST107081,31285.0,2496000.0,7960700.0,0.686,6713000.0,7088000.0,-5456000.0,0.0,Ready now
CUST107082,28822.0,3531000.0,3590800.0,0.017,1825000.0,2171000.0,-246000.0,0.0,Ready now
CUST107083,6317.0,2616000.0,3237200.0,0.192,1929000.0,2005000.0,-1223000.0,0.0,Ready now
CUST107084,25035.0,2368000.0,6843400.0,0.654,5659000.0,5959000.0,-4067000.0,0.0,Ready now
CUST107085,10521.0,0.0,298000.0,1.0,298000.0,424000.0,343000.0,33.0,Not on track
CUST107086,10585.0,421000.0,994900.0,0.577,784000.0,911000.0,-190000.0,0.0,Ready now
CUST107087,39412.0,0.0,775700.0,1.0,776000.0,1249000.0,1541000.0,39.0,Not on track
CUST107088,2195.0,450000.0,528900.0,0.149,304000.0,330000.0,-13000.0,0.0,Ready now
CUST107089,20646.0,0.0,229300.0,1.0,229000.0,477000.0,605000.0,29.0,Not on track
CUST107090,14422.0,5000.0,2473800.0,0.998,2471000.0,2644000.0,-1938000.0,0.0,Ready now
CUST107091,14573.0,698000.0,1438300.0,0.515,1089000.0,1264000.0,1097000.0,75.0,Not on track
CUST107092,17812.0,3000.0,954600.0,0.997,953000.0,1167000.0,151000.0,8.0,Ready in 12 months
CUST107093,90745.0,15000.0,1193700.0,0.987,1186000.0,2275000.0,1966000.0,22.0,Ready in 24 months
CUST107094,6395.0,1895000.0,2099800.0,0.098,1152000.0,1229000.0,-594000.0,0.0,Ready now
CUST107095,13001.0,0.0,705000.0,1.0,705000.0,861000.0,-141000.0,0.0,Ready now
CUST107096,8743.0,396000.0,778900.0,0.492,581000.0,686000.0,-285000.0,0.0,Ready now
CUST107097,19260.0,18000.0,267000.0,0.933,258000.0,489000.0,1466000.0,76.0,Not on track
CUST107098,5324.0,1049000.0,3966000.0,0.736,3442000.0,3506000.0,-2789000.0,0.0,Ready now
CUST107099,11505.0,1928000.0,2153600.0,0.105,1190000.0,1328000.0,-386000.0,0.0,Ready now
CUST107100,19596.0,3933000.0,4366900.0,0.099,2400000.0,2635000.0,-1039000.0,0.0,Ready now
CUST107101,47654.0,3855000.0,4213500.0,0.085,2286000.0,2858000.0,-607000.0,0.0,Ready now
CUST107102,15921.0,0.0,194900.0,1.0,195000.0,386000.0,391000.0,25.0,Not on track
CUST107103,10398.0,1822000.0,3688200.0,0.506,2777000.0,2902000.0,-1987000.0,0.0,Ready now
CUST107104,5565.0,17000.0,721900.0,0.976,713000.0,780000.0,-301000.0,0.0,Ready now
CUST107105,3412.0,628000.0,1128600.0,0.444,815000.0,856000.0,-641000.0,0.0,Ready now
CUST107106,26240.0,4000.0,3049800.0,0.999,3048000.0,3363000.0,-2172000.0,0.0,Ready now
CUST107107,48712.0,2974000.0,2997600.0,0.008,1511000.0,2096000.0,-196000.0,0.0,Ready now
CUST107108,16325.0,0.0,342600.0,1.0,343000.0,539000.0,843000.0,52.0,Not on track
CUST107109,22876.0,509000.0,605300.0,0.159,351000.0,626000.0,738000.0,32.0,Not on track
CUST107110,15129.0,1926000.0,2335900.0,0.175,1373000.0,1555000.0,-676000.0,0.0,Ready now
CUST107111,29227.0,5758000.0,8023600.0,0.282,5145000.0,5496000.0,-3254000.0,0.0,Ready now
CUST107112,12459.0,59000.0,135800.0,0.566,106000.0,256000.0,300000.0,24.0,Ready in 24 months
CUST107113,6961.0,0.0,1802800.0,1.0,1803000.0,1887000.0,-1119000.0,0.0,Ready now
CUST107114,12694.0,3050000.0,3356200.0,0.091,1831000.0,1983000.0,-757000.0,0.0,Ready now
CUST107115,15903.0,1332000.0,2768500.0,0.519,2102000.0,2293000.0,-1112000.0,0.0,Ready now
CUST107116,19385.0,3000.0,768900.0,0.996,767000.0,1000000.0,67000.0,3.0,Ready in 6 months
CUST107117,3938.0,320000.0,398000.0,0.196,238000.0,285000.0,527000.0,134.0,Not on track
CUST107118,6030.0,8000.0,204600.0,0.961,201000.0,273000.0,888000.0,147.0,Not on track
CUST107119,12267.0,8000.0,353700.0,0.977,350000.0,497000.0,190000.0,15.0,Ready in 24 months
CUST107120,22836.0,2138000.0,4080100.0,0.476,3011000.0,3285000.0,-2183000.0,0.0,Ready now
CUST107121,14363.0,1220000.0,1620500.0,0.247,1010000.0,1182000.0,-324000.0,0.0,Ready now
CUST107122,4751.0,1813000.0,2767800.0,0.345,1861000.0,1918000.0,-1199000.0,0.0,Ready now
CUST107123,25823.0,1869000.0,2699700.0,0.308,1765000.0,2075000.0,-914000.0,0.0,Ready now
CUST107124,5891.0,656000.0,937400.0,0.3,609000.0,680000.0,336000.0,57.0,Not on track
CUST107125,8109.0,608000.0,646100.0,0.059,342000.0,439000.0,68000.0,8.0,Ready in 12 months
CUST107126,9630.0,1017000.0,1676800.0,0.393,1168000.0,1284000.0,-798000.0,0.0,Ready now
CUST107127,14369.0,0.0,627800.0,1.0,628000.0,800000.0,432000.0,30.0,Not on track
CUST107128,3308.0,1484000.0,1628800.0,0.089,887000.0,927000.0,-487000.0,0.0,Ready now
CUST107129,15148.0,1710000.0,4196800.0,0.593,3342000.0,3524000.0,-2588000.0,0.0,Ready now
CUST107130,26121.0,310000.0,2667400.0,0.884,2512000.0,2825000.0,-1698000.0,0.0,Ready now
CUST107131,9878.0,11000.0,1465000.0,0.992,1460000.0,1579000.0,-856000.0,0.0,Ready now
CUST107132,9413.0,1065000.0,1109300.0,0.04,577000.0,690000.0,-221000.0,0.0,Ready now
CUST107133,46109.0,0.0,1530600.0,1.0,1531000.0,2084000.0,739000.0,16.0,Ready in 24 months
CUST107134,6881.0,0.0,97500.0,1.0,98000.0,181000.0,1378000.0,200.0,Not on track
CUST107135,37326.0,3000.0,561700.0,0.995,560000.0,1008000.0,865000.0,23.0,Ready in 24 months
CUST107136,11326.0,1490000.0,1679800.0,0.113,935000.0,1071000.0,-369000.0,0.0,Ready now
CUST107137,14843.0,1566000.0,1723900.0,0.092,941000.0,1119000.0,-287000.0,0.0,Ready now
CUST107138,15424.0,901000.0,2002000.0,0.55,1552000.0,1737000.0,-1026000.0,0.0,Ready now
CUST107139,16357.0,564000.0,3325300.0,0.83,3043000.0,3239000.0,-2081000.0,0.0,Ready now
CUST107140,16005.0,2019000.0,2473300.0,0.184,1464000.0,1656000.0,-821000.0,0.0,Ready now
CUST107141,14283.0,0.0,109400.0,1.0,109000.0,280000.0,469000.0,33.0,Not on track
CUST107142,31944.0,1504000.0,3957300.0,0.62,3205000.0,3588000.0,-1929000.0,0.0,Ready now
CUST107143,10354.0,2097000.0,2119500.0,0.011,1071000.0,1195000.0,-411000.0,0.0,Ready now
CUST107144,36888.0,4764000.0,5357900.0,0.111,2976000.0,3419000.0,-630000.0,0.0,Ready now
CUST107145,15632.0,2221000.0,2542700.0,0.127,1432000.0,1620000.0,-398000.0,0.0,Ready now
CUST107146,3683.0,0.0,552400.0,1.0,552000.0,596000.0,-261000.0,0.0,Ready now
CUST107147,7912.0,12000.0,529300.0,0.977,523000.0,618000.0,-183000.0,0.0,Ready now
CUST107148,45020.0,345000.0,2749100.0,0.875,2577000.0,3117000.0,250000.0,6.0,Ready in 6 months
CUST107149,18214.0,1721000.0,1924200.0,0.106,1064000.0,1283000.0,-358000.0,0.0,Ready now
CUST107150,24694.0,215000.0,482900.0,0.555,375000.0,671000.0,514000.0,21.0,Ready in 24 months
CUST107151,25286.0,0.0,3023400.0,1.0,3023000.0,3326000.0,-2292000.0,0.0,Ready now
CUST107152,37857.0,24000.0,417100.0,0.942,405000.0,859000.0,1163000.0,31.0,Not on track
CUST107153,1658.0,453000.0,544600.0,0.168,318000.0,338000.0,4000.0,2.0,Ready in 6 months
CUST107154,32977.0,28000.0,169700.0,0.835,156000.0,552000.0,1608000.0,49.0,Not on track
CUST107155,36108.0,4801000.0,5364900.0,0.105,2964000.0,3397000.0,-1103000.0,0.0,Ready now
CUST107156,17251.0,2441000.0,3260600.0,0.251,2040000.0,2247000.0,-1045000.0,0.0,Ready now
CUST107157,19921.0,2838000.0,3218300.0,0.118,1799000.0,2038000.0,-874000.0,0.0,Ready now
CUST107158,9887.0,1229000.0,3132900.0,0.608,2518000.0,2637000.0,-1694000.0,0.0,Ready now
CUST107159,3892.0,0.0,127400.0,1.0,127000.0,174000.0,301000.0,77.0,Not on track
CUST107160,24460.0,1607000.0,5161200.0,0.689,4358000.0,4652000.0,-3879000.0,0.0,Ready now
CUST107161,10157.0,2644000.0,2686100.0,0.016,1364000.0,1486000.0,-242000.0,0.0,Ready now
CUST107162,33143.0,2142000.0,2529200.0,0.153,1458000.0,1856000.0,-524000.0,0.0,Ready now
CUST107163,14268.0,3153000.0,5268900.0,0.402,3692000.0,3863000.0,-2628000.0,0.0,Ready now
CUST107164,19346.0,1000.0,502300.0,0.998,502000.0,734000.0,96000.0,5.0,Ready in 6 months
CUST107165,36352.0,829000.0,4071100.0,0.796,3657000.0,4093000.0,-1565000.0,0.0,Ready now
CUST107166,12256.0,321000.0,1623600.0,0.802,1463000.0,1610000.0,-468000.0,0.0,Ready now
CUST107167,105.0,0.0,415700.0,1.0,416000.0,417000.0,681000.0,999.0,Not on track
CUST107168,20452.0,719000.0,2096800.0,0.657,1737000.0,1982000.0,-872000.0,0.0,Ready now
CUST107169,24098.0,0.0,2073300.0,1.0,2073000.0,2362000.0,-642000.0,0.0,Ready now
CUST107170,28596.0,568000.0,837700.0,0.322,554000.0,897000.0,490000.0,17.0,Ready in 24 months
CUST107171,18739.0,0.0,1621200.0,1.0,1621000.0,1846000.0,-671000.0,0.0,Ready now
CUST107172,37775.0,2042000.0,2225700.0,0.083,1205000.0,1658000.0,388000.0,10.0,Ready in 12 months
CUST107173,13018.0,0.0,67600.0,1.0,68000.0,224000.0,351000.0,27.0,Not on track
CUST107174,26918.0,324000.0,623400.0,0.48,461000.0,784000.0,401000.0,15.0,Ready in 24 months
CUST107175,7161.0,813000.0,3569100.0,0.772,3163000.0,3249000.0,-2707000.0,0.0,Ready now
CUST107176,26522.0,622000.0,2962400.0,0.79,2651000.0,2969000.0,-1455000.0,0.0,Ready now
CUST107177,24405.0,2416000.0,2646300.0,0.087,1438000.0,1731000.0,-738000.0,0.0,Ready now
CUST107178,19375.0,1000.0,1386400.0,0.999,1386000.0,1618000.0,-600000.0,0.0,Ready now
CUST107179,11293.0,584000.0,2553000.0,0.771,2261000.0,2397000.0,-1641000.0,0.0,Ready now
CUST107180,3490.0,1953000.0,2769800.0,0.295,1793000.0,1835000.0,-1096000.0,0.0,Ready now
CUST107181,14350.0,0.0,917800.0,1.0,918000.0,1090000.0,248000.0,17.0,Ready in 24 months
CUST107182,24393.0,2827000.0,4615600.0,0.388,3202000.0,3495000.0,-2492000.0,0.0,Ready now
CUST107183,45008.0,57000.0,1050800.0,0.946,1022000.0,1562000.0,702000.0,16.0,Ready in 24 months
CUST107184,37469.0,50000.0,3975800.0,0.987,3951000.0,4401000.0,-2605000.0,0.0,Ready now
CUST107185,12095.0,0.0,2998100.0,1.0,2998000.0,3143000.0,-2286000.0,0.0,Ready now
CUST107186,4681.0,19000.0,527700.0,0.964,518000.0,574000.0,-233000.0,0.0,Ready now
CUST107187,19964.0,1122000.0,1239500.0,0.095,678000.0,918000.0,112000.0,6.0,Ready in 6 months
CUST107188,41863.0,3525000.0,3934500.0,0.104,2172000.0,2674000.0,-814000.0,0.0,Ready now
CUST107189,6933.0,2071000.0,2576700.0,0.196,1541000.0,1624000.0,-679000.0,0.0,Ready now
CUST107190,11766.0,2449000.0,2768400.0,0.115,1544000.0,1685000.0,-615000.0,0.0,Ready now
CUST107191,13096.0,175000.0,2736100.0,0.936,2649000.0,2806000.0,-1763000.0,0.0,Ready now
CUST107192,26658.0,0.0,107700.0,1.0,108000.0,428000.0,1005000.0,38.0,Not on track
CUST107193,24923.0,3783000.0,4260800.0,0.112,2369000.0,2668000.0,-371000.0,0.0,Ready now
CUST107194,24943.0,627000.0,2919900.0,0.785,2606000.0,2905000.0,-1137000.0,0.0,Ready now
CUST107195,10221.0,0.0,124400.0,1.0,124000.0,247000.0,241000.0,24.0,Ready in 24 months
CUST107196,6700.0,468000.0,619100.0,0.244,385000.0,465000.0,-35000.0,0.0,Ready now
CUST107197,19002.0,2698000.0,4432200.0,0.391,3083000.0,3311000.0,-1846000.0,0.0,Ready now
CUST107198,45129.0,5256000.0,7064900.0,0.256,4437000.0,4979000.0,-2660000.0,0.0,Ready now
CUST107199,5771.0,204000.0,872500.0,0.766,770000.0,839000.0,-338000.0,0.0,Ready now
CUST107200,13354.0,606000.0,727500.0,0.167,424000.0,584000.0,468000.0,35.0,Not on track
CUST107201,103505.0,6621000.0,14193500.0,0.534,10883000.0,12125000.0,-7635000.0,0.0,Ready now
CUST107202,14075.0,2424000.0,2633500.0,0.08,1422000.0,1591000.0,-704000.0,0.0,Ready now
CUST107203,61918.0,7855000.0,8149800.0,0.036,4222000.0,4965000.0,-716000.0,0.0,Ready now
CUST107204,9424.0,924000.0,1084700.0,0.148,623000.0,736000.0,34000.0,4.0,Ready in 6 months
CUST107205,19018.0,1734000.0,1919600.0,0.097,1053000.0,1281000.0,-336000.0,0.0,Ready now
CUST107206,21684.0,1391000.0,2066600.0,0.327,1371000.0,1631000.0,-674000.0,0.0,Ready now
CUST107207,3536.0,30000.0,760000.0,0.961,745000.0,787000.0,-276000.0,0.0,Ready now
CUST107208,11965.0,440000.0,578000.0,0.239,358000.0,502000.0,68000.0,6.0,Ready in 6 months
CUST107209,15728.0,1849000.0,2922900.0,0.367,1998000.0,2187000.0,-1298000.0,0.0,Ready now
CUST107210,8581.0,2000.0,1944500.0,0.999,1944000.0,2047000.0,-1080000.0,0.0,Ready now
CUST107211,11263.0,140000.0,242200.0,0.422,172000.0,307000.0,372000.0,33.0,Not on track
CUST107212,1362.0,806000.0,2010500.0,0.599,1608000.0,1624000.0,-1052000.0,0.0,Ready now
CUST107213,51899.0,20000.0,105700.0,0.811,96000.0,719000.0,1946000.0,37.0,Not on track
CUST107214,43313.0,677000.0,2565500.0,0.736,2227000.0,2747000.0,-615000.0,0.0,Ready now
CUST107215,19500.0,0.0,1276600.0,1.0,1277000.0,1511000.0,-549000.0,0.0,Ready now
CUST107216,8105.0,343000.0,371300.0,0.076,200000.0,297000.0,1028000.0,127.0,Not on track
CUST107217,8741.0,776000.0,848700.0,0.086,461000.0,566000.0,-23000.0,0.0,Ready now
CUST107218,13159.0,3041000.0,3057900.0,0.006,1537000.0,1695000.0,-403000.0,0.0,Ready now
CUST107219,8516.0,273000.0,1863800.0,0.854,1727000.0,1829000.0,-941000.0,0.0,Ready now
CUST107220,26920.0,1712000.0,1811700.0,0.055,956000.0,1279000.0,-134000.0,0.0,Ready now
CUST107221,25068.0,1553000.0,2438100.0,0.363,1662000.0,1963000.0,-654000.0,0.0,Ready now
CUST107222,11500.0,488000.0,605100.0,0.194,361000.0,499000.0,389000.0,34.0,Not on track
CUST107223,11626.0,0.0,56000.0,1.0,56000.0,196000.0,308000.0,26.0,Not on track
CUST107224,18332.0,0.0,608500.0,1.0,608000.0,828000.0,1189000.0,65.0,Not on track
CUST107225,32990.0,2306000.0,4159100.0,0.446,3006000.0,3402000.0,-1412000.0,0.0,Ready now
CUST107226,14072.0,240000.0,2733000.0,0.912,2613000.0,2782000.0,-1945000.0,0.0,Ready now
CUST107227,12879.0,0.0,25000.0,1.0,25000.0,180000.0,385000.0,30.0,Not on track
CUST107228,6508.0,641000.0,1272600.0,0.496,952000.0,1030000.0,-596000.0,0.0,Ready now
CUST107229,51610.0,498000.0,550200.0,0.095,301000.0,920000.0,2399000.0,46.0,Not on track
CUST107230,22380.0,0.0,1670800.0,1.0,1671000.0,1940000.0,-907000.0,0.0,Ready now
CUST107231,22656.0,2000.0,3099500.0,0.999,3098000.0,3370000.0,-1905000.0,0.0,Ready now
CUST107232,5619.0,13000.0,1834500.0,0.993,1828000.0,1895000.0,-1564000.0,0.0,Ready now
CUST107233,18087.0,159000.0,1330800.0,0.881,1251000.0,1468000.0,-486000.0,0.0,Ready now
CUST107234,5164.0,2008000.0,2242000.0,0.104,1238000.0,1300000.0,-574000.0,0.0,Ready now
CUST107235,2143.0,31000.0,70500.0,0.56,55000.0,81000.0,1063000.0,496.0,Not on track
CUST107236,22627.0,355000.0,3613500.0,0.902,3436000.0,3708000.0,-2544000.0,0.0,Ready now
CUST107237,15568.0,0.0,423900.0,1.0,424000.0,611000.0,-66000.0,0.0,Ready now
CUST107238,14661.0,1334000.0,2362600.0,0.435,1696000.0,1872000.0,-1180000.0,0.0,Ready now
CUST107239,15655.0,2397000.0,4236900.0,0.434,3038000.0,3226000.0,-2360000.0,0.0,Ready now
CUST107240,7420.0,2000.0,657100.0,0.997,656000.0,745000.0,-298000.0,0.0,Ready now
CUST107241,11345.0,678000.0,713800.0,0.05,375000.0,511000.0,282000.0,25.0,Not on track
CUST107242,23380.0,18000.0,1351800.0,0.987,1343000.0,1624000.0,-425000.0,0.0,Ready now
CUST107243,36985.0,1580000.0,1770900.0,0.108,981000.0,1425000.0,229000.0,6.0,Ready in 6 months
CUST107244,42130.0,55000.0,415900.0,0.868,388000.0,894000.0,1714000.0,41.0,Not on track
CUST107245,10741.0,1890000.0,2871600.0,0.342,1927000.0,2056000.0,-1146000.0,0.0,Ready now
CUST107246,34785.0,1893000.0,2148400.0,0.119,1202000.0,1619000.0,-193000.0,0.0,Ready now
CUST107247,5300.0,12000.0,39700.0,0.698,34000.0,98000.0,355000.0,67.0,Not on track
CUST107248,13672.0,1344000.0,1704200.0,0.211,1032000.0,1196000.0,-362000.0,0.0,Ready now
CUST107249,12621.0,1887000.0,4432300.0,0.574,3489000.0,3640000.0,-2983000.0,0.0,Ready now
CUST107250,10113.0,1953000.0,2031200.0,0.038,1055000.0,1176000.0,-206000.0,0.0,Ready now
CUST107251,22523.0,3134000.0,4062200.0,0.228,2495000.0,2765000.0,-1237000.0,0.0,Ready now
CUST107252,13831.0,3207000.0,3813000.0,0.159,2210000.0,2376000.0,-1114000.0,0.0,Ready now
CUST107253,11816.0,878000.0,962100.0,0.087,523000.0,665000.0,-130000.0,0.0,Ready now
CUST107254,41050.0,9000.0,2551900.0,0.996,2547000.0,3040000.0,-1067000.0,0.0,Ready now
CUST107255,4024.0,1494000.0,1694400.0,0.118,947000.0,995000.0,-172000.0,0.0,Ready now
CUST107256,24696.0,0.0,368700.0,1.0,369000.0,665000.0,1171000.0,47.0,Not on track
CUST107257,31489.0,1988000.0,7291300.0,0.727,6297000.0,6675000.0,-4432000.0,0.0,Ready now
CUST107258,3350.0,4883000.0,9459700.0,0.484,7018000.0,7058000.0,-5922000.0,0.0,Ready now
CUST107259,5059.0,1461000.0,1579300.0,0.075,849000.0,910000.0,-363000.0,0.0,Ready now
CUST107260,16190.0,1589000.0,3752300.0,0.577,2958000.0,3152000.0,-1745000.0,0.0,Ready now
CUST107261,2680.0,1147000.0,1242300.0,0.077,669000.0,701000.0,-219000.0,0.0,Ready now
CUST107262,30732.0,0.0,342000.0,1.0,342000.0,711000.0,1558000.0,51.0,Not on track
CUST107263,46164.0,4002000.0,6953500.0,0.424,4952000.0,5506000.0,-2912000.0,0.0,Ready now
CUST107264,41608.0,2096000.0,6111400.0,0.657,5063000.0,5562000.0,-3587000.0,0.0,Ready now
CUST107265,21969.0,772000.0,2444900.0,0.684,2059000.0,2323000.0,-1257000.0,0.0,Ready now
CUST107266,11343.0,2243000.0,4216900.0,0.468,3095000.0,3231000.0,-1902000.0,0.0,Ready now
CUST107267,15369.0,1117000.0,2112500.0,0.471,1554000.0,1738000.0,-802000.0,0.0,Ready now
CUST107268,20102.0,1794000.0,3522400.0,0.491,2625000.0,2866000.0,-1741000.0,0.0,Ready now
CUST107269,16793.0,2000.0,223600.0,0.991,223000.0,425000.0,390000.0,23.0,Ready in 24 months
CUST107270,5308.0,1193000.0,1825700.0,0.347,1229000.0,1293000.0,-1024000.0,0.0,Ready now
CUST107271,18649.0,436000.0,2928600.0,0.851,2711000.0,2935000.0,-2050000.0,0.0,Ready now
CUST107272,88962.0,1086000.0,2038400.0,0.467,1495000.0,2563000.0,1590000.0,18.0,Ready in 24 months
CUST107273,28024.0,1919000.0,2243000.0,0.144,1284000.0,1620000.0,-335000.0,0.0,Ready now
CUST107274,15651.0,0.0,336700.0,1.0,337000.0,525000.0,319000.0,20.0,Ready in 24 months
CUST107275,15789.0,0.0,130300.0,1.0,130000.0,319000.0,658000.0,42.0,Not on track
CUST107276,11750.0,101000.0,222100.0,0.545,172000.0,313000.0,636000.0,54.0,Not on track
CUST107277,14624.0,799000.0,1039400.0,0.231,640000.0,815000.0,166000.0,11.0,Ready in 12 months
CUST107278,21623.0,1789000.0,2866600.0,0.376,1972000.0,2231000.0,-1162000.0,0.0,Ready now
CUST107279,4816.0,36000.0,126500.0,0.715,108000.0,166000.0,188000.0,39.0,Not on track
CUST107280,10215.0,2457000.0,5435100.0,0.548,4207000.0,4330000.0,-2869000.0,0.0,Ready now
CUST107281,17182.0,4718000.0,4865900.0,0.03,2507000.0,2713000.0,-714000.0,0.0,Ready now
CUST107282,-3400.0,1532000.0,1714100.0,0.106,948000.0,948000.0,-736000.0,0.0,Ready now
CUST107283,25407.0,482000.0,932800.0,0.483,692000.0,997000.0,114000.0,4.0,Ready in 6 months
CUST107284,27418.0,4246000.0,6362600.0,0.333,4240000.0,4569000.0,-2474000.0,0.0,Ready now
CUST107285,4557.0,170000.0,1550900.0,0.89,1466000.0,1521000.0,-1234000.0,0.0,Ready now
CUST107286,15527.0,4000.0,245100.0,0.984,243000.0,429000.0,555000.0,36.0,Not on track
CUST107287,64951.0,3376000.0,5038600.0,0.33,3351000.0,4130000.0,1048000.0,16.0,Ready in 24 months
CUST107288,18731.0,1590000.0,1774600.0,0.104,980000.0,1205000.0,226000.0,12.0,Ready in 12 months
CUST107289,31964.0,9000.0,1633400.0,0.994,1629000.0,2013000.0,-689000.0,0.0,Ready now
CUST107290,37934.0,3000.0,3812600.0,0.999,3811000.0,4266000.0,-2271000.0,0.0,Ready now
CUST107291,36344.0,1921000.0,3753700.0,0.488,2793000.0,3229000.0,-1331000.0,0.0,Ready now
CUST107292,17385.0,0.0,1493700.0,1.0,1494000.0,1703000.0,-782000.0,0.0,Ready now
CUST107293,6157.0,1172000.0,1274900.0,0.081,689000.0,763000.0,-444000.0,0.0,Ready now
CUST107294,43848.0,2531000.0,2975800.0,0.149,1710000.0,2236000.0,-376000.0,0.0,Ready now
CUST107295,1262.0,0.0,484600.0,1.0,485000.0,500000.0,337000.0,267.0,Not on track
CUST107296,18600.0,1000.0,951200.0,0.999,951000.0,1174000.0,-229000.0,0.0,Ready now
CUST107297,70345.0,58000.0,514700.0,0.887,486000.0,1330000.0,1574000.0,22.0,Ready in 24 months
CUST107298,24441.0,10000.0,3915100.0,0.997,3910000.0,4203000.0,-2159000.0,0.0,Ready now
CUST107299,27676.0,0.0,1007800.0,1.0,1008000.0,1340000.0,452000.0,16.0,Ready in 24 months
CUST107300,14636.0,1186000.0,1305300.0,0.091,712000.0,888000.0,42000.0,3.0,Ready in 6 months
CUST107301,8481.0,946000.0,972600.0,0.027,500000.0,602000.0,-181000.0,0.0,Ready now
CUST107302,24295.0,1829000.0,4575400.0,0.6,3661000.0,3953000.0,-2752000.0,0.0,Ready now
CUST107303,9225.0,0.0,812600.0,1.0,813000.0,924000.0,-417000.0,0.0,Ready now
CUST107304,4794.0,608000.0,696500.0,0.127,392000.0,450000.0,-67000.0,0.0,Ready now
CUST107305,17792.0,30000.0,2748500.0,0.989,2734000.0,2948000.0,-1504000.0,0.0,Ready now
CUST107306,24396.0,0.0,442900.0,1.0,443000.0,736000.0,577000.0,24.0,Ready in 24 months
CUST107307,7186.0,658000.0,703900.0,0.065,375000.0,461000.0,-2000.0,0.0,Ready now
CUST107308,24673.0,2372000.0,2966100.0,0.2,1780000.0,2076000.0,-908000.0,0.0,Ready now
CUST107309,25892.0,2070000.0,4062700.0,0.49,3028000.0,3339000.0,-2142000.0,0.0,Ready now
CUST107310,24637.0,0.0,278400.0,1.0,278000.0,574000.0,376000.0,15.0,Ready in 24 months
CUST107311,9695.0,769000.0,1062400.0,0.276,678000.0,794000.0,-252000.0,0.0,Ready now
CUST107312,46535.0,43000.0,196700.0,0.781,175000.0,733000.0,1753000.0,38.0,Not on track
CUST107313,6477.0,441000.0,1016300.0,0.566,796000.0,874000.0,-292000.0,0.0,Ready now
CUST107314,10153.0,651000.0,752900.0,0.135,427000.0,549000.0,-54000.0,0.0,Ready now
CUST107315,14649.0,0.0,38400.0,1.0,38000.0,214000.0,461000.0,31.0,Not on track
CUST107316,15988.0,176000.0,734100.0,0.76,646000.0,838000.0,148000.0,9.0,Ready in 12 months
CUST107317,20169.0,27000.0,1132500.0,0.976,1119000.0,1361000.0,-325000.0,0.0,Ready now
CUST107318,16003.0,6000.0,1801200.0,0.997,1798000.0,1990000.0,-1224000.0,0.0,Ready now
CUST107319,1435.0,0.0,2253600.0,1.0,2254000.0,2271000.0,-1479000.0,0.0,Ready now
CUST107320,3732.0,0.0,280900.0,1.0,281000.0,326000.0,737000.0,197.0,Not on track
CUST107321,4363.0,949000.0,2170400.0,0.563,1696000.0,1748000.0,-1340000.0,0.0,Ready now
CUST107322,32493.0,1877000.0,2527400.0,0.257,1589000.0,1979000.0,-305000.0,0.0,Ready now
CUST107323,38336.0,0.0,6152400.0,1.0,6152000.0,6612000.0,-4362000.0,0.0,Ready now
CUST107324,24917.0,7000.0,1343000.0,0.995,1340000.0,1639000.0,-519000.0,0.0,Ready now
CUST107325,19205.0,18000.0,139400.0,0.871,130000.0,360000.0,630000.0,33.0,Not on track
CUST107326,65860.0,18000.0,3668800.0,0.995,3660000.0,4450000.0,-1715000.0,0.0,Ready now
CUST107327,6374.0,11000.0,23100.0,0.524,18000.0,94000.0,489000.0,77.0,Not on track
CUST107328,17917.0,1925000.0,1983300.0,0.029,1021000.0,1236000.0,-192000.0,0.0,Ready now
CUST107329,5244.0,2178000.0,4706400.0,0.537,3617000.0,3680000.0,-2783000.0,0.0,Ready now
CUST107330,8180.0,1840000.0,1923500.0,0.043,1004000.0,1102000.0,-136000.0,0.0,Ready now
CUST107331,23887.0,2099000.0,2375300.0,0.116,1326000.0,1613000.0,-461000.0,0.0,Ready now
CUST107332,3236.0,550000.0,762400.0,0.279,487000.0,526000.0,204000.0,63.0,Not on track
CUST107333,49162.0,1367000.0,1505700.0,0.092,822000.0,1412000.0,672000.0,14.0,Ready in 24 months
CUST107334,33907.0,0.0,102200.0,1.0,102000.0,509000.0,1118000.0,33.0,Not on track
CUST107335,5031.0,806000.0,959500.0,0.16,556000.0,616000.0,399000.0,79.0,Not on track
CUST107336,4039.0,1784000.0,2181600.0,0.182,1290000.0,1338000.0,-925000.0,0.0,Ready now
CUST107337,8057.0,3000.0,94300.0,0.968,93000.0,190000.0,595000.0,74.0,Not on track
CUST107338,32082.0,0.0,413600.0,1.0,414000.0,799000.0,1010000.0,31.0,Not on track
CUST107339,10859.0,16000.0,917100.0,0.983,909000.0,1039000.0,-461000.0,0.0,Ready now
CUST107340,54508.0,6208000.0,6902500.0,0.101,3798000.0,4452000.0,-502000.0,0.0,Ready now
CUST107341,17407.0,1038000.0,3883600.0,0.733,3365000.0,3574000.0,-2617000.0,0.0,Ready now
CUST107342,10263.0,0.0,1012800.0,1.0,1013000.0,1136000.0,-516000.0,0.0,Ready now
CUST107343,14022.0,2710000.0,3184400.0,0.149,1829000.0,1997000.0,-960000.0,0.0,Ready now
CUST107344,15585.0,998000.0,1173500.0,0.15,674000.0,861000.0,-10000.0,0.0,Ready now
CUST107345,6198.0,2064000.0,2141500.0,0.036,1110000.0,1184000.0,-306000.0,0.0,Ready now
CUST107346,10998.0,1398000.0,1478600.0,0.055,780000.0,912000.0,-314000.0,0.0,Ready now
CUST107347,5213.0,8000.0,86400.0,0.907,82000.0,145000.0,797000.0,153.0,Not on track
CUST107348,9111.0,0.0,282100.0,1.0,282000.0,391000.0,46000.0,5.0,Ready in 6 months
CUST107349,3591.0,2146000.0,2209300.0,0.029,1136000.0,1179000.0,-753000.0,0.0,Ready now
CUST107350,11670.0,21000.0,1678500.0,0.987,1668000.0,1808000.0,-1012000.0,0.0,Ready now
CUST107351,19191.0,1733000.0,1941200.0,0.107,1075000.0,1305000.0,-418000.0,0.0,Ready now
CUST107352,7561.0,0.0,778300.0,1.0,778000.0,869000.0,-158000.0,0.0,Ready now
CUST107353,9009.0,2228000.0,2346500.0,0.051,1232000.0,1340000.0,-357000.0,0.0,Ready now
CUST107354,17681.0,4132000.0,7578800.0,0.455,5513000.0,5725000.0,-4105000.0,0.0,Ready now
CUST107355,8287.0,0.0,2701100.0,1.0,2701000.0,2800000.0,-1514000.0,0.0,Ready now
CUST107356,50780.0,3737000.0,7317900.0,0.489,5449000.0,6058000.0,-3551000.0,0.0,Ready now
CUST107357,16346.0,1455000.0,1566700.0,0.071,839000.0,1035000.0,-375000.0,0.0,Ready now
CUST107358,3754.0,3150000.0,4603400.0,0.316,3028000.0,3073000.0,-2082000.0,0.0,Ready now
CUST107359,6855.0,0.0,283900.0,1.0,284000.0,366000.0,464000.0,68.0,Not on track
CUST107360,22995.0,2080000.0,3489600.0,0.404,2450000.0,2726000.0,-961000.0,0.0,Ready now
CUST107361,11499.0,0.0,109500.0,1.0,110000.0,248000.0,578000.0,50.0,Not on track
CUST107362,11522.0,26000.0,2597900.0,0.99,2585000.0,2723000.0,-1952000.0,0.0,Ready now
CUST107363,-1048.0,1536000.0,1673500.0,0.082,906000.0,906000.0,-428000.0,0.0,Ready now
CUST107364,22122.0,2030000.0,3395800.0,0.402,2381000.0,2646000.0,-1636000.0,0.0,Ready now
CUST107365,8903.0,589000.0,784400.0,0.249,490000.0,597000.0,270000.0,30.0,Not on track
CUST107366,11321.0,2742000.0,3068300.0,0.106,1697000.0,1833000.0,-718000.0,0.0,Ready now
CUST107367,5017.0,752000.0,2200800.0,0.658,1825000.0,1885000.0,-1249000.0,0.0,Ready now
CUST107368,6063.0,1596000.0,3175500.0,0.497,2378000.0,2451000.0,-1892000.0,0.0,Ready now
CUST107369,10178.0,12000.0,1799200.0,0.993,1793000.0,1915000.0,-1075000.0,0.0,Ready now
CUST107370,3353.0,1436000.0,2915100.0,0.507,2197000.0,2237000.0,-1181000.0,0.0,Ready now
CUST107371,10410.0,542000.0,2073000.0,0.739,1802000.0,1927000.0,-1266000.0,0.0,Ready now
CUST107372,21177.0,2622000.0,4215900.0,0.378,2905000.0,3159000.0,-1993000.0,0.0,Ready now
CUST107373,14295.0,1220000.0,2492900.0,0.511,1883000.0,2055000.0,-1054000.0,0.0,Ready now
CUST107374,28352.0,1342000.0,5130300.0,0.738,4459000.0,4799000.0,-3483000.0,0.0,Ready now
CUST107375,14941.0,1685000.0,1897300.0,0.112,1055000.0,1234000.0,-32000.0,0.0,Ready now
CUST107376,50853.0,0.0,11868100.0,1.0,11868000.0,12478000.0,-10162000.0,0.0,Ready now
CUST107377,22042.0,3037000.0,5953000.0,0.49,4434000.0,4699000.0,-3381000.0,0.0,Ready now
CUST107378,5818.0,1076000.0,2528300.0,0.574,1990000.0,2060000.0,-1451000.0,0.0,Ready now
CUST107379,8705.0,791000.0,1040300.0,0.24,645000.0,749000.0,106000.0,12.0,Ready in 12 months
CUST107380,26189.0,527000.0,1062800.0,0.504,799000.0,1113000.0,203000.0,8.0,Ready in 12 months
CUST107381,4381.0,1264000.0,1318100.0,0.041,686000.0,739000.0,-159000.0,0.0,Ready now
CUST107382,29618.0,3707000.0,4295500.0,0.137,2442000.0,2797000.0,-326000.0,0.0,Ready now
CUST107383,-146.0,2188000.0,3051100.0,0.283,1957000.0,1957000.0,-1313000.0,0.0,Ready now
CUST107384,8142.0,1956000.0,2459600.0,0.205,1482000.0,1580000.0,-764000.0,0.0,Ready now
CUST107385,35584.0,1626000.0,1963900.0,0.172,1151000.0,1578000.0,-65000.0,0.0,Ready now
CUST107386,5203.0,17000.0,1071900.0,0.984,1063000.0,1125000.0,-567000.0,0.0,Ready now
CUST107387,15282.0,0.0,1010700.0,1.0,1011000.0,1194000.0,177000.0,12.0,Ready in 12 months
CUST107388,33210.0,0.0,196800.0,1.0,197000.0,596000.0,1114000.0,34.0,Not on track
CUST107389,23061.0,5000.0,286900.0,0.983,284000.0,561000.0,775000.0,34.0,Not on track
CUST107390,30149.0,1000.0,552000.0,0.998,552000.0,914000.0,524000.0,17.0,Ready in 24 months
CUST107391,14898.0,1526000.0,1564800.0,0.025,802000.0,981000.0,-523000.0,0.0,Ready now
CUST107392,14185.0,260000.0,360000.0,0.278,230000.0,400000.0,238000.0,17.0,Ready in 24 months
CUST107393,10229.0,475000.0,961000.0,0.506,724000.0,847000.0,118000.0,12.0,Ready in 12 months
CUST107394,19401.0,604000.0,2747500.0,0.78,2446000.0,2679000.0,-1675000.0,0.0,Ready now
CUST107395,4806.0,896000.0,904900.0,0.01,457000.0,515000.0,-99000.0,0.0,Ready now
CUST107396,13456.0,906000.0,1404100.0,0.355,951000.0,1112000.0,-367000.0,0.0,Ready now
CUST107397,16202.0,698000.0,1585700.0,0.56,1237000.0,1431000.0,-701000.0,0.0,Ready now
CUST107398,15279.0,456000.0,539200.0,0.154,311000.0,494000.0,275000.0,18.0,Ready in 24 months
CUST107399,35043.0,0.0,1411500.0,1.0,1412000.0,1833000.0,285000.0,8.0,Ready in 12 months
CUST107400,25163.0,3322000.0,3610000.0,0.08,1949000.0,2251000.0,-787000.0,0.0,Ready now
CUST107401,56035.0,794000.0,3846900.0,0.794,3450000.0,4122000.0,-1844000.0,0.0,Ready now
CUST107402,23289.0,337000.0,681000.0,0.505,512000.0,791000.0,522000.0,22.0,Ready in 24 months
CUST107403,19878.0,2881000.0,2936600.0,0.019,1496000.0,1735000.0,208000.0,10.0,Ready in 12 months
CUST107404,11788.0,0.0,114700.0,1.0,115000.0,256000.0,889000.0,75.0,Not on track
CUST107405,33877.0,4593000.0,4712200.0,0.025,2416000.0,2823000.0,-709000.0,0.0,Ready now
CUST107406,8515.0,3000.0,1075200.0,0.997,1074000.0,1176000.0,-646000.0,0.0,Ready now
CUST107407,27565.0,13000.0,2280300.0,0.994,2274000.0,2605000.0,-1316000.0,0.0,Ready now
CUST107408,-998.0,1269000.0,2455200.0,0.483,1821000.0,1821000.0,-1606000.0,0.0,Ready now
CUST107409,40412.0,10000.0,4367900.0,0.998,4363000.0,4848000.0,-2755000.0,0.0,Ready now
CUST107410,10845.0,0.0,173900.0,1.0,174000.0,304000.0,798000.0,74.0,Not on track
CUST107411,17481.0,4525000.0,6343200.0,0.287,4081000.0,4291000.0,-2649000.0,0.0,Ready now
CUST107412,14350.0,160000.0,1482900.0,0.892,1403000.0,1575000.0,-911000.0,0.0,Ready now
CUST107413,7107.0,0.0,1970400.0,1.0,1970000.0,2055000.0,-1478000.0,0.0,Ready now
CUST107414,6654.0,881000.0,896700.0,0.018,456000.0,536000.0,-107000.0,0.0,Ready now
CUST107415,32099.0,121000.0,4619300.0,0.974,4559000.0,4944000.0,-3577000.0,0.0,Ready now
CUST107416,14020.0,17000.0,229100.0,0.926,221000.0,389000.0,580000.0,41.0,Not on track
CUST107417,27653.0,1408000.0,5426600.0,0.741,4723000.0,5055000.0,-3277000.0,0.0,Ready now
CUST107418,28850.0,2155000.0,2481400.0,0.132,1404000.0,1750000.0,-559000.0,0.0,Ready now
CUST107419,-164.0,174000.0,559600.0,0.689,473000.0,473000.0,-231000.0,0.0,Ready now
CUST107420,10911.0,1095000.0,1242800.0,0.119,695000.0,826000.0,-323000.0,0.0,Ready now
CUST107421,17775.0,0.0,1741900.0,1.0,1742000.0,1955000.0,-709000.0,0.0,Ready now
CUST107422,21324.0,76000.0,1502000.0,0.949,1464000.0,1720000.0,-464000.0,0.0,Ready now
CUST107423,6262.0,0.0,446000.0,1.0,446000.0,521000.0,-155000.0,0.0,Ready now
CUST107424,14548.0,1191000.0,2280900.0,0.478,1685000.0,1860000.0,-834000.0,0.0,Ready now
CUST107425,6675.0,1623000.0,1715000.0,0.054,904000.0,984000.0,-308000.0,0.0,Ready now
CUST107426,16423.0,1799000.0,2252900.0,0.201,1353000.0,1550000.0,-884000.0,0.0,Ready now
CUST107427,12204.0,6000.0,1422000.0,0.996,1419000.0,1565000.0,-919000.0,0.0,Ready now
CUST107428,21229.0,2942000.0,3060800.0,0.039,1590000.0,1845000.0,-761000.0,0.0,Ready now
CUST107429,5654.0,8000.0,33400.0,0.76,29000.0,97000.0,668000.0,118.0,Not on track
CUST107430,6468.0,229000.0,461100.0,0.503,347000.0,425000.0,-116000.0,0.0,Ready now
CUST107431,18652.0,1996000.0,2042500.0,0.023,1044000.0,1268000.0,-239000.0,0.0,Ready now
CUST107432,18443.0,1721000.0,1772000.0,0.029,912000.0,1133000.0,-259000.0,0.0,Ready now
CUST107433,10013.0,791000.0,1729500.0,0.543,1334000.0,1454000.0,-714000.0,0.0,Ready now
CUST107434,12951.0,2395000.0,2917500.0,0.179,1720000.0,1875000.0,-1295000.0,0.0,Ready now
CUST107435,15031.0,0.0,153700.0,1.0,154000.0,334000.0,412000.0,27.0,Not on track
CUST107436,19153.0,2348000.0,2611400.0,0.101,1437000.0,1667000.0,-749000.0,0.0,Ready now
CUST107437,17810.0,1857000.0,2665400.0,0.303,1737000.0,1951000.0,-861000.0,0.0,Ready now
CUST107438,12992.0,3032000.0,3309400.0,0.084,1793000.0,1949000.0,-1103000.0,0.0,Ready now
CUST107439,16606.0,2232000.0,4124300.0,0.459,3008000.0,3207000.0,-2137000.0,0.0,Ready now
CUST107440,20957.0,0.0,2902600.0,1.0,2903000.0,3154000.0,-1409000.0,0.0,Ready now
CUST107441,26799.0,42000.0,96100.0,0.563,75000.0,397000.0,1176000.0,44.0,Not on track
CUST107442,17948.0,22000.0,341300.0,0.936,330000.0,545000.0,505000.0,28.0,Not on track
CUST107443,13572.0,4000.0,106800.0,0.963,105000.0,268000.0,622000.0,46.0,Not on track
CUST107444,9582.0,150000.0,1032900.0,0.855,958000.0,1073000.0,-634000.0,0.0,Ready now
CUST107445,37414.0,0.0,83800.0,1.0,84000.0,533000.0,1286000.0,34.0,Not on track
CUST107446,10155.0,0.0,12100.0,1.0,12000.0,134000.0,497000.0,49.0,Not on track
CUST107447,37607.0,0.0,398300.0,1.0,398000.0,849000.0,2258000.0,60.0,Not on track
CUST107448,110620.0,6559000.0,6882000.0,0.047,3602000.0,4929000.0,376000.0,3.0,Ready in 6 months
CUST107449,16257.0,106000.0,647900.0,0.836,595000.0,790000.0,105000.0,6.0,Ready in 6 months
CUST107450,5993.0,3000.0,19700.0,0.848,18000.0,90000.0,414000.0,69.0,Not on track
CUST107451,30596.0,1196000.0,1563100.0,0.235,965000.0,1332000.0,-106000.0,0.0,Ready now
CUST107452,79003.0,2926000.0,7141600.0,0.59,5679000.0,6627000.0,-3161000.0,0.0,Ready now
CUST107453,16845.0,1407000.0,2375500.0,0.408,1672000.0,1874000.0,-1158000.0,0.0,Ready now
CUST107454,47617.0,4642000.0,9537600.0,0.513,7217000.0,7788000.0,-5591000.0,0.0,Ready now
CUST107455,5349.0,203000.0,218900.0,0.073,117000.0,181000.0,276000.0,52.0,Not on track
CUST107456,3864.0,1088000.0,1129900.0,0.037,586000.0,632000.0,-107000.0,0.0,Ready now
CUST107457,31099.0,125000.0,1041200.0,0.88,979000.0,1352000.0,178000.0,6.0,Ready in 6 months
CUST107458,26545.0,0.0,2427100.0,1.0,2427000.0,2746000.0,-778000.0,0.0,Ready now
CUST107459,12531.0,2028000.0,3800300.0,0.466,2786000.0,2936000.0,-2021000.0,0.0,Ready now
CUST107460,32152.0,2097000.0,2214900.0,0.053,1166000.0,1552000.0,75000.0,2.0,Ready in 6 months
CUST107461,36785.0,400000.0,428300.0,0.066,228000.0,669000.0,1157000.0,31.0,Not on track
CUST107462,6819.0,0.0,2554700.0,1.0,2555000.0,2637000.0,-731000.0,0.0,Ready now
CUST107463,8049.0,15000.0,2397800.0,0.994,2390000.0,2487000.0,-1737000.0,0.0,Ready now
CUST107464,18432.0,782000.0,846900.0,0.077,456000.0,677000.0,188000.0,10.0,Ready in 12 months
CUST107465,41334.0,1318000.0,4181900.0,0.685,3523000.0,4019000.0,-2206000.0,0.0,Ready now
CUST107466,27317.0,3261000.0,4475700.0,0.271,2845000.0,3173000.0,-1835000.0,0.0,Ready now
CUST107467,35085.0,4017000.0,7317800.0,0.451,5309000.0,5730000.0,-3978000.0,0.0,Ready now
CUST107468,3736.0,116000.0,2457100.0,0.953,2399000.0,2444000.0,-2069000.0,0.0,Ready now
CUST107469,30913.0,0.0,514800.0,1.0,515000.0,886000.0,737000.0,24.0,Ready in 24 months
CUST107470,1959.0,239000.0,877600.0,0.728,758000.0,782000.0,-399000.0,0.0,Ready now
CUST107471,23345.0,0.0,321600.0,1.0,322000.0,602000.0,446000.0,19.0,Ready in 24 months
CUST107472,10159.0,0.0,323600.0,1.0,324000.0,446000.0,622000.0,61.0,Not on track
CUST107473,30107.0,2399000.0,2579500.0,0.07,1380000.0,1741000.0,-328000.0,0.0,Ready now
CUST107474,35662.0,332000.0,3283200.0,0.899,3117000.0,3545000.0,-1652000.0,0.0,Ready now
CUST107475,8078.0,0.0,192800.0,1.0,193000.0,290000.0,403000.0,50.0,Not on track
CUST107476,28737.0,1550000.0,2853200.0,0.457,2078000.0,2423000.0,-1012000.0,0.0,Ready now
CUST107477,3066.0,2539000.0,2628700.0,0.034,1359000.0,1396000.0,-357000.0,0.0,Ready now
CUST107478,13697.0,0.0,783300.0,1.0,783000.0,947000.0,-236000.0,0.0,Ready now
CUST107479,6270.0,923000.0,1039200.0,0.112,578000.0,653000.0,-175000.0,0.0,Ready now
CUST107480,48030.0,1631000.0,1827900.0,0.108,1012000.0,1588000.0,1537000.0,32.0,Not on track
CUST107481,18036.0,1536000.0,1706600.0,0.1,939000.0,1155000.0,19000.0,1.0,Ready in 6 months
CUST107482,11316.0,228000.0,473100.0,0.518,359000.0,495000.0,309000.0,27.0,Not on track
CUST107483,10907.0,1201000.0,1407800.0,0.147,807000.0,938000.0,-247000.0,0.0,Ready now
CUST107484,47471.0,3845000.0,6959200.0,0.447,5037000.0,5607000.0,-3329000.0,0.0,Ready now
CUST107485,36872.0,1381000.0,4386200.0,0.685,3696000.0,4138000.0,-2053000.0,0.0,Ready now
CUST107486,15208.0,3108000.0,5360700.0,0.42,3807000.0,3989000.0,-2557000.0,0.0,Ready now
CUST107487,14272.0,789000.0,2296200.0,0.656,1902000.0,2073000.0,-1504000.0,0.0,Ready now
CUST107488,27103.0,434000.0,1041000.0,0.583,824000.0,1149000.0,620000.0,23.0,Ready in 24 months
CUST107489,3569.0,1530000.0,1612000.0,0.051,847000.0,890000.0,-301000.0,0.0,Ready now
CUST107490,19267.0,19000.0,1736400.0,0.989,1727000.0,1958000.0,-863000.0,0.0,Ready now
CUST107491,23010.0,1394000.0,2571000.0,0.458,1874000.0,2150000.0,-1163000.0,0.0,Ready now
CUST107492,20943.0,2681000.0,5232000.0,0.488,3892000.0,4143000.0,-3004000.0,0.0,Ready now
CUST107493,10135.0,703000.0,788500.0,0.108,437000.0,559000.0,-37000.0,0.0,Ready now
CUST107494,55438.0,0.0,1673300.0,1.0,1673000.0,2338000.0,852000.0,15.0,Ready in 24 months
CUST107495,18514.0,3938000.0,6882700.0,0.428,4914000.0,5136000.0,-2687000.0,0.0,Ready now
CUST107496,11510.0,10000.0,172100.0,0.942,167000.0,305000.0,390000.0,34.0,Not on track
CUST107497,16898.0,2475000.0,2566400.0,0.036,1329000.0,1532000.0,-7000.0,0.0,Ready now
CUST107498,6553.0,75000.0,140200.0,0.465,103000.0,182000.0,121000.0,18.0,Ready in 24 months
CUST107499,17295.0,602000.0,1912700.0,0.685,1612000.0,1820000.0,-776000.0,0.0,Ready now
CUST107500,5475.0,0.0,114700.0,1.0,115000.0,181000.0,207000.0,38.0,Not on track
CUST107501,24407.0,1906000.0,2169500.0,0.121,1216000.0,1509000.0,-360000.0,0.0,Ready now
CUST107502,5409.0,596000.0,662500.0,0.1,364000.0,429000.0,99000.0,18.0,Ready in 24 months
CUST107503,18986.0,353000.0,632600.0,0.442,456000.0,684000.0,1311000.0,69.0,Not on track
CUST107504,-9486.0,1927000.0,6272700.0,0.693,5309000.0,5309000.0,-4289000.0,0.0,Ready now
CUST107505,52678.0,1339000.0,1970700.0,0.321,1301000.0,1933000.0,680000.0,13.0,Ready in 24 months
CUST107506,37738.0,0.0,253200.0,1.0,253000.0,706000.0,1515000.0,40.0,Not on track
CUST107507,24516.0,0.0,74800.0,1.0,75000.0,369000.0,958000.0,39.0,Not on track
CUST107508,1303.0,3124000.0,3268700.0,0.044,1707000.0,1723000.0,-625000.0,0.0,Ready now
CUST107509,23785.0,159000.0,2216700.0,0.928,2137000.0,2422000.0,-936000.0,0.0,Ready now
CUST107510,10349.0,1729000.0,2434000.0,0.29,1570000.0,1694000.0,-1020000.0,0.0,Ready now
CUST107511,3567.0,2549000.0,5588700.0,0.544,4314000.0,4357000.0,-2556000.0,0.0,Ready now
CUST107512,12095.0,36000.0,299900.0,0.88,282000.0,427000.0,1117000.0,92.0,Not on track
CUST107513,40507.0,3057000.0,3243000.0,0.057,1714000.0,2200000.0,-282000.0,0.0,Ready now
CUST107514,6575.0,946000.0,1444300.0,0.345,971000.0,1050000.0,-615000.0,0.0,Ready now
CUST107515,17516.0,0.0,20900.0,1.0,21000.0,231000.0,1221000.0,70.0,Not on track
CUST107516,26616.0,0.0,1297300.0,1.0,1297000.0,1616000.0,342000.0,13.0,Ready in 24 months
CUST107517,12184.0,1082000.0,2742500.0,0.605,2202000.0,2348000.0,-1219000.0,0.0,Ready now
CUST107518,14691.0,269000.0,313800.0,0.143,179000.0,355000.0,457000.0,31.0,Not on track
CUST107519,6010.0,1372000.0,2773600.0,0.505,2088000.0,2160000.0,-1738000.0,0.0,Ready now
CUST107520,4388.0,585000.0,1104800.0,0.47,812000.0,865000.0,-430000.0,0.0,Ready now
CUST107521,26571.0,1241000.0,1519900.0,0.183,899000.0,1218000.0,11000.0,0.0,Ready now
CUST107522,10891.0,2308000.0,3918400.0,0.411,2764000.0,2895000.0,-1999000.0,0.0,Ready now
CUST107523,20355.0,279000.0,517900.0,0.461,378000.0,622000.0,412000.0,20.0,Ready in 24 months
CUST107524,45058.0,9000.0,239100.0,0.962,235000.0,776000.0,1597000.0,35.0,Not on track
CUST107525,8470.0,1431000.0,2630100.0,0.456,1915000.0,2017000.0,-1386000.0,0.0,Ready now
CUST107526,10607.0,1868000.0,4385100.0,0.574,3451000.0,3578000.0,-2617000.0,0.0,Ready now
CUST107527,15048.0,45000.0,616100.0,0.927,594000.0,775000.0,485000.0,32.0,Not on track
CUST107528,22817.0,6000.0,43500.0,0.862,40000.0,314000.0,808000.0,35.0,Not on track
CUST107529,10644.0,0.0,1158300.0,1.0,1158000.0,1286000.0,-134000.0,0.0,Ready now
CUST107530,9725.0,12000.0,3069100.0,0.996,3063000.0,3180000.0,-2155000.0,0.0,Ready now
CUST107531,47815.0,3000.0,212800.0,0.986,211000.0,785000.0,1200000.0,25.0,Not on track
CUST107532,-1039.0,589000.0,689500.0,0.146,395000.0,395000.0,-227000.0,0.0,Ready now
CUST107533,16054.0,0.0,375300.0,1.0,375000.0,568000.0,426000.0,27.0,Not on track
CUST107534,18149.0,1223000.0,1837100.0,0.334,1226000.0,1444000.0,-207000.0,0.0,Ready now
CUST107535,1738.0,1053000.0,2155100.0,0.511,1629000.0,1650000.0,-1113000.0,0.0,Ready now
CUST107536,15180.0,2129000.0,2221200.0,0.042,1157000.0,1339000.0,20000.0,1.0,Ready in 6 months
CUST107537,44101.0,2881000.0,3752000.0,0.232,2312000.0,2841000.0,-843000.0,0.0,Ready now
CUST107538,12539.0,2056000.0,2247800.0,0.085,1220000.0,1370000.0,22000.0,2.0,Ready in 6 months
CUST107539,71159.0,4487000.0,5143800.0,0.128,2900000.0,3754000.0,-721000.0,0.0,Ready now
CUST107540,16039.0,2000.0,193900.0,0.99,193000.0,385000.0,309000.0,19.0,Ready in 24 months
CUST107541,12367.0,661000.0,979200.0,0.325,649000.0,797000.0,623000.0,50.0,Not on track
CUST107542,16869.0,0.0,4848800.0,1.0,4849000.0,5051000.0,-3762000.0,0.0,Ready now
CUST107543,12569.0,2068000.0,2923300.0,0.293,1889000.0,2040000.0,-1197000.0,0.0,Ready now
CUST107544,29529.0,1549000.0,2738300.0,0.434,1964000.0,2318000.0,-217000.0,0.0,Ready now
CUST107545,11021.0,0.0,2944900.0,1.0,2945000.0,3077000.0,-1801000.0,0.0,Ready now
CUST107546,13908.0,1677000.0,2056300.0,0.184,1218000.0,1385000.0,-816000.0,0.0,Ready now
CUST107547,24627.0,1223000.0,1479600.0,0.173,868000.0,1164000.0,-42000.0,0.0,Ready now
CUST107548,16319.0,2009000.0,3357500.0,0.402,2353000.0,2549000.0,-1800000.0,0.0,Ready now
CUST107549,10368.0,13000.0,153200.0,0.915,147000.0,271000.0,697000.0,67.0,Not on track
CUST107550,19637.0,2391000.0,2510000.0,0.047,1314000.0,1550000.0,-439000.0,0.0,Ready now
CUST107551,18901.0,3026000.0,6095700.0,0.504,4583000.0,4810000.0,-3151000.0,0.0,Ready now
CUST107552,40799.0,18000.0,221300.0,0.919,212000.0,702000.0,1046000.0,26.0,Not on track
CUST107553,1547.0,190000.0,783700.0,0.758,689000.0,708000.0,-131000.0,0.0,Ready now
CUST107554,22170.0,1573000.0,4108600.0,0.617,3322000.0,3588000.0,-2433000.0,0.0,Ready now
CUST107555,9526.0,473000.0,527000.0,0.102,290000.0,404000.0,66000.0,7.0,Ready in 12 months
CUST107556,18442.0,629000.0,669300.0,0.06,355000.0,576000.0,207000.0,11.0,Ready in 12 months
CUST107557,9756.0,4000.0,1911400.0,0.998,1909000.0,2026000.0,-1292000.0,0.0,Ready now
CUST107558,17895.0,1889000.0,3349500.0,0.436,2405000.0,2620000.0,-1357000.0,0.0,Ready now
CUST107559,18002.0,14000.0,89200.0,0.843,82000.0,298000.0,857000.0,48.0,Not on track
CUST107560,1048.0,1584000.0,1610400.0,0.016,818000.0,831000.0,-464000.0,0.0,Ready now
CUST107561,13740.0,324000.0,466700.0,0.306,305000.0,470000.0,765000.0,56.0,Not on track
CUST107562,17684.0,1780000.0,2100000.0,0.152,1210000.0,1422000.0,-458000.0,0.0,Ready now
CUST107563,7681.0,0.0,30600.0,1.0,31000.0,123000.0,325000.0,42.0,Not on track
CUST107564,30287.0,0.0,448100.0,1.0,448000.0,811000.0,1278000.0,42.0,Not on track
CUST107565,-1850.0,0.0,189300.0,1.0,189000.0,189000.0,659000.0,999.0,Not on track
CUST107566,24267.0,1565000.0,1700100.0,0.079,918000.0,1209000.0,-37000.0,0.0,Ready now
CUST107567,27772.0,1548000.0,4148600.0,0.627,3375000.0,3708000.0,-2326000.0,0.0,Ready now
CUST107568,19396.0,1006000.0,1607600.0,0.374,1105000.0,1338000.0,-263000.0,0.0,Ready now
CUST107569,3721.0,786000.0,855300.0,0.081,462000.0,507000.0,-197000.0,0.0,Ready now
CUST107570,42035.0,0.0,6522100.0,1.0,6522000.0,7026000.0,-4136000.0,0.0,Ready now
CUST107571,35827.0,2025000.0,2079700.0,0.026,1067000.0,1497000.0,375000.0,10.0,Ready in 12 months
CUST107572,8621.0,128000.0,615300.0,0.792,551000.0,654000.0,847000.0,98.0,Not on track
CUST107573,12058.0,0.0,928900.0,1.0,929000.0,1074000.0,-70000.0,0.0,Ready now
CUST107574,32921.0,0.0,602600.0,1.0,603000.0,998000.0,1137000.0,35.0,Not on track
CUST107575,4606.0,0.0,216000.0,1.0,216000.0,271000.0,199000.0,43.0,Not on track
CUST107576,16786.0,596000.0,882000.0,0.324,584000.0,785000.0,167000.0,10.0,Ready in 12 months
CUST107577,26351.0,1084000.0,3899100.0,0.722,3357000.0,3673000.0,-1922000.0,0.0,Ready now
CUST107578,20653.0,1000.0,1883600.0,0.999,1883000.0,2131000.0,-1159000.0,0.0,Ready now
CUST107579,14959.0,208000.0,288000.0,0.278,184000.0,364000.0,1379000.0,92.0,Not on track
CUST107580,9555.0,0.0,395200.0,1.0,395000.0,510000.0,460000.0,48.0,Not on track
CUST107581,31192.0,987000.0,1032300.0,0.044,539000.0,913000.0,563000.0,18.0,Ready in 24 months
CUST107582,17742.0,1971000.0,2076700.0,0.051,1091000.0,1304000.0,-400000.0,0.0,Ready now
CUST107583,23938.0,2812000.0,5691500.0,0.506,4286000.0,4573000.0,-3072000.0,0.0,Ready now
CUST107584,54914.0,44000.0,4524900.0,0.99,4503000.0,5162000.0,-1898000.0,0.0,Ready now
CUST107585,31480.0,3068000.0,3439500.0,0.108,1906000.0,2284000.0,-824000.0,0.0,Ready now
CUST107586,26788.0,2454000.0,2685800.0,0.086,1459000.0,1780000.0,-149000.0,0.0,Ready now
CUST107587,13740.0,0.0,67900.0,1.0,68000.0,233000.0,1085000.0,79.0,Not on track
CUST107588,1041.0,0.0,1236500.0,1.0,1236000.0,1248000.0,-1001000.0,0.0,Ready now
CUST107589,13650.0,0.0,190100.0,1.0,190000.0,354000.0,382000.0,28.0,Not on track
CUST107590,16094.0,6000.0,538200.0,0.989,535000.0,728000.0,379000.0,24.0,Ready in 24 months
CUST107591,4961.0,17000.0,141900.0,0.88,133000.0,193000.0,103000.0,21.0,Ready in 24 months
CUST107592,11232.0,4290000.0,10425100.0,0.588,8280000.0,8415000.0,-6810000.0,0.0,Ready now
CUST107593,17541.0,4000.0,346000.0,0.988,344000.0,554000.0,279000.0,16.0,Ready in 24 months
CUST107594,7568.0,494000.0,780100.0,0.367,533000.0,624000.0,739000.0,98.0,Not on track
CUST107595,-194.0,25000.0,1326800.0,0.981,1314000.0,1314000.0,-892000.0,0.0,Ready now
CUST107596,19970.0,6254000.0,6911700.0,0.095,3785000.0,4025000.0,-1592000.0,0.0,Ready now
CUST107597,10476.0,2348000.0,2970600.0,0.21,1797000.0,1923000.0,-1075000.0,0.0,Ready now
CUST107598,57644.0,16000.0,133100.0,0.88,125000.0,817000.0,1522000.0,26.0,Not on track
CUST107599,11890.0,353000.0,2297900.0,0.846,2121000.0,2264000.0,-1311000.0,0.0,Ready now
CUST107600,26136.0,11000.0,694400.0,0.984,689000.0,1003000.0,179000.0,7.0,Ready in 12 months
CUST107601,22462.0,0.0,410400.0,1.0,410000.0,680000.0,1290000.0,57.0,Not on track
CUST107602,13046.0,1500000.0,1675700.0,0.105,926000.0,1083000.0,-299000.0,0.0,Ready now
CUST107603,20424.0,0.0,3164300.0,1.0,3164000.0,3409000.0,-2567000.0,0.0,Ready now
CUST107604,23177.0,36000.0,131600.0,0.726,114000.0,392000.0,1064000.0,46.0,Not on track
CUST107605,13281.0,730000.0,764600.0,0.045,400000.0,559000.0,613000.0,46.0,Not on track
CUST107606,17017.0,0.0,1851800.0,1.0,1852000.0,2056000.0,-973000.0,0.0,Ready now
CUST107607,12684.0,91000.0,218700.0,0.584,173000.0,325000.0,773000.0,61.0,Not on track
CUST107608,38831.0,3819000.0,5657700.0,0.325,3748000.0,4214000.0,-2235000.0,0.0,Ready now
CUST107609,14974.0,2195000.0,2789300.0,0.213,1692000.0,1872000.0,-706000.0,0.0,Ready now
CUST107610,37249.0,2360000.0,2821000.0,0.163,1641000.0,2088000.0,-364000.0,0.0,Ready now
CUST107611,33427.0,17000.0,3399600.0,0.995,3391000.0,3792000.0,-2485000.0,0.0,Ready now
CUST107612,981.0,3230000.0,6608100.0,0.511,4993000.0,5005000.0,-3949000.0,0.0,Ready now
CUST107613,26698.0,1944000.0,2130200.0,0.087,1158000.0,1478000.0,298000.0,11.0,Ready in 12 months
CUST107614,8322.0,1576000.0,1858800.0,0.152,1071000.0,1171000.0,-222000.0,0.0,Ready now
CUST107615,53054.0,644000.0,1090100.0,0.409,768000.0,1405000.0,956000.0,18.0,Ready in 24 months
CUST107616,12382.0,627000.0,2378400.0,0.736,2065000.0,2214000.0,-1249000.0,0.0,Ready now
CUST107617,4967.0,0.0,958900.0,1.0,959000.0,1019000.0,-467000.0,0.0,Ready now
CUST107618,15354.0,16000.0,40100.0,0.601,32000.0,216000.0,809000.0,53.0,Not on track
CUST107619,16509.0,1366000.0,1387800.0,0.016,705000.0,903000.0,-79000.0,0.0,Ready now
CUST107620,4106.0,2689000.0,5909400.0,0.545,4565000.0,4614000.0,-3626000.0,0.0,Ready now
CUST107621,6130.0,1492000.0,3474600.0,0.571,2729000.0,2803000.0,-2163000.0,0.0,Ready now
CUST107622,22997.0,1689000.0,1976200.0,0.145,1132000.0,1408000.0,-166000.0,0.0,Ready now
CUST107623,33375.0,0.0,336700.0,1.0,337000.0,738000.0,1309000.0,39.0,Not on track
CUST107624,16194.0,40000.0,3001300.0,0.987,2981000.0,3175000.0,-1089000.0,0.0,Ready now
CUST107625,32428.0,5000.0,1241700.0,0.996,1239000.0,1628000.0,-92000.0,0.0,Ready now
CUST107626,32291.0,0.0,3392400.0,1.0,3392000.0,3779000.0,-2336000.0,0.0,Ready now
CUST107627,23443.0,1813000.0,1922600.0,0.057,1016000.0,1297000.0,-108000.0,0.0,Ready now
CUST107628,9552.0,0.0,210800.0,1.0,211000.0,326000.0,137000.0,14.0,Ready in 24 months
CUST107629,13413.0,581000.0,1725100.0,0.663,1435000.0,1596000.0,-885000.0,0.0,Ready now
CUST107630,11103.0,5000.0,682000.0,0.993,680000.0,813000.0,219000.0,20.0,Ready in 24 months
CUST107631,23310.0,355000.0,599900.0,0.408,422000.0,702000.0,819000.0,35.0,Not on track
CUST107632,12869.0,778000.0,3256300.0,0.761,2867000.0,3021000.0,-1967000.0,0.0,Ready now
CUST107633,49394.0,0.0,579000.0,1.0,579000.0,1172000.0,1215000.0,25.0,Not on track
CUST107634,47713.0,4059000.0,7739700.0,0.476,5710000.0,6283000.0,-3775000.0,0.0,Ready now
CUST107635,5116.0,0.0,192900.0,1.0,193000.0,254000.0,334000.0,65.0,Not on track
CUST107636,88506.0,6286000.0,6473000.0,0.029,3330000.0,4392000.0,-462000.0,0.0,Ready now
CUST107637,2358.0,0.0,1057300.0,1.0,1057000.0,1085000.0,-905000.0,0.0,Ready now
CUST107638,42796.0,46000.0,3381300.0,0.986,3358000.0,3872000.0,-1416000.0,0.0,Ready now
CUST107639,30826.0,1919000.0,2105900.0,0.089,1146000.0,1516000.0,-171000.0,0.0,Ready now
CUST107640,13677.0,607000.0,1800600.0,0.663,1497000.0,1661000.0,-615000.0,0.0,Ready now
CUST107641,-1882.0,1203000.0,1347400.0,0.107,746000.0,746000.0,-340000.0,0.0,Ready now
CUST107642,7928.0,1337000.0,3181100.0,0.58,2513000.0,2608000.0,-1849000.0,0.0,Ready now
CUST107643,29942.0,3387000.0,3480700.0,0.027,1787000.0,2146000.0,313000.0,10.0,Ready in 12 months
CUST107644,21007.0,361000.0,1978800.0,0.818,1798000.0,2050000.0,-1097000.0,0.0,Ready now
CUST107645,11697.0,0.0,60100.0,1.0,60000.0,200000.0,614000.0,52.0,Not on track
CUST107646,13215.0,1127000.0,1255900.0,0.103,692000.0,851000.0,-195000.0,0.0,Ready now
CUST107647,17503.0,542000.0,877100.0,0.382,606000.0,816000.0,82000.0,5.0,Ready in 6 months
CUST107648,12168.0,1732000.0,1818100.0,0.047,952000.0,1098000.0,-254000.0,0.0,Ready now
CUST107649,973.0,800000.0,1461200.0,0.453,1061000.0,1073000.0,-653000.0,0.0,Ready now
CUST107650,9304.0,10000.0,195600.0,0.949,191000.0,303000.0,227000.0,24.0,Ready in 24 months
CUST107651,4556.0,278000.0,329600.0,0.157,191000.0,246000.0,163000.0,36.0,Not on track
CUST107652,2995.0,14000.0,5866000.0,0.998,5859000.0,5895000.0,-3972000.0,0.0,Ready now
CUST107653,18412.0,1000.0,1852500.0,0.999,1852000.0,2073000.0,-1037000.0,0.0,Ready now
CUST107654,15974.0,730000.0,2466300.0,0.704,2101000.0,2293000.0,-1125000.0,0.0,Ready now
CUST107655,21055.0,0.0,405000.0,1.0,405000.0,658000.0,975000.0,46.0,Not on track
CUST107656,6417.0,30000.0,3102200.0,0.99,3087000.0,3164000.0,-874000.0,0.0,Ready now
CUST107657,15673.0,381000.0,1383000.0,0.725,1192000.0,1380000.0,148000.0,9.0,Ready in 12 months
CUST107658,17881.0,0.0,184700.0,1.0,185000.0,400000.0,543000.0,30.0,Not on track
CUST107659,6401.0,870000.0,1341500.0,0.351,906000.0,983000.0,-440000.0,0.0,Ready now
CUST107660,-1646.0,1598000.0,3605800.0,0.557,2807000.0,2807000.0,-1778000.0,0.0,Ready now
CUST107661,19896.0,1000.0,38400.0,0.974,38000.0,277000.0,1066000.0,54.0,Not on track
CUST107662,18029.0,18000.0,1509000.0,0.988,1500000.0,1716000.0,-436000.0,0.0,Ready now
CUST107663,23156.0,1142000.0,1491300.0,0.234,920000.0,1198000.0,-81000.0,0.0,Ready now
CUST107664,9278.0,1128000.0,1382900.0,0.184,819000.0,930000.0,284000.0,31.0,Not on track
CUST107665,1634.0,927000.0,955400.0,0.03,492000.0,512000.0,-180000.0,0.0,Ready now
CUST107666,10075.0,0.0,1549900.0,1.0,1550000.0,1671000.0,-695000.0,0.0,Ready now
CUST107667,24718.0,3122000.0,5455500.0,0.428,3894000.0,4191000.0,-2750000.0,0.0,Ready now
CUST107668,23817.0,0.0,283400.0,1.0,283000.0,569000.0,686000.0,29.0,Not on track
CUST107669,26860.0,2020000.0,4863400.0,0.585,3853000.0,4175000.0,-2949000.0,0.0,Ready now
CUST107670,49013.0,3381000.0,3742000.0,0.096,2052000.0,2640000.0,-284000.0,0.0,Ready now
CUST107671,16660.0,1517000.0,2664500.0,0.431,1906000.0,2106000.0,-1354000.0,0.0,Ready now
CUST107672,40492.0,781000.0,1027100.0,0.24,637000.0,1123000.0,600000.0,15.0,Ready in 24 months
CUST107673,13315.0,6000.0,33800.0,0.822,31000.0,191000.0,982000.0,74.0,Not on track
CUST107674,6035.0,5000.0,89100.0,0.944,87000.0,159000.0,272000.0,45.0,Not on track
CUST107675,20179.0,0.0,38200.0,1.0,38000.0,280000.0,864000.0,43.0,Not on track
CUST107676,13044.0,1663000.0,2777700.0,0.401,1946000.0,2103000.0,-1354000.0,0.0,Ready now
CUST107677,22392.0,9000.0,103300.0,0.913,99000.0,368000.0,961000.0,43.0,Not on track
CUST107678,41292.0,4000.0,2093500.0,0.998,2092000.0,2588000.0,-697000.0,0.0,Ready now
CUST107679,25337.0,2131000.0,2395700.0,0.11,1330000.0,1634000.0,-441000.0,0.0,Ready now
CUST107680,9116.0,1304000.0,1519700.0,0.142,868000.0,977000.0,-349000.0,0.0,Ready now
CUST107681,39601.0,348000.0,3402100.0,0.898,3228000.0,3703000.0,-2114000.0,0.0,Ready now
CUST107682,81769.0,0.0,6257600.0,1.0,6258000.0,7239000.0,-2894000.0,0.0,Ready now
CUST107683,10308.0,126000.0,751900.0,0.832,689000.0,813000.0,-333000.0,0.0,Ready now
CUST107684,10149.0,0.0,2263000.0,1.0,2263000.0,2385000.0,-1314000.0,0.0,Ready now
CUST107685,12400.0,1599000.0,1665700.0,0.04,866000.0,1015000.0,-404000.0,0.0,Ready now
CUST107686,7091.0,1817000.0,3276000.0,0.445,2368000.0,2453000.0,-1715000.0,0.0,Ready now
CUST107687,12997.0,2779000.0,2864400.0,0.03,1475000.0,1631000.0,-708000.0,0.0,Ready now
CUST107688,9979.0,1824000.0,2755900.0,0.338,1844000.0,1964000.0,-1009000.0,0.0,Ready now
CUST107689,21754.0,2242000.0,2654200.0,0.155,1533000.0,1794000.0,-821000.0,0.0,Ready now
CUST107690,12422.0,1839000.0,2094700.0,0.122,1175000.0,1324000.0,-716000.0,0.0,Ready now
CUST107691,1616.0,1000.0,1357000.0,0.999,1356000.0,1375000.0,-1048000.0,0.0,Ready now
CUST107692,18469.0,3983000.0,4317900.0,0.078,2326000.0,2548000.0,-732000.0,0.0,Ready now
CUST107693,26999.0,4294000.0,4657700.0,0.078,2511000.0,2835000.0,-937000.0,0.0,Ready now
CUST107694,20776.0,0.0,227000.0,1.0,227000.0,476000.0,426000.0,21.0,Ready in 24 months
CUST107695,10545.0,2363000.0,4769300.0,0.505,3588000.0,3715000.0,-2968000.0,0.0,Ready now
CUST107696,6023.0,3037000.0,6189400.0,0.509,4671000.0,4743000.0,-3575000.0,0.0,Ready now
CUST107697,10804.0,3620000.0,5670900.0,0.362,3861000.0,3991000.0,-2701000.0,0.0,Ready now
CUST107698,3039.0,45000.0,4123700.0,0.989,4101000.0,4137000.0,-2766000.0,0.0,Ready now
CUST107699,22794.0,2576000.0,5943500.0,0.567,4656000.0,4930000.0,-3460000.0,0.0,Ready now
CUST107700,22025.0,0.0,168500.0,1.0,168000.0,432000.0,1040000.0,47.0,Not on track
CUST107701,25287.0,4749000.0,10558400.0,0.55,8184000.0,8487000.0,-6179000.0,0.0,Ready now
CUST107702,10900.0,1989000.0,3875300.0,0.487,2881000.0,3012000.0,-2254000.0,0.0,Ready now
CUST107703,27026.0,6000.0,207300.0,0.971,204000.0,528000.0,1032000.0,38.0,Not on track
CUST107704,8909.0,606000.0,1045100.0,0.42,742000.0,849000.0,-386000.0,0.0,Ready now
CUST107705,12270.0,881000.0,1525500.0,0.422,1085000.0,1232000.0,-635000.0,0.0,Ready now
CUST107706,17717.0,2045000.0,5132200.0,0.602,4110000.0,4323000.0,-2838000.0,0.0,Ready now
CUST107707,14999.0,2745000.0,3212100.0,0.145,1840000.0,2020000.0,-717000.0,0.0,Ready now
CUST107708,23481.0,1651000.0,1863800.0,0.114,1038000.0,1320000.0,-222000.0,0.0,Ready now
CUST107709,5133.0,594000.0,759100.0,0.217,462000.0,524000.0,154000.0,30.0,Not on track
CUST107710,4421.0,1316000.0,1452700.0,0.094,795000.0,848000.0,34000.0,8.0,Ready in 12 months
CUST107711,22602.0,0.0,20200.0,1.0,20000.0,291000.0,567000.0,25.0,Not on track
CUST107712,3674.0,196000.0,271100.0,0.277,173000.0,217000.0,126000.0,34.0,Not on track
CUST107713,21854.0,1419000.0,5850600.0,0.757,5141000.0,5403000.0,-3890000.0,0.0,Ready now
CUST107714,10331.0,639000.0,888300.0,0.281,569000.0,693000.0,293000.0,28.0,Not on track
CUST107715,16289.0,1990000.0,2056700.0,0.032,1062000.0,1257000.0,-454000.0,0.0,Ready now
CUST107716,17668.0,2449000.0,2662700.0,0.08,1438000.0,1650000.0,-657000.0,0.0,Ready now
CUST107717,6621.0,12000.0,134100.0,0.911,128000.0,207000.0,368000.0,56.0,Not on track
CUST107718,16202.0,12000.0,206400.0,0.942,200000.0,394000.0,373000.0,23.0,Ready in 24 months
CUST107719,58558.0,3204000.0,5311000.0,0.397,3709000.0,4412000.0,-2121000.0,0.0,Ready now
CUST107720,16055.0,827000.0,1033600.0,0.2,620000.0,813000.0,-30000.0,0.0,Ready now
CUST107721,23511.0,3442000.0,3701200.0,0.07,1980000.0,2262000.0,-495000.0,0.0,Ready now
CUST107722,11445.0,858000.0,1013700.0,0.154,585000.0,722000.0,-8000.0,0.0,Ready now
CUST107723,22610.0,0.0,1617500.0,1.0,1618000.0,1889000.0,-635000.0,0.0,Ready now
CUST107724,20025.0,389000.0,455800.0,0.147,261000.0,501000.0,460000.0,23.0,Ready in 24 months
CUST107725,22846.0,1026000.0,1211700.0,0.153,699000.0,973000.0,76000.0,3.0,Ready in 6 months
CUST107726,13569.0,4000.0,68100.0,0.941,66000.0,229000.0,463000.0,34.0,Not on track
CUST107727,47298.0,3249000.0,5547300.0,0.414,3923000.0,4491000.0,-2675000.0,0.0,Ready now
CUST107728,50876.0,8000.0,115400.0,0.931,111000.0,722000.0,2488000.0,49.0,Not on track
CUST107729,18548.0,1336000.0,3947200.0,0.662,3279000.0,3502000.0,-2163000.0,0.0,Ready now
CUST107730,6257.0,432000.0,684800.0,0.369,469000.0,544000.0,337000.0,54.0,Not on track
CUST107731,11288.0,85000.0,1134100.0,0.925,1092000.0,1227000.0,-676000.0,0.0,Ready now
CUST107732,8097.0,578000.0,687700.0,0.16,399000.0,496000.0,20000.0,2.0,Ready in 6 months
CUST107733,35082.0,8000.0,256700.0,0.969,253000.0,674000.0,1793000.0,51.0,Not on track
CUST107734,6356.0,766000.0,1315100.0,0.418,932000.0,1008000.0,-456000.0,0.0,Ready now
CUST107735,9145.0,0.0,99800.0,1.0,100000.0,210000.0,553000.0,60.0,Not on track
CUST107736,3549.0,2642000.0,4266400.0,0.381,2945000.0,2988000.0,-2312000.0,0.0,Ready now
CUST107737,3858.0,0.0,122700.0,1.0,123000.0,169000.0,193000.0,50.0,Not on track
CUST107738,9547.0,0.0,1489100.0,1.0,1489000.0,1604000.0,-1161000.0,0.0,Ready now
CUST107739,8112.0,26000.0,38000.0,0.316,25000.0,122000.0,374000.0,46.0,Not on track
CUST107740,14131.0,693000.0,817700.0,0.153,471000.0,641000.0,101000.0,7.0,Ready in 12 months
CUST107741,21988.0,2359000.0,2586200.0,0.088,1407000.0,1671000.0,-432000.0,0.0,Ready now
CUST107742,51273.0,4421000.0,4681500.0,0.056,2471000.0,3086000.0,-1176000.0,0.0,Ready now
CUST107743,2191.0,10000.0,201700.0,0.95,197000.0,223000.0,277000.0,126.0,Not on track
CUST107744,17749.0,1101000.0,1188800.0,0.074,638000.0,851000.0,6000.0,0.0,Ready now
CUST107745,-3640.0,1928000.0,2064900.0,0.066,1101000.0,1101000.0,-718000.0,0.0,Ready now
CUST107746,11708.0,448000.0,650800.0,0.312,427000.0,567000.0,235000.0,20.0,Ready in 24 months
CUST107747,10975.0,152000.0,396500.0,0.617,320000.0,452000.0,642000.0,58.0,Not on track
CUST107748,9673.0,2390000.0,4262700.0,0.439,3068000.0,3184000.0,-1961000.0,0.0,Ready now
CUST107749,4650.0,25000.0,39500.0,0.367,27000.0,83000.0,329000.0,71.0,Not on track
CUST107750,10454.0,9000.0,481100.0,0.981,477000.0,602000.0,888000.0,85.0,Not on track
CUST107751,21678.0,2000.0,871500.0,0.998,870000.0,1130000.0,186000.0,9.0,Ready in 12 months
CUST107752,35316.0,0.0,3250200.0,1.0,3250000.0,3674000.0,-2122000.0,0.0,Ready now
CUST107753,44117.0,3582000.0,7759300.0,0.538,5968000.0,6497000.0,-4180000.0,0.0,Ready now
CUST107754,4943.0,957000.0,1035900.0,0.076,557000.0,616000.0,-151000.0,0.0,Ready now
CUST107755,8742.0,1384000.0,2258200.0,0.387,1566000.0,1671000.0,-1086000.0,0.0,Ready now
CUST107756,20641.0,0.0,158000.0,1.0,158000.0,406000.0,628000.0,30.0,Not on track
CUST107757,7991.0,0.0,196700.0,1.0,197000.0,293000.0,159000.0,20.0,Ready in 24 months
CUST107758,17269.0,1234000.0,2508600.0,0.508,1892000.0,2099000.0,-1191000.0,0.0,Ready now
CUST107759,4761.0,3392000.0,4228600.0,0.198,2533000.0,2590000.0,-1228000.0,0.0,Ready now
CUST107760,32454.0,0.0,910700.0,1.0,911000.0,1300000.0,47000.0,1.0,Ready in 6 months
CUST107761,6288.0,0.0,3105600.0,1.0,3106000.0,3181000.0,-2206000.0,0.0,Ready now
CUST107762,6516.0,0.0,220500.0,1.0,220000.0,298000.0,152000.0,23.0,Ready in 24 months
CUST107763,15719.0,1125000.0,1225200.0,0.082,663000.0,852000.0,-16000.0,0.0,Ready now
CUST107764,5394.0,1356000.0,1426300.0,0.049,748000.0,813000.0,-406000.0,0.0,Ready now
CUST107765,26692.0,459000.0,1565500.0,0.707,1336000.0,1656000.0,-224000.0,0.0,Ready now
CUST107766,11758.0,634000.0,1315800.0,0.518,999000.0,1140000.0,-543000.0,0.0,Ready now
CUST107767,7840.0,2272000.0,2724800.0,0.166,1589000.0,1683000.0,-284000.0,0.0,Ready now
CUST107768,10110.0,3000.0,837000.0,0.996,836000.0,957000.0,-313000.0,0.0,Ready now
CUST107769,24907.0,2985000.0,3187200.0,0.063,1695000.0,1994000.0,-824000.0,0.0,Ready now
CUST107770,20828.0,0.0,1517900.0,1.0,1518000.0,1768000.0,-600000.0,0.0,Ready now
CUST107771,8176.0,4000.0,1066000.0,0.996,1064000.0,1162000.0,-604000.0,0.0,Ready now
CUST107772,41127.0,0.0,4716500.0,1.0,4716000.0,5210000.0,-2824000.0,0.0,Ready now
CUST107773,18006.0,249000.0,5117300.0,0.951,4993000.0,5209000.0,-3290000.0,0.0,Ready now
CUST107774,10131.0,0.0,17900.0,1.0,18000.0,140000.0,434000.0,43.0,Not on track
CUST107775,15616.0,21000.0,341500.0,0.939,331000.0,518000.0,249000.0,16.0,Ready in 24 months
CUST107776,11121.0,0.0,4861800.0,1.0,4862000.0,4995000.0,-3762000.0,0.0,Ready now
CUST107777,6489.0,589000.0,594400.0,0.009,300000.0,378000.0,56000.0,9.0,Ready in 12 months
CUST107778,4855.0,420000.0,461200.0,0.089,251000.0,309000.0,37000.0,8.0,Ready in 12 months
CUST107779,10193.0,1802000.0,2007000.0,0.102,1106000.0,1228000.0,-628000.0,0.0,Ready now
CUST107780,14965.0,4000.0,22800.0,0.825,21000.0,201000.0,493000.0,33.0,Not on track
CUST107781,9017.0,232000.0,982100.0,0.764,866000.0,974000.0,-278000.0,0.0,Ready now
CUST107782,11914.0,441000.0,834900.0,0.472,614000.0,757000.0,-236000.0,0.0,Ready now
CUST107783,11951.0,0.0,73800.0,1.0,74000.0,217000.0,858000.0,72.0,Not on track
CUST107784,9788.0,1968000.0,2970400.0,0.337,1986000.0,2103000.0,-1352000.0,0.0,Ready now
CUST107785,50253.0,4347000.0,4450500.0,0.023,2277000.0,2880000.0,-547000.0,0.0,Ready now
CUST107786,21151.0,2599000.0,3906400.0,0.335,2607000.0,2861000.0,-1916000.0,0.0,Ready now
CUST107787,19075.0,9000.0,2571300.0,0.996,2567000.0,2796000.0,-1092000.0,0.0,Ready now
CUST107788,8641.0,593000.0,669600.0,0.114,373000.0,477000.0,53000.0,6.0,Ready in 6 months
CUST107789,9398.0,1840000.0,3369400.0,0.454,2449000.0,2562000.0,-1828000.0,0.0,Ready now
CUST107790,14020.0,0.0,2005700.0,1.0,2006000.0,2174000.0,-1098000.0,0.0,Ready now
CUST107791,32759.0,2524000.0,5189600.0,0.514,3928000.0,4321000.0,-2686000.0,0.0,Ready now
CUST107792,14440.0,4000.0,1652300.0,0.998,1650000.0,1823000.0,-1064000.0,0.0,Ready now
CUST107793,17393.0,5000.0,36400.0,0.863,34000.0,243000.0,603000.0,35.0,Not on track
CUST107794,17194.0,0.0,385900.0,1.0,386000.0,592000.0,429000.0,25.0,Not on track
CUST107795,18397.0,1818000.0,3384400.0,0.463,2475000.0,2696000.0,-1747000.0,0.0,Ready now
CUST107796,73363.0,1691000.0,2226600.0,0.241,1381000.0,2261000.0,1545000.0,21.0,Ready in 24 months
CUST107797,19531.0,0.0,28400.0,1.0,28000.0,262000.0,1132000.0,58.0,Not on track
CUST107798,27292.0,591000.0,794100.0,0.256,499000.0,827000.0,513000.0,19.0,Ready in 24 months
CUST107799,4447.0,1448000.0,1580500.0,0.084,856000.0,909000.0,-327000.0,0.0,Ready now
CUST107800,5636.0,0.0,117200.0,1.0,117000.0,185000.0,417000.0,74.0,Not on track
CUST107801,3807.0,7000.0,1372200.0,0.995,1369000.0,1415000.0,-638000.0,0.0,Ready now
CUST107802,18685.0,5000.0,4998300.0,0.999,4996000.0,5220000.0,-3252000.0,0.0,Ready now
CUST107803,1331.0,1945000.0,2133800.0,0.088,1161000.0,1177000.0,-397000.0,0.0,Ready now
CUST107804,20379.0,2702000.0,2921500.0,0.075,1570000.0,1815000.0,-1002000.0,0.0,Ready now
CUST107805,15989.0,1205000.0,2609700.0,0.538,2007000.0,2199000.0,-1415000.0,0.0,Ready now
CUST107806,4684.0,0.0,107600.0,1.0,108000.0,164000.0,218000.0,47.0,Not on track
CUST107807,26927.0,435000.0,1982100.0,0.781,1765000.0,2088000.0,-655000.0,0.0,Ready now
CUST107808,10585.0,1009000.0,2355000.0,0.572,1850000.0,1977000.0,-1310000.0,0.0,Ready now
CUST107809,16152.0,1811000.0,1968100.0,0.08,1063000.0,1257000.0,-243000.0,0.0,Ready now
CUST107810,2337.0,761000.0,3421600.0,0.778,3041000.0,3069000.0,-2297000.0,0.0,Ready now
CUST107811,17451.0,664000.0,690500.0,0.038,358000.0,567000.0,255000.0,15.0,Ready in 24 months
CUST107812,13871.0,1847000.0,3498600.0,0.472,2575000.0,2741000.0,-1661000.0,0.0,Ready now
CUST107813,5319.0,476000.0,533600.0,0.108,296000.0,360000.0,153000.0,29.0,Not on track
CUST107814,19732.0,0.0,89600.0,1.0,90000.0,327000.0,722000.0,37.0,Not on track
CUST107815,23109.0,238000.0,422200.0,0.436,303000.0,580000.0,657000.0,28.0,Not on track
CUST107816,18554.0,0.0,1232700.0,1.0,1233000.0,1456000.0,909000.0,49.0,Not on track
CUST107817,13505.0,683000.0,3298200.0,0.793,2957000.0,3119000.0,-2314000.0,0.0,Ready now
CUST107818,6552.0,892000.0,921600.0,0.032,476000.0,555000.0,34000.0,5.0,Ready in 6 months
CUST107819,13408.0,234000.0,297600.0,0.214,181000.0,342000.0,386000.0,29.0,Not on track
CUST107820,25379.0,0.0,1142900.0,1.0,1143000.0,1448000.0,201000.0,8.0,Ready in 12 months
CUST107821,2878.0,884000.0,1537800.0,0.425,1096000.0,1131000.0,-740000.0,0.0,Ready now
CUST107822,11169.0,2953000.0,3082900.0,0.042,1606000.0,1740000.0,-335000.0,0.0,Ready now
CUST107823,7680.0,346000.0,403300.0,0.142,230000.0,322000.0,478000.0,62.0,Not on track
CUST107824,8621.0,343000.0,1028500.0,0.667,857000.0,960000.0,-379000.0,0.0,Ready now
CUST107825,18326.0,13000.0,200300.0,0.935,194000.0,414000.0,631000.0,34.0,Not on track
CUST107826,12576.0,778000.0,827400.0,0.06,438000.0,589000.0,246000.0,20.0,Ready in 24 months
CUST107827,8583.0,0.0,1098800.0,1.0,1099000.0,1202000.0,-639000.0,0.0,Ready now
CUST107828,6050.0,5000.0,503200.0,0.99,501000.0,574000.0,-182000.0,0.0,Ready now
CUST107829,28438.0,13000.0,2165800.0,0.994,2159000.0,2500000.0,-731000.0,0.0,Ready now
CUST107830,17421.0,986000.0,4386800.0,0.775,3894000.0,4103000.0,-3144000.0,0.0,Ready now
CUST107831,13885.0,18000.0,1551400.0,0.988,1542000.0,1709000.0,-804000.0,0.0,Ready now
CUST107832,-2659.0,0.0,1741500.0,1.0,1742000.0,1742000.0,-464000.0,0.0,Ready now
CUST107833,24248.0,370000.0,2158500.0,0.829,1974000.0,2265000.0,-955000.0,0.0,Ready now
CUST107834,5970.0,0.0,204200.0,1.0,204000.0,276000.0,94000.0,16.0,Ready in 24 months
CUST107835,20970.0,19000.0,3114900.0,0.994,3105000.0,3357000.0,-1717000.0,0.0,Ready now
CUST107836,56934.0,653000.0,3315400.0,0.803,2989000.0,3672000.0,-907000.0,0.0,Ready now
CUST107837,19860.0,1104000.0,1426500.0,0.226,874000.0,1112000.0,402000.0,20.0,Ready in 24 months
CUST107838,7010.0,128000.0,146100.0,0.124,82000.0,166000.0,561000.0,80.0,Not on track
CUST107839,7093.0,3000.0,156400.0,0.981,155000.0,240000.0,319000.0,45.0,Not on track
CUST107840,3437.0,1680000.0,1852100.0,0.093,1012000.0,1053000.0,-549000.0,0.0,Ready now
CUST107841,12838.0,2294000.0,3426100.0,0.33,2279000.0,2433000.0,-1236000.0,0.0,Ready now
CUST107842,52025.0,2065000.0,6632100.0,0.689,5600000.0,6224000.0,-3578000.0,0.0,Ready now
CUST107843,10077.0,12000.0,705800.0,0.983,700000.0,821000.0,-304000.0,0.0,Ready now
CUST107844,18148.0,1650000.0,2382400.0,0.307,1557000.0,1775000.0,-931000.0,0.0,Ready now
CUST107845,5775.0,1835000.0,1867900.0,0.018,950000.0,1019000.0,510000.0,88.0,Not on track
CUST107846,17831.0,0.0,255200.0,1.0,255000.0,469000.0,543000.0,30.0,Not on track
CUST107847,51732.0,0.0,709700.0,1.0,710000.0,1331000.0,1626000.0,31.0,Not on track
CUST107848,15660.0,8000.0,2280700.0,0.996,2277000.0,2465000.0,-1491000.0,0.0,Ready now
CUST107849,2912.0,2684000.0,2835600.0,0.053,1494000.0,1529000.0,-82000.0,0.0,Ready now
CUST107850,27381.0,2687000.0,3359700.0,0.2,2016000.0,2345000.0,-816000.0,0.0,Ready now
CUST107851,14150.0,0.0,91500.0,1.0,92000.0,262000.0,1166000.0,82.0,Not on track
CUST107852,23972.0,126000.0,281400.0,0.552,218000.0,506000.0,522000.0,22.0,Ready in 24 months
CUST107853,14959.0,2315000.0,4564800.0,0.493,3407000.0,3587000.0,-2586000.0,0.0,Ready now
CUST107854,21132.0,16000.0,1807000.0,0.991,1799000.0,2053000.0,-576000.0,0.0,Ready now
CUST107855,29214.0,156000.0,2694900.0,0.942,2617000.0,2968000.0,-1385000.0,0.0,Ready now
CUST107856,26329.0,14000.0,1125200.0,0.988,1118000.0,1434000.0,-25000.0,0.0,Ready now
CUST107857,8932.0,174000.0,1333300.0,0.869,1246000.0,1353000.0,-837000.0,0.0,Ready now
CUST107858,15513.0,0.0,333100.0,1.0,333000.0,519000.0,794000.0,51.0,Not on track
CUST107859,15304.0,104000.0,1603800.0,0.935,1552000.0,1736000.0,-898000.0,0.0,Ready now
CUST107860,21744.0,471000.0,529600.0,0.111,294000.0,555000.0,460000.0,21.0,Ready in 24 months
CUST107861,27871.0,0.0,3396600.0,1.0,3397000.0,3731000.0,-2419000.0,0.0,Ready now
CUST107862,21414.0,3000.0,707400.0,0.996,706000.0,963000.0,1611000.0,75.0,Not on track
CUST107863,12191.0,0.0,156500.0,1.0,156000.0,302000.0,726000.0,60.0,Not on track
CUST107864,66889.0,5821000.0,6723600.0,0.134,3813000.0,4616000.0,-1839000.0,0.0,Ready now
CUST107865,10100.0,685000.0,1177300.0,0.418,835000.0,956000.0,-362000.0,0.0,Ready now
CUST107866,22642.0,4000.0,3023400.0,0.999,3021000.0,3293000.0,-1185000.0,0.0,Ready now
CUST107867,36792.0,41000.0,97200.0,0.578,77000.0,519000.0,1153000.0,31.0,Not on track
CUST107868,14656.0,1835000.0,1855100.0,0.011,938000.0,1114000.0,-29000.0,0.0,Ready now
CUST107869,17749.0,167000.0,592900.0,0.718,509000.0,722000.0,1279000.0,72.0,Not on track
CUST107870,-86.0,0.0,944400.0,1.0,944000.0,944000.0,-616000.0,0.0,Ready now
CUST107871,25599.0,3412000.0,3551000.0,0.039,1845000.0,2152000.0,-255000.0,0.0,Ready now
CUST107872,19435.0,661000.0,1981100.0,0.666,1651000.0,1884000.0,-923000.0,0.0,Ready now
CUST107873,21004.0,1686000.0,2603000.0,0.352,1760000.0,2012000.0,-1134000.0,0.0,Ready now
CUST107874,6922.0,0.0,147800.0,1.0,148000.0,231000.0,291000.0,42.0,Not on track
CUST107875,42183.0,2964000.0,4496800.0,0.341,3015000.0,3521000.0,-825000.0,0.0,Ready now
CUST107876,29825.0,356000.0,647000.0,0.45,469000.0,827000.0,1120000.0,38.0,Not on track
CUST107877,2.0,0.0,130900.0,1.0,131000.0,131000.0,388000.0,999.0,Not on track
CUST107878,-4884.0,620000.0,982900.0,0.369,673000.0,673000.0,119000.0,999.0,Not on track
CUST107879,22679.0,3120000.0,3305000.0,0.056,1745000.0,2017000.0,-689000.0,0.0,Ready now
CUST107880,15726.0,1957000.0,1983400.0,0.013,1005000.0,1194000.0,-174000.0,0.0,Ready now
CUST107881,17093.0,1584000.0,1815900.0,0.128,1024000.0,1229000.0,223000.0,13.0,Ready in 24 months
CUST107882,5673.0,1763000.0,1827000.0,0.035,946000.0,1014000.0,-468000.0,0.0,Ready now
CUST107883,3360.0,858000.0,1468300.0,0.416,1039000.0,1079000.0,-714000.0,0.0,Ready now
CUST107884,15239.0,689000.0,2920200.0,0.764,2576000.0,2759000.0,-1584000.0,0.0,Ready now
CUST107885,21335.0,1979000.0,2301800.0,0.14,1312000.0,1568000.0,-422000.0,0.0,Ready now
CUST107886,15941.0,441000.0,504600.0,0.126,284000.0,475000.0,453000.0,28.0,Not on track
CUST107887,13479.0,1855000.0,2040300.0,0.091,1113000.0,1275000.0,-570000.0,0.0,Ready now
CUST107888,10347.0,1000.0,85600.0,0.988,85000.0,209000.0,275000.0,27.0,Not on track
CUST107889,23556.0,2085000.0,3092300.0,0.326,2050000.0,2333000.0,-1224000.0,0.0,Ready now
CUST107890,9471.0,1339000.0,1537100.0,0.129,868000.0,982000.0,-285000.0,0.0,Ready now
CUST107891,16598.0,1550000.0,1604800.0,0.034,830000.0,1029000.0,776000.0,47.0,Not on track
CUST107892,7293.0,2879000.0,6160500.0,0.533,4721000.0,4809000.0,-3437000.0,0.0,Ready now
CUST107893,18935.0,1206000.0,1710200.0,0.295,1107000.0,1334000.0,-392000.0,0.0,Ready now
CUST107894,26691.0,0.0,2927200.0,1.0,2927000.0,3247000.0,-1934000.0,0.0,Ready now
CUST107895,14773.0,430000.0,740900.0,0.42,526000.0,703000.0,333000.0,23.0,Ready in 24 months
CUST107896,14058.0,24000.0,182300.0,0.868,170000.0,339000.0,696000.0,50.0,Not on track
CUST107897,21146.0,1872000.0,1972300.0,0.051,1036000.0,1290000.0,-240000.0,0.0,Ready now
CUST107898,27146.0,3402000.0,3464700.0,0.018,1764000.0,2090000.0,172000.0,6.0,Ready in 6 months
CUST107899,35590.0,0.0,4075400.0,1.0,4075000.0,4502000.0,-2707000.0,0.0,Ready now
CUST107900,7117.0,2285000.0,2451800.0,0.068,1309000.0,1394000.0,-455000.0,0.0,Ready now
CUST107901,16005.0,0.0,1792900.0,1.0,1793000.0,1985000.0,-243000.0,0.0,Ready now
CUST107902,14796.0,24000.0,404400.0,0.941,392000.0,570000.0,1002000.0,68.0,Not on track
CUST107903,225.0,2964000.0,3981000.0,0.255,2499000.0,2502000.0,-1559000.0,0.0,Ready now
CUST107904,11545.0,1691000.0,1843700.0,0.083,998000.0,1137000.0,-157000.0,0.0,Ready now
CUST107905,24686.0,1169000.0,4324100.0,0.73,3740000.0,4036000.0,-2926000.0,0.0,Ready now
CUST107906,16343.0,1100000.0,1128500.0,0.025,578000.0,774000.0,0.0,0.0,Ready now
CUST107907,15302.0,7000.0,290500.0,0.976,287000.0,471000.0,167000.0,11.0,Ready in 12 months
CUST107908,10647.0,801000.0,1409700.0,0.432,1009000.0,1137000.0,-278000.0,0.0,Ready now
CUST107909,20196.0,0.0,167500.0,1.0,168000.0,410000.0,628000.0,31.0,Not on track
CUST107910,18364.0,0.0,1674900.0,1.0,1675000.0,1895000.0,-321000.0,0.0,Ready now
CUST107911,25777.0,1886000.0,4909900.0,0.616,3967000.0,4276000.0,-1663000.0,0.0,Ready now
CUST107912,26300.0,0.0,2686000.0,1.0,2686000.0,3002000.0,-1490000.0,0.0,Ready now
CUST107913,8015.0,662000.0,2971300.0,0.777,2640000.0,2736000.0,-1700000.0,0.0,Ready now
CUST107914,16553.0,0.0,108000.0,1.0,108000.0,307000.0,874000.0,53.0,Not on track
CUST107915,3778.0,4448000.0,7814600.0,0.431,5591000.0,5636000.0,-4139000.0,0.0,Ready now
CUST107916,9057.0,2816000.0,2957700.0,0.048,1550000.0,1659000.0,-347000.0,0.0,Ready now
CUST107917,17095.0,0.0,360000.0,1.0,360000.0,565000.0,595000.0,35.0,Not on track
CUST107918,6319.0,3122000.0,3348300.0,0.068,1787000.0,1863000.0,-655000.0,0.0,Ready now
CUST107919,1703.0,694000.0,767100.0,0.095,420000.0,440000.0,-31000.0,0.0,Ready now
CUST107920,35082.0,2981000.0,6048100.0,0.507,4558000.0,4979000.0,-3352000.0,0.0,Ready now
CUST107921,2429.0,3000.0,116800.0,0.974,115000.0,144000.0,525000.0,216.0,Not on track
CUST107922,26381.0,2521000.0,2679400.0,0.059,1419000.0,1736000.0,-212000.0,0.0,Ready now
CUST107923,17807.0,361000.0,1312100.0,0.725,1132000.0,1346000.0,-445000.0,0.0,Ready now
CUST107924,2043.0,3009000.0,3431300.0,0.123,1927000.0,1952000.0,-717000.0,0.0,Ready now
CUST107925,20220.0,537000.0,843600.0,0.363,575000.0,818000.0,343000.0,17.0,Ready in 24 months
CUST107926,15414.0,1443000.0,2459500.0,0.413,1738000.0,1923000.0,-1180000.0,0.0,Ready now
CUST107927,17169.0,1539000.0,1571400.0,0.021,802000.0,1008000.0,-272000.0,0.0,Ready now
CUST107928,64737.0,663000.0,821100.0,0.193,490000.0,1267000.0,2497000.0,39.0,Not on track
CUST107929,5452.0,229000.0,1252900.0,0.817,1138000.0,1203000.0,-916000.0,0.0,Ready now
CUST107930,24019.0,4000.0,2080800.0,0.998,2079000.0,2367000.0,-1002000.0,0.0,Ready now
CUST107931,18121.0,928000.0,1592300.0,0.417,1128000.0,1345000.0,-530000.0,0.0,Ready now
CUST107932,45730.0,0.0,1868100.0,1.0,1868000.0,2417000.0,-239000.0,0.0,Ready now
CUST107933,15211.0,0.0,3533600.0,1.0,3534000.0,3717000.0,-2212000.0,0.0,Ready now
CUST107934,16715.0,613000.0,801900.0,0.236,495000.0,696000.0,592000.0,35.0,Not on track
CUST107935,26657.0,3532000.0,7649900.0,0.538,5884000.0,6204000.0,-4315000.0,0.0,Ready now
CUST107936,24661.0,2000.0,119500.0,0.983,118000.0,414000.0,757000.0,31.0,Not on track
CUST107937,9061.0,65000.0,1232300.0,0.947,1200000.0,1309000.0,-359000.0,0.0,Ready now
CUST107938,15438.0,50000.0,62500.0,0.2,38000.0,223000.0,578000.0,37.0,Not on track
CUST107939,10558.0,1317000.0,3899600.0,0.662,3241000.0,3368000.0,-2533000.0,0.0,Ready now
CUST107940,16309.0,1861000.0,2866600.0,0.351,1936000.0,2132000.0,-1150000.0,0.0,Ready now
CUST107941,27260.0,1835000.0,1878100.0,0.023,961000.0,1288000.0,-102000.0,0.0,Ready now
CUST107942,7242.0,1211000.0,1220700.0,0.008,615000.0,702000.0,-265000.0,0.0,Ready now
CUST107943,14684.0,0.0,397100.0,1.0,397000.0,573000.0,943000.0,64.0,Not on track
CUST107944,35180.0,20000.0,710900.0,0.972,701000.0,1123000.0,1509000.0,43.0,Not on track
CUST107945,10118.0,100000.0,423200.0,0.764,373000.0,494000.0,425000.0,42.0,Not on track
CUST107946,39061.0,549000.0,4217400.0,0.87,3943000.0,4412000.0,-2159000.0,0.0,Ready now
CUST107947,1853.0,0.0,110500.0,1.0,110000.0,132000.0,681000.0,368.0,Not on track
CUST107948,18244.0,1673000.0,4254500.0,0.607,3418000.0,3637000.0,-2772000.0,0.0,Ready now
CUST107949,16035.0,779000.0,1002800.0,0.223,613000.0,805000.0,-144000.0,0.0,Ready now
CUST107950,29941.0,2489000.0,2526700.0,0.015,1282000.0,1641000.0,-248000.0,0.0,Ready now
CUST107951,1532.0,1591000.0,1677500.0,0.052,882000.0,900000.0,-305000.0,0.0,Ready now
CUST107952,19186.0,19000.0,455600.0,0.958,446000.0,676000.0,896000.0,47.0,Not on track
CUST107953,10117.0,1909000.0,2864700.0,0.334,1910000.0,2031000.0,-1279000.0,0.0,Ready now
CUST107954,9541.0,0.0,1322100.0,1.0,1322000.0,1436000.0,-742000.0,0.0,Ready now
CUST107955,11211.0,0.0,102900.0,1.0,103000.0,238000.0,451000.0,40.0,Not on track
CUST107956,17608.0,1389000.0,2744300.0,0.494,2050000.0,2261000.0,-1349000.0,0.0,Ready now
CUST107957,23179.0,1990000.0,2240600.0,0.112,1246000.0,1524000.0,-481000.0,0.0,Ready now
CUST107958,26556.0,1542000.0,1745200.0,0.116,974000.0,1293000.0,-194000.0,0.0,Ready now
CUST107959,14026.0,0.0,1372300.0,1.0,1372000.0,1540000.0,-967000.0,0.0,Ready now
CUST107960,59397.0,0.0,4572500.0,1.0,4572000.0,5285000.0,-2516000.0,0.0,Ready now
CUST107961,28255.0,1217000.0,2196800.0,0.446,1588000.0,1927000.0,-100000.0,0.0,Ready now
CUST107962,1689.0,707000.0,925200.0,0.236,572000.0,592000.0,-173000.0,0.0,Ready now
CUST107963,11702.0,0.0,1610300.0,1.0,1610000.0,1750000.0,-628000.0,0.0,Ready now
CUST107964,22292.0,0.0,1255400.0,1.0,1255000.0,1523000.0,-132000.0,0.0,Ready now
CUST107965,33460.0,99000.0,204600.0,0.516,155000.0,557000.0,828000.0,25.0,Not on track
CUST107966,37131.0,17000.0,149900.0,0.887,141000.0,587000.0,1587000.0,43.0,Not on track
CUST107967,13453.0,1343000.0,1363900.0,0.015,692000.0,853000.0,-75000.0,0.0,Ready now
CUST107968,8834.0,3500000.0,6389200.0,0.452,4639000.0,4745000.0,-3877000.0,0.0,Ready now
CUST107969,6098.0,1200000.0,3686000.0,0.674,3086000.0,3159000.0,-2668000.0,0.0,Ready now
CUST107970,8008.0,0.0,100700.0,1.0,101000.0,197000.0,388000.0,48.0,Not on track
CUST107971,52400.0,3220000.0,7385400.0,0.564,5775000.0,6404000.0,-3473000.0,0.0,Ready now
CUST107972,12049.0,212000.0,228000.0,0.07,122000.0,267000.0,678000.0,56.0,Not on track
CUST107973,10523.0,1219000.0,1390400.0,0.123,781000.0,907000.0,-228000.0,0.0,Ready now
CUST107974,23179.0,1406000.0,3701100.0,0.62,2998000.0,3276000.0,-2030000.0,0.0,Ready now
CUST107975,48734.0,4318000.0,4482000.0,0.037,2323000.0,2908000.0,-839000.0,0.0,Ready now
CUST107976,14379.0,0.0,665300.0,1.0,665000.0,838000.0,-71000.0,0.0,Ready now
CUST107977,4717.0,616000.0,1253500.0,0.509,946000.0,1003000.0,-126000.0,0.0,Ready now
CUST107978,8200.0,474000.0,743900.0,0.363,507000.0,605000.0,-187000.0,0.0,Ready now
CUST107979,14133.0,337000.0,444300.0,0.242,276000.0,446000.0,368000.0,26.0,Not on track
CUST107980,35435.0,0.0,86600.0,1.0,87000.0,512000.0,1314000.0,37.0,Not on track
CUST107981,16955.0,593000.0,728600.0,0.186,432000.0,635000.0,238000.0,14.0,Ready in 24 months
CUST107982,10475.0,28000.0,912000.0,0.969,898000.0,1024000.0,-434000.0,0.0,Ready now
CUST107983,4131.0,12000.0,268400.0,0.955,262000.0,312000.0,-31000.0,0.0,Ready now
CUST107984,12790.0,0.0,1165500.0,1.0,1166000.0,1319000.0,-435000.0,0.0,Ready now
CUST107985,13627.0,0.0,1584300.0,1.0,1584000.0,1748000.0,-130000.0,0.0,Ready now
CUST107986,12633.0,0.0,402100.0,1.0,402000.0,554000.0,796000.0,63.0,Not on track
CUST107987,29128.0,1543000.0,1984900.0,0.223,1213000.0,1563000.0,107000.0,4.0,Ready in 6 months
CUST107988,10151.0,0.0,1254200.0,1.0,1254000.0,1376000.0,-393000.0,0.0,Ready now
CUST107989,15552.0,18000.0,195300.0,0.908,186000.0,373000.0,350000.0,23.0,Ready in 24 months
CUST107990,19497.0,0.0,211300.0,1.0,211000.0,445000.0,461000.0,24.0,Ready in 24 months
CUST107991,7929.0,0.0,2793100.0,1.0,2793000.0,2888000.0,-1563000.0,0.0,Ready now
CUST107992,4227.0,4055000.0,4103900.0,0.012,2076000.0,2127000.0,-528000.0,0.0,Ready now
CUST107993,6741.0,86000.0,343900.0,0.75,301000.0,382000.0,319000.0,47.0,Not on track
CUST107994,13028.0,1917000.0,2879600.0,0.334,1921000.0,2077000.0,-1442000.0,0.0,Ready now
CUST107995,1697.0,80000.0,1161000.0,0.931,1121000.0,1141000.0,-742000.0,0.0,Ready now
CUST107996,33348.0,0.0,3846200.0,1.0,3846000.0,4246000.0,-2640000.0,0.0,Ready now
CUST107997,-213.0,2231000.0,5917500.0,0.623,4802000.0,4802000.0,-4302000.0,0.0,Ready now
CUST107998,7541.0,6000.0,1526000.0,0.996,1523000.0,1613000.0,-215000.0,0.0,Ready now
CUST107999,13319.0,1696000.0,2743400.0,0.382,1895000.0,2055000.0,-1405000.0,0.0,Ready now
